Mesh_X,Mesh_Y,Mesh_X_Index,Mesh_Y_Index,Pair_Index,Run_Index,Foot_X,Foot_Y,Kp,Kd,Start_Amp_Mult,Start_Freq_Mult,Amplitude_Deg,Frequency_Hz,Fell,Distance_Traversed,CoT
0.7176,0.91728,1,4,16,1,-0.0054,0.0043,37.7,10.18,1.038,1.376,20.27,0.437,False,0.0676,6.2708
0.7176,0.91728,1,4,16,1,0.0122,0.0066,41.64,13.82,0.979,1.174,29.26,0.543,False,0.1835,3.6103
0.7176,0.91728,1,4,16,1,-0.0387,-0.0091,32.41,3.4,1.708,0.739,26.5,0.407,True,0.963,0.1853
0.7176,0.91728,1,4,16,1,0.0004,-0.0016,32.75,12.52,1.374,0.925,22.1,0.637,False,0.0605,8.4008
0.7176,0.91728,1,4,16,1,-0.0522,-0.0085,44.27,2.02,0.837,0.869,35.75,0.716,True,0.6582,2.0058
0.7176,0.91728,1,4,16,1,0.0051,-0.0159,24.27,14.27,1.51,1.003,33.37,0.444,False,0.0795,9.6325
0.7176,0.91728,1,4,16,1,-0.025,0.0033,23.52,7.8,1.441,0.776,31.17,0.562,True,0.7742,0.1242
0.7176,0.91728,1,4,16,1,-0.0579,0.0006,37.03,11.86,1.084,1.103,31.89,0.68,True,0.5138,1.1985
0.7176,0.91728,1,4,16,1,-0.0007,-0.0007,31.5,8.47,0.872,1.223,28.16,0.586,False,0.1998,2.5315
0.7176,0.91728,1,4,16,1,-0.0125,-0.019,39.37,8.79,1.612,1.328,32.51,0.423,True,0.9674,0.1539
0.7176,0.91728,1,4,16,1,0.0158,-0.0066,30.45,13.34,1.591,1.202,29.99,0.587,False,0.3347,1.6892
0.7176,0.91728,1,4,16,1,-0.014,0.01,22.62,5.93,1.565,1.016,24.39,0.75,True,0.8279,0.0834
0.7176,0.91728,1,4,16,1,-0.0483,-0.0036,26.54,4.13,1.365,1.382,24.68,0.6,False,0.0874,6.7355
0.7176,0.91728,1,4,16,1,-0.0427,-0.0172,34.75,6.61,1.403,0.718,27.59,0.641,True,0.6934,1.3119
0.7176,0.91728,1,4,16,1,-0.0454,-0.0167,43.8,4.75,1.285,1.091,36.25,0.51,True,0.1112,2.3539
0.7176,0.91728,1,4,16,1,-0.0074,-0.0126,21.49,12.37,0.908,1.259,27.23,0.66,False,0.1417,4.8257
0.7176,0.91728,1,4,16,1,0.0135,0.0089,20.28,7.45,0.819,0.901,30.22,0.555,False,0.1386,1.5155
0.7176,0.91728,1,4,16,1,0.0077,-0.0056,21.89,6.91,1.191,1.35,23.62,0.798,False,0.0377,4.7497
0.7176,0.91728,1,4,16,1,-0.0607,0.002,38.7,10.25,1.654,0.754,36.77,0.772,True,0.5439,0.9836
0.7176,0.91728,1,4,16,1,-0.0558,-0.02,28.46,8.95,1.771,0.806,21.83,0.725,False,0.2735,3.1327
0.7176,0.91728,1,4,16,1,0.0214,-0.007,33.67,5.69,1.247,1.302,20.7,0.485,False,0.0378,4.2691
0.7176,0.91728,1,4,16,1,0.0231,0.0078,40.77,13.15,1.133,0.844,25.42,0.619,False,3.1836,0.2701
0.7176,0.91728,1,4,16,1,-0.0205,-0.0131,35.73,9.56,1.007,0.962,32.73,0.69,False,0.2181,5.1785
0.7176,0.91728,1,4,16,1,-0.0187,-0.0041,25.23,14.82,1.124,1.166,39.76,0.743,False,0.1072,11.0857
0.7176,0.91728,1,4,16,1,-0.0357,-0.0146,42.99,4.37,1.757,1.06,34.83,0.774,True,0.7734,0.822
0.7176,0.91728,1,4,16,1,-0.0309,-0.0108,29.72,2.49,1.474,0.824,34.33,0.464,True,0.1794,1.0233
0.7176,0.91728,1,4,16,1,-0.0286,0.0021,41.85,11.3,1.331,1.265,23.25,0.522,False,0.3156,3.3643
0.7176,0.91728,1,4,16,1,-0.0331,0.0057,27.71,10.85,0.962,1.029,37.43,0.5,True,0.6705,0.3466
0.7176,0.91728,1,4,16,1,-0.0672,-0.0027,26.91,5.38,1.695,1.142,38.92,0.694,True,0.2833,2.6397
0.7176,0.91728,1,4,16,1,-0.0656,-0.0112,36.01,2.87,1.229,0.942,38.27,0.471,True,0.8301,0.5544
0.702,0.99216,0,8,9,1,-0.0198,-0.0162,20.97,11.93,1.746,1.194,22.59,0.736,False,0.1589,4.1315
0.702,0.99216,0,8,9,1,-0.0667,-0.0149,36.01,9.99,1.237,0.958,35.65,0.795,False,0.5284,4.2167
0.702,0.99216,0,8,9,1,-0.0256,0.0065,42.47,2.45,1.209,1.078,39.52,0.459,True,0.5613,0.8239
0.702,0.99216,0,8,9,1,0.0038,-0.0196,20.8,5.28,1.501,1.152,23.14,0.621,True,0.8044,0.026
0.702,0.99216,0,8,9,1,-0.0506,-0.0046,39.89,14.96,1.369,1.327,29.96,0.512,True,0.7694,1.6212
0.702,0.99216,0,8,9,1,0.0184,-0.0072,34.84,5.71,1.544,0.951,28.27,0.5,False,0.1619,1.9468
0.702,0.99216,0,8,9,1,0.0226,0.0007,33.21,12.48,1.429,1.068,20.6,0.659,False,0.1458,1.9646
0.702,0.99216,0,8,9,1,-0.0388,-0.0184,23.78,11.06,1.482,1.006,26.16,0.757,True,0.635,0.516
0.702,0.99216,0,8,9,1,-0.014,0.0049,29.27,11.17,1.072,0.713,34.67,0.434,True,0.781,0.1539
0.702,0.99216,0,8,9,1,0.0197,0.0033,28.45,7.79,1.063,1.136,32.43,0.411,False,0.1265,2.7031
0.702,0.99216,0,8,9,1,-0.0336,-0.0138,25.36,6.67,0.96,1.218,37.56,0.531,True,0.8727,0.4994
0.702,0.99216,0,8,9,1,0.0126,-0.0057,37.99,9.42,0.809,0.741,25.24,0.568,False,0.0885,4.4955
0.702,0.99216,0,8,9,1,-0.0109,-0.0129,31.78,3.06,1.002,1.167,38.32,0.559,False,0.1958,4.2414
0.702,0.99216,0,8,9,1,-0.0287,0.0074,39.02,7.58,1.269,1.397,23.48,0.719,False,0.0701,11.0989
0.702,0.99216,0,8,9,1,0.0017,-0.0154,33.77,3.51,1.355,0.998,37.32,0.667,False,0.1674,3.5523
0.702,0.99216,0,8,9,1,-0.0566,-0.0096,42.91,10.42,1.799,1.242,31.05,0.473,True,0.641,0.5212
0.702,0.99216,0,8,9,1,-0.0173,0.0016,22.13,8.7,1.655,0.853,36.19,0.691,True,0.6192,0.5141
0.702,0.99216,0,8,9,1,-0.0606,-0.0117,31.42,13.25,0.894,1.296,33.08,0.584,False,0.7713,2.3738
0.702,0.99216,0,8,9,1,-0.0445,-0.0173,26.98,4.16,1.593,0.839,24.24,0.628,True,0.8149,0.2838
0.702,0.99216,0,8,9,1,-0.0311,-0.011,44.89,4.74,1.151,1.338,29.05,0.595,True,0.5567,2.0919
0.702,0.99216,0,8,9,1,0.0115,0.005,26.59,9.08,1.443,1.36,20.9,0.416,False,0.1047,1.6107
0.702,0.99216,0,8,9,1,-0.069,-0.002,43.97,5.91,1.689,1.115,33.59,0.773,True,0.763,0.5671
0.702,0.99216,0,8,9,1,-0.0021,0.0021,40.95,13.31,0.835,0.76,26.8,0.482,False,0.2448,3.3475
0.702,0.99216,0,8,9,1,-0.0359,-0.0024,30.62,4.2,1.314,0.931,34.95,0.541,True,0.8526,0.8804
0.702,0.99216,0,8,9,1,-0.0074,0.0086,40.2,7.13,0.926,0.776,21.52,0.722,False,0.1143,3.4301
0.702,0.99216,0,8,9,1,-0.0525,-0.0066,36.8,12.18,1.113,1.032,31.64,0.703,True,0.5896,1.4002
0.702,0.99216,0,8,9,1,-0.0064,-0.0002,28.18,14.01,0.967,1.267,30.58,0.785,False,0.0929,8.613
0.702,0.99216,0,8,9,1,-0.0587,0.0095,23.03,8.24,1.615,0.909,27.64,0.608,True,0.7832,0.147
0.702,0.99216,0,8,9,1,-0.0474,-0.0081,35.76,2.14,1.168,0.807,25.98,0.44,True,0.793,0.1287
0.702,0.99216,0,8,9,1,0.0078,-0.0033,24.63,14.16,1.703,0.886,39.04,0.652,False,0.2936,2.4184
0.702,0.8424,0,0,1,1,0.0249,0.0005,28.44,9.41,0.953,1.292,39.93,0.553,False,0.0566,8.7986
0.702,0.8424,0,0,1,1,-0.0056,-0.0196,29.94,2.03,1.794,0.834,26.27,0.598,True,0.9169,0.068
0.702,0.8424,0,0,1,1,-0.0486,0.007,30.71,6.95,0.81,1.048,23.32,0.771,False,0.1281,5.4036
0.702,0.8424,0,0,1,1,-0.0347,0.0041,44.79,2.97,1.435,0.749,22.45,0.499,True,0.8897,0.1701
0.702,0.8424,0,0,1,1,-0.0691,-0.0007,41.18,5.21,1.275,0.963,23.58,0.789,True,0.7499,0.6597
0.702,0.8424,0,0,1,1,-0.0193,-0.0175,23.05,8.22,1.089,1.264,38.51,0.452,True,0.5573,0.5424
0.702,0.8424,0,0,1,1,0.002,-0.0022,26.8,3.49,1.223,1.006,37.54,0.476,False,0.0561,7.1106
0.702,0.8424,0,0,1,1,0.0109,-0.0109,36.1,14.58,0.872,1.065,33.57,0.523,True,0.9208,0.6541
0.702,0.8424,0,0,1,1,-0.0566,0.0014,40.12,4.01,1.653,0.874,30.98,0.571,True,0.4827,0.9445
0.702,0.8424,0,0,1,1,-0.0473,0.0096,39.86,13.56,0.915,1.167,32.73,0.514,True,0.8755,0.1656
0.702,0.8424,0,0,1,1,0.0164,0.002,37.54,7.66,1.721,1.145,34.46,0.711,False,0.5278,0.8364
0.702,0.8424,0,0,1,1,0.0144,-0.004,33.29,13.24,1.247,0.893,39.08,0.437,True,1.0677,0.2185
0.702,0.8424,0,0,1,1,-0.02,-0.012,25.22,13.79,1.606,0.848,36.99,0.455,True,0.428,0.3665
0.702,0.8424,0,0,1,1,-0.0652,-0.0141,24.79,6.71,1.67,1.093,27.19,0.535,True,0.7443,0.3208
0.702,0.8424,0,0,1,1,-0.0409,-0.0066,38.81,7.57,1.541,0.995,20.51,0.662,False,0.1758,4.0908
0.702,0.8424,0,0,1,1,-0.0303,-0.0076,35.49,10.66,1.303,1.319,30.19,0.634,True,0.7518,1.1217
0.702,0.8424,0,0,1,1,0.0208,0.0031,25.95,11.06,0.85,1.119,25.61,0.586,False,0.3504,0.7702
0.702,0.8424,0,0,1,1,-0.0121,-0.01,32.11,9.86,0.993,1.357,24.7,0.612,False,0.1366,4.3468
0.702,0.8424,0,0,1,1,-0.0238,0.0057,43.18,12.08,1.195,1.393,21.73,0.728,False,0.0595,16.076
0.702,0.8424,0,0,1,1,-0.0578,0.0066,34.47,5.5,1.766,0.916,24.64,0.407,True,0.8373,0.1498
0.702,0.8424,0,0,1,1,-0.0089,-0.0187,44.13,8.79,1.136,1.33,35.83,0.623,True,0.5947,0.1676
0.702,0.8424,0,0,1,1,-0.0532,-0.0156,31.23,6.11,1.507,0.746,32.47,0.748,True,0.5208,0.4441
0.702,0.8424,0,0,1,1,-0.028,-0.004,21.37,14.45,1.583,1.225,27.73,0.647,False,0.1729,6.4753
0.702,0.8424,0,0,1,1,0.007,-0.008,27.8,2.53,1.398,1.212,36.47,0.743,False,0.0365,7.1779
0.702,0.8424,0,0,1,1,-0.044,-0.014,22.07,4.49,1.414,0.943,34.7,0.418,True,0.7879,0.0937
0.702,0.8424,0,0,1,1,-0.0634,-0.0164,23.58,4.93,1.05,1.252,29.63,0.706,False,0.2349,3.0921
0.702,0.8424,0,0,1,1,-0.0032,-0.0014,20.76,9.21,1.02,0.708,28.19,0.778,False,0.1124,3.9007
0.702,0.8424,0,0,1,1,0.0038,-0.013,41.99,11.93,1.36,1.128,29.14,0.482,True,0.9171,0.2428
0.702,0.8424,0,0,1,1,-0.013,0.0081,36.97,11.36,1.133,0.796,31.95,0.669,True,0.7989,0.1292
0.702,0.8424,0,0,1,1,-0.0374,-0.0055,33.78,12.68,1.49,0.777,20.88,0.688,False,0.1508,6.0194
0.702,0.936,0,5,6,1,-0.0432,-0.0136,38.25,12.99,0.882,0.9,33.27,0.492,True,0.8714,0.4422
0.702,0.936,0,5,6,1,-0.0699,-0.0085,25.73,13.92,1.382,1.078,29.99,0.753,True,0.5248,1.3177
0.702,0.936,0,5,6,1,-0.0584,-0.0157,23.39,8.64,1.325,1.341,38.53,0.726,True,0.3118,2.8786
0.702,0.936,0,5,6,1,-0.0182,0.0026,40.3,10.08,1.023,0.721,34.4,0.768,False,0.1498,7.0315
0.702,0.936,0,5,6,1,-0.0411,0.0003,20.98,5.29,1.079,0.868,21.32,0.547,False,0.0386,6.6397
0.702,0.936,0,5,6,1,0.0248,-0.0091,41.38,5.7,0.962,0.947,22.49,0.477,False,0.2428,1.0169
0.702,0.936,0,5,6,1,-0.0134,-0.0195,32.28,6.5,1.43,0.735,24.11,0.736,True,0.8309,0.0557
0.702,0.936,0,5,6,1,-0.0622,-0.0108,33.15,2.77,1.65,1.275,25.06,0.671,True,0.819,0.3038
0.702,0.936,0,5,6,1,0.0111,0.0046,31.09,3.83,1.715,0.83,26.25,0.553,False,0.0828,2.6607
0.702,0.936,0,5,6,1,-0.0028,0.0059,30.4,7.97,1.765,0.924,30.16,0.516,True,0.7394,0.2945
0.702,0.936,0,5,6,1,-0.0075,-0.0145,29.52,4.71,1.217,0.812,37.27,0.591,False,0.1632,3.718
0.702,0.936,0,5,6,1,-0.0534,-0.0186,38.91,11.03,1.566,1.1,27.05,0.776,True,0.6592,1.1104
0.702,0.936,0,5,6,1,-0.0337,0.0018,23.12,12.46,1.044,1.175,27.63,0.449,False,0.1781,3.988
0.702,0.936,0,5,6,1,0.003,-0.0076,42.13,12.39,1.455,1.317,28.93,0.638,False,0.1368,5.226
0.702,0.936,0,5,6,1,-0.0127,0.0084,27.48,14.31,1.525,1.027,21.54,0.681,False,0.0615,11.5003
0.702,0.936,0,5,6,1,-0.0469,-0.003,39.58,10.47,1.572,0.971,36.2,0.799,True,0.722,0.4694
0.702,0.936,0,5,6,1,-0.0296,-0.0014,22.38,6.15,1.18,1.363,32.2,0.585,False,0.1998,3.0211
0.702,0.936,0,5,6,1,0.0065,-0.0176,34.48,7.59,1.787,1.298,35.43,0.695,True,0.5164,0.2864
0.702,0.936,0,5,6,1,0.002,-0.0021,35.31,2.19,1.158,1.258,33.99,0.621,False,0.0604,8.1219
0.702,0.936,0,5,6,1,-0.0059,-0.0127,37.49,9.19,1.128,1.163,25.81,0.439,False,0.1718,3.6053
0.702,0.936,0,5,6,1,0.0194,-0.011,28.45,11.35,0.832,1.135,37.56,0.425,False,0.2983,1.874
0.702,0.936,0,5,6,1,-0.0198,-0.0166,24.38,11.81,0.971,1.024,31.76,0.41,True,0.7079,0.6773
0.702,0.936,0,5,6,1,-0.028,0.0067,44.55,2.92,1.498,1.232,23.11,0.521,True,0.7973,0.1587
0.702,0.936,0,5,6,1,-0.0567,0.0037,34.1,7.02,0.854,0.862,28.2,0.662,True,0.1563,6.6738
0.702,0.936,0,5,6,1,0.0155,-0.0041,36.17,8.09,1.277,1.377,20.4,0.609,False,0.052,4.3412
0.702,0.936,0,5,6,1,-0.0361,-0.0063,20.81,13.62,1.624,0.777,39.19,0.457,True,0.913,0.5169
0.702,0.936,0,5,6,1,-0.0649,0.0097,42.92,4.2,1.264,0.765,34.75,0.649,True,0.8869,0.2621
0.702,0.936,0,5,6,1,-0.0491,-0.0052,44.03,14.6,1.677,1.211,23.37,0.709,False,0.2378,6.5312
0.702,0.936,0,5,6,1,0.0155,0.0076,26.17,9.47,1.363,0.982,30.9,0.499,False,0.2534,1.5367
0.702,0.936,0,5,6,1,-0.0243,-0.0002,27.6,3.33,0.925,1.069,39.69,0.563,False,0.1015,8.0
0.702,0.89856,0,3,4,1,-0.0061,-0.007,36.54,14.3,1.703,1.268,32.3,0.542,False,0.1499,6.4505
0.702,0.89856,0,3,4,1,-0.0631,-0.0048,31.52,6.8,1.62,0.828,20.25,0.749,True,0.8777,0.1597
0.702,0.89856,0,3,4,1,-0.0689,0.0062,42.19,12.71,1.471,0.757,33.02,0.635,True,0.7506,0.2265
0.702,0.89856,0,3,4,1,-0.056,0.0004,29.42,5.49,1.389,0.962,28.88,0.671,True,0.9004,0.1732
0.702,0.89856,0,3,4,1,-0.0139,-0.0064,33.05,7.74,1.283,1.036,31.89,0.55,False,0.192,4.2843
0.702,0.89856,0,3,4,1,0.0063,0.002,34.06,2.88,1.116,1.143,27.6,0.697,False,0.0261,8.7773
0.702,0.89856,0,3,4,1,0.0205,-0.0167,28.48,11.31,1.445,1.158,28.38,0.479,True,0.6704,0.1024
0.702,0.89856,0,3,4,1,-0.0032,-0.0129,27.88,3.31,1.677,1.011,23.74,0.744,False,0.135,1.2324
0.702,0.89856,0,3,4,1,-0.0639,-0.0193,30.36,8.27,1.537,0.926,21.12,0.618,True,0.8132,0.3764
0.702,0.89856,0,3,4,1,-0.0111,-0.0187,37.79,2.19,0.905,0.864,35.83,0.645,True,0.9074,0.0916
0.702,0.89856,0,3,4,1,-0.0432,-0.0171,25.95,9.87,1.646,1.087,34.8,0.792,False,0.2991,4.854
0.702,0.89856,0,3,4,1,0.0135,-0.0053,43.84,11.07,1.581,1.331,24.61,0.464,False,0.256,2.088
0.702,0.89856,0,3,4,1,-0.0492,0.0051,44.89,3.81,0.997,1.202,26.13,0.598,True,0.3098,3.5877
0.702,0.89856,0,3,4,1,0.0038,-0.0085,21.38,6.35,1.136,1.185,25.37,0.427,False,0.0755,2.3319
0.702,0.89856,0,3,4,1,-0.0464,-0.0144,27.39,14.62,1.523,1.065,31.16,0.688,True,0.5836,0.7517
0.702,0.89856,0,3,4,1,0.0166,-0.0037,25.12,10.44,1.421,0.998,34.54,0.41,False,0.2761,1.5286
0.702,0.89856,0,3,4,1,-0.025,-0.0102,36.95,4.27,0.809,1.296,25.18,0.488,False,0.1857,3.7199
0.702,0.89856,0,3,4,1,-0.0348,0.0049,35.41,4.78,1.051,1.234,30.17,0.517,False,0.2997,3.2575
0.702,0.89856,0,3,4,1,-0.0089,-0.0024,22.99,14.02,1.22,0.71,37.1,0.443,True,0.7417,0.6488
0.702,0.89856,0,3,4,1,-0.026,-0.0002,24.34,6.02,1.321,1.385,22.27,0.655,False,0.1091,2.7873
0.702,0.89856,0,3,4,1,-0.0369,0.0085,32.0,5.33,1.246,0.801,29.74,0.763,True,0.8277,0.1921
0.702,0.89856,0,3,4,1,0.0098,-0.0017,20.58,13.29,0.946,0.953,39.57,0.732,False,0.1017,5.8453
0.702,0.89856,0,3,4,1,0.0241,-0.0099,40.78,12.01,1.089,1.25,21.52,0.563,False,0.1479,2.0671
0.702,0.89856,0,3,4,1,-0.0183,-0.0159,23.61,9.58,1.177,0.787,38.88,0.428,True,0.9806,0.11
0.702,0.89856,0,3,4,1,-0.0209,0.0097,34.9,13.23,1.759,1.367,33.87,0.775,True,0.3433,0.8411
0.702,0.89856,0,3,4,1,-0.0516,-0.0114,41.46,11.64,0.882,1.119,38.39,0.522,True,0.408,1.3219
0.702,0.89856,0,3,4,1,-0.0315,0.0029,42.79,9.02,1.032,1.323,23.04,0.608,False,0.0652,15.305
0.702,0.89856,0,3,4,1,-0.0386,0.0071,22.01,7.28,1.362,0.902,27.18,0.578,False,0.237,2.2417
0.702,0.89856,0,3,4,1,-0.06,-0.0137,38.75,2.46,0.843,0.84,37.88,0.499,True,0.617,0.7869
0.702,0.89856,0,3,4,1,-0.0002,0.003,39.83,8.87,1.781,0.745,36.4,0.714,False,0.1104,6.5779
0.7176,0.8424,1,0,12,1,-0.0589,0.0068,22.67,11.5,1.214,1.017,28.83,0.569,True,0.8757,0.5005
0.7176,0.8424,1,0,12,1,-0.021,-0.0105,25.95,7.11,1.032,0.952,31.21,0.415,False,0.0708,5.4822
0.7176,0.8424,1,0,12,1,0.0141,-0.0129,38.93,3.73,1.514,1.129,33.3,0.702,False,0.1266,3.0937
0.7176,0.8424,1,0,12,1,-0.0013,-0.0149,27.96,10.34,1.471,1.209,26.24,0.53,False,0.1717,2.9207
0.7176,0.8424,1,0,12,1,0.0203,-0.018,24.95,11.06,1.286,0.978,39.38,0.769,False,0.2518,1.7317
0.7176,0.8424,1,0,12,1,0.0084,-0.0028,31.6,14.99,1.249,0.896,28.27,0.577,False,0.2077,3.0806
0.7176,0.8424,1,0,12,1,-0.0296,0.0087,27.21,11.87,1.0,1.348,27.38,0.489,True,0.839,0.6075
0.7176,0.8424,1,0,12,1,-0.0231,-0.0197,35.39,5.67,1.349,1.307,30.36,0.412,True,0.5873,0.3391
0.7176,0.8424,1,0,12,1,0.0037,-0.0039,29.32,4.04,1.606,1.304,25.94,0.511,False,0.0592,4.3855
0.7176,0.8424,1,0,12,1,0.0123,-0.0066,44.82,3.09,1.725,0.797,38.1,0.635,True,0.121,5.3112
0.7176,0.8424,1,0,12,1,0.0017,-0.0116,43.96,8.95,1.788,1.156,21.7,0.619,False,0.1221,3.9443
0.7176,0.8424,1,0,12,1,0.016,-0.007,34.16,12.01,0.921,0.838,23.22,0.657,False,0.2637,1.394
0.7176,0.8424,1,0,12,1,-0.0391,-0.009,41.94,9.55,1.638,0.709,34.11,0.549,True,0.1736,1.1987
0.7176,0.8424,1,0,12,1,-0.008,-0.0182,25.16,4.57,1.687,0.785,33.42,0.599,True,0.9962,0.0885
0.7176,0.8424,1,0,12,1,-0.0615,0.0059,22.44,6.58,1.102,0.748,21.31,0.545,False,0.2614,1.5623
0.7176,0.8424,1,0,12,1,-0.0343,0.0036,34.2,7.54,1.59,0.732,20.23,0.679,True,0.848,0.1218
0.7176,0.8424,1,0,12,1,-0.0652,-0.004,42.83,7.8,1.309,1.239,35.2,0.797,False,0.3742,5.4667
0.7176,0.8424,1,0,12,1,-0.0681,-0.016,36.91,6.03,0.81,0.885,36.87,0.719,True,0.2516,2.9447
0.7176,0.8424,1,0,12,1,0.0236,-0.0015,23.66,14.36,0.94,1.367,36.43,0.45,False,0.0886,6.155
0.7176,0.8424,1,0,12,1,-0.0374,-0.001,41.21,8.88,1.446,1.28,26.82,0.773,False,0.0945,12.7556
0.7176,0.8424,1,0,12,1,-0.0105,-0.0131,37.64,13.33,1.153,1.218,22.57,0.725,False,0.124,6.3457
0.7176,0.8424,1,0,12,1,-0.0483,-0.0165,39.74,4.97,1.387,1.395,35.53,0.74,True,0.6833,1.0139
0.7176,0.8424,1,0,12,1,-0.0469,0.0023,40.04,5.41,1.096,1.053,23.93,0.601,False,0.3852,2.7512
0.7176,0.8424,1,0,12,1,-0.0424,0.0019,30.51,2.22,1.549,1.048,38.99,0.646,True,0.8474,0.6258
0.7176,0.8424,1,0,12,1,-0.0521,0.0047,36.15,10.23,0.862,1.114,24.13,0.684,False,0.2915,4.373
0.7176,0.8424,1,0,12,1,-0.0187,0.0005,28.65,8.13,1.04,1.179,25.24,0.467,False,0.2759,1.8789
0.7176,0.8424,1,0,12,1,-0.0146,0.0077,32.83,13.24,1.192,0.995,29.86,0.749,False,0.1227,8.0751
0.7176,0.8424,1,0,12,1,-0.0266,-0.005,21.48,12.82,1.762,0.862,37.84,0.434,True,0.3934,0.4311
0.7176,0.8424,1,0,12,1,-0.0572,0.0097,20.37,2.86,0.888,1.09,31.96,0.496,False,0.3917,1.1526
0.7176,0.8424,1,0,12,1,-0.0036,-0.0084,31.82,14.02,1.411,0.912,32.47,0.477,False,0.2829,3.2344
0.702,0.86112,0,1,2,1,-0.0126,0.0086,21.49,6.1,1.665,0.963,24.05,0.79,True,0.9353,0.0501
0.702,0.86112,0,1,2,1,0.0154,-0.002,40.89,10.14,1.414,0.706,23.47,0.484,False,0.1402,2.6636
0.702,0.86112,0,1,2,1,0.0195,-0.0036,40.51,2.87,1.704,1.008,28.05,0.727,False,0.1008,2.6584
0.702,0.86112,0,1,2,1,0.0003,-0.0002,26.41,4.7,1.281,0.732,26.75,0.462,False,0.1801,1.3717
0.702,0.86112,0,1,2,1,0.0035,0.0046,28.82,8.24,1.582,1.304,23.29,0.76,False,0.1379,1.9733
0.702,0.86112,0,1,2,1,-0.0045,-0.0127,38.86,7.4,1.375,1.238,37.07,0.753,False,0.1483,5.1113
0.702,0.86112,0,1,2,1,-0.0092,0.0029,25.83,14.53,0.919,1.23,22.03,0.594,False,0.1093,5.6241
0.702,0.86112,0,1,2,1,0.0068,-0.0186,32.42,13.1,1.053,1.315,24.8,0.718,True,0.681,0.0747
0.702,0.86112,0,1,2,1,-0.001,0.0095,36.5,8.74,1.692,1.39,34.59,0.639,False,0.1105,6.9782
0.702,0.86112,0,1,2,1,-0.031,-0.012,26.92,8.94,1.121,0.898,36.57,0.61,False,0.3394,3.2977
0.702,0.86112,0,1,2,1,-0.0329,-0.0131,39.61,2.04,1.486,1.338,33.51,0.555,True,0.7354,1.3075
0.702,0.86112,0,1,2,1,-0.0362,-0.0107,24.0,14.95,1.514,1.203,20.22,0.522,False,0.1794,3.4491
0.702,0.86112,0,1,2,1,-0.0276,0.0031,43.09,6.4,1.146,1.354,31.11,0.692,False,0.2264,5.1275
0.702,0.86112,0,1,2,1,-0.0254,-0.0013,41.9,11.8,1.542,1.181,32.52,0.616,False,0.1619,8.1119
0.702,0.86112,0,1,2,1,-0.0437,0.0011,44.31,9.56,1.188,1.067,26.11,0.647,True,0.7808,0.2643
0.702,0.86112,0,1,2,1,0.0235,0.0053,37.09,7.85,1.464,0.792,35.46,0.432,True,1.0684,0.1675
0.702,0.86112,0,1,2,1,-0.05,0.0001,33.01,4.21,0.829,0.921,25.59,0.442,False,0.3283,2.0622
0.702,0.86112,0,1,2,1,-0.0623,-0.0158,29.71,3.94,1.605,1.113,27.69,0.58,True,0.7192,0.7155
0.702,0.86112,0,1,2,1,-0.0145,-0.0062,22.56,12.2,1.08,1.276,37.84,0.538,False,0.1294,8.2464
0.702,0.86112,0,1,2,1,-0.0204,-0.0092,31.36,12.4,1.022,0.848,30.47,0.562,False,0.299,3.468
0.702,0.86112,0,1,2,1,-0.0683,-0.0141,38.14,6.77,1.252,1.162,38.49,0.516,True,0.5194,0.4222
0.702,0.86112,0,1,2,1,0.0174,0.0078,33.71,5.55,0.981,1.085,35.0,0.783,True,0.3694,1.0382
0.702,0.86112,0,1,2,1,-0.0404,-0.0193,24.64,3.66,0.873,0.882,21.79,0.734,True,0.7869,0.0202
0.702,0.86112,0,1,2,1,-0.0645,0.0067,28.31,13.37,1.745,0.799,38.68,0.473,True,0.9013,0.1788
0.702,0.86112,0,1,2,1,0.0111,-0.0176,43.56,5.39,0.849,1.127,28.79,0.495,True,0.7446,0.058
0.702,0.86112,0,1,2,1,-0.058,-0.0073,34.78,13.93,1.362,0.756,33.19,0.662,True,0.6761,0.7863
0.702,0.86112,0,1,2,1,-0.0559,-0.0162,35.66,10.3,0.955,0.948,20.74,0.426,True,0.6495,0.2398
0.702,0.86112,0,1,2,1,-0.0454,-0.0041,22.13,11.37,1.78,0.834,31.45,0.406,True,0.8651,0.1894
0.702,0.86112,0,1,2,1,-0.0529,-0.0059,20.36,2.64,1.224,1.049,39.73,0.67,True,0.8073,0.5179
0.702,0.86112,0,1,2,1,-0.019,-0.0085,30.1,11.1,1.322,1.003,29.57,0.705,False,0.1594,5.9638
0.702,0.97344,0,7,8,1,0.023,-0.01,33.43,13.12,1.772,1.274,30.62,0.535,False,0.2462,1.9324
0.702,0.97344,0,7,8,1,0.0117,0.0055,27.66,13.74,1.622,0.72,36.88,0.45,False,0.2386,2.8899
0.702,0.97344,0,7,8,1,-0.07,-0.012,41.58,5.45,1.488,0.745,29.34,0.712,True,0.4839,1.0179
0.702,0.97344,0,7,8,1,-0.0197,-0.0165,20.78,12.44,1.695,0.952,37.96,0.775,False,0.1575,7.3628
0.702,0.97344,0,7,8,1,-0.0228,-0.0001,43.6,9.91,1.527,1.198,23.6,0.529,False,0.2796,3.3807
0.702,0.97344,0,7,8,1,-0.0048,-0.0099,22.82,8.05,1.236,0.974,36.39,0.408,False,0.2669,1.9856
0.702,0.97344,0,7,8,1,0.0089,0.0095,21.26,6.0,1.129,0.881,26.36,0.583,True,0.976,0.0273
0.702,0.97344,0,7,8,1,-0.0136,-0.0074,29.68,3.32,1.643,1.047,33.44,0.675,False,0.1522,3.2099
0.702,0.97344,0,7,8,1,-0.0179,-0.0034,36.59,8.88,0.932,1.224,30.97,0.743,False,0.0694,12.7934
0.702,0.97344,0,7,8,1,-0.0648,-0.0132,31.16,3.08,1.367,1.309,34.09,0.758,False,0.1685,6.8705
0.702,0.97344,0,7,8,1,-0.0372,-0.0182,37.06,2.66,1.539,1.099,28.53,0.596,True,0.7827,0.4909
0.702,0.97344,0,7,8,1,-0.0523,-0.008,39.67,11.75,1.217,1.389,22.49,0.665,True,0.7626,1.5027
0.702,0.97344,0,7,8,1,0.0048,-0.0143,28.66,11.23,0.837,1.183,21.32,0.503,False,0.1263,2.2404
0.702,0.97344,0,7,8,1,-0.0322,-0.0052,27.03,7.56,1.055,1.123,27.58,0.493,False,0.1387,4.7731
0.702,0.97344,0,7,8,1,-0.0272,-0.0197,41.82,4.11,1.162,0.982,20.41,0.641,True,0.7819,0.0585
0.702,0.97344,0,7,8,1,-0.03,-0.0179,26.25,10.42,1.409,0.797,38.24,0.547,True,0.7925,0.4929
0.702,0.97344,0,7,8,1,-0.008,0.0003,30.29,5.74,1.315,1.254,31.8,0.417,False,0.2087,2.8013
0.702,0.97344,0,7,8,1,-0.0119,-0.0012,22.42,8.96,1.727,1.025,39.14,0.634,False,0.0893,9.8198
0.702,0.97344,0,7,8,1,-0.0606,-0.0022,42.61,12.39,1.597,1.343,26.82,0.604,True,0.7475,1.2231
0.702,0.97344,0,7,8,1,0.0142,0.0048,38.24,8.31,0.805,1.302,32.87,0.796,True,1.0535,0.8449
0.702,0.97344,0,7,8,1,-0.0562,-0.0123,25.36,13.34,1.016,1.37,25.51,0.43,True,0.8278,0.587
0.702,0.97344,0,7,8,1,0.0017,0.008,23.56,4.62,1.451,0.909,21.49,0.691,False,0.0721,1.5074
0.702,0.97344,0,7,8,1,-0.0406,0.0031,35.43,10.77,1.091,0.928,22.88,0.768,False,0.2562,3.9841
0.702,0.97344,0,7,8,1,0.0158,0.0087,33.13,2.12,1.358,0.749,34.8,0.724,True,0.9273,0.1334
0.702,0.97344,0,7,8,1,0.0195,-0.004,44.5,6.93,0.989,0.821,29.05,0.463,False,0.0881,5.8565
0.702,0.97344,0,7,8,1,-0.0496,-0.0068,40.59,14.57,0.896,0.777,35.78,0.617,True,0.2002,9.8472
0.702,0.97344,0,7,8,1,-0.0589,-0.0152,24.32,6.39,0.937,0.847,24.73,0.507,True,0.6371,0.2475
0.702,0.97344,0,7,8,1,-0.0424,0.0029,38.82,4.25,1.287,1.071,32.58,0.476,True,0.7758,0.4221
0.702,0.97344,0,7,8,1,-0.0451,0.001,32.08,9.42,1.743,1.08,39.64,0.698,True,0.7875,0.3148
0.702,0.97344,0,7,8,1,-0.003,0.0063,34.26,14.44,1.191,1.166,24.2,0.564,False,0.0479,15.8209
0.702,1.01088,0,9,10,1,0.0102,-0.0079,29.31,5.78,1.369,0.926,35.9,0.645,False,0.0912,4.7128
0.702,1.01088,0,9,10,1,-0.0506,-0.016,21.49,9.85,1.272,0.959,26.76,0.752,False,0.209,5.2428
0.702,1.01088,0,9,10,1,-0.0388,-0.0019,41.48,13.26,1.473,0.764,33.92,0.566,True,0.8125,0.297
0.702,1.01088,0,9,10,1,-0.0195,-0.0021,28.83,13.27,1.354,1.029,28.25,0.42,False,0.3259,2.363
0.702,1.01088,0,9,10,1,-0.0174,0.007,21.69,6.44,1.178,1.382,39.79,0.554,False,0.055,13.2978
0.702,1.01088,0,9,10,1,-0.0609,-0.0007,22.5,14.86,0.989,1.127,28.71,0.636,True,0.6247,1.5631
0.702,1.01088,0,9,10,1,-0.0308,0.0007,31.51,7.59,1.784,1.27,32.67,0.485,False,0.4895,2.2777
0.702,1.01088,0,9,10,1,-0.0695,-0.016,33.14,13.77,1.742,1.111,22.27,0.681,False,0.2527,5.5411
0.702,1.01088,0,9,10,1,-0.0364,-0.0069,25.02,4.52,1.104,0.704,32.71,0.725,False,0.1768,3.5894
0.702,1.01088,0,9,10,1,0.0014,-0.0197,35.77,8.57,1.453,1.071,31.82,0.744,True,0.6499,0.1203
0.702,1.01088,0,9,10,1,-0.0425,-0.003,24.0,8.1,1.615,0.834,21.48,0.519,True,0.8006,0.1495
0.702,1.01088,0,9,10,1,-0.0349,0.0051,26.79,10.24,1.08,1.297,34.36,0.477,True,0.8751,0.9647
0.702,1.01088,0,9,10,1,-0.0258,-0.0055,34.91,7.93,1.049,1.18,24.09,0.66,False,0.0842,8.6168
0.702,1.01088,0,9,10,1,0.0171,0.0087,35.91,9.11,1.573,0.743,31.14,0.435,False,0.0445,11.8515
0.702,1.01088,0,9,10,1,-0.0256,0.0012,38.97,14.42,1.714,1.204,38.05,0.77,False,0.2362,5.8665
0.702,1.01088,0,9,10,1,0.0204,0.0024,20.38,11.27,1.681,1.319,26.38,0.705,False,0.3656,0.8538
0.702,1.01088,0,9,10,1,-0.0008,0.006,41.77,2.07,0.949,0.872,20.49,0.792,False,0.1164,1.7036
0.702,1.01088,0,9,10,1,-0.0531,0.0097,32.23,12.5,1.417,1.081,38.71,0.715,True,0.4139,2.0834
0.702,1.01088,0,9,10,1,-0.0066,-0.0146,33.5,12.13,1.136,0.985,29.78,0.527,False,0.1213,7.8879
0.702,1.01088,0,9,10,1,-0.0559,0.0033,27.67,9.49,1.559,1.244,36.3,0.545,True,0.6738,0.4187
0.702,1.01088,0,9,10,1,-0.0477,0.0047,43.21,11.76,1.33,0.84,30.53,0.781,False,0.1981,8.5823
0.702,1.01088,0,9,10,1,-0.0127,-0.0102,26.16,7.1,1.007,1.363,37.62,0.622,False,0.1597,5.1891
0.702,1.01088,0,9,10,1,0.0074,-0.009,39.9,6.08,1.503,0.785,20.74,0.584,False,0.0629,4.2777
0.702,1.01088,0,9,10,1,-0.0161,-0.0181,37.74,3.56,1.262,0.956,24.97,0.594,True,0.5978,0.5676
0.702,1.01088,0,9,10,1,-0.0578,-0.0123,24.66,3.76,1.65,1.149,36.79,0.455,True,0.1943,1.0771
0.702,1.01088,0,9,10,1,0.0226,-0.0041,30.77,4.87,0.877,1.219,35.29,0.402,False,0.0648,5.8296
0.702,1.01088,0,9,10,1,-0.0658,-0.0171,43.73,3.11,0.822,0.892,23.28,0.5,True,0.8042,0.2816
0.702,1.01088,0,9,10,1,-0.0098,-0.012,40.81,2.79,0.91,1.02,25.53,0.451,True,0.8465,0.3895
0.702,1.01088,0,9,10,1,0.0153,-0.0131,44.71,10.82,0.859,0.806,23.96,0.61,False,0.1934,2.2388
0.702,1.01088,0,9,10,1,0.0051,-0.0093,37.01,5.24,1.209,1.333,27.45,0.674,False,0.0766,4.9799
0.7176,0.87984,1,2,14,1,-0.036,-0.0186,30.63,10.47,0.908,1.014,22.32,0.656,False,0.1631,4.5301
0.7176,0.87984,1,2,14,1,-0.0344,0.0091,43.83,13.06,1.623,0.774,23.6,0.772,True,0.859,0.2226
0.7176,0.87984,1,2,14,1,0.0204,-0.0155,33.16,6.28,1.441,0.986,20.79,0.634,False,0.1851,0.7846
0.7176,0.87984,1,2,14,1,-0.0387,-0.0083,24.25,8.56,1.359,1.154,26.21,0.605,False,0.1644,4.3602
0.7176,0.87984,1,2,14,1,0.0176,0.0046,42.57,6.39,1.127,1.336,38.12,0.401,False,0.0835,7.9644
0.7176,0.87984,1,2,14,1,0.0094,-0.0125,22.62,7.4,1.421,1.25,26.81,0.455,False,0.0808,2.7879
0.7176,0.87984,1,2,14,1,-0.0063,-0.0022,21.08,4.4,1.018,1.369,24.68,0.744,False,0.0527,2.8062
0.7176,0.87984,1,2,14,1,-0.0222,-0.001,40.78,13.83,0.816,1.125,25.57,0.564,False,0.1458,7.9034
0.7176,0.87984,1,2,14,1,-0.0018,-0.0137,42.49,6.83,1.706,0.831,36.22,0.481,True,1.2206,0.2149
0.7176,0.87984,1,2,14,1,-0.0678,-0.0176,29.15,11.42,1.389,1.211,31.36,0.426,False,0.4129,2.8765
0.7176,0.87984,1,2,14,1,0.0015,-0.0073,27.43,9.4,1.588,1.184,34.1,0.594,False,0.2085,3.164
0.7176,0.87984,1,2,14,1,0.0088,-0.0064,41.36,2.63,1.304,1.386,21.46,0.468,False,0.1327,2.4373
0.7176,0.87984,1,2,14,1,-0.0319,0.0056,26.24,2.01,1.645,0.897,32.67,0.51,True,0.8462,0.2074
0.7176,0.87984,1,2,14,1,-0.0179,-0.011,20.66,3.07,1.267,1.291,36.91,0.786,False,0.1059,3.0572
0.7176,0.87984,1,2,14,1,0.0035,0.007,35.69,11.59,1.152,1.059,20.03,0.499,False,0.0821,4.048
0.7176,0.87984,1,2,14,1,-0.0637,-0.0197,27.79,9.02,0.854,0.882,24.2,0.708,False,0.1716,5.6398
0.7176,0.87984,1,2,14,1,-0.0077,0.0085,23.99,13.54,0.951,0.945,28.32,0.723,False,0.1098,7.4507
0.7176,0.87984,1,2,14,1,-0.043,-0.0018,22.46,8.18,1.531,0.797,37.97,0.544,True,0.9301,0.2809
0.7176,0.87984,1,2,14,1,-0.0467,-0.0034,36.72,7.85,0.898,1.05,33.94,0.702,False,0.2389,6.6345
0.7176,0.87984,1,2,14,1,-0.0479,-0.0092,39.54,11.08,0.994,1.116,32.24,0.675,True,0.6527,1.1614
0.7176,0.87984,1,2,14,1,-0.054,0.0019,31.08,14.32,1.056,0.853,23.05,0.44,False,0.0541,13.1493
0.7176,0.87984,1,2,14,1,-0.0157,0.0068,35.94,5.54,1.248,0.966,30.98,0.751,False,0.0546,13.432
0.7176,0.87984,1,2,14,1,0.0221,-0.0169,29.97,3.81,1.749,0.741,35.39,0.575,True,0.9514,0.2112
0.7176,0.87984,1,2,14,1,-0.0585,0.0001,25.3,3.51,1.188,1.322,29.39,0.547,False,0.2149,3.5996
0.7176,0.87984,1,2,14,1,-0.0546,-0.0042,39.07,12.49,1.49,0.763,27.93,0.625,False,0.4023,4.3435
0.7176,0.87984,1,2,14,1,0.0152,-0.011,44.53,4.65,1.552,1.215,30.65,0.646,False,0.127,3.4091
0.7176,0.87984,1,2,14,1,-0.0257,-0.0145,34.06,14.93,1.077,1.083,39.6,0.683,False,0.36,3.9488
0.7176,0.87984,1,2,14,1,-0.0263,0.0034,34.87,9.81,1.681,1.283,35.25,0.798,False,0.0908,13.2621
0.7176,0.87984,1,2,14,1,-0.0116,-0.0051,37.74,5.25,1.206,0.702,39.26,0.528,True,0.3081,0.6032
0.7176,0.87984,1,2,14,1,-0.0621,0.0028,32.09,12.34,1.789,0.919,28.68,0.44,True,0.8517,0.2113
0.702,1.0296,0,10,11,1,-0.068,-0.0066,42.93,14.63,0.981,1.273,31.57,0.649,True,0.3673,1.753
0.702,1.0296,0,10,11,1,-0.0074,-0.0081,43.39,11.13,1.219,1.089,32.04,0.793,False,0.1282,6.6686
0.702,1.0296,0,10,11,1,-0.0133,-0.018,40.85,8.53,1.772,0.96,23.3,0.768,False,0.1619,4.0175
0.702,1.0296,0,10,11,1,-0.0423,-0.0162,24.24,6.53,0.857,1.036,38.25,0.455,True,0.8542,0.3277
0.702,1.0296,0,10,11,1,-0.0459,0.0032,44.75,14.52,1.146,0.982,20.2,0.54,False,0.2416,4.1259
0.702,1.0296,0,10,11,1,0.0123,-0.0096,21.33,14.0,1.667,0.907,35.75,0.703,False,0.2686,2.2265
0.702,1.0296,0,10,11,1,-0.0396,-0.0004,22.34,10.39,1.18,0.944,27.94,0.5,False,0.1458,5.1131
0.702,1.0296,0,10,11,1,0.019,0.0009,26.33,6.93,1.713,1.25,26.67,0.6,False,0.2023,1.0309
0.702,1.0296,0,10,11,1,0.0183,-0.013,26.73,9.9,1.241,0.881,22.42,0.549,True,0.8718,0.1902
0.702,1.0296,0,10,11,1,0.0076,0.0077,37.85,11.6,1.557,1.216,33.78,0.429,False,0.2195,3.4908
0.702,1.0296,0,10,11,1,-0.0379,-0.0015,35.78,12.48,1.418,0.773,37.07,0.411,True,0.7973,0.1662
0.702,1.0296,0,10,11,1,-0.0118,0.0059,33.42,5.04,1.121,1.14,30.93,0.63,False,0.058,11.3259
0.702,1.0296,0,10,11,1,-0.0518,-0.0126,28.68,8.09,1.448,1.192,35.33,0.519,True,0.7039,0.9354
0.702,1.0296,0,10,11,1,-0.0172,-0.004,38.52,7.87,0.874,1.296,21.2,0.691,False,0.0698,7.4101
0.702,1.0296,0,10,11,1,-0.05,-0.0183,22.55,3.91,1.045,1.064,23.37,0.447,True,0.6643,0.131
0.702,1.0296,0,10,11,1,0.0229,0.002,31.22,7.27,1.627,0.723,24.78,0.749,False,0.2339,0.9675
0.702,1.0296,0,10,11,1,-0.0239,0.0081,42.42,12.95,0.935,0.926,24.08,0.591,False,0.3577,3.0544
0.702,1.0296,0,10,11,1,-0.0644,-0.0115,25.45,9.23,1.278,0.726,25.6,0.655,False,0.2147,4.5739
0.702,1.0296,0,10,11,1,-0.0585,-0.016,20.21,6.18,0.923,1.164,26.27,0.469,True,0.7743,0.1833
0.702,1.0296,0,10,11,1,0.004,-0.0039,40.61,5.65,1.027,0.813,37.47,0.561,False,0.124,5.8764
0.702,1.0296,0,10,11,1,-0.0039,-0.0079,36.43,3.41,0.826,0.831,36.05,0.584,False,0.1187,6.1656
0.702,1.0296,0,10,11,1,-0.062,0.0044,37.03,12.3,1.53,1.395,30.47,0.528,False,1.0495,1.661
0.702,1.0296,0,10,11,1,-0.0548,-0.0191,30.81,3.02,1.634,1.32,29.54,0.623,True,0.6605,0.4098
0.702,1.0296,0,10,11,1,-0.0339,0.0093,27.85,4.63,1.098,1.351,39.46,0.737,False,0.0694,15.6716
0.702,1.0296,0,10,11,1,0.0145,-0.0055,39.63,10.87,1.33,0.853,21.73,0.709,False,0.2504,1.5654
0.702,1.0296,0,10,11,1,-0.0008,-0.0108,24.05,2.69,1.739,1.372,33.22,0.668,False,0.0444,5.4511
0.702,1.0296,0,10,11,1,-0.0275,-0.0021,34.54,4.52,1.399,1.097,28.56,0.774,False,0.1872,3.4374
0.702,1.0296,0,10,11,1,-0.0288,0.0025,29.93,13.28,1.59,1.012,28.93,0.491,True,0.7655,0.1875
0.702,1.0296,0,10,11,1,0.0008,0.0065,32.65,2.39,1.354,0.747,34.18,0.721,False,0.1818,2.1768
0.702,1.0296,0,10,11,1,-0.0197,-0.0142,32.36,9.58,1.484,1.172,39.14,0.417,False,0.2961,4.1978
0.7176,0.89856,1,3,15,1,0.0102,-0.0127,36.36,4.65,1.17,0.866,36.17,0.521,True,0.9118,0.1905
0.7176,0.89856,1,3,15,1,-0.0346,-0.0063,39.04,5.37,0.984,1.394,38.69,0.61,True,0.6053,1.2443
0.7176,0.89856,1,3,15,1,-0.0312,-0.0155,33.64,7.23,1.779,1.149,22.64,0.552,True,0.7737,0.7597
0.7176,0.89856,1,3,15,1,-0.0089,-0.0185,32.01,11.7,1.28,1.253,29.12,0.793,False,0.1538,5.148
0.7176,0.89856,1,3,15,1,0.0202,0.0043,23.29,12.57,1.257,0.781,28.6,0.689,False,0.1681,2.5041
0.7176,0.89856,1,3,15,1,-0.0528,0.0027,27.13,10.98,1.572,0.753,30.85,0.537,True,0.8312,0.1865
0.7176,0.89856,1,3,15,1,-0.0167,-0.0178,20.11,9.63,1.012,1.278,24.66,0.504,False,0.1063,3.4143
0.7176,0.89856,1,3,15,1,0.0079,-0.0018,29.61,2.79,0.881,1.348,25.94,0.595,False,0.1364,1.2961
0.7176,0.89856,1,3,15,1,-0.0001,0.008,38.33,9.3,0.863,1.169,20.47,0.672,False,0.064,5.6792
0.7176,0.89856,1,3,15,1,-0.0215,0.0005,43.53,14.76,1.731,1.107,33.24,0.765,False,0.2528,4.9439
0.7176,0.89856,1,3,15,1,-0.0012,0.0018,34.63,3.61,1.057,1.191,23.75,0.704,False,0.1649,1.3913
0.7176,0.89856,1,3,15,1,0.0174,-0.0033,32.51,4.07,1.52,0.709,20.7,0.621,False,0.1247,1.1276
0.7176,0.89856,1,3,15,1,-0.0603,-0.0114,28.8,5.72,1.499,0.898,35.79,0.438,False,0.6078,2.2718
0.7176,0.89856,1,3,15,1,-0.0395,0.0098,23.97,4.25,0.815,0.796,32.14,0.665,False,0.1899,3.3066
0.7176,0.89856,1,3,15,1,-0.0493,-0.0009,42.72,3.22,1.216,0.854,31.98,0.517,False,0.7532,2.3953
0.7176,0.89856,1,3,15,1,0.0028,-0.0133,24.54,10.55,1.426,1.017,27.59,0.411,False,0.2349,1.7339
0.7176,0.89856,1,3,15,1,-0.0657,-0.0099,21.79,14.0,1.141,1.047,29.55,0.735,False,0.2377,7.6094
0.7176,0.89856,1,3,15,1,-0.0367,-0.0073,44.29,8.71,1.363,1.322,33.94,0.568,True,0.6805,1.2233
0.7176,0.89856,1,3,15,1,0.0129,0.0056,35.61,10.03,1.117,0.939,27.09,0.579,False,0.0503,9.5318
0.7176,0.89856,1,3,15,1,-0.0125,0.0082,41.3,6.27,1.085,1.227,34.14,0.633,False,0.1594,6.2041
0.7176,0.89856,1,3,15,1,0.0239,0.003,21.5,13.69,1.623,1.368,34.68,0.476,False,0.1427,3.2854
0.7176,0.89856,1,3,15,1,-0.0691,-0.0164,42.3,14.14,1.399,1.295,37.82,0.784,True,0.2428,3.5733
0.7176,0.89856,1,3,15,1,-0.0065,-0.0022,36.88,6.94,1.645,1.077,39.5,0.747,False,0.0567,14.1158
0.7176,0.89856,1,3,15,1,-0.0608,-0.0085,30.5,8.11,1.446,0.745,30.66,0.645,True,0.6428,0.6416
0.7176,0.89856,1,3,15,1,-0.0283,-0.0146,25.94,11.16,1.69,1.055,23.18,0.458,True,0.8759,0.3611
0.7176,0.89856,1,3,15,1,-0.0225,-0.005,28.31,7.84,1.31,0.987,38.38,0.709,False,0.1529,6.7689
0.7176,0.89856,1,3,15,1,-0.0542,-0.0194,39.67,6.45,1.538,0.93,24.89,0.443,True,0.6697,0.8868
0.7176,0.89856,1,3,15,1,-0.0157,-0.0105,40.3,12.05,0.953,0.828,26.07,0.482,True,0.8479,0.7406
0.7176,0.89856,1,3,15,1,-0.0458,-0.0046,25.19,2.27,0.913,0.962,21.35,0.73,False,0.0218,12.3415
0.7176,0.89856,1,3,15,1,-0.0445,0.0065,31.43,13.17,1.733,1.143,37.01,0.422,True,0.7837,0.4314
0.702,0.95472,0,6,7,1,0.0028,-0.0089,43.92,9.81,1.033,0.972,33.85,0.48,False,0.2113,4.2529
0.702,0.95472,0,6,7,1,0.0073,0.0083,39.83,11.91,1.333,0.843,29.98,0.482,False,0.2413,3.1253
0.702,0.95472,0,6,7,1,-0.0599,-0.0035,31.06,3.39,0.859,1.359,25.14,0.577,False,0.2688,2.7264
0.702,0.95472,0,6,7,1,-0.0056,0.0037,33.56,12.77,1.52,1.342,25.47,0.642,False,0.2439,2.9903
0.702,0.95472,0,6,7,1,-0.0457,0.0019,24.12,13.11,1.121,1.157,35.16,0.432,True,0.7861,0.2422
0.702,0.95472,0,6,7,1,-0.0247,0.0069,28.74,4.63,1.184,1.203,31.88,0.774,False,0.1579,3.8894
0.702,0.95472,0,6,7,1,-0.0084,-0.009,44.27,4.19,1.37,1.288,20.16,0.762,False,0.1258,2.514
0.702,0.95472,0,6,7,1,-0.0366,-0.0008,40.97,7.04,1.088,0.736,38.89,0.561,True,0.8725,0.2795
0.702,0.95472,0,6,7,1,-0.0503,-0.0166,20.01,13.93,0.901,0.939,37.19,0.747,True,0.7172,0.7137
0.702,0.95472,0,6,7,1,-0.0213,-0.0078,21.58,8.25,1.576,0.707,31.06,0.789,False,0.1225,6.1715
0.702,0.95472,0,6,7,1,-0.07,-0.0025,40.44,8.95,1.672,0.905,33.06,0.455,True,0.869,0.2243
0.702,0.95472,0,6,7,1,-0.013,0.0099,35.23,7.61,1.616,1.219,28.57,0.616,True,0.8407,0.1104
0.702,0.95472,0,6,7,1,-0.0109,-0.0068,23.28,14.23,1.642,1.01,36.39,0.403,False,0.2151,3.7442
0.702,0.95472,0,6,7,1,0.0229,0.0071,38.93,3.14,0.982,0.808,35.67,0.696,False,0.1612,2.0786
0.702,0.95472,0,6,7,1,-0.0008,-0.0107,42.28,10.75,1.469,1.399,26.31,0.595,False,0.1217,6.2222
0.702,0.95472,0,6,7,1,-0.0546,-0.0183,29.94,3.95,1.746,1.171,24.14,0.689,True,0.828,0.2428
0.702,0.95472,0,6,7,1,-0.0297,-0.0041,24.94,12.22,1.297,1.243,23.28,0.676,False,0.087,9.2955
0.702,0.95472,0,6,7,1,-0.0514,0.0054,30.42,13.35,1.454,0.774,22.55,0.748,False,0.18,6.8007
0.702,0.95472,0,6,7,1,-0.0646,-0.0158,42.58,5.49,1.147,1.091,34.52,0.628,True,0.2041,1.8673
0.702,0.95472,0,6,7,1,-0.0436,-0.0015,28.2,6.59,1.063,1.129,32.23,0.5,False,0.1933,4.8784
0.702,0.95472,0,6,7,1,0.0104,-0.0123,26.84,9.63,1.418,1.261,26.83,0.664,False,0.1871,1.9306
0.702,0.95472,0,6,7,1,-0.0328,0.0002,22.16,14.85,1.564,0.757,21.63,0.718,False,0.1627,5.6088
0.702,0.95472,0,6,7,1,0.0137,-0.0053,34.32,2.28,1.243,0.919,30.3,0.603,False,0.1712,1.7701
0.702,0.95472,0,6,7,1,0.0036,-0.0173,32.6,2.53,0.896,1.064,20.7,0.517,True,0.819,0.0102
0.702,0.95472,0,6,7,1,0.0163,0.0047,36.28,5.93,1.342,0.999,39.47,0.548,False,0.0929,6.3293
0.702,0.95472,0,6,7,1,-0.0628,-0.0136,38.27,7.7,1.776,1.099,29.28,0.534,True,0.4881,0.463
0.702,0.95472,0,6,7,1,-0.0268,-0.0195,31.75,8.76,1.726,0.867,23.84,0.531,True,0.8745,0.0917
0.702,0.95472,0,6,7,1,0.0206,0.0029,36.81,10.33,1.213,0.82,27.59,0.448,False,0.2041,2.0653
0.702,0.95472,0,6,7,1,-0.0406,-0.0143,25.7,5.13,0.829,1.05,37.56,0.421,True,0.7518,0.2437
0.702,0.95472,0,6,7,1,-0.0175,-0.0117,25.96,11.18,0.939,1.319,38.45,0.726,False,0.2269,4.7126
0.702,0.87984,0,2,3,1,0.0138,-0.007,29.62,11.88,0.954,0.99,24.47,0.421,False,0.223,1.3157
0.702,0.87984,0,2,3,1,-0.0406,-0.0157,28.39,13.42,0.983,1.338,25.9,0.598,True,0.7068,0.41
0.702,0.87984,0,2,3,1,0.0091,-0.0175,35.67,5.5,0.922,1.257,21.53,0.508,True,0.7675,0.0278
0.702,0.87984,0,2,3,1,0.0053,-0.0093,33.67,6.76,0.805,1.194,35.22,0.745,False,0.0914,5.4499
0.702,0.87984,0,2,3,1,-0.0485,-0.0072,26.06,3.87,1.32,1.109,37.12,0.436,True,0.5777,0.3419
0.702,0.87984,0,2,3,1,0.0167,-0.0025,20.96,7.13,1.149,1.293,26.29,0.602,False,0.0426,4.0284
0.702,0.87984,0,2,3,1,-0.0184,0.0003,28.23,7.31,1.615,1.32,33.03,0.776,False,0.1033,7.588
0.702,0.87984,0,2,3,1,-0.0314,-0.0049,23.03,2.75,1.334,0.826,27.27,0.641,False,0.0902,3.4733
0.702,0.87984,0,2,3,1,-0.0024,-0.0037,27.18,12.86,1.7,1.262,38.71,0.796,False,0.0482,15.9047
0.702,0.87984,0,2,3,1,-0.0232,-0.0106,32.1,12.28,0.855,0.926,23.7,0.543,False,0.1561,4.4438
0.702,0.87984,0,2,3,1,-0.0096,0.0014,33.29,4.23,1.468,1.041,32.09,0.697,False,0.1104,4.669
0.702,0.87984,0,2,3,1,-0.0125,-0.0112,34.99,10.33,1.642,1.016,27.44,0.768,False,0.1711,4.558
0.702,0.87984,0,2,3,1,-0.0433,-0.0141,40.44,14.02,1.391,0.729,39.34,0.485,True,0.3788,0.8463
0.702,0.87984,0,2,3,1,-0.0656,-0.0184,41.22,10.94,1.283,0.804,28.37,0.501,True,0.8968,1.0711
0.702,0.87984,0,2,3,1,-0.0266,0.0034,25.48,2.42,1.086,1.234,36.41,0.71,False,0.187,2.6077
0.702,0.87984,0,2,3,1,-0.0547,0.0071,30.34,12.72,1.406,1.148,28.8,0.654,True,0.7331,0.3566
0.702,0.87984,0,2,3,1,-0.0678,-0.0006,24.12,5.19,1.208,1.373,21.15,0.585,False,0.2203,2.0475
0.702,0.87984,0,2,3,1,0.0025,0.0049,37.72,11.5,1.052,0.747,34.54,0.729,False,0.1767,4.0176
0.702,0.87984,0,2,3,1,-0.0344,-0.0168,43.82,14.27,1.736,1.395,30.95,0.637,True,0.8091,0.4372
0.702,0.87984,0,2,3,1,-0.0519,0.0094,30.91,8.96,1.592,1.167,20.16,0.754,False,0.1787,4.2281
0.702,0.87984,0,2,3,1,-0.0142,0.0052,44.45,8.7,1.545,0.903,30.04,0.688,True,0.7823,0.2612
0.702,0.87984,0,2,3,1,-0.0576,0.0086,22.28,7.96,1.445,0.86,22.52,0.412,True,0.8403,0.0627
0.702,0.87984,0,2,3,1,0.0204,-0.0013,42.88,14.78,1.252,1.067,35.62,0.567,False,0.2957,1.9619
0.702,0.87984,0,2,3,1,-0.0195,-0.0051,38.67,6.23,1.787,0.789,31.35,0.472,True,0.4542,0.4601
0.702,0.87984,0,2,3,1,-0.045,-0.0132,39.81,2.9,1.126,1.09,24.86,0.616,False,0.1489,5.6464
0.702,0.87984,0,2,3,1,-0.0063,-0.0082,37.32,9.73,0.899,1.127,37.76,0.524,False,0.1908,5.0403
0.702,0.87984,0,2,3,1,-0.0353,-0.0128,20.77,3.69,1.175,0.96,38.07,0.461,True,0.8926,0.4352
0.702,0.87984,0,2,3,1,0.0219,0.0026,24.95,9.88,1.501,0.954,33.93,0.557,True,0.6321,0.8994
0.702,0.87984,0,2,3,1,-0.0621,-0.019,41.97,5.01,1.704,0.709,29.95,0.445,True,0.7812,0.1732
0.702,0.87984,0,2,3,1,0.012,0.0065,36.28,8.4,1.0,0.866,22.72,0.671,False,0.0377,7.0039
0.7176,0.86112,1,1,13,1,-0.0085,-0.0132,36.05,4.76,1.192,0.976,31.49,0.744,False,0.1271,4.4662
0.7176,0.86112,1,1,13,1,-0.0119,0.0087,42.59,9.75,0.852,1.275,36.99,0.583,False,0.352,3.2111
0.7176,0.86112,1,1,13,1,-0.039,-0.0059,35.63,3.47,1.382,1.133,28.45,0.518,False,0.3828,2.7161
0.7176,0.86112,1,1,13,1,-0.0254,-0.0037,38.98,5.39,1.747,1.234,23.45,0.673,False,0.1232,5.1873
0.7176,0.86112,1,1,13,1,-0.0351,0.0018,34.39,11.35,1.47,1.335,26.04,0.434,True,0.7781,0.2747
0.7176,0.86112,1,1,13,1,0.0194,-0.0193,20.14,13.37,0.93,0.903,37.65,0.543,True,0.7214,0.2744
0.7176,0.86112,1,1,13,1,-0.0687,-0.0093,37.79,6.74,1.25,1.027,34.45,0.729,True,0.3002,7.0961
0.7176,0.86112,1,1,13,1,-0.0033,-0.0168,26.21,13.98,1.713,1.026,35.01,0.47,True,0.8957,0.1911
0.7176,0.86112,1,1,13,1,-0.0565,-0.0048,22.05,14.78,1.545,1.325,26.71,0.631,False,0.2098,6.9207
0.7176,0.86112,1,1,13,1,0.0035,-0.0062,21.16,2.65,0.96,1.08,20.37,0.777,False,0.0041,12.872
0.7176,0.86112,1,1,13,1,0.0099,-0.0122,41.89,14.25,1.21,1.361,29.55,0.769,False,0.166,3.4183
0.7176,0.86112,1,1,13,1,-0.0299,0.0041,41.6,2.15,1.79,0.801,30.71,0.444,True,0.979,0.5219
0.7176,0.86112,1,1,13,1,-0.004,0.0033,27.62,8.36,1.026,1.206,38.46,0.666,False,0.051,14.9981
0.7176,0.86112,1,1,13,1,-0.0001,0.0079,40.13,11.09,0.831,0.772,29.21,0.601,False,0.3122,2.383
0.7176,0.86112,1,1,13,1,-0.0518,-0.0153,22.55,7.6,1.532,1.118,27.77,0.521,False,0.3338,1.8668
0.7176,0.86112,1,1,13,1,-0.0202,0.0068,33.41,3.99,1.674,0.718,25.54,0.41,True,0.7103,0.1314
0.7176,0.86112,1,1,13,1,-0.0273,-0.0073,29.46,11.99,1.346,0.823,21.53,0.421,False,0.2673,1.782
0.7176,0.86112,1,1,13,1,-0.0508,-0.0022,31.31,4.43,0.976,0.952,22.97,0.688,False,0.1065,6.035
0.7176,0.86112,1,1,13,1,-0.0594,-0.008,24.29,6.91,1.332,0.921,30.02,0.594,False,0.3245,2.9127
0.7176,0.86112,1,1,13,1,-0.0665,0.0001,36.98,12.99,1.596,0.857,39.13,0.646,True,0.3486,1.2452
0.7176,0.86112,1,1,13,1,-0.0444,-0.0105,44.22,9.35,1.133,0.997,20.8,0.462,False,0.3748,2.1521
0.7176,0.86112,1,1,13,1,0.0155,-0.017,30.78,5.79,1.052,1.255,33.97,0.555,False,0.133,2.7888
0.7176,0.86112,1,1,13,1,-0.0359,0.0025,32.4,6.21,1.089,1.143,39.42,0.694,False,0.1934,6.8908
0.7176,0.86112,1,1,13,1,0.0146,-0.0016,28.47,7.66,0.89,1.386,35.5,0.503,False,0.0131,35.2305
0.7176,0.86112,1,1,13,1,-0.0192,-0.0144,24.05,11.75,1.402,0.76,24.8,0.793,False,0.1668,4.793
0.7176,0.86112,1,1,13,1,-0.0474,0.0052,32.89,10.51,1.438,0.727,32.08,0.625,True,0.7855,0.2262
0.7176,0.86112,1,1,13,1,0.0089,-0.0182,26.98,9.82,1.623,1.065,24.17,0.756,False,0.0723,4.7427
0.7176,0.86112,1,1,13,1,-0.0608,0.0099,39.59,8.84,1.662,1.293,36.27,0.708,True,0.3581,2.2579
0.7176,0.86112,1,1,13,1,-0.0145,-0.0006,43.84,2.94,1.163,0.87,33.28,0.573,True,0.4655,0.5602
0.7176,0.86112,1,1,13,1,0.0227,-0.0115,25.71,12.78,1.293,1.178,22.59,0.49,False,0.0849,2.8774
0.702,0.91728,0,4,5,1,-0.0492,-0.0111,42.09,8.55,1.673,0.834,32.74,0.475,True,0.1056,6.3253
0.702,0.91728,0,4,5,1,0.0038,-0.0008,29.84,8.47,1.124,1.233,36.27,0.659,False,0.1511,3.9797
0.702,0.91728,0,4,5,1,0.0114,-0.006,38.21,7.81,1.235,0.8,32.36,0.771,False,0.1512,2.9698
0.702,0.91728,0,4,5,1,-0.037,-0.0029,33.04,9.95,1.604,1.094,25.47,0.62,False,0.1717,5.8024
0.702,0.91728,0,4,5,1,-0.0216,0.0032,21.91,6.05,1.443,1.306,24.0,0.438,False,0.0792,3.3835
0.702,0.91728,0,4,5,1,-0.0419,-0.0104,25.02,4.21,1.387,0.874,25.16,0.452,True,0.7152,0.4763
0.702,0.91728,0,4,5,1,-0.0043,-0.006,21.19,3.0,1.004,0.921,35.79,0.797,False,0.0823,2.6223
0.702,0.91728,0,4,5,1,-0.0331,-0.015,33.6,14.48,1.04,1.063,29.0,0.695,False,0.3503,4.0036
0.702,0.91728,0,4,5,1,0.0241,-0.0161,29.07,12.08,1.54,1.03,29.84,0.529,True,0.7046,0.1793
0.702,0.91728,0,4,5,1,-0.0186,0.0088,43.59,13.22,1.799,1.254,22.95,0.668,False,0.0709,14.1316
0.702,0.91728,0,4,5,1,0.0215,-0.0197,35.75,4.75,1.748,0.99,21.66,0.609,True,0.8172,0.0342
0.702,0.91728,0,4,5,1,-0.0512,-0.0122,40.21,14.89,0.913,1.005,31.37,0.547,True,0.4614,1.0525
0.702,0.91728,0,4,5,1,-0.0565,0.006,23.72,7.49,1.35,1.198,38.67,0.686,True,0.3836,1.687
0.702,0.91728,0,4,5,1,0.0182,-0.0181,25.92,2.4,1.485,1.335,38.7,0.723,True,0.6858,0.084
0.702,0.91728,0,4,5,1,-0.0097,-0.0011,28.3,10.64,1.506,0.786,23.59,0.407,False,0.0722,5.5353
0.702,0.91728,0,4,5,1,-0.0617,-0.0033,37.24,13.84,0.938,0.742,39.81,0.754,True,0.8123,0.4469
0.702,0.91728,0,4,5,1,0.0142,-0.0086,31.67,4.09,1.173,1.168,30.85,0.719,False,0.1549,1.5737
0.702,0.91728,0,4,5,1,-0.0682,0.0074,27.2,5.26,0.865,0.701,22.29,0.577,True,0.9429,0.1192
0.702,0.91728,0,4,5,1,-0.0668,0.0096,39.55,9.01,1.711,0.961,21.05,0.573,True,0.8371,0.2088
0.702,0.91728,0,4,5,1,-0.0001,-0.015,34.18,11.37,0.818,1.363,27.77,0.542,False,0.1125,5.7404
0.702,0.91728,0,4,5,1,0.0074,0.0049,24.97,7.04,0.978,1.399,20.52,0.486,False,0.1916,0.6619
0.702,0.91728,0,4,5,1,-0.0396,-0.0178,42.58,2.78,1.326,1.266,34.05,0.505,True,0.0564,5.3172
0.702,0.91728,0,4,5,1,-0.029,0.0055,22.51,10.67,1.092,0.853,37.21,0.648,True,0.7645,0.305
0.702,0.91728,0,4,5,1,-0.0265,0.0003,31.6,12.77,1.15,1.323,26.54,0.463,False,0.246,3.1442
0.702,0.91728,0,4,5,1,-0.011,-0.007,20.48,5.7,0.87,1.141,27.08,0.509,False,0.0888,2.7379
0.702,0.91728,0,4,5,1,-0.0597,-0.0044,38.78,6.66,1.652,0.758,37.44,0.736,True,0.0339,10.0895
0.702,0.91728,0,4,5,1,-0.0148,0.0029,30.62,9.76,1.596,1.11,28.57,0.418,True,0.7896,0.1638
0.702,0.91728,0,4,5,1,-0.0247,0.0011,36.55,3.72,1.212,0.893,35.13,0.599,True,0.8394,0.1961
0.702,0.91728,0,4,5,1,-0.0026,-0.0137,44.44,11.62,1.425,0.934,30.48,0.636,False,0.1493,5.8107
0.702,0.91728,0,4,5,1,-0.0474,-0.0092,41.27,13.6,1.269,1.161,33.99,0.776,False,0.2444,7.3929
0.7176,0.936,1,5,17,1,-0.0422,-0.0135,43.37,14.14,1.694,1.228,24.71,0.626,False,0.3354,4.245
0.7176,0.936,1,5,17,1,-0.0628,0.008,28.11,12.38,1.703,1.114,39.3,0.483,True,0.8498,0.3193
0.7176,0.936,1,5,17,1,-0.0482,0.0025,30.83,8.64,1.483,0.775,31.5,0.441,True,0.826,0.1518
0.7176,0.936,1,5,17,1,0.0114,-0.0155,23.73,4.7,1.172,1.129,27.42,0.718,False,0.1004,1.585
0.7176,0.936,1,5,17,1,-0.0588,-0.0101,20.16,9.71,1.434,1.091,30.46,0.475,False,0.4281,1.9491
0.7176,0.936,1,5,17,1,-0.0375,-0.0111,24.36,10.66,1.569,1.276,35.43,0.636,False,0.1717,7.7641
0.7176,0.936,1,5,17,1,-0.0028,0.0019,22.35,7.93,1.743,1.165,25.68,0.495,False,0.1195,2.5234
0.7176,0.936,1,5,17,1,0.022,-0.0081,38.28,7.12,1.036,0.755,32.95,0.528,False,0.2261,2.1845
0.7176,0.936,1,5,17,1,-0.0063,-0.0095,32.54,3.75,1.361,0.701,39.85,0.567,False,0.0866,7.5544
0.7176,0.936,1,5,17,1,-0.0341,-0.0179,20.99,4.28,0.988,1.345,28.7,0.592,False,0.2258,1.559
0.7176,0.936,1,5,17,1,-0.0287,0.0073,31.5,11.93,0.841,1.238,36.64,0.683,False,0.1912,7.4868
0.7176,0.936,1,5,17,1,0.0208,-0.0001,27.14,10.0,1.107,1.299,24.61,0.52,False,0.1686,1.4865
0.7176,0.936,1,5,17,1,-0.0102,-0.0024,42.37,12.79,1.28,1.04,21.26,0.58,False,0.2152,3.5385
0.7176,0.936,1,5,17,1,-0.046,0.0055,29.76,13.89,1.428,0.831,33.42,0.662,True,0.7253,0.3066
0.7176,0.936,1,5,17,1,-0.0253,0.0048,43.26,5.81,1.53,0.841,22.98,0.42,True,0.7452,0.1583
0.7176,0.936,1,5,17,1,0.0074,-0.017,37.28,9.09,1.795,1.003,31.19,0.734,False,0.2213,2.5516
0.7176,0.936,1,5,17,1,-0.0293,-0.0069,25.96,2.1,0.947,0.746,37.18,0.755,False,0.1249,4.4098
0.7176,0.936,1,5,17,1,-0.065,-0.0044,28.54,6.31,1.533,1.025,29.52,0.604,False,0.3377,3.4262
0.7176,0.936,1,5,17,1,-0.0002,-0.0195,33.66,5.32,1.141,0.968,34.1,0.642,False,0.1035,6.0151
0.7176,0.936,1,5,17,1,0.0169,-0.0011,31.7,6.56,1.643,1.385,37.58,0.461,False,0.1468,3.6303
0.7176,0.936,1,5,17,1,0.0033,0.0095,36.32,8.12,1.248,0.813,26.48,0.762,False,0.1885,2.552
0.7176,0.936,1,5,17,1,0.0134,-0.0125,44.77,14.96,1.392,1.052,34.8,0.409,True,1.0148,0.1315
0.7176,0.936,1,5,17,1,-0.0557,-0.0147,38.78,13.2,0.91,0.925,32.41,0.431,False,0.359,4.4431
0.7176,0.936,1,5,17,1,-0.0177,0.0,34.23,2.44,1.316,1.185,27.04,0.697,False,0.0657,6.7075
0.7176,0.936,1,5,17,1,-0.0071,-0.0036,40.25,10.83,1.009,1.356,38.6,0.799,False,0.0846,10.3022
0.7176,0.936,1,5,17,1,-0.0524,-0.0186,35.08,11.32,1.212,0.942,23.65,0.674,True,0.6282,0.865
0.7176,0.936,1,5,17,1,-0.0156,0.0032,39.67,3.62,1.078,1.314,21.83,0.78,False,0.0474,7.7184
0.7176,0.936,1,5,17,1,-0.0406,-0.0077,41.57,3.09,1.62,0.885,28.07,0.733,True,0.2155,1.2416
0.7176,0.936,1,5,17,1,-0.0199,-0.0054,22.7,13.46,0.833,0.901,22.24,0.536,False,0.1511,3.6634
0.7176,0.936,1,5,17,1,-0.069,0.0069,25.05,7.41,0.882,1.204,20.65,0.552,False,0.144,3.6718
0.7176,0.95472,1,6,18,1,-0.0187,-0.015,31.91,3.36,1.599,0.988,37.3,0.785,False,0.1339,5.7728
0.7176,0.95472,1,6,18,1,-0.0311,0.0027,38.54,13.19,1.702,1.01,33.06,0.634,True,0.4851,0.7377
0.7176,0.95472,1,6,18,1,-0.0082,-0.0113,22.71,8.1,1.336,1.07,25.5,0.747,False,0.0573,6.8735
0.7176,0.95472,1,6,18,1,0.0223,-0.0132,26.26,4.26,1.638,1.135,22.83,0.54,False,0.2027,0.5669
0.7176,0.95472,1,6,18,1,-0.0566,-0.0061,23.8,11.94,1.552,0.805,21.48,0.62,False,0.0797,10.2025
0.7176,0.95472,1,6,18,1,-0.0536,0.0002,40.14,5.93,1.237,0.892,25.22,0.764,False,0.2968,4.4605
0.7176,0.95472,1,6,18,1,-0.0667,-0.0121,21.85,14.47,1.529,0.711,28.3,0.675,False,0.177,9.8695
0.7176,0.95472,1,6,18,1,0.0196,-0.0041,27.64,14.86,1.398,1.1,27.8,0.578,False,0.3654,1.3842
0.7176,0.95472,1,6,18,1,0.0013,0.0075,25.6,9.53,1.111,1.223,24.29,0.729,False,0.0723,5.2988
0.7176,0.95472,1,6,18,1,-0.0669,-0.0176,33.76,5.57,1.174,1.315,38.0,0.659,True,0.5411,1.1362
0.7176,0.95472,1,6,18,1,-0.0456,0.0066,29.23,13.64,1.671,0.742,36.49,0.496,True,0.7804,0.1947
0.7176,0.95472,1,6,18,1,0.0048,0.0048,21.27,7.2,1.134,1.358,32.48,0.693,False,0.1429,2.6223
0.7176,0.95472,1,6,18,1,-0.0615,-0.0164,44.72,9.07,1.737,1.257,35.58,0.789,True,0.8358,2.0546
0.7176,0.95472,1,6,18,1,-0.0236,0.0019,36.28,5.08,0.899,0.924,29.06,0.471,False,0.4287,2.0774
0.7176,0.95472,1,6,18,1,-0.0054,0.005,24.55,12.82,1.223,0.98,34.81,0.605,False,0.0838,10.9165
0.7176,0.95472,1,6,18,1,-0.0035,-0.0187,35.08,10.16,0.838,1.147,37.61,0.565,False,0.3998,2.4452
0.7176,0.95472,1,6,18,1,-0.0434,-0.0055,38.08,6.66,0.801,1.194,34.54,0.596,True,0.2961,2.7608
0.7176,0.95472,1,6,18,1,0.0104,-0.0095,39.53,2.68,1.464,1.278,27.2,0.508,False,0.1121,3.705
0.7176,0.95472,1,6,18,1,-0.0149,-0.0022,36.71,12.31,1.777,0.865,26.47,0.714,False,0.1681,5.4659
0.7176,0.95472,1,6,18,1,0.0144,-0.0083,41.78,3.83,0.934,0.841,39.25,0.548,False,0.2023,3.007
0.7176,0.95472,1,6,18,1,-0.0484,0.0085,42.85,11.2,1.306,0.954,22.36,0.485,True,0.8125,0.2004
0.7176,0.95472,1,6,18,1,-0.0108,-0.02,20.11,13.98,1.473,1.393,20.2,0.696,False,0.1076,4.7689
0.7176,0.95472,1,6,18,1,-0.0258,-0.0107,34.64,7.42,1.06,1.295,31.46,0.742,False,0.1707,6.0945
0.7176,0.95472,1,6,18,1,0.0072,-0.0079,26.88,7.98,1.086,1.078,29.89,0.646,False,0.1624,2.3963
0.7176,0.95472,1,6,18,1,-0.0341,-0.0143,28.52,8.73,1.404,0.758,30.49,0.406,True,0.6268,0.6982
0.7176,0.95472,1,6,18,1,-0.039,0.01,30.05,11.09,1.608,0.833,23.77,0.464,True,0.7517,0.1361
0.7176,0.95472,1,6,18,1,-0.0575,0.003,41.36,10.55,0.983,1.048,33.58,0.525,True,0.0815,3.1562
0.7176,0.95472,1,6,18,1,0.0165,-0.0035,32.54,4.83,1.275,0.788,39.86,0.426,True,0.8632,0.477
0.7176,0.95472,1,6,18,1,-0.0361,-0.0019,31.3,3.16,1.001,1.173,30.93,0.447,False,0.1412,6.3232
0.7176,0.95472,1,6,18,1,-0.02,-0.0004,44.03,2.21,0.914,1.346,20.73,0.435,False,0.0181,39.2381
0.7332,0.8424,2,0,23,1,-0.0298,0.0022,43.71,6.02,1.367,0.801,39.05,0.732,False,0.3446,4.3457
0.7332,0.8424,2,0,23,1,-0.0011,-0.0152,44.37,4.03,1.793,0.727,38.33,0.535,True,1.3747,0.2567
0.7332,0.8424,2,0,23,1,0.0178,-0.0043,30.56,12.75,1.545,0.976,30.96,0.667,False,0.2399,2.116
0.7332,0.8424,2,0,23,1,-0.0126,0.0,34.14,8.65,0.99,1.038,33.91,0.519,False,0.3332,3.0173
0.7332,0.8424,2,0,23,1,-0.0098,0.0087,28.06,11.29,1.701,1.304,34.03,0.623,False,0.0927,10.4764
0.7332,0.8424,2,0,23,1,-0.0175,-0.0091,22.21,14.14,1.193,0.902,29.86,0.641,False,0.169,6.2308
0.7332,0.8424,2,0,23,1,0.0127,-0.0031,28.55,11.55,0.866,1.003,29.03,0.485,False,0.0765,6.2586
0.7332,0.8424,2,0,23,1,-0.0386,0.0062,26.54,2.13,1.035,1.153,20.64,0.751,False,0.0529,4.2931
0.7332,0.8424,2,0,23,1,-0.0382,-0.019,25.56,6.45,0.966,0.712,35.54,0.68,False,0.2455,4.319
0.7332,0.8424,2,0,23,1,-0.0261,-0.02,22.8,7.55,1.163,1.218,28.39,0.74,False,0.0843,7.3744
0.7332,0.8424,2,0,23,1,0.0011,-0.0071,21.63,3.46,1.322,1.122,30.64,0.505,False,0.0533,3.8934
0.7332,0.8424,2,0,23,1,-0.034,-0.0005,39.34,4.78,0.888,1.177,24.89,0.47,False,0.5851,1.5733
0.7332,0.8424,2,0,23,1,-0.0222,-0.0111,26.99,5.03,1.282,1.38,36.48,0.774,False,0.1036,7.2365
0.7332,0.8424,2,0,23,1,0.0191,-0.0016,41.58,8.06,0.803,1.017,33.21,0.415,False,0.419,1.4504
0.7332,0.8424,2,0,23,1,0.0059,-0.0103,24.83,9.12,1.029,1.098,23.93,0.454,False,0.0881,3.0423
0.7332,0.8424,2,0,23,1,-0.0686,0.0095,37.58,13.97,1.531,0.861,32.35,0.61,True,0.6763,0.2493
0.7332,0.8424,2,0,23,1,-0.0492,-0.0023,37.16,10.97,1.073,1.316,26.3,0.531,False,0.7304,1.884
0.7332,0.8424,2,0,23,1,0.0082,0.0012,20.08,7.03,1.653,0.785,25.88,0.453,False,0.1719,1.0512
0.7332,0.8424,2,0,23,1,-0.0619,0.003,34.29,10.5,1.495,1.192,27.72,0.787,True,0.673,2.476
0.7332,0.8424,2,0,23,1,-0.0427,-0.0161,31.48,3.26,1.442,0.937,35.03,0.599,True,0.2653,0.7853
0.7332,0.8424,2,0,23,1,-0.0527,-0.0122,35.9,4.36,0.929,1.05,26.97,0.634,False,0.4166,2.5293
0.7332,0.8424,2,0,23,1,0.0106,-0.0083,23.43,2.7,1.223,1.09,24.15,0.409,False,0.0761,1.8425
0.7332,0.8424,2,0,23,1,-0.0585,0.0047,29.36,10.16,1.122,1.358,22.57,0.705,False,0.3784,2.3578
0.7332,0.8424,2,0,23,1,-0.0552,-0.0142,35.83,5.82,1.419,0.933,37.1,0.573,True,0.1015,2.3762
0.7332,0.8424,2,0,23,1,-0.064,-0.0136,39.08,12.03,1.245,1.339,31.88,0.575,True,0.6869,0.8702
0.7332,0.8424,2,0,23,1,0.0224,0.008,42.94,9.64,1.594,1.264,21.15,0.551,False,0.1019,2.846
0.7332,0.8424,2,0,23,1,-0.0132,-0.0058,32.74,13.57,1.608,0.767,37.71,0.718,False,0.1795,5.9553
0.7332,0.8424,2,0,23,1,-0.0474,0.0057,31.85,8.42,1.377,1.241,21.38,0.661,False,0.2218,3.2785
0.7332,0.8424,2,0,23,1,-0.0055,-0.0063,40.46,13.15,1.697,0.88,22.67,0.769,False,0.1373,4.9327
0.7332,0.8424,2,0,23,1,-0.0228,-0.0173,42.24,14.63,1.737,0.817,39.36,0.431,True,0.1935,1.1674
0.7176,0.99216,1,8,20,1,-0.0629,0.0067,41.37,8.15,1.532,0.716,24.48,0.555,True,0.8127,0.1524
0.7176,0.99216,1,8,20,1,-0.0194,-0.0162,32.42,14.31,1.618,1.011,21.16,0.644,False,0.1182,7.2668
0.7176,0.99216,1,8,20,1,-0.059,-0.0122,28.98,2.17,0.984,1.045,37.7,0.753,False,0.2439,4.4407
0.7176,0.99216,1,8,20,1,0.0023,-0.008,42.14,9.28,1.705,1.219,36.17,0.602,False,0.1359,5.939
0.7176,0.99216,1,8,20,1,-0.0467,-0.0057,44.21,4.37,0.899,0.771,20.62,0.408,True,0.6799,0.3146
0.7176,0.99216,1,8,20,1,-0.0149,-0.0132,39.41,6.25,1.553,0.729,27.58,0.542,True,0.4158,0.3634
0.7176,0.99216,1,8,20,1,-0.052,-0.02,27.52,10.0,1.47,1.06,26.41,0.657,False,0.4191,2.6745
0.7176,0.99216,1,8,20,1,-0.0366,-0.0048,30.19,10.91,1.305,0.767,25.19,0.623,False,0.1433,7.283
0.7176,0.99216,1,8,20,1,-0.0341,-0.0188,25.09,11.26,0.948,1.355,29.32,0.58,False,0.332,3.0919
0.7176,0.99216,1,8,20,1,-0.0283,-0.001,36.25,10.63,1.03,0.942,26.79,0.732,False,0.1385,8.041
0.7176,0.99216,1,8,20,1,-0.0117,0.0021,23.38,12.83,1.08,1.256,32.73,0.766,False,0.1817,5.1658
0.7176,0.99216,1,8,20,1,-0.001,-0.0099,22.82,13.06,1.143,0.882,35.71,0.563,False,0.1828,4.8191
0.7176,0.99216,1,8,20,1,0.0201,-0.0089,40.29,3.6,1.111,0.971,38.01,0.683,False,0.0618,7.338
0.7176,0.99216,1,8,20,1,-0.0648,-0.0037,22.2,8.89,1.78,0.887,31.64,0.521,True,0.8025,0.1953
0.7176,0.99216,1,8,20,1,0.0036,0.0079,20.88,6.42,1.433,0.92,28.62,0.493,False,0.0475,5.075
0.7176,0.99216,1,8,20,1,-0.0687,0.0086,31.65,5.82,0.923,1.2,21.77,0.427,False,0.2506,2.4501
0.7176,0.99216,1,8,20,1,-0.0552,-0.0118,43.65,4.62,1.283,1.326,22.61,0.417,True,0.806,0.9581
0.7176,0.99216,1,8,20,1,-0.0049,0.0097,37.03,13.99,1.043,0.833,34.91,0.476,False,0.3448,2.9561
0.7176,0.99216,1,8,20,1,0.0224,-0.0103,24.48,7.04,1.389,1.162,39.93,0.64,False,0.3384,1.1963
0.7176,0.99216,1,8,20,1,-0.0389,0.0015,35.23,7.26,1.762,0.846,30.73,0.506,True,0.7893,0.258
0.7176,0.99216,1,8,20,1,0.0083,0.0042,37.94,3.75,1.69,1.274,22.96,0.46,False,0.0255,12.6543
0.7176,0.99216,1,8,20,1,0.012,0.0034,43.08,2.44,0.802,1.178,30.52,0.516,False,0.028,19.6654
0.7176,0.99216,1,8,20,1,0.0147,-0.0176,26.86,13.5,0.859,1.117,29.45,0.696,False,0.2645,1.9668
0.7176,0.99216,1,8,20,1,-0.0068,-0.0019,29.44,11.65,1.239,1.094,33.8,0.779,False,0.101,8.0493
0.7176,0.99216,1,8,20,1,-0.0482,0.0053,38.69,5.17,1.199,1.29,36.69,0.714,False,0.4321,3.8604
0.7176,0.99216,1,8,20,1,-0.0293,-0.0156,20.62,12.22,1.451,1.391,32.08,0.453,False,0.299,2.8299
0.7176,0.99216,1,8,20,1,0.0158,-0.002,26.46,14.6,1.656,0.804,38.96,0.676,False,0.2368,2.5387
0.7176,0.99216,1,8,20,1,-0.0242,0.0008,34.78,3.29,1.205,1.126,23.51,0.592,False,0.2238,2.2241
0.7176,0.99216,1,8,20,1,-0.0432,-0.0143,33.08,9.38,1.574,1.0,34.17,0.796,False,0.3469,4.4744
0.7176,0.99216,1,8,20,1,-0.0175,-0.0067,33.9,7.87,1.341,1.351,25.34,0.746,False,0.1085,5.9248
0.7332,0.97344,2,7,30,1,0.0197,-0.0069,39.41,10.33,1.226,1.21,26.89,0.765,False,0.2401,1.828
0.7332,0.97344,2,7,30,1,-0.0119,-0.0058,36.23,9.97,0.951,1.368,24.36,0.457,False,0.2599,2.1296
0.7332,0.97344,2,7,30,1,0.0051,-0.0002,23.75,3.54,1.075,1.392,25.41,0.619,False,0.0483,2.2794
0.7332,0.97344,2,7,30,1,-0.0315,-0.0103,28.61,8.52,1.707,0.81,38.37,0.646,True,0.3668,1.0649
0.7332,0.97344,2,7,30,1,0.0242,-0.0119,34.69,2.7,1.53,1.095,37.86,0.419,True,1.0568,0.2405
0.7332,0.97344,2,7,30,1,-0.0093,-0.0197,26.35,4.1,0.975,1.051,20.56,0.473,False,0.068,1.6216
0.7332,0.97344,2,7,30,1,0.0133,0.0056,38.13,13.48,1.797,1.015,35.85,0.749,False,0.0823,6.8664
0.7332,0.97344,2,7,30,1,-0.0476,0.0028,22.2,2.04,1.124,0.748,34.17,0.683,False,0.1065,4.5488
0.7332,0.97344,2,7,30,1,0.0177,-0.0134,41.39,4.68,1.065,0.85,29.21,0.627,False,0.2251,1.598
0.7332,0.97344,2,7,30,1,-0.0405,0.0091,38.39,3.17,1.624,0.973,32.52,0.726,True,0.7806,0.2427
0.7332,0.97344,2,7,30,1,-0.0055,0.0012,27.8,11.26,1.386,1.26,37.06,0.436,False,0.018,48.137
0.7332,0.97344,2,7,30,1,-0.0138,-0.0027,41.74,12.34,1.74,0.771,26.64,0.738,False,0.0319,27.7466
0.7332,0.97344,2,7,30,1,-0.0438,-0.017,42.63,6.33,1.456,0.981,33.46,0.587,True,0.175,1.2217
0.7332,0.97344,2,7,30,1,0.0123,-0.0042,30.2,6.57,1.267,1.142,23.74,0.483,False,0.12,1.8374
0.7332,0.97344,2,7,30,1,-0.0264,0.0037,35.78,14.53,0.861,1.182,39.44,0.443,False,0.8978,1.5669
0.7332,0.97344,2,7,30,1,-0.0365,0.0002,24.95,12.94,1.193,1.326,39.03,0.703,True,0.5955,1.8697
0.7332,0.97344,2,7,30,1,0.0001,-0.0123,21.0,14.91,1.589,0.817,27.37,0.677,False,0.1159,5.8687
0.7332,0.97344,2,7,30,1,-0.0209,-0.008,44.44,10.86,1.361,1.145,22.55,0.713,False,0.1087,7.5713
0.7332,0.97344,2,7,30,1,-0.0592,-0.0154,37.17,6.86,1.469,0.913,21.66,0.558,False,0.2378,3.4047
0.7332,0.97344,2,7,30,1,-0.0005,-0.0013,31.8,8.3,0.829,1.112,29.62,0.538,False,0.1203,4.0245
0.7332,0.97344,2,7,30,1,-0.0343,-0.0189,40.66,4.31,0.896,0.725,28.28,0.521,False,0.1549,7.0153
0.7332,0.97344,2,7,30,1,-0.0639,-0.0096,23.0,11.89,1.642,1.298,31.07,0.61,False,0.3586,4.124
0.7332,0.97344,2,7,30,1,-0.0193,-0.0074,20.07,7.63,1.235,0.905,30.2,0.794,False,0.093,6.2617
0.7332,0.97344,2,7,30,1,-0.0624,0.0067,32.62,13.73,1.301,0.713,21.08,0.403,True,0.7665,0.1655
0.7332,0.97344,2,7,30,1,-0.0671,0.0049,29.36,5.56,1.151,0.944,32.78,0.657,True,0.7581,0.2443
0.7332,0.97344,2,7,30,1,0.0063,-0.0033,25.17,12.5,1.009,1.219,35.06,0.774,False,0.0982,6.013
0.7332,0.97344,2,7,30,1,-0.0538,0.0081,31.08,7.68,0.925,1.035,32.0,0.51,False,0.4368,2.7684
0.7332,0.97344,2,7,30,1,-0.0508,-0.0149,34.14,5.19,1.415,0.876,25.3,0.502,True,0.8575,0.7457
0.7332,0.97344,2,7,30,1,-0.0249,0.0073,27.31,9.29,1.554,1.334,22.67,0.561,False,0.094,4.9933
0.7332,0.97344,2,7,30,1,-0.0566,-0.0178,43.94,9.58,1.681,1.277,36.29,0.579,True,0.161,1.3765
0.7176,1.01088,1,9,21,1,-0.0114,0.0097,21.91,5.87,1.245,0.804,37.9,0.691,False,0.0215,27.9705
0.7176,1.01088,1,9,21,1,-0.0626,-0.0053,27.19,14.1,1.779,1.297,31.74,0.636,True,0.6166,2.0062
0.7176,1.01088,1,9,21,1,-0.0577,-0.0198,27.52,11.3,1.145,0.742,22.99,0.696,False,0.5425,1.8343
0.7176,1.01088,1,9,21,1,-0.0432,-0.0002,22.68,13.18,1.172,0.783,38.75,0.569,True,0.7652,0.4405
0.7176,1.01088,1,9,21,1,0.0101,-0.0014,28.53,3.68,1.453,1.373,32.2,0.582,False,0.1247,2.3568
0.7176,1.01088,1,9,21,1,0.0022,0.0023,43.96,12.03,0.812,1.139,33.61,0.515,False,0.0823,11.1191
0.7176,1.01088,1,9,21,1,-0.0191,-0.0158,35.87,2.75,0.987,1.204,39.35,0.417,True,0.3821,0.7914
0.7176,1.01088,1,9,21,1,-0.0333,0.0061,23.6,14.88,1.576,0.931,21.1,0.439,False,0.149,3.6348
0.7176,1.01088,1,9,21,1,-0.0077,-0.0131,34.61,3.76,0.919,1.014,38.35,0.453,False,0.1285,8.008
0.7176,1.01088,1,9,21,1,-0.0049,0.0034,21.07,13.55,1.072,0.769,24.11,0.532,False,0.2798,1.7825
0.7176,1.01088,1,9,21,1,-0.0554,0.0047,25.98,3.09,1.7,0.991,28.43,0.405,True,0.8757,0.1575
0.7176,1.01088,1,9,21,1,-0.0016,-0.0022,33.49,14.21,1.495,0.818,20.0,0.779,False,0.1491,3.7423
0.7176,1.01088,1,9,21,1,-0.0504,-0.0182,35.72,8.68,1.511,1.08,34.01,0.77,True,0.6003,2.2902
0.7176,1.01088,1,9,21,1,-0.0283,0.0019,42.87,12.44,1.132,0.891,35.38,0.789,True,0.7182,0.5312
0.7176,1.01088,1,9,21,1,-0.0539,-0.0034,42.3,7.67,1.406,1.26,29.4,0.543,True,0.8309,1.6295
0.7176,1.01088,1,9,21,1,-0.0688,-0.0179,41.31,2.23,1.754,0.866,35.11,0.487,True,0.8366,0.5441
0.7176,1.01088,1,9,21,1,0.0033,-0.0071,32.63,9.55,0.942,1.101,37.07,0.467,False,0.1834,4.6999
0.7176,1.01088,1,9,21,1,0.023,-0.0121,44.77,5.01,0.868,1.398,28.82,0.616,False,0.2394,1.6434
0.7176,1.01088,1,9,21,1,0.007,-0.0063,24.84,6.84,1.332,1.244,23.59,0.56,False,0.1039,1.8875
0.7176,1.01088,1,9,21,1,-0.0402,0.0079,30.4,10.14,0.853,1.147,21.6,0.499,False,0.1491,3.6756
0.7176,1.01088,1,9,21,1,-0.0224,0.0089,31.36,5.2,1.561,0.958,30.8,0.731,False,0.1095,6.7306
0.7176,1.01088,1,9,21,1,-0.0369,-0.0105,32.0,7.24,1.66,1.067,22.53,0.736,False,0.0919,7.1881
0.7176,1.01088,1,9,21,1,0.0136,-0.0165,25.66,10.98,1.066,1.167,25.53,0.75,False,0.2037,1.9387
0.7176,1.01088,1,9,21,1,0.0164,-0.0097,37.01,10.28,1.282,1.224,36.2,0.455,False,0.2007,3.4732
0.7176,1.01088,1,9,21,1,-0.0451,-0.0082,20.34,6.11,1.712,1.037,33.29,0.71,False,0.0998,8.8562
0.7176,1.01088,1,9,21,1,-0.0304,0.0009,40.17,6.56,1.389,1.352,26.84,0.651,False,0.2367,4.6418
0.7176,1.01088,1,9,21,1,-0.0663,-0.0146,38.33,11.83,1.617,1.327,27.99,0.671,False,0.3191,6.0816
0.7176,1.01088,1,9,21,1,0.0214,-0.0115,38.55,9.26,1.205,0.712,25.06,0.608,False,0.034,9.7527
0.7176,1.01088,1,9,21,1,-0.0248,-0.0045,39.39,8.34,1.354,0.954,26.19,0.596,False,0.1354,7.3699
0.7176,1.01088,1,9,21,1,-0.0157,0.006,30.0,4.34,1.021,0.85,30.44,0.655,False,0.1703,3.1602
0.7176,0.97344,1,7,19,1,-0.0628,-0.0097,35.44,7.87,1.006,1.348,22.48,0.498,False,0.2342,3.6195
0.7176,0.97344,1,7,19,1,-0.0309,-0.0028,29.22,4.36,1.42,0.783,33.07,0.628,False,0.1075,7.4032
0.7176,0.97344,1,7,19,1,-0.0453,0.0061,44.9,12.59,1.244,1.071,27.68,0.642,False,0.6102,2.7443
0.7176,0.97344,1,7,19,1,-0.0351,-0.015,22.86,10.14,1.54,1.362,32.19,0.561,True,0.7128,1.1551
0.7176,0.97344,1,7,19,1,0.0157,-0.0126,40.22,11.62,1.517,0.844,38.05,0.681,False,0.0644,10.1166
0.7176,0.97344,1,7,19,1,0.008,-0.0077,41.71,12.15,0.984,1.163,36.19,0.473,False,0.2797,3.0019
0.7176,0.97344,1,7,19,1,-0.0234,-0.0177,38.91,9.65,1.137,1.124,21.65,0.486,False,0.0901,7.8859
0.7176,0.97344,1,7,19,1,0.0001,-0.0141,23.65,2.95,1.738,0.91,21.32,0.61,False,0.081,1.3338
0.7176,0.97344,1,7,19,1,-0.0176,-0.0111,21.89,10.97,1.209,0.994,29.3,0.52,False,0.2462,2.9975
0.7176,0.97344,1,7,19,1,-0.0677,-0.0186,27.43,13.47,1.173,0.877,28.06,0.759,True,0.4323,2.2416
0.7176,0.97344,1,7,19,1,-0.0391,-0.0004,21.49,7.16,1.275,0.826,33.99,0.449,True,0.7585,0.1156
0.7176,0.97344,1,7,19,1,0.0202,-0.0135,35.93,2.09,0.966,0.947,22.75,0.766,False,0.1241,1.003
0.7176,0.97344,1,7,19,1,-0.0538,0.0055,32.97,4.01,1.359,1.17,26.23,0.725,False,0.1209,7.4414
0.7176,0.97344,1,7,19,1,-0.0442,0.0086,25.39,9.12,1.775,1.211,24.38,0.614,False,0.1237,5.0568
0.7176,0.97344,1,7,19,1,-0.0064,0.0075,30.92,5.96,0.928,1.381,23.89,0.783,False,0.069,4.3249
0.7176,0.97344,1,7,19,1,-0.0639,-0.0034,38.0,8.58,1.04,1.111,37.1,0.745,True,0.438,2.6656
0.7176,0.97344,1,7,19,1,0.0095,0.0094,44.16,14.81,1.434,1.317,29.76,0.409,False,0.2591,3.3995
0.7176,0.97344,1,7,19,1,-0.0117,-0.0102,32.38,8.48,1.672,0.962,34.94,0.54,False,0.1216,8.1341
0.7176,0.97344,1,7,19,1,-0.0595,-0.0048,43.17,5.34,1.724,1.089,25.45,0.58,False,0.6038,2.6381
0.7176,0.97344,1,7,19,1,0.0055,-0.017,41.27,13.94,1.321,1.026,30.37,0.713,False,0.0767,8.2597
0.7176,0.97344,1,7,19,1,0.0146,-0.0199,26.44,10.28,1.638,0.797,20.07,0.675,False,0.1276,1.6953
0.7176,0.97344,1,7,19,1,-0.037,0.0044,28.54,5.72,1.121,1.03,26.87,0.419,True,0.9539,0.1508
0.7176,0.97344,1,7,19,1,-0.0021,-0.0011,24.64,4.63,1.093,1.261,31.08,0.437,False,0.096,3.8174
0.7176,0.97344,1,7,19,1,-0.0161,0.0004,33.95,11.31,0.877,1.234,31.83,0.664,False,0.0547,19.212
0.7176,0.97344,1,7,19,1,-0.0572,0.0012,34.28,7.44,1.568,0.734,35.72,0.524,True,0.8402,0.2077
0.7176,0.97344,1,7,19,1,-0.0205,0.0022,39.82,3.69,1.384,1.248,25.0,0.797,False,0.0791,6.7925
0.7176,0.97344,1,7,19,1,0.0247,-0.0062,20.35,14.52,1.624,0.912,34.11,0.702,False,0.5268,0.9539
0.7176,0.97344,1,7,19,1,-0.0086,-0.0088,37.43,12.94,0.829,0.77,39.68,0.553,False,0.1252,9.0712
0.7176,0.97344,1,7,19,1,-0.0483,-0.0059,30.72,6.35,1.491,0.709,37.44,0.598,False,0.5964,2.4853
0.7176,0.97344,1,7,19,1,-0.0281,0.0036,27.73,2.55,0.85,1.296,39.19,0.461,False,0.4068,1.8797
0.7176,1.0296,1,10,22,1,-0.0177,-0.0041,36.46,14.78,1.365,1.391,28.78,0.679,False,0.1309,8.7323
0.7176,1.0296,1,10,22,1,-0.0308,-0.0001,24.8,10.31,0.939,0.838,26.89,0.453,False,0.0967,6.5792
0.7176,1.0296,1,10,22,1,-0.0434,-0.0097,39.62,6.69,1.704,0.777,34.19,0.773,True,0.8748,0.5092
0.7176,1.0296,1,10,22,1,-0.048,-0.0167,21.84,5.35,1.063,1.313,38.91,0.751,False,0.2617,4.2598
0.7176,1.0296,1,10,22,1,-0.0663,0.0018,31.81,8.43,1.03,1.198,20.01,0.422,False,0.4555,1.2107
0.7176,1.0296,1,10,22,1,0.0096,-0.0074,26.01,6.9,1.245,1.007,39.37,0.439,False,0.1363,3.9656
0.7176,1.0296,1,10,22,1,-0.0203,0.0076,29.36,9.38,0.992,1.333,30.15,0.62,False,0.0954,9.5663
0.7176,1.0296,1,10,22,1,-0.0635,0.0031,30.47,12.78,1.217,0.801,37.71,0.606,True,0.7725,0.2768
0.7176,1.0296,1,10,22,1,-0.0372,-0.0064,22.95,13.58,1.792,1.264,22.65,0.711,False,0.1462,7.4264
0.7176,1.0296,1,10,22,1,0.0045,-0.016,35.67,14.44,1.331,1.369,24.47,0.705,False,0.1238,5.0589
0.7176,1.0296,1,10,22,1,0.008,-0.014,23.59,4.42,1.666,1.183,27.83,0.544,False,0.1888,1.0602
0.7176,1.0296,1,10,22,1,0.0242,-0.0037,20.43,4.07,0.866,0.93,21.26,0.658,False,0.0782,0.7163
0.7176,1.0296,1,10,22,1,-0.0006,-0.0051,41.22,5.7,1.605,1.108,32.14,0.491,False,0.0688,11.9326
0.7176,1.0296,1,10,22,1,-0.0328,-0.0124,32.55,12.29,0.91,0.994,32.83,0.52,False,0.4858,2.188
0.7176,1.0296,1,10,22,1,0.0151,0.0068,33.82,8.06,1.385,0.953,23.74,0.524,False,0.0589,4.8428
0.7176,1.0296,1,10,22,1,-0.012,-0.0106,42.59,7.26,1.19,0.717,36.36,0.735,False,0.1389,6.5832
0.7176,1.0296,1,10,22,1,-0.0407,-0.0017,25.43,11.92,1.431,0.907,26.18,0.725,False,0.1471,8.337
0.7176,1.0296,1,10,22,1,-0.0448,0.009,34.42,2.16,1.537,0.847,28.1,0.496,True,0.8453,0.1882
0.7176,1.0296,1,10,22,1,-0.0545,0.0048,40.61,9.26,1.119,1.25,22.88,0.774,False,0.2409,5.8257
0.7176,1.0296,1,10,22,1,0.0187,-0.0137,21.2,10.09,1.688,1.229,21.47,0.583,False,0.0732,2.5543
0.7176,1.0296,1,10,22,1,0.0018,-0.012,43.69,2.71,1.501,1.161,29.71,0.789,False,0.1164,4.0178
0.7176,1.0296,1,10,22,1,-0.0074,-0.0026,30.93,6.09,1.496,1.066,31.23,0.564,False,0.2037,2.9386
0.7176,1.0296,1,10,22,1,-0.0063,-0.0081,27.16,13.19,0.885,1.13,37.16,0.687,False,0.1042,8.9927
0.7176,1.0296,1,10,22,1,0.0183,-0.0194,27.58,3.48,1.072,0.963,31.48,0.644,False,0.0666,3.174
0.7176,1.0296,1,10,22,1,-0.0531,0.0001,37.48,11.34,1.599,0.762,25.48,0.41,True,0.7537,0.1366
0.7176,1.0296,1,10,22,1,-0.0575,-0.0177,28.79,8.54,1.161,1.29,25.19,0.559,True,0.7558,0.9287
0.7176,1.0296,1,10,22,1,-0.0151,0.0091,42.16,3.13,1.463,0.725,35.7,0.587,True,0.8077,0.5117
0.7176,1.0296,1,10,22,1,-0.0287,0.0059,38.73,4.87,0.815,1.091,34.83,0.629,False,0.3414,3.4862
0.7176,1.0296,1,10,22,1,-0.0692,-0.0188,44.17,11.05,1.277,1.043,38.07,0.475,True,1.4271,0.3334
0.7176,1.0296,1,10,22,1,-0.0242,0.0027,37.51,14.01,1.765,0.885,33.8,0.444,True,0.8031,0.2581
0.7332,0.99216,2,8,31,1,0.0202,-0.0126,20.97,12.63,1.405,1.354,35.95,0.612,False,0.1679,2.7972
0.7332,0.99216,2,8,31,1,-0.0608,-0.0173,25.5,8.17,1.191,0.95,37.34,0.502,True,0.8237,1.6442
0.7332,0.99216,2,8,31,1,-0.0464,-0.0162,38.55,11.32,1.54,1.247,31.27,0.707,False,0.3212,5.2191
0.7332,0.99216,2,8,31,1,-0.0221,-0.0004,28.65,6.3,0.888,1.147,31.58,0.635,False,0.1819,3.4509
0.7332,0.99216,2,8,31,1,-0.0482,-0.0065,22.28,7.56,1.084,0.813,32.22,0.573,False,0.2009,3.7767
0.7332,0.99216,2,8,31,1,-0.0177,0.0076,32.35,12.4,0.929,0.789,39.89,0.576,True,0.7049,0.2786
0.7332,0.99216,2,8,31,1,-0.0296,0.005,26.33,10.74,1.699,0.862,28.35,0.662,False,0.2094,4.5274
0.7332,0.99216,2,8,31,1,-0.0065,-0.0079,33.18,14.09,1.022,0.903,27.15,0.458,False,0.1542,4.6013
0.7332,0.99216,2,8,31,1,-0.0149,0.002,31.41,2.85,0.812,1.201,34.63,0.672,False,0.1385,4.0834
0.7332,0.99216,2,8,31,1,0.0096,-0.0044,37.52,9.24,1.316,0.872,30.64,0.598,False,0.2192,2.6309
0.7332,0.99216,2,8,31,1,0.0181,-0.0033,37.07,6.55,0.943,1.377,21.77,0.509,False,0.0491,3.9674
0.7332,0.99216,2,8,31,1,-0.0394,-0.0028,36.24,4.2,1.345,1.034,23.55,0.419,False,0.3121,1.7895
0.7332,0.99216,2,8,31,1,-0.0533,-0.0193,27.17,3.06,1.126,0.76,35.21,0.691,False,0.4306,2.0156
0.7332,0.99216,2,8,31,1,0.0074,-0.0145,41.66,13.32,1.506,1.297,37.24,0.548,False,0.0988,8.5671
0.7332,0.99216,2,8,31,1,-0.0083,0.0096,24.97,5.62,1.386,1.279,32.72,0.625,False,0.0504,8.8528
0.7332,0.99216,2,8,31,1,-0.06,0.0069,28.13,4.75,1.486,1.321,36.5,0.718,False,0.3473,3.9281
0.7332,0.99216,2,8,31,1,0.003,-0.0086,34.67,10.06,1.284,1.119,21.17,0.486,False,0.0599,4.544
0.7332,0.99216,2,8,31,1,-0.026,0.0035,42.33,3.42,1.574,1.34,20.12,0.792,False,0.048,8.8897
0.7332,0.99216,2,8,31,1,-0.0035,-0.0052,33.48,2.11,1.204,1.232,29.55,0.449,False,0.0801,5.4839
0.7332,0.99216,2,8,31,1,-0.0124,-0.009,29.18,10.48,1.14,0.918,38.53,0.78,False,0.1372,6.8215
0.7332,0.99216,2,8,31,1,-0.0232,-0.0111,23.46,3.95,0.984,1.075,38.89,0.641,False,0.1812,3.3283
0.7332,0.99216,2,8,31,1,0.0232,0.0017,39.96,11.91,1.792,0.992,25.64,0.527,False,0.11,3.6208
0.7332,0.99216,2,8,31,1,-0.0357,0.0057,44.5,5.24,0.849,0.717,33.79,0.478,True,0.485,0.4582
0.7332,0.99216,2,8,31,1,-0.0643,0.0084,20.75,6.96,1.448,0.729,22.78,0.742,True,0.809,0.1295
0.7332,0.99216,2,8,31,1,-0.0325,-0.014,40.67,12.97,1.753,1.056,24.7,0.539,True,0.5091,0.2898
0.7332,0.99216,2,8,31,1,-0.0439,-0.0158,30.8,7.86,1.639,0.832,29.32,0.428,True,0.9485,0.6958
0.7332,0.99216,2,8,31,1,0.0126,-0.0109,42.61,9.4,1.063,1.018,26.52,0.759,False,0.1252,3.8001
0.7332,0.99216,2,8,31,1,0.0006,-0.0181,35.4,8.92,1.244,1.18,27.95,0.723,False,0.1134,4.7761
0.7332,0.99216,2,8,31,1,-0.0551,-0.0018,43.9,15.0,1.703,1.137,22.55,0.768,False,0.2274,7.1895
0.7332,0.99216,2,8,31,1,-0.0687,0.0008,22.89,14.48,1.626,0.976,24.24,0.403,True,0.8293,0.1619
0.7332,0.86112,2,1,24,1,-0.0167,-0.0015,22.15,8.94,0.957,1.244,27.66,0.631,False,0.1552,3.3502
0.7332,0.86112,2,1,24,1,0.0191,-0.0137,40.9,5.36,1.259,0.858,37.88,0.548,True,1.6285,0.3814
0.7332,0.86112,2,1,24,1,-0.0542,-0.0034,30.4,12.51,1.596,1.081,20.8,0.72,False,0.1123,9.8566
0.7332,0.86112,2,1,24,1,0.0101,-0.015,29.7,11.51,1.493,1.333,34.41,0.448,False,0.1455,4.2543
0.7332,0.86112,2,1,24,1,-0.0687,-0.0185,44.3,3.93,1.648,1.001,25.83,0.794,True,0.8343,0.5046
0.7332,0.86112,2,1,24,1,-0.03,-0.0051,39.33,13.61,1.215,1.11,24.89,0.697,False,0.1199,10.0627
0.7332,0.86112,2,1,24,1,-0.0411,0.0022,21.51,2.1,0.912,0.759,39.62,0.652,False,0.0891,6.5455
0.7332,0.86112,2,1,24,1,-0.028,0.0067,34.05,10.24,1.766,1.316,21.69,0.546,False,0.04,15.7758
0.7332,0.86112,2,1,24,1,-0.0578,-0.0115,24.7,3.09,1.299,0.813,35.72,0.681,False,0.2238,4.0883
0.7332,0.86112,2,1,24,1,0.0176,-0.0154,38.15,12.02,1.099,0.943,38.59,0.407,False,0.2668,2.6903
0.7332,0.86112,2,1,24,1,-0.0324,0.0087,20.73,9.93,1.687,1.072,36.02,0.508,True,0.7313,0.1739
0.7332,0.86112,2,1,24,1,-0.0017,-0.0164,38.83,7.18,1.558,0.738,31.43,0.738,False,0.0927,7.2461
0.7332,0.86112,2,1,24,1,0.0144,-0.0042,28.03,6.55,1.702,0.785,20.41,0.769,False,0.1552,0.9731
0.7332,0.86112,2,1,24,1,0.0059,-0.011,28.68,9.53,1.33,1.141,24.35,0.503,False,0.1832,1.5255
0.7332,0.86112,2,1,24,1,-0.036,-0.0123,42.62,7.74,1.405,1.29,22.32,0.575,False,0.5402,1.4994
0.7332,0.86112,2,1,24,1,-0.0087,-0.0061,25.76,7.34,1.436,1.226,28.47,0.617,False,0.0647,6.2213
0.7332,0.86112,2,1,24,1,-0.0425,0.0004,31.92,8.35,0.85,1.046,23.01,0.521,False,0.388,1.7211
0.7332,0.86112,2,1,24,1,-0.014,-0.0076,40.33,5.79,1.114,1.153,29.09,0.434,False,0.1305,6.7663
0.7332,0.86112,2,1,24,1,0.0023,0.007,42.38,6.03,1.377,1.357,31.05,0.669,False,0.0213,30.9231
0.7332,0.86112,2,1,24,1,-0.0509,0.006,31.47,2.68,1.624,0.923,39.03,0.464,True,0.8025,0.6994
0.7332,0.86112,2,1,24,1,-0.0667,-0.0095,34.62,4.34,1.14,1.023,29.81,0.477,False,0.62,1.8913
0.7332,0.86112,2,1,24,1,-0.0615,0.0039,23.18,14.58,1.514,0.707,35.32,0.561,True,0.8157,0.2344
0.7332,0.86112,2,1,24,1,-0.0568,-0.0008,24.11,4.93,0.803,0.825,30.35,0.592,False,0.2966,2.4357
0.7332,0.86112,2,1,24,1,-0.0195,0.0098,37.05,3.39,1.335,0.883,23.46,0.754,False,0.0913,4.4049
0.7332,0.86112,2,1,24,1,0.006,0.005,35.34,8.71,1.198,0.908,37.14,0.484,False,0.0432,16.7465
0.7332,0.86112,2,1,24,1,-0.0113,-0.0191,27.26,10.99,0.981,1.167,33.67,0.719,False,0.2713,3.2344
0.7332,0.86112,2,1,24,1,0.0243,-0.0025,25.85,11.75,1.04,1.39,32.21,0.605,False,0.2659,1.7588
0.7332,0.86112,2,1,24,1,-0.0228,-0.0085,43.43,13.81,1.001,1.2,26.94,0.418,False,0.7019,1.7104
0.7332,0.86112,2,1,24,1,-0.0472,0.001,35.91,12.93,1.771,1.272,26.3,0.774,False,0.2418,6.277
0.7332,0.86112,2,1,24,1,-0.0046,-0.018,32.66,14.28,0.896,0.965,33.11,0.653,False,0.1681,5.4057
0.7332,0.95472,2,6,29,1,0.0076,-0.013,31.04,2.58,0.925,0.892,35.31,0.433,False,0.2039,2.0396
0.7332,0.95472,2,6,29,1,-0.0319,-0.0146,23.61,3.64,0.987,0.761,28.48,0.731,False,0.0621,5.1075
0.7332,0.95472,2,6,29,1,-0.0322,-0.0186,28.31,10.52,0.886,1.382,39.18,0.7,False,0.3241,4.3155
0.7332,0.95472,2,6,29,1,0.0197,-0.0069,34.29,6.83,1.763,1.126,39.87,0.414,False,0.3169,1.7414
0.7332,0.95472,2,6,29,1,-0.0162,-0.0197,40.11,12.83,1.061,0.726,35.56,0.767,False,0.2138,5.6185
0.7332,0.95472,2,6,29,1,0.0105,-0.0104,36.15,14.64,1.033,1.048,27.79,0.517,False,0.1844,3.4083
0.7332,0.95472,2,6,29,1,-0.0427,-0.0082,24.69,8.38,1.191,0.787,32.53,0.555,False,0.0675,11.2028
0.7332,0.95472,2,6,29,1,0.015,-0.0116,37.81,12.36,1.703,0.866,38.6,0.756,False,0.0498,12.7598
0.7332,0.95472,2,6,29,1,-0.0541,-0.0023,41.58,14.38,1.105,1.021,23.3,0.782,False,0.1311,12.6184
0.7332,0.95472,2,6,29,1,-0.0049,0.0051,31.69,9.21,1.299,1.31,34.5,0.523,False,0.2169,3.887
0.7332,0.95472,2,6,29,1,-0.0699,-0.0071,22.47,3.75,1.388,0.932,36.38,0.462,True,0.8383,0.1913
0.7332,0.95472,2,6,29,1,-0.0288,-0.0179,20.0,6.67,1.407,0.818,28.81,0.611,False,0.1336,2.7263
0.7332,0.95472,2,6,29,1,-0.014,-0.0038,28.41,2.26,1.643,0.71,26.71,0.64,False,0.1057,2.5702
0.7332,0.95472,2,6,29,1,-0.0205,0.0015,32.73,4.39,1.772,0.938,20.64,0.665,False,0.0542,5.8333
0.7332,0.95472,2,6,29,1,0.0003,-0.0137,35.17,3.26,1.217,1.076,33.81,0.742,False,0.1144,4.0396
0.7332,0.95472,2,6,29,1,-0.0231,0.0026,25.55,10.04,1.351,1.176,37.85,0.476,False,0.1633,6.3112
0.7332,0.95472,2,6,29,1,0.0053,0.0098,42.77,5.35,1.245,1.351,30.15,0.676,False,0.051,11.3897
0.7332,0.95472,2,6,29,1,0.0247,0.0009,21.0,14.02,1.564,1.363,37.0,0.567,False,0.1904,2.2834
0.7332,0.95472,2,6,29,1,-0.0508,0.0073,39.74,10.82,0.955,1.261,26.3,0.691,False,0.5856,2.675
0.7332,0.95472,2,6,29,1,-0.0546,-0.0159,26.79,13.12,1.073,1.149,25.08,0.484,False,0.1893,4.3068
0.7332,0.95472,2,6,29,1,-0.0644,0.0039,23.11,5.97,1.157,1.109,29.93,0.405,False,0.4719,1.2627
0.7332,0.95472,2,6,29,1,-0.0629,-0.0161,33.48,11.85,1.585,1.236,25.98,0.538,True,0.5776,0.5327
0.7332,0.95472,2,6,29,1,-0.0372,-0.0009,30.28,8.73,1.677,1.202,24.35,0.652,False,0.0725,10.1702
0.7332,0.95472,2,6,29,1,-0.0096,-0.0011,39.14,4.63,0.821,1.003,31.57,0.717,False,0.0891,6.9549
0.7332,0.95472,2,6,29,1,-0.0451,-0.0097,42.25,5.52,1.303,1.307,20.68,0.499,False,0.0694,11.3294
0.7332,0.95472,2,6,29,1,-0.0398,0.0066,29.83,7.73,1.496,0.861,22.61,0.442,True,0.7645,0.1158
0.7332,0.95472,2,6,29,1,-0.0107,-0.0048,36.72,9.51,0.848,1.056,31.2,0.617,False,0.247,3.3792
0.7332,0.95472,2,6,29,1,-0.0029,0.0087,44.07,11.29,1.632,0.98,23.5,0.79,False,0.0472,13.3461
0.7332,0.95472,2,6,29,1,0.0186,-0.0058,44.47,7.45,1.531,1.256,33.04,0.574,False,0.2866,2.0143
0.7332,0.95472,2,6,29,1,-0.0587,0.0045,25.89,13.55,1.438,0.801,21.9,0.598,False,0.4621,1.9467
0.7332,0.91728,2,4,27,1,-0.0032,-0.0179,39.15,9.04,1.701,1.157,26.23,0.751,False,0.1168,5.4946
0.7332,0.91728,2,4,27,1,-0.0232,0.0084,37.15,11.35,0.922,0.944,36.44,0.65,False,0.3453,3.9938
0.7332,0.91728,2,4,27,1,0.008,-0.0117,29.66,10.3,1.407,1.381,29.79,0.57,False,0.2558,2.113
0.7332,0.91728,2,4,27,1,0.0203,0.0007,27.89,12.61,0.862,0.873,34.46,0.68,False,0.3679,1.3485
0.7332,0.91728,2,4,27,1,-0.0522,-0.0153,35.83,13.24,1.24,0.888,35.58,0.414,True,1.8801,0.5876
0.7332,0.91728,2,4,27,1,-0.0655,0.0043,43.45,4.62,1.191,1.05,37.28,0.66,True,0.7721,0.8269
0.7332,0.91728,2,4,27,1,0.0174,-0.0096,42.98,5.87,1.21,1.289,28.72,0.695,False,0.1095,3.8426
0.7332,0.91728,2,4,27,1,-0.0553,0.0097,28.53,2.41,0.806,0.824,33.76,0.707,False,0.4284,2.1099
0.7332,0.91728,2,4,27,1,-0.0487,-0.0109,34.12,9.73,1.542,1.129,32.31,0.613,True,0.7389,0.7331
0.7332,0.91728,2,4,27,1,0.0132,0.0073,40.06,4.24,1.047,0.737,38.27,0.448,False,0.0823,8.4107
0.7332,0.91728,2,4,27,1,-0.0287,-0.003,27.11,7.72,1.46,0.802,23.71,0.53,False,0.2439,2.2935
0.7332,0.91728,2,4,27,1,-0.0362,0.006,23.68,2.55,1.473,1.32,28.64,0.675,False,0.0514,7.883
0.7332,0.91728,2,4,27,1,-0.0131,0.0057,26.38,7.56,0.892,1.013,24.25,0.621,False,0.03,13.4385
0.7332,0.91728,2,4,27,1,-0.0683,-0.0196,44.49,14.7,1.146,0.926,32.0,0.455,True,0.9308,0.4346
0.7332,0.91728,2,4,27,1,-0.0085,0.0034,24.46,6.09,1.767,1.168,22.81,0.597,False,0.0804,3.2709
0.7332,0.91728,2,4,27,1,-0.0622,-0.0133,23.15,3.88,1.602,1.098,31.04,0.799,False,0.186,3.8985
0.7332,0.91728,2,4,27,1,-0.0576,-0.0004,22.11,11.04,1.372,0.97,32.92,0.774,True,0.5759,2.7941
0.7332,0.91728,2,4,27,1,0.0008,0.0013,34.48,13.74,1.752,1.275,22.15,0.544,False,0.0421,14.1165
0.7332,0.91728,2,4,27,1,-0.0065,-0.015,32.95,5.42,1.074,1.071,35.03,0.586,False,0.2399,3.2366
0.7332,0.91728,2,4,27,1,0.01,-0.0123,41.98,2.98,1.336,1.255,20.53,0.406,False,0.1246,2.9048
0.7332,0.91728,2,4,27,1,0.0221,-0.0044,38.16,11.59,0.972,1.092,30.4,0.515,False,0.1543,3.3536
0.7332,0.91728,2,4,27,1,-0.0305,-0.0073,30.66,8.39,1.597,1.2,27.43,0.486,False,0.218,3.8815
0.7332,0.91728,2,4,27,1,-0.0387,-0.0088,32.15,13.41,1.687,1.363,27.22,0.64,False,0.3572,3.5987
0.7332,0.91728,2,4,27,1,-0.0119,-0.0057,21.66,14.44,1.502,1.223,37.57,0.48,False,0.2368,4.5895
0.7332,0.91728,2,4,27,1,-0.045,0.0024,35.35,8.87,0.94,0.778,21.26,0.548,False,0.3823,2.1269
0.7332,0.91728,2,4,27,1,-0.042,-0.0184,31.35,10.04,1.642,0.76,25.89,0.429,True,0.8376,0.5652
0.7332,0.91728,2,4,27,1,-0.0344,-0.0017,25.07,12.35,1.314,0.998,39.55,0.495,True,0.7127,0.6916
0.7332,0.91728,2,4,27,1,-0.0221,-0.0067,41.51,3.73,1.016,0.842,38.9,0.723,False,0.1771,6.1743
0.7332,0.91728,2,4,27,1,-0.0165,-0.0026,39.79,6.83,1.29,1.347,25.11,0.766,False,0.1425,4.7291
0.7332,0.91728,2,4,27,1,0.0036,-0.0165,20.62,6.62,1.112,0.71,21.88,0.74,False,0.0929,1.6034
0.7332,1.01088,2,9,32,1,-0.0698,0.0017,31.52,12.21,1.184,1.203,30.14,0.793,False,0.3456,6.3071
0.7332,1.01088,2,9,32,1,0.0151,-0.0009,20.79,8.15,0.991,1.254,31.54,0.551,False,0.1269,2.294
0.7332,1.01088,2,9,32,1,0.025,0.006,26.36,3.81,1.243,1.112,25.6,0.597,False,0.0282,4.5519
0.7332,1.01088,2,9,32,1,-0.0337,0.0023,39.14,8.66,1.754,1.386,21.28,0.489,False,0.1779,3.9256
0.7332,1.01088,2,9,32,1,0.0071,0.0041,34.6,3.19,0.845,0.972,35.87,0.705,False,0.1181,3.8982
0.7332,1.01088,2,9,32,1,-0.0643,-0.0176,39.29,13.24,1.71,0.851,22.57,0.469,False,0.5519,1.9156
0.7332,1.01088,2,9,32,1,-0.0155,-0.0168,42.61,10.4,0.92,0.71,37.58,0.619,False,0.4183,2.9667
0.7332,1.01088,2,9,32,1,-0.0035,-0.0071,40.3,4.52,1.667,0.83,23.99,0.652,False,0.1353,3.438
0.7332,1.01088,2,9,32,1,-0.024,-0.0198,31.87,11.49,1.208,1.086,21.37,0.756,False,0.1027,8.0413
0.7332,1.01088,2,9,32,1,-0.0219,-0.0041,27.63,2.32,1.273,0.903,27.7,0.418,False,0.5023,0.9304
0.7332,1.01088,2,9,32,1,-0.0305,0.0001,27.19,7.18,1.343,1.301,33.83,0.635,False,0.2798,3.6252
0.7332,1.01088,2,9,32,1,-0.0129,-0.0122,44.32,6.62,1.771,1.006,24.79,0.712,False,0.1681,4.5058
0.7332,1.01088,2,9,32,1,-0.0438,-0.0051,37.75,10.94,1.315,1.143,39.1,0.682,False,0.1771,10.856
0.7332,1.01088,2,9,32,1,-0.0045,-0.0087,25.48,5.66,1.41,1.152,28.76,0.541,False,0.1307,2.8059
0.7332,1.01088,2,9,32,1,-0.0631,-0.0062,29.44,13.79,1.646,0.912,26.68,0.527,False,0.6229,2.1484
0.7332,1.01088,2,9,32,1,-0.0552,0.003,32.89,12.48,1.553,1.345,35.32,0.407,True,0.6316,0.6115
0.7332,1.01088,2,9,32,1,-0.0191,-0.011,23.27,3.42,1.436,0.8,32.19,0.678,False,0.1163,3.4895
0.7332,1.01088,2,9,32,1,-0.0379,-0.0033,33.44,13.61,1.589,0.759,32.89,0.445,True,0.7801,0.2021
0.7332,1.01088,2,9,32,1,0.0115,-0.002,29.04,8.96,0.819,0.882,39.96,0.767,False,0.1727,3.2109
0.7332,1.01088,2,9,32,1,-0.0093,-0.0139,35.17,10.01,0.889,0.745,29.73,0.509,False,0.2256,3.7891
0.7332,1.01088,2,9,32,1,-0.0584,0.0091,42.4,6.11,1.082,1.069,31.19,0.744,True,0.6334,1.6452
0.7332,1.01088,2,9,32,1,-0.0268,-0.0153,43.78,14.97,1.469,1.362,37.06,0.611,True,0.5026,2.7417
0.7332,1.01088,2,9,32,1,0.0216,0.006,23.78,11.96,1.529,1.275,28.03,0.562,False,0.1082,3.4338
0.7332,1.01088,2,9,32,1,-0.0515,-0.0146,21.12,4.97,0.94,1.19,26.33,0.786,False,0.1431,3.8051
0.7332,1.01088,2,9,32,1,0.0165,-0.0182,30.01,5.23,1.623,0.955,36.48,0.497,True,0.9412,0.1264
0.7332,1.01088,2,9,32,1,-0.0467,-0.0023,24.69,2.6,1.378,0.791,38.16,0.461,False,0.5867,1.6923
0.7332,1.01088,2,9,32,1,0.0001,0.0074,22.43,7.92,1.057,1.044,34.3,0.728,False,0.2118,2.5388
0.7332,1.01088,2,9,32,1,-0.0509,-0.0098,37.32,9.4,1.151,1.322,24.64,0.429,False,0.6712,1.4849
0.7332,1.01088,2,9,32,1,-0.0403,0.0082,40.97,7.37,1.131,1.237,22.93,0.579,False,0.3966,2.3675
0.7332,1.01088,2,9,32,1,0.0039,-0.0111,35.84,14.19,1.016,0.984,20.05,0.654,False,0.2089,2.3504
0.7332,0.936,2,5,28,1,-0.0016,0.0069,22.34,2.65,1.731,1.378,34.17,0.419,False,0.2067,1.4923
0.7332,0.936,2,5,28,1,-0.0312,0.0001,35.45,10.05,1.133,1.187,37.42,0.543,False,0.7405,1.888
0.7332,0.936,2,5,28,1,-0.0119,-0.0037,42.4,4.02,1.54,0.96,25.27,0.635,False,0.0643,10.03
0.7332,0.936,2,5,28,1,-0.0657,-0.0197,38.77,11.04,1.623,0.921,39.6,0.401,True,0.7738,0.266
0.7332,0.936,2,5,28,1,-0.0497,0.0086,24.57,4.32,1.392,0.829,35.04,0.727,True,0.768,0.1635
0.7332,0.936,2,5,28,1,-0.0417,0.0027,40.48,14.73,1.161,0.935,29.24,0.769,False,0.2701,6.2793
0.7332,0.936,2,5,28,1,-0.0333,-0.0004,31.82,2.98,1.654,0.988,36.33,0.584,True,0.6791,0.2812
0.7332,0.936,2,5,28,1,-0.0458,-0.0127,43.42,7.71,1.254,1.316,30.81,0.571,False,0.3254,5.7186
0.7332,0.936,2,5,28,1,-0.0363,-0.0014,26.44,14.53,0.816,1.295,36.95,0.715,False,0.1346,12.0914
0.7332,0.936,2,5,28,1,-0.0261,-0.0145,23.57,11.27,0.917,0.849,38.13,0.522,False,0.2173,6.1579
0.7332,0.936,2,5,28,1,0.0216,0.0035,36.97,12.61,1.318,1.357,38.72,0.799,False,0.32,1.6135
0.7332,0.936,2,5,28,1,-0.017,-0.0026,20.9,7.34,1.015,0.744,21.48,0.595,False,0.0888,2.7557
0.7332,0.936,2,5,28,1,0.0047,-0.004,43.05,13.6,1.777,1.242,21.29,0.734,False,0.0648,8.6245
0.7332,0.936,2,5,28,1,-0.0067,-0.0177,20.79,7.18,1.044,1.064,26.46,0.612,False,0.1201,2.4179
0.7332,0.936,2,5,28,1,-0.0237,-0.0079,36.13,8.83,1.428,0.72,23.82,0.505,False,0.1163,6.0483
0.7332,0.936,2,5,28,1,0.0121,-0.0081,39.2,11.55,1.209,0.869,28.38,0.487,False,0.3586,1.7163
0.7332,0.936,2,5,28,1,-0.0695,0.0016,33.84,8.45,0.844,1.075,27.76,0.457,False,0.6307,1.7391
0.7332,0.936,2,5,28,1,0.0183,-0.0069,27.53,12.1,1.192,1.124,25.73,0.473,False,0.1468,2.4572
0.7332,0.936,2,5,28,1,-0.0056,0.0075,28.96,2.34,1.095,1.01,22.87,0.786,False,0.1529,0.9567
0.7332,0.936,2,5,28,1,-0.0392,-0.0151,25.4,14.0,1.454,1.21,35.9,0.441,True,0.6997,0.5413
0.7332,0.936,2,5,28,1,-0.0532,0.0059,26.9,4.92,1.667,1.102,32.71,0.512,True,0.8909,0.2814
0.7332,0.936,2,5,28,1,0.0072,-0.006,32.7,5.27,1.367,0.901,30.46,0.653,False,0.1425,2.6398
0.7332,0.936,2,5,28,1,0.0238,0.0093,22.7,9.77,0.867,0.782,20.37,0.665,False,0.0737,1.883
0.7332,0.936,2,5,28,1,-0.0548,-0.0165,31.65,13.05,1.3,0.801,26.92,0.439,False,0.3788,2.6877
0.7332,0.936,2,5,28,1,-0.0617,-0.0181,30.72,3.33,0.939,1.224,22.56,0.617,False,0.123,4.6811
0.7332,0.936,2,5,28,1,-0.0144,-0.0136,44.24,10.55,1.735,1.032,29.35,0.704,False,0.2238,4.512
0.7332,0.936,2,5,28,1,0.002,-0.009,34.6,5.67,1.471,1.264,31.75,0.75,False,0.0353,13.5777
0.7332,0.936,2,5,28,1,-0.0207,0.0042,41.1,6.55,0.997,1.334,32.41,0.69,False,0.2246,4.7806
0.7332,0.936,2,5,28,1,0.0152,-0.011,29.81,6.21,1.502,1.145,24.22,0.675,False,0.1377,1.3714
0.7332,0.936,2,5,28,1,-0.0603,-0.0115,37.94,9.25,1.589,0.763,33.88,0.549,False,1.1881,1.8328
0.7332,0.87984,2,2,25,1,-0.0285,0.0099,20.37,4.61,0.962,1.208,31.98,0.766,False,0.1184,3.3508
0.7332,0.87984,2,2,25,1,-0.0248,-0.0062,38.33,8.31,0.882,1.008,33.96,0.567,False,0.1081,10.7941
0.7332,0.87984,2,2,25,1,0.0026,0.0067,37.1,10.57,1.169,0.921,26.25,0.638,False,0.1047,4.6883
0.7332,0.87984,2,2,25,1,-0.0137,0.0078,24.57,5.19,1.35,1.255,26.85,0.473,False,0.184,1.3036
0.7332,0.87984,2,2,25,1,-0.0428,-0.0116,22.85,10.87,0.835,1.375,29.59,0.588,False,0.3162,3.0111
0.7332,0.87984,2,2,25,1,0.0134,-0.0088,32.17,14.63,1.459,0.756,31.15,0.466,False,0.2552,2.3214
0.7332,0.87984,2,2,25,1,-0.0106,0.0085,31.66,2.09,1.022,0.896,35.57,0.703,False,0.2171,2.1393
0.7332,0.87984,2,2,25,1,-0.0162,-0.0092,35.89,10.19,1.094,1.265,25.06,0.658,False,0.1767,4.1024
0.7332,0.87984,2,2,25,1,-0.0068,-0.0122,20.91,5.96,1.686,0.946,30.06,0.584,False,0.07,3.9059
0.7332,0.87984,2,2,25,1,-0.0684,-0.0071,33.1,6.79,1.128,1.293,21.24,0.795,False,0.1239,6.3852
0.7332,0.87984,2,2,25,1,0.0092,0.0008,25.68,8.59,0.917,1.338,25.49,0.611,False,0.2534,0.8411
0.7332,0.87984,2,2,25,1,-0.0648,-0.0135,40.62,7.91,1.701,1.387,39.9,0.749,True,0.3504,1.6534
0.7332,0.87984,2,2,25,1,-0.0572,-0.0024,42.73,9.33,1.598,1.078,38.6,0.626,True,0.2264,1.7571
0.7332,0.87984,2,2,25,1,-0.0377,0.0056,44.93,9.58,1.41,0.849,38.81,0.403,True,0.5196,0.6847
0.7332,0.87984,2,2,25,1,-0.0034,-0.0175,30.6,7.61,1.218,0.881,29.06,0.669,False,0.1393,3.334
0.7332,0.87984,2,2,25,1,-0.0217,0.0032,41.02,14.38,1.297,0.966,23.63,0.546,False,0.0928,11.0518
0.7332,0.87984,2,2,25,1,0.0241,-0.0056,29.37,13.92,0.8,1.308,28.42,0.718,False,0.1719,2.5187
0.7332,0.87984,2,2,25,1,0.0207,-0.0109,28.0,6.4,1.524,0.802,22.18,0.491,False,0.0771,1.3711
0.7332,0.87984,2,2,25,1,-0.0447,-0.0161,21.81,13.53,1.644,1.119,24.26,0.724,False,0.2167,5.5656
0.7332,0.87984,2,2,25,1,-0.0319,-0.0154,28.87,5.82,1.257,0.817,21.35,0.417,False,0.1769,1.6636
0.7332,0.87984,2,2,25,1,-0.05,0.0017,26.26,3.84,1.498,1.224,36.58,0.447,False,0.244,4.0694
0.7332,0.87984,2,2,25,1,-0.0597,0.0047,38.93,11.46,1.396,0.718,34.93,0.747,True,0.7027,0.3576
0.7332,0.87984,2,2,25,1,-0.0407,-0.0014,34.77,4.3,1.319,0.788,22.97,0.557,False,0.0233,25.4841
0.7332,0.87984,2,2,25,1,-0.0332,-0.019,43.37,12.66,1.771,0.991,37.18,0.641,True,0.3805,2.9882
0.7332,0.87984,2,2,25,1,-0.0527,-0.0145,35.17,2.51,1.553,0.73,32.79,0.497,True,0.5702,0.5212
0.7332,0.87984,2,2,25,1,-0.0612,-0.0048,33.46,13.15,1.134,1.17,34.49,0.686,True,0.6939,0.8707
0.7332,0.87984,2,2,25,1,0.0048,-0.0181,39.5,3.19,1.745,1.162,37.64,0.436,True,1.0055,0.444
0.7332,0.87984,2,2,25,1,0.0114,-0.0008,23.56,12.05,1.631,1.131,32.06,0.53,False,0.0319,13.8416
0.7332,0.87984,2,2,25,1,0.0164,-0.0036,42.0,11.73,1.053,1.033,20.56,0.51,False,0.2803,1.2146
0.7332,0.87984,2,2,25,1,-0.0048,0.0024,26.73,3.66,0.995,1.053,27.8,0.776,False,0.0805,2.7332
0.7332,0.89856,2,3,26,1,-0.0687,-0.0159,32.77,4.31,1.021,0.775,36.47,0.455,True,0.7871,0.1193
0.7332,0.89856,2,3,26,1,-0.0624,-0.0096,36.74,4.65,1.786,1.256,28.82,0.783,False,0.2622,5.3396
0.7332,0.89856,2,3,26,1,0.0105,-0.0172,28.06,5.43,0.956,0.984,33.49,0.66,False,0.1861,1.8688
0.7332,0.89856,2,3,26,1,0.0139,0.0025,43.74,11.33,1.545,0.722,27.9,0.507,False,0.4712,1.3671
0.7332,0.89856,2,3,26,1,0.0012,-0.0111,42.17,11.9,1.631,1.168,39.28,0.568,False,0.1941,4.8097
0.7332,0.89856,2,3,26,1,0.0181,0.0018,35.33,3.27,1.348,1.372,38.23,0.541,False,0.2516,1.8026
0.7332,0.89856,2,3,26,1,-0.0188,-0.0161,37.73,9.48,0.865,0.941,31.29,0.559,False,0.3413,3.2171
0.7332,0.89856,2,3,26,1,-0.0024,-0.018,20.61,14.66,1.367,1.222,26.82,0.751,False,0.2119,3.2138
0.7332,0.89856,2,3,26,1,-0.0517,-0.0129,38.66,4.04,1.244,1.149,34.64,0.505,True,0.28,0.7012
0.7332,0.89856,2,3,26,1,-0.0576,0.0038,33.59,8.36,1.458,1.139,21.42,0.632,False,0.3343,2.1106
0.7332,0.89856,2,3,26,1,-0.0451,-0.0102,40.43,14.34,1.083,0.894,20.67,0.703,False,0.261,4.8677
0.7332,0.89856,2,3,26,1,-0.0103,0.0089,26.5,13.72,1.699,1.261,25.66,0.797,False,0.107,7.4584
0.7332,0.89856,2,3,26,1,-0.0055,0.005,29.1,10.24,0.818,1.206,35.41,0.585,False,0.1718,4.7638
0.7332,0.89856,2,3,26,1,0.0086,-0.0055,44.92,5.76,0.993,0.928,39.96,0.407,False,0.1079,6.9246
0.7332,0.89856,2,3,26,1,-0.0653,-0.0067,31.92,7.19,1.145,1.348,26.07,0.651,False,0.3242,3.6558
0.7332,0.89856,2,3,26,1,-0.0323,-0.0135,24.55,9.05,1.429,0.805,32.18,0.601,False,0.2901,3.0118
0.7332,0.89856,2,3,26,1,-0.0067,0.0004,42.75,10.85,1.766,1.012,31.86,0.521,False,0.0535,18.3452
0.7332,0.89856,2,3,26,1,-0.0306,-0.0076,23.59,5.94,1.214,1.113,25.28,0.675,False,0.115,3.2693
0.7332,0.89856,2,3,26,1,-0.0384,0.0077,22.18,8.64,1.512,0.851,29.61,0.737,True,0.7699,0.6465
0.7332,0.89856,2,3,26,1,-0.0482,-0.0043,21.17,12.59,1.184,0.727,23.82,0.771,False,0.255,4.2621
0.7332,0.89856,2,3,26,1,-0.0143,0.0062,31.26,12.32,1.318,1.303,28.3,0.687,False,0.1582,6.043
0.7332,0.89856,2,3,26,1,-0.0428,-0.0196,22.54,3.61,1.29,0.761,23.15,0.71,False,0.0528,4.4489
0.7332,0.89856,2,3,26,1,-0.0207,-0.0008,29.71,2.06,0.889,0.874,20.61,0.478,False,0.1174,1.7508
0.7332,0.89856,2,3,26,1,-0.0572,-0.0144,27.42,7.92,1.121,1.317,35.12,0.446,False,0.7168,1.6872
0.7332,0.89856,2,3,26,1,0.0187,0.0097,39.87,7.4,1.661,0.975,37.76,0.587,True,1.2077,0.6891
0.7332,0.89856,2,3,26,1,-0.0283,-0.003,30.62,13.04,1.038,1.387,22.29,0.419,False,0.1244,4.5086
0.7332,0.89856,2,3,26,1,0.0247,-0.0013,34.51,9.98,1.487,1.069,32.98,0.727,False,0.0166,27.7641
0.7332,0.89856,2,3,26,1,-0.0231,-0.0089,35.99,2.77,0.925,1.089,30.05,0.436,False,0.1855,4.5799
0.7332,0.89856,2,3,26,1,-0.037,0.0053,41.47,13.52,1.705,0.838,24.32,0.616,True,0.8015,0.2579
0.7332,0.89856,2,3,26,1,0.005,-0.0034,25.46,6.6,1.593,1.041,37.09,0.486,False,0.1711,2.5552
0.7332,1.0296,2,10,33,1,-0.0234,0.0037,28.83,6.86,1.296,1.202,31.54,0.655,False,0.0868,8.5368
0.7332,1.0296,2,10,33,1,-0.0591,-0.0149,23.17,10.49,1.76,1.148,36.34,0.409,True,0.6941,0.4207
0.7332,1.0296,2,10,33,1,0.0037,0.0041,43.12,2.54,1.784,1.127,34.52,0.421,False,0.4758,1.8167
0.7332,1.0296,2,10,33,1,0.0239,0.0015,41.32,8.92,1.645,0.831,30.92,0.554,False,0.0911,5.3394
0.7332,1.0296,2,10,33,1,-0.0331,-0.0073,35.99,7.41,0.87,1.082,22.89,0.77,False,0.0536,11.7347
0.7332,1.0296,2,10,33,1,-0.0047,-0.0054,29.74,4.77,1.619,1.296,24.13,0.499,False,0.1984,1.4129
0.7332,1.0296,2,10,33,1,-0.0207,0.0008,33.37,8.1,1.492,1.368,27.26,0.716,False,0.0545,14.135
0.7332,1.0296,2,10,33,1,-0.0654,-0.0064,27.27,3.36,1.402,0.781,38.32,0.617,False,0.6752,2.2755
0.7332,1.0296,2,10,33,1,0.0013,0.0025,25.5,12.36,1.038,0.936,33.59,0.778,False,0.0766,9.0587
0.7332,1.0296,2,10,33,1,0.0115,0.0067,32.43,14.82,1.573,1.023,37.23,0.462,False,0.0798,9.8784
0.7332,1.0296,2,10,33,1,-0.027,-0.0103,32.58,10.06,0.93,1.217,32.98,0.613,False,0.1761,6.9451
0.7332,1.0296,2,10,33,1,-0.0375,-0.012,21.04,13.9,1.531,0.735,39.29,0.431,True,0.9321,0.7642
0.7332,1.0296,2,10,33,1,-0.0098,0.0055,24.54,6.03,0.828,0.877,34.99,0.757,False,0.1208,4.6269
0.7332,1.0296,2,10,33,1,-0.019,-0.0189,27.83,9.22,1.675,0.908,30.58,0.701,False,0.0791,11.3613
0.7332,1.0296,2,10,33,1,-0.0637,-0.0165,35.46,6.66,1.127,0.816,35.58,0.692,True,0.617,0.9419
0.7332,1.0296,2,10,33,1,-0.0157,-0.0113,20.06,12.96,0.942,1.117,37.99,0.522,False,0.2377,3.9678
0.7332,1.0296,2,10,33,1,-0.0508,-0.0046,44.57,9.64,1.259,0.757,23.87,0.579,False,0.3279,4.1642
0.7332,1.0296,2,10,33,1,0.0086,-0.0097,43.57,11.33,1.71,0.722,28.4,0.513,False,0.1541,4.2889
0.7332,1.0296,2,10,33,1,-0.0467,0.008,38.89,2.32,0.859,1.326,25.85,0.644,False,0.4037,2.2752
0.7332,1.0296,2,10,33,1,-0.0545,-0.0158,39.22,7.67,1.144,1.265,26.26,0.668,False,0.1402,9.2875
0.7332,1.0296,2,10,33,1,-0.0425,-0.0191,40.76,4.6,1.382,1.169,21.68,0.789,False,0.163,4.1001
0.7332,1.0296,2,10,33,1,-0.0531,-0.0037,23.71,11.83,1.319,1.352,22.23,0.485,False,0.0875,5.2639
0.7332,1.0296,2,10,33,1,0.0135,-0.0009,30.16,12.64,0.984,0.915,25.2,0.569,False,0.0438,8.6502
0.7332,1.0296,2,10,33,1,-0.0672,-0.013,37.24,5.86,1.099,1.239,20.59,0.536,False,0.4387,1.8378
0.7332,1.0296,2,10,33,1,-0.0387,-0.0082,22.5,14.35,1.56,1.036,29.23,0.597,False,0.1349,8.3861
0.7332,1.0296,2,10,33,1,0.02,0.0088,31.25,10.87,1.006,0.96,32.65,0.735,False,0.2083,2.0034
0.7332,1.0296,2,10,33,1,-0.0032,0.0095,42.01,13.64,1.192,0.983,29.4,0.731,False,0.0636,12.9476
0.7332,1.0296,2,10,33,1,-0.0311,-0.0013,34.86,3.24,1.225,1.063,27.42,0.633,False,0.1736,3.8309
0.7332,1.0296,2,10,33,1,-0.0072,-0.017,26.26,5.11,1.337,1.39,21.27,0.474,False,0.069,1.7868
0.7332,1.0296,2,10,33,1,0.017,-0.0029,38.29,3.83,1.442,0.855,39.88,0.444,False,0.0657,11.4309
0.7488,0.8424,3,0,34,1,-0.0619,-0.0106,42.7,13.08,1.126,1.269,34.66,0.567,True,0.2489,3.4332
0.7488,0.8424,3,0,34,1,-0.0561,-0.0075,24.52,6.59,1.187,1.184,26.26,0.406,False,0.8448,0.5144
0.7488,0.8424,3,0,34,1,-0.001,0.0035,44.03,13.29,1.633,1.07,37.48,0.44,False,0.2998,3.4626
0.7488,0.8424,3,0,34,1,-0.0135,-0.0123,44.28,2.67,1.017,0.926,32.96,0.608,False,0.1753,5.4358
0.7488,0.8424,3,0,34,1,0.0051,-0.002,40.43,7.74,1.347,0.89,22.37,0.664,False,0.2358,1.3674
0.7488,0.8424,3,0,34,1,-0.0289,-0.017,28.77,7.28,1.594,0.876,33.82,0.538,True,0.4654,0.3947
0.7488,0.8424,3,0,34,1,0.0105,-0.0115,39.34,10.2,1.694,1.284,37.31,0.574,False,0.2431,2.5855
0.7488,0.8424,3,0,34,1,-0.0343,0.0045,36.74,6.77,0.899,0.947,27.29,0.503,False,0.2041,4.2922
0.7488,0.8424,3,0,34,1,-0.0593,0.0069,22.46,12.5,0.934,1.384,39.08,0.746,True,0.7345,1.3326
0.7488,0.8424,3,0,34,1,-0.044,0.002,34.97,5.93,1.662,1.008,25.12,0.668,False,0.0907,9.514
0.7488,0.8424,3,0,34,1,0.0161,0.0005,26.83,10.88,1.153,0.819,38.58,0.431,False,0.1444,3.8264
0.7488,0.8424,3,0,34,1,-0.0699,-0.0089,23.47,13.89,1.091,1.097,31.05,0.478,False,0.3868,3.3233
0.7488,0.8424,3,0,34,1,-0.0053,-0.0007,38.06,11.26,1.37,0.816,22.72,0.424,False,0.2198,2.0853
0.7488,0.8424,3,0,34,1,-0.0094,0.005,35.27,8.81,0.926,0.846,32.13,0.784,False,0.1922,3.8546
0.7488,0.8424,3,0,34,1,-0.0464,-0.0096,29.56,10.57,0.807,1.027,28.66,0.731,False,0.3368,3.8464
0.7488,0.8424,3,0,34,1,-0.0373,-0.0131,25.68,14.55,0.993,1.228,27.98,0.592,False,0.2581,4.9936
0.7488,0.8424,3,0,34,1,0.007,-0.0158,27.79,5.19,1.063,0.735,30.18,0.632,False,0.0964,2.637
0.7488,0.8424,3,0,34,1,-0.0652,-0.0012,21.48,12.08,1.727,0.996,36.14,0.753,True,0.6676,1.6323
0.7488,0.8424,3,0,34,1,0.0211,-0.0031,36.57,9.27,1.524,1.249,20.86,0.554,False,0.0769,3.0997
0.7488,0.8424,3,0,34,1,-0.0219,-0.0144,20.75,11.63,1.766,1.361,39.48,0.792,True,0.3209,3.858
0.7488,0.8424,3,0,34,1,0.0247,0.0078,33.49,4.02,1.544,1.341,31.63,0.624,False,0.2493,1.0133
0.7488,0.8424,3,0,34,1,-0.0125,0.0026,31.85,5.9,1.457,1.199,23.87,0.525,False,0.201,1.7466
0.7488,0.8424,3,0,34,1,0.0023,-0.0182,42.28,3.09,1.207,1.156,35.24,0.483,False,0.0625,12.5388
0.7488,0.8424,3,0,34,1,-0.0498,0.0084,22.82,14.65,1.468,0.76,24.57,0.716,False,0.557,2.3346
0.7488,0.8424,3,0,34,1,0.014,-0.017,32.96,2.24,1.314,0.703,36.0,0.764,False,0.2192,1.2724
0.7488,0.8424,3,0,34,1,-0.0262,-0.0058,26.62,3.37,0.86,1.131,29.02,0.653,False,0.0887,3.5956
0.7488,0.8424,3,0,34,1,-0.0236,-0.006,39.01,8.42,1.787,0.98,20.56,0.7,False,0.0844,6.8118
0.7488,0.8424,3,0,34,1,-0.0164,-0.0195,41.34,9.5,1.269,0.772,21.57,0.684,False,0.1208,4.9006
0.7488,0.8424,3,0,34,1,-0.0389,-0.0042,31.0,4.92,1.42,1.315,25.67,0.466,False,0.2281,2.731
0.7488,0.8424,3,0,34,1,-0.0519,0.0096,30.3,4.55,1.263,1.096,29.43,0.519,False,0.4739,1.8103
0.7488,0.86112,3,1,35,1,-0.0678,0.01,42.64,6.48,1.547,1.375,21.95,0.404,True,0.8467,0.2544
0.7488,0.86112,3,1,35,1,-0.0661,0.0052,25.46,9.09,1.12,1.298,28.62,0.427,False,0.6304,1.2716
0.7488,0.86112,3,1,35,1,-0.0396,0.0028,34.9,6.04,1.622,1.205,36.2,0.542,False,0.5104,3.1965
0.7488,0.86112,3,1,35,1,0.0019,-0.0166,35.08,3.89,1.086,1.023,24.72,0.725,False,0.0821,3.0663
0.7488,0.86112,3,1,35,1,-0.0044,-0.0018,27.92,11.44,1.044,0.758,27.58,0.789,False,0.1096,5.8388
0.7488,0.86112,3,1,35,1,-0.0342,-0.0053,42.4,14.38,1.679,0.819,37.38,0.734,False,0.3887,4.2749
0.7488,0.86112,3,1,35,1,-0.0509,-0.0023,31.15,14.01,1.657,0.959,27.0,0.646,False,0.5559,2.9209
0.7488,0.86112,3,1,35,1,-0.0583,-0.0037,26.96,13.23,1.78,1.169,20.31,0.492,False,0.3435,1.9957
0.7488,0.86112,3,1,35,1,-0.0437,-0.0076,37.51,12.01,1.591,1.061,32.88,0.578,False,0.8278,2.3025
0.7488,0.86112,3,1,35,1,-0.0104,-0.0173,33.99,3.29,0.839,1.384,29.42,0.597,False,0.1201,4.6347
0.7488,0.86112,3,1,35,1,-0.0079,-0.0008,24.59,6.81,1.024,1.333,32.64,0.624,False,0.0686,7.5778
0.7488,0.86112,3,1,35,1,-0.0024,0.0076,32.02,11.85,1.511,0.867,39.21,0.468,False,0.4574,2.2823
0.7488,0.86112,3,1,35,1,0.024,0.0085,20.12,10.53,1.212,1.255,29.27,0.629,False,0.3143,0.9613
0.7488,0.86112,3,1,35,1,0.0179,-0.0098,39.99,10.05,1.142,0.93,24.27,0.516,False,0.0638,6.1162
0.7488,0.86112,3,1,35,1,-0.0159,0.0043,41.65,8.35,1.189,1.037,31.65,0.464,False,0.8343,1.4172
0.7488,0.86112,3,1,35,1,-0.0219,-0.0113,23.13,14.91,0.987,0.952,23.35,0.687,False,0.1419,6.6366
0.7488,0.86112,3,1,35,1,-0.0258,0.0018,40.79,4.76,0.93,0.773,39.91,0.568,True,2.1889,0.432
0.7488,0.86112,3,1,35,1,0.0212,0.0004,32.68,12.64,1.49,0.798,33.59,0.677,True,1.9359,0.428
0.7488,0.86112,3,1,35,1,-0.0296,-0.0061,30.16,4.49,1.447,0.722,35.23,0.666,False,0.3022,3.1941
0.7488,0.86112,3,1,35,1,0.0124,-0.0142,21.64,8.91,1.292,1.09,35.54,0.612,False,0.0326,14.9501
0.7488,0.86112,3,1,35,1,0.0061,-0.018,21.85,5.88,0.955,1.154,26.63,0.423,False,0.1008,1.8697
0.7488,0.86112,3,1,35,1,-0.047,-0.0084,28.94,10.83,0.884,1.234,22.89,0.504,False,0.2841,2.7503
0.7488,0.86112,3,1,35,1,-0.017,-0.0121,43.88,7.34,1.406,0.909,22.34,0.526,False,0.2934,2.6568
0.7488,0.86112,3,1,35,1,-0.0531,0.0031,36.08,13.44,1.722,1.126,25.58,0.44,True,0.7302,0.3852
0.7488,0.86112,3,1,35,1,-0.0548,-0.014,36.74,3.57,1.26,0.981,38.09,0.777,False,0.1724,10.2462
0.7488,0.86112,3,1,35,1,-0.0354,0.0065,38.92,2.32,0.811,0.851,31.12,0.55,True,0.3692,0.687
0.7488,0.86112,3,1,35,1,0.0119,-0.0048,26.34,2.48,1.742,0.742,21.31,0.751,False,0.0385,2.116
0.7488,0.86112,3,1,35,1,0.0052,-0.0156,23.63,9.79,1.328,1.307,30.18,0.766,False,0.1638,3.0386
0.7488,0.86112,3,1,35,1,-0.0232,-0.0199,29.47,7.81,1.356,1.1,34.06,0.696,False,0.2042,5.238
0.7488,0.86112,3,1,35,1,-0.0622,-0.0104,44.95,5.3,1.381,1.269,36.71,0.718,True,0.6999,1.0232
0.7488,0.91728,3,4,38,1,0.0171,0.0046,23.05,3.14,1.229,1.182,29.9,0.403,False,0.0925,1.5615
0.7488,0.91728,3,4,38,1,-0.0561,0.0058,24.38,5.11,1.161,0.914,20.06,0.488,False,0.1893,1.6099
0.7488,0.91728,3,4,38,1,0.0025,0.007,26.61,4.23,1.792,1.37,21.98,0.62,False,0.0766,1.4395
0.7488,0.91728,3,4,38,1,-0.0488,-0.0118,42.77,8.61,1.078,0.73,38.89,0.54,True,0.3651,3.917
0.7488,0.91728,3,4,38,1,-0.0672,-0.0082,27.98,6.62,1.187,0.875,37.33,0.467,True,0.7941,0.1931
0.7488,0.91728,3,4,38,1,-0.0476,0.0074,37.1,3.38,1.567,1.333,32.25,0.657,False,2.5079,0.7776
0.7488,0.91728,3,4,38,1,-0.0134,-0.0147,44.81,8.15,0.99,1.325,28.83,0.691,False,0.2188,4.0242
0.7488,0.91728,3,4,38,1,-0.0177,-0.0008,27.07,11.8,1.455,1.148,35.56,0.527,False,0.2115,4.9074
0.7488,0.91728,3,4,38,1,0.0111,-0.0151,32.34,11.47,1.02,0.792,22.41,0.752,False,0.1147,3.128
0.7488,0.91728,3,4,38,1,-0.0662,-0.0138,20.72,13.86,1.243,1.027,37.48,0.696,True,0.7076,0.6453
0.7488,0.91728,3,4,38,1,-0.0107,-0.0069,43.46,9.96,0.907,0.896,25.63,0.587,False,0.1912,4.177
0.7488,0.91728,3,4,38,1,-0.0231,-0.0184,32.96,7.87,1.471,0.997,33.08,0.459,True,0.463,0.3358
0.7488,0.91728,3,4,38,1,-0.062,-0.0052,36.23,6.91,1.364,1.254,31.53,0.508,False,1.3826,1.3387
0.7488,0.91728,3,4,38,1,-0.0297,-0.0173,34.42,6.02,1.604,0.715,27.39,0.742,False,0.2304,3.3099
0.7488,0.91728,3,4,38,1,0.0237,0.0086,35.11,4.74,1.65,0.76,26.97,0.444,False,0.1337,1.5275
0.7488,0.91728,3,4,38,1,-0.028,0.0013,22.11,7.46,1.542,0.85,24.54,0.416,False,0.3263,0.8691
0.7488,0.91728,3,4,38,1,-0.0207,0.0026,42.27,13.66,1.323,0.833,23.42,0.496,False,0.0729,12.4539
0.7488,0.91728,3,4,38,1,-0.0538,0.0002,30.09,3.93,0.85,0.943,35.08,0.732,False,0.3502,3.4412
0.7488,0.91728,3,4,38,1,-0.0043,0.0096,40.58,13.08,1.526,1.281,39.53,0.795,True,0.9412,1.3291
0.7488,0.91728,3,4,38,1,0.0056,-0.0162,25.78,12.11,1.423,1.094,26.45,0.43,False,0.0693,5.3774
0.7488,0.91728,3,4,38,1,-0.0017,-0.0197,33.6,9.46,1.717,0.793,23.29,0.603,False,0.1325,3.0539
0.7488,0.91728,3,4,38,1,0.0072,-0.0108,23.71,9.07,1.276,1.073,30.91,0.58,False,0.155,2.4998
0.7488,0.91728,3,4,38,1,0.0148,-0.0076,21.43,5.74,0.935,1.132,34.48,0.707,False,0.0425,5.9429
0.7488,0.91728,3,4,38,1,-0.0354,-0.0021,41.63,2.49,1.051,1.295,21.08,0.766,False,0.1418,3.7006
0.7488,0.91728,3,4,38,1,-0.0577,-0.001,29.29,14.77,1.764,1.114,33.74,0.67,False,0.3251,6.674
0.7488,0.91728,3,4,38,1,-0.04,-0.005,29.0,2.1,1.387,1.377,38.32,0.644,False,0.2265,4.678
0.7488,0.91728,3,4,38,1,-0.0445,0.0039,38.77,14.47,1.12,1.197,36.36,0.571,True,0.5797,2.9055
0.7488,0.91728,3,4,38,1,-0.007,-0.0124,39.25,11.06,0.899,0.971,28.51,0.78,False,0.2295,3.3884
0.7488,0.91728,3,4,38,1,-0.0324,-0.0035,38.13,10.26,1.68,1.214,30.42,0.556,False,0.1251,10.5673
0.7488,0.91728,3,4,38,1,0.0218,-0.0096,31.58,12.64,0.819,1.047,24.78,0.631,False,0.2184,1.6846
0.7488,0.95472,3,6,40,1,0.0095,-0.0122,32.14,12.06,1.143,0.845,23.25,0.653,False,0.2028,2.1279
0.7488,0.95472,3,6,40,1,-0.0645,-0.0084,38.01,4.59,0.914,0.996,33.58,0.523,True,0.8057,0.4989
0.7488,0.95472,3,6,40,1,-0.0264,-0.0031,40.78,8.48,1.57,1.05,39.37,0.736,False,0.2077,6.4077
0.7488,0.95472,3,6,40,1,-0.0547,0.0079,30.06,8.87,0.888,1.219,31.85,0.709,False,0.3969,4.0503
0.7488,0.95472,3,6,40,1,0.013,0.0046,28.8,2.48,1.553,1.116,25.48,0.568,False,0.2044,0.7867
0.7488,0.95472,3,6,40,1,-0.0674,-0.0101,21.24,10.03,1.211,1.259,26.7,0.69,False,0.2064,5.6539
0.7488,0.95472,3,6,40,1,-0.0249,0.0092,26.38,7.38,1.402,1.135,28.8,0.64,False,0.2179,2.6917
0.7488,0.95472,3,6,40,1,0.0241,0.007,44.73,12.53,1.099,1.383,24.53,0.752,False,0.2625,1.5832
0.7488,0.95472,3,6,40,1,-0.0007,-0.0164,23.35,11.51,1.197,1.043,31.07,0.411,False,0.337,1.4343
0.7488,0.95472,3,6,40,1,-0.0208,-0.0153,39.88,12.87,1.472,0.927,28.5,0.695,False,0.1473,8.01
0.7488,0.95472,3,6,40,1,-0.0604,-0.0024,33.09,14.52,1.528,1.362,34.93,0.464,True,0.9172,0.7963
0.7488,0.95472,3,6,40,1,0.006,-0.0091,36.77,4.02,1.121,1.084,25.33,0.534,False,0.182,1.692
0.7488,0.95472,3,6,40,1,0.002,0.0088,28.14,9.06,1.684,1.335,20.06,0.43,False,0.1378,1.4357
0.7488,0.95472,3,6,40,1,-0.0436,-0.02,21.73,7.93,0.953,1.297,34.58,0.619,False,0.1642,6.5834
0.7488,0.95472,3,6,40,1,-0.0053,-0.0078,41.97,6.58,1.651,0.806,21.2,0.782,False,0.0171,23.5734
0.7488,0.95472,3,6,40,1,-0.0366,0.001,35.36,3.68,1.714,0.747,30.45,0.506,True,0.6411,0.2733
0.7488,0.95472,3,6,40,1,-0.0635,0.0031,38.72,14.75,1.307,0.896,21.52,0.601,False,0.3133,4.4973
0.7488,0.95472,3,6,40,1,-0.0479,-0.0068,25.36,5.42,1.463,0.95,35.87,0.418,False,0.7552,1.3791
0.7488,0.95472,3,6,40,1,0.0167,-0.0113,42.73,14.02,0.984,0.778,23.75,0.595,False,0.3854,1.4327
0.7488,0.95472,3,6,40,1,-0.0083,-0.0147,36.5,5.59,0.859,1.206,39.18,0.662,False,0.1063,8.3564
0.7488,0.95472,3,6,40,1,-0.018,-0.0177,20.22,2.87,0.806,1.17,26.54,0.446,False,0.0971,1.917
0.7488,0.95472,3,6,40,1,-0.0129,-0.0043,23.19,11.74,1.796,1.005,32.61,0.787,False,0.1104,8.005
0.7488,0.95472,3,6,40,1,0.0039,-0.0014,24.87,2.14,1.061,0.968,36.13,0.547,False,0.1579,1.7777
0.7488,0.95472,3,6,40,1,-0.0151,-0.0004,33.8,10.41,1.02,0.83,22.02,0.675,False,0.0538,10.3268
0.7488,0.95472,3,6,40,1,0.0213,0.0018,29.26,4.74,1.248,0.703,29.88,0.507,False,0.254,0.9368
0.7488,0.95472,3,6,40,1,-0.0393,0.0022,34.99,13.69,1.617,0.752,37.94,0.586,True,0.6457,0.345
0.7488,0.95472,3,6,40,1,-0.0348,-0.0139,26.89,5.97,1.285,1.276,36.79,0.732,False,0.2563,4.3944
0.7488,0.95472,3,6,40,1,-0.0521,-0.0189,31.57,10.9,1.364,0.865,38.42,0.48,True,0.8306,1.5577
0.7488,0.95472,3,6,40,1,-0.0314,0.0055,44.04,9.72,1.762,1.329,27.74,0.477,False,0.3445,4.2579
0.7488,0.95472,3,6,40,1,-0.045,-0.0057,40.94,6.99,1.378,1.166,32.77,0.762,False,0.1856,7.9899
0.7488,0.936,3,5,39,1,-0.0008,-0.0019,43.47,7.41,0.886,1.179,32.24,0.417,False,0.0779,10.9561
0.7488,0.936,3,5,39,1,0.0168,-0.0093,37.29,6.58,1.661,0.759,34.22,0.633,False,0.0516,9.4793
0.7488,0.936,3,5,39,1,-0.0292,0.0095,42.42,12.84,1.537,0.808,29.32,0.486,True,0.6451,0.2395
0.7488,0.936,3,5,39,1,-0.0683,-0.0198,26.13,9.92,0.946,1.336,26.07,0.729,False,0.2013,6.5288
0.7488,0.936,3,5,39,1,-0.0254,-0.0025,29.53,8.59,1.514,1.249,24.06,0.478,False,0.0714,6.1753
0.7488,0.936,3,5,39,1,-0.0426,-0.0079,41.5,9.33,0.909,0.947,27.23,0.787,False,0.2933,4.628
0.7488,0.936,3,5,39,1,-0.0149,-0.0159,38.4,5.68,0.992,1.227,30.06,0.741,False,0.1631,4.5932
0.7488,0.936,3,5,39,1,-0.0073,-0.0046,35.67,10.55,1.681,0.874,25.85,0.41,False,0.6681,0.9158
0.7488,0.936,3,5,39,1,-0.0467,0.0046,32.24,6.94,0.8,0.787,22.42,0.619,False,0.0992,6.5253
0.7488,0.936,3,5,39,1,-0.0343,0.0015,25.53,8.24,1.063,0.905,38.5,0.6,False,0.3457,3.6364
0.7488,0.936,3,5,39,1,-0.0663,-0.0061,31.44,13.7,1.073,1.277,27.85,0.671,False,0.2364,8.2056
0.7488,0.936,3,5,39,1,-0.0272,-0.0082,27.49,5.07,1.356,1.092,39.76,0.707,False,0.1039,8.8434
0.7488,0.936,3,5,39,1,-0.0223,-0.0034,32.94,3.18,1.004,0.726,33.56,0.437,False,0.3611,2.3121
0.7488,0.936,3,5,39,1,-0.0368,-0.0118,40.18,10.92,1.394,1.291,20.3,0.755,False,0.1576,5.8067
0.7488,0.936,3,5,39,1,0.0195,-0.0174,22.7,3.66,1.124,1.003,23.06,0.458,False,0.0769,0.6404
0.7488,0.936,3,5,39,1,-0.0491,0.0083,34.27,7.88,1.215,1.064,24.94,0.45,False,0.2608,3.1742
0.7488,0.936,3,5,39,1,0.0142,-0.0002,21.01,4.13,1.735,0.961,37.37,0.503,False,0.2544,0.8799
0.7488,0.936,3,5,39,1,-0.054,0.0004,21.87,14.31,1.629,1.108,37.3,0.689,True,0.6002,1.2817
0.7488,0.936,3,5,39,1,-0.0581,0.0025,44.95,6.18,1.259,1.041,31.69,0.79,True,0.454,1.6666
0.7488,0.936,3,5,39,1,-0.0104,-0.0059,24.19,14.59,1.782,0.857,29.71,0.768,False,0.2779,3.0177
0.7488,0.936,3,5,39,1,-0.0059,-0.0132,33.63,11.78,1.576,1.362,35.59,0.654,False,0.1923,4.929
0.7488,0.936,3,5,39,1,-0.0571,-0.0122,30.02,2.79,1.724,1.006,32.75,0.706,True,0.2181,1.1758
0.7488,0.936,3,5,39,1,0.0012,-0.0188,42.89,11.12,1.402,1.16,21.12,0.512,False,0.1492,3.3853
0.7488,0.936,3,5,39,1,0.0112,-0.0166,39.46,13.7,1.175,0.918,38.78,0.577,False,0.1012,7.4751
0.7488,0.936,3,5,39,1,-0.0162,-0.0108,24.05,12.7,1.453,1.123,23.41,0.554,False,0.2513,2.1037
0.7488,0.936,3,5,39,1,-0.0408,-0.015,35.86,2.31,1.29,0.711,28.37,0.539,False,0.5514,1.771
0.7488,0.936,3,5,39,1,0.0233,0.006,20.15,4.58,0.842,1.194,36.03,0.524,False,0.0274,5.2322
0.7488,0.936,3,5,39,1,0.0051,0.0032,28.95,9.43,1.484,0.837,21.5,0.64,False,0.0105,26.0187
0.7488,0.936,3,5,39,1,0.0065,0.0072,37.87,4.9,1.308,1.308,31.28,0.597,False,0.062,8.5081
0.7488,0.936,3,5,39,1,-0.0613,0.0062,28.14,11.99,1.161,1.386,35.15,0.57,True,1.2618,1.1581
0.7644,0.86112,4,1,46,1,-0.0529,0.0084,25.56,7.25,1.499,0.881,33.91,0.46,True,0.6827,0.2136
0.7644,0.86112,4,1,46,1,0.0221,-0.012,43.17,14.08,1.748,0.737,22.75,0.426,True,1.0091,0.147
0.7644,0.86112,4,1,46,1,-0.0132,0.0055,28.87,4.7,1.649,1.172,28.42,0.612,False,0.0181,19.6197
0.7644,0.86112,4,1,46,1,-0.0088,-0.0099,33.58,6.73,0.911,0.718,38.64,0.629,False,0.0681,11.9553
0.7644,0.86112,4,1,46,1,0.0161,-0.0177,24.17,2.3,1.049,1.386,31.05,0.671,False,0.0323,3.3599
0.7644,0.86112,4,1,46,1,-0.0443,-0.0008,30.19,10.09,1.131,0.949,39.01,0.528,True,0.3972,1.6348
0.7644,0.86112,4,1,46,1,-0.0305,-0.0067,42.07,4.34,1.706,1.273,37.96,0.569,False,0.1373,11.0801
0.7644,0.86112,4,1,46,1,-0.0569,0.0039,40.01,5.67,1.274,0.765,35.0,0.621,True,0.6356,0.3255
0.7644,0.86112,4,1,46,1,-0.0353,-0.0106,23.69,6.23,1.565,1.196,34.14,0.694,False,0.1266,6.5371
0.7644,0.86112,4,1,46,1,-0.0047,-0.0194,27.74,12.35,0.944,1.044,27.09,0.687,False,0.0985,6.7234
0.7644,0.86112,4,1,46,1,-0.0675,0.0048,37.18,7.83,1.771,1.291,32.17,0.66,True,0.9023,1.0407
0.7644,0.86112,4,1,46,1,-0.0278,-0.0131,30.96,8.17,1.517,1.13,32.94,0.65,False,0.1191,9.712
0.7644,0.86112,4,1,46,1,-0.0634,-0.0187,32.05,5.06,0.97,1.319,36.23,0.445,True,1.4545,0.7058
0.7644,0.86112,4,1,46,1,-0.0183,-0.0051,34.26,8.71,1.43,1.057,35.59,0.741,False,0.1063,8.9725
0.7644,0.86112,4,1,46,1,0.0063,0.0074,29.59,12.56,0.885,1.353,22.43,0.755,False,0.1401,2.9603
0.7644,0.86112,4,1,46,1,-0.0473,-0.0164,21.84,3.36,1.14,1.004,25.54,0.552,False,0.0914,2.9301
0.7644,0.86112,4,1,46,1,-0.0212,-0.0038,35.1,11.0,0.819,0.835,29.58,0.763,False,0.0915,11.1908
0.7644,0.86112,4,1,46,1,-0.0575,-0.0154,21.31,3.02,1.436,0.85,23.55,0.726,False,0.1006,2.8688
0.7644,0.86112,4,1,46,1,-0.0004,0.0096,38.04,2.52,1.265,1.114,31.42,0.796,False,0.1029,3.9226
0.7644,0.86112,4,1,46,1,0.0151,0.0011,39.6,7.04,1.67,0.81,30.35,0.41,True,0.7693,0.2476
0.7644,0.86112,4,1,46,1,0.0035,-0.0029,26.07,11.4,1.372,1.338,20.33,0.437,False,0.058,3.5179
0.7644,0.86112,4,1,46,1,-0.0656,-0.0081,38.48,10.65,0.853,0.905,21.38,0.71,False,0.2734,4.4113
0.7644,0.86112,4,1,46,1,-0.0328,0.0028,41.43,9.35,1.588,0.772,26.36,0.586,False,0.4694,2.5509
0.7644,0.86112,4,1,46,1,-0.0239,0.0061,20.65,14.24,1.089,0.991,39.91,0.591,True,0.6865,1.0397
0.7644,0.86112,4,1,46,1,-0.0404,-0.0071,43.56,14.95,1.357,1.24,21.14,0.52,False,0.5268,2.1341
0.7644,0.86112,4,1,46,1,0.0097,-0.0015,33.28,13.53,1.172,1.083,24.73,0.497,False,0.1314,3.3514
0.7644,0.86112,4,1,46,1,0.0195,-0.0045,36.61,11.79,1.616,0.927,36.72,0.491,False,0.3389,1.6582
0.7644,0.86112,4,1,46,1,0.0011,0.0002,44.76,9.62,1.032,0.962,24.06,0.546,False,0.1689,3.2639
0.7644,0.86112,4,1,46,1,-0.0492,-0.0129,22.99,13.11,1.311,1.147,27.97,0.477,False,0.4244,2.2104
0.7644,0.86112,4,1,46,1,-0.0105,-0.0143,27.3,3.89,1.227,1.218,28.7,0.784,False,0.0841,3.3164
0.7488,0.87984,3,2,36,1,-0.0378,0.0095,26.05,7.54,1.553,1.059,23.56,0.699,False,0.0883,6.4231
0.7488,0.87984,3,2,36,1,-0.035,-0.0114,25.71,12.09,1.577,1.1,28.78,0.609,False,0.1212,8.4062
0.7488,0.87984,3,2,36,1,-0.0134,-0.0185,40.43,11.31,1.299,1.013,24.25,0.548,False,0.2184,3.8424
0.7488,0.87984,3,2,36,1,-0.0291,-0.0101,26.93,11.09,1.029,1.03,28.0,0.638,False,0.0803,12.3195
0.7488,0.87984,3,2,36,1,0.0026,-0.002,24.34,9.86,1.643,1.283,24.96,0.669,False,0.0595,5.7247
0.7488,0.87984,3,2,36,1,-0.0087,-0.019,36.69,14.01,1.229,0.894,35.52,0.78,False,0.2228,4.3366
0.7488,0.87984,3,2,36,1,-0.0679,-0.0146,29.84,9.56,1.39,1.343,29.77,0.567,False,0.3298,4.4572
0.7488,0.87984,3,2,36,1,0.0192,-0.006,23.87,9.0,0.849,1.312,22.09,0.538,False,0.1535,1.0724
0.7488,0.87984,3,2,36,1,-0.0229,0.0056,35.16,4.38,1.773,1.24,27.9,0.584,False,0.2712,2.5385
0.7488,0.87984,3,2,36,1,-0.0403,0.0007,36.39,2.98,0.886,0.967,30.54,0.645,False,0.3025,3.3534
0.7488,0.87984,3,2,36,1,-0.0112,0.007,44.15,3.45,1.762,0.864,36.72,0.735,False,0.0496,16.2468
0.7488,0.87984,3,2,36,1,-0.0648,-0.0035,40.9,14.67,1.68,0.982,22.74,0.663,False,0.2005,9.049
0.7488,0.87984,3,2,36,1,-0.0465,0.0048,23.25,8.88,1.432,1.187,31.0,0.437,True,0.7706,0.4428
0.7488,0.87984,3,2,36,1,-0.0206,-0.0161,20.98,13.61,1.319,0.851,25.76,0.475,False,0.1092,5.3846
0.7488,0.87984,3,2,36,1,0.0169,-0.0049,27.96,10.26,1.081,0.724,39.78,0.503,False,0.1564,3.3452
0.7488,0.87984,3,2,36,1,-0.0593,-0.0154,41.79,11.7,1.19,1.282,37.78,0.733,True,0.2707,2.3887
0.7488,0.87984,3,2,36,1,-0.0566,-0.0092,21.98,4.09,1.035,0.822,33.14,0.525,False,0.4568,1.4614
0.7488,0.87984,3,2,36,1,-0.0614,-0.0081,43.1,8.32,1.614,0.769,36.63,0.684,True,0.7417,0.5847
0.7488,0.87984,3,2,36,1,0.0057,-0.0051,30.05,5.81,1.118,1.204,33.63,0.588,False,0.1946,2.2216
0.7488,0.87984,3,2,36,1,-0.0525,-0.0013,31.82,2.35,1.241,1.097,38.98,0.773,False,0.5407,2.4386
0.7488,0.87984,3,2,36,1,0.0243,-0.0008,38.14,2.84,0.815,1.377,34.24,0.452,False,0.1516,2.7747
0.7488,0.87984,3,2,36,1,0.0097,0.0021,30.89,6.64,1.51,1.216,20.08,0.51,False,0.044,3.9881
0.7488,0.87984,3,2,36,1,-0.0505,-0.0134,34.1,13.2,0.962,0.801,21.8,0.75,False,0.2163,5.6799
0.7488,0.87984,3,2,36,1,0.0147,-0.0174,28.36,5.06,0.923,0.935,20.72,0.626,False,0.0589,1.8031
0.7488,0.87984,3,2,36,1,-0.019,0.0079,20.78,4.68,1.494,0.779,38.21,0.456,False,0.2409,2.0032
0.7488,0.87984,3,2,36,1,-0.0273,0.0037,44.82,14.54,0.978,0.928,26.48,0.408,False,1.0319,1.0945
0.7488,0.87984,3,2,36,1,0.0067,0.0012,34.25,6.2,1.357,1.13,34.93,0.417,False,0.1051,5.9064
0.7488,0.87984,3,2,36,1,-0.0055,-0.0121,32.53,6.89,1.711,1.365,31.69,0.799,False,0.1079,6.2516
0.7488,0.87984,3,2,36,1,-0.0435,-0.0078,38.6,12.43,1.161,0.723,32.6,0.718,False,0.2096,7.8633
0.7488,0.87984,3,2,36,1,-0.0026,0.0081,39.76,7.69,1.454,1.158,26.95,0.488,False,0.1622,4.0765
0.7488,0.89856,3,3,37,1,-0.0324,-0.0015,40.69,4.01,1.454,1.075,29.74,0.555,False,0.1391,9.1433
0.7488,0.89856,3,3,37,1,0.0178,0.0098,25.87,10.61,1.135,1.327,24.59,0.61,False,0.2937,0.7657
0.7488,0.89856,3,3,37,1,-0.0188,0.0067,32.14,7.6,1.1,1.336,30.94,0.776,False,0.0478,18.3114
0.7488,0.89856,3,3,37,1,-0.0479,-0.0045,35.71,13.12,1.266,0.713,34.34,0.678,True,0.4551,3.3441
0.7488,0.89856,3,3,37,1,-0.0057,0.0018,30.46,7.65,1.498,1.125,23.12,0.578,False,0.1695,1.9325
0.7488,0.89856,3,3,37,1,0.0125,-0.0097,39.21,11.19,1.3,0.832,21.33,0.426,False,0.313,1.1646
0.7488,0.89856,3,3,37,1,-0.0007,0.0028,28.65,4.95,1.23,1.246,33.32,0.449,False,0.0755,6.3575
0.7488,0.89856,3,3,37,1,0.005,-0.0168,43.64,9.11,1.674,1.044,39.38,0.595,False,0.2893,2.7937
0.7488,0.89856,3,3,37,1,-0.0448,0.0004,22.77,6.44,1.541,0.851,25.06,0.723,False,0.1365,3.6904
0.7488,0.89856,3,3,37,1,-0.009,-0.0176,33.5,5.89,0.854,1.105,30.65,0.708,False,0.1013,5.837
0.7488,0.89856,3,3,37,1,-0.0405,-0.0148,37.43,3.42,1.189,0.793,26.41,0.546,False,0.1946,4.4227
0.7488,0.89856,3,3,37,1,0.0073,-0.0083,22.49,2.37,0.943,0.96,28.9,0.532,False,0.1315,1.1473
0.7488,0.89856,3,3,37,1,-0.0206,0.0074,21.54,13.7,0.913,1.148,28.66,0.435,False,0.0649,10.6165
0.7488,0.89856,3,3,37,1,-0.0525,-0.0119,27.49,5.47,1.63,0.945,37.43,0.659,True,0.2789,0.7954
0.7488,0.89856,3,3,37,1,-0.0268,-0.0037,30.96,13.42,1.374,1.284,25.4,0.79,False,0.1307,8.1722
0.7488,0.89856,3,3,37,1,0.0027,-0.02,41.15,2.96,1.074,1.277,23.7,0.491,False,0.057,7.1428
0.7488,0.89856,3,3,37,1,0.0244,0.0089,44.47,9.45,1.289,0.913,27.52,0.634,False,0.0878,4.3648
0.7488,0.89856,3,3,37,1,0.0187,-0.0188,34.2,12.15,1.524,0.9,22.46,0.41,False,0.3144,1.0074
0.7488,0.89856,3,3,37,1,0.011,-0.0024,25.17,12.67,1.634,1.18,20.96,0.571,False,0.0381,7.7625
0.7488,0.89856,3,3,37,1,-0.0315,-0.0001,29.27,11.75,1.351,1.02,31.42,0.618,False,0.0765,16.5243
0.7488,0.89856,3,3,37,1,-0.0377,0.0034,42.99,4.36,1.417,0.753,36.46,0.455,True,0.5847,0.3299
0.7488,0.89856,3,3,37,1,-0.0623,-0.0062,36.56,10.23,0.975,0.878,32.32,0.651,True,0.7982,2.4917
0.7488,0.89856,3,3,37,1,-0.0637,-0.0106,42.45,8.83,1.598,1.365,26.99,0.705,False,0.2953,6.6685
0.7488,0.89856,3,3,37,1,-0.0567,0.0046,38.88,11.01,0.881,1.236,37.09,0.495,True,0.7405,0.4719
0.7488,0.89856,3,3,37,1,-0.0152,-0.0138,24.58,6.26,1.031,0.816,35.62,0.512,False,0.1955,3.1926
0.7488,0.89856,3,3,37,1,-0.0126,0.0058,28.31,6.93,1.723,0.738,20.12,0.477,False,0.0108,19.8748
0.7488,0.89856,3,3,37,1,-0.0436,-0.0156,38.06,8.35,1.747,1.213,38.56,0.734,False,0.3367,5.2134
0.7488,0.89856,3,3,37,1,-0.0699,-0.0055,20.02,14.91,1.064,0.989,38.86,0.769,True,0.8369,1.2284
0.7488,0.89856,3,3,37,1,-0.058,-0.0123,33.2,2.68,0.826,1.072,33.66,0.681,False,0.096,14.2241
0.7488,0.89856,3,3,37,1,-0.0244,-0.007,24.08,14.39,1.794,1.379,35.3,0.747,False,0.1584,7.9163
0.7644,0.8424,4,0,45,1,-0.0196,0.0048,29.72,3.75,1.678,1.341,31.41,0.747,False,0.1515,3.0518
0.7644,0.8424,4,0,45,1,-0.0624,0.0072,43.96,6.86,0.919,0.998,35.77,0.469,True,0.4295,0.6414
0.7644,0.8424,4,0,45,1,0.0099,-0.0097,41.04,9.19,1.133,1.4,23.4,0.415,False,0.1438,2.2771
0.7644,0.8424,4,0,45,1,-0.0331,-0.019,23.56,14.74,1.772,0.887,32.6,0.501,True,0.3071,0.5354
0.7644,0.8424,4,0,45,1,-0.0111,-0.0024,32.53,12.32,1.477,1.172,20.54,0.655,False,0.0059,81.8416
0.7644,0.8424,4,0,45,1,-0.0352,-0.0104,21.53,9.98,1.201,1.275,25.05,0.619,False,0.112,5.5134
0.7644,0.8424,4,0,45,1,-0.0457,0.0069,36.96,10.86,1.579,1.253,27.99,0.514,False,0.562,2.3943
0.7644,0.8424,4,0,45,1,-0.0227,0.0027,27.37,12.74,1.763,0.941,29.52,0.606,False,0.2502,4.1925
0.7644,0.8424,4,0,45,1,0.0128,-0.0013,43.26,5.61,1.187,1.368,28.61,0.406,False,0.3538,1.489
0.7644,0.8424,4,0,45,1,0.0158,-0.0047,44.43,11.42,1.287,1.232,32.76,0.539,False,0.2449,2.6766
0.7644,0.8424,4,0,45,1,-0.0274,0.0034,26.6,6.67,1.065,0.927,34.37,0.642,False,0.0978,8.2414
0.7644,0.8424,4,0,45,1,0.0189,-0.0139,24.73,4.97,0.836,1.144,31.11,0.462,False,0.2096,0.826
0.7644,0.8424,4,0,45,1,0.0018,-0.0074,35.02,9.65,1.642,0.747,39.33,0.433,False,0.355,2.3577
0.7644,0.8424,4,0,45,1,-0.016,-0.0175,30.33,13.63,0.831,1.208,30.24,0.707,False,0.0868,11.7929
0.7644,0.8424,4,0,45,1,-0.0395,0.0057,36.54,11.63,1.527,1.306,38.31,0.767,False,0.2395,6.9331
0.7644,0.8424,4,0,45,1,-0.0515,0.0011,33.73,8.3,1.165,0.717,20.95,0.548,False,0.4125,1.6004
0.7644,0.8424,4,0,45,1,0.0218,-0.0168,31.83,2.7,1.558,0.874,21.94,0.735,False,0.0588,1.624
0.7644,0.8424,4,0,45,1,-0.0299,-0.0111,22.74,2.08,1.611,0.798,25.92,0.49,False,0.152,1.5877
0.7644,0.8424,4,0,45,1,-0.0028,-0.0145,38.63,5.09,1.733,0.848,33.45,0.443,False,0.0717,11.1497
0.7644,0.8424,4,0,45,1,-0.0675,-0.0194,34.72,7.49,1.011,0.772,36.1,0.52,True,0.2738,1.4683
0.7644,0.8424,4,0,45,1,-0.0554,-0.0009,31.09,3.26,1.318,1.017,23.22,0.785,False,0.054,9.5918
0.7644,0.8424,4,0,45,1,-0.0663,-0.0053,29.03,7.94,1.085,1.11,39.4,0.696,False,0.5053,4.4512
0.7644,0.8424,4,0,45,1,0.0044,-0.0156,21.85,3.49,1.377,0.741,24.1,0.688,False,0.139,0.6278
0.7644,0.8424,4,0,45,1,0.0063,-0.0038,40.41,4.57,1.439,1.08,22.58,0.629,False,0.0501,5.1476
0.7644,0.8424,4,0,45,1,-0.0442,-0.0067,25.09,10.24,0.962,1.06,37.18,0.798,False,0.2772,5.5953
0.7644,0.8424,4,0,45,1,-0.0038,0.0086,38.09,13.94,0.874,1.124,37.63,0.732,False,0.0696,13.4615
0.7644,0.8424,4,0,45,1,-0.0094,0.0001,42.14,14.41,1.405,0.964,26.37,0.675,False,0.0539,15.7716
0.7644,0.8424,4,0,45,1,-0.0173,-0.0122,28.05,8.87,0.968,1.323,28.98,0.594,False,0.1335,4.6377
0.7644,0.8424,4,0,45,1,-0.0577,-0.0082,20.57,6.09,1.26,0.828,34.71,0.578,False,0.2134,3.9933
0.7644,0.8424,4,0,45,1,-0.0501,0.0098,39.2,13.21,1.36,1.035,27.23,0.566,False,0.7388,2.2834
0.7488,0.99216,3,8,42,1,-0.0514,-0.0117,41.51,8.83,1.148,0.724,21.76,0.693,False,0.0726,14.5177
0.7488,0.99216,3,8,42,1,-0.039,-0.0159,27.95,10.71,1.007,0.971,26.12,0.534,False,0.1626,4.664
0.7488,0.99216,3,8,42,1,-0.0416,-0.0086,20.07,5.62,1.748,1.308,33.58,0.445,False,0.533,1.0265
0.7488,0.99216,3,8,42,1,-0.0447,0.0004,44.0,7.22,1.184,1.392,38.53,0.63,True,0.2189,8.3165
0.7488,0.99216,3,8,42,1,0.0147,-0.0004,44.59,7.79,1.771,0.865,36.67,0.605,False,0.1282,4.8848
0.7488,0.99216,3,8,42,1,-0.012,-0.0197,28.69,5.93,1.102,0.705,32.63,0.678,False,0.1531,3.5672
0.7488,0.99216,3,8,42,1,0.0187,0.0022,39.28,8.17,0.947,1.041,27.21,0.418,False,0.0499,7.7554
0.7488,0.99216,3,8,42,1,0.0095,0.0078,37.56,2.24,1.447,1.363,30.05,0.74,False,0.0899,3.4403
0.7488,0.99216,3,8,42,1,-0.0027,0.006,26.92,4.02,1.498,0.953,38.8,0.708,False,0.0683,7.521
0.7488,0.99216,3,8,42,1,-0.0293,-0.0051,23.03,4.55,1.084,1.351,35.44,0.76,False,0.0841,6.8617
0.7488,0.99216,3,8,42,1,0.0083,-0.0017,24.1,9.58,1.646,1.237,28.69,0.621,False,0.1342,2.8215
0.7488,0.99216,3,8,42,1,0.0235,0.0031,20.99,2.95,1.309,1.181,36.37,0.644,False,0.0544,2.6185
0.7488,0.99216,3,8,42,1,-0.0156,0.0047,42.93,2.81,1.681,0.904,24.13,0.435,False,0.1171,6.1226
0.7488,0.99216,3,8,42,1,-0.0677,-0.0186,30.53,11.92,1.378,1.271,35.25,0.595,False,0.2831,8.4796
0.7488,0.99216,3,8,42,1,-0.0349,-0.0135,35.4,12.29,0.84,1.233,31.02,0.558,False,0.0504,28.0567
0.7488,0.99216,3,8,42,1,-0.0039,-0.0104,36.44,10.12,1.29,1.015,20.47,0.796,False,0.0557,7.3219
0.7488,0.99216,3,8,42,1,-0.0566,-0.0162,39.04,6.44,0.875,1.137,23.64,0.57,False,0.2896,3.4359
0.7488,0.99216,3,8,42,1,0.003,-0.0069,37.33,12.9,1.512,0.842,39.64,0.728,False,0.2199,3.5677
0.7488,0.99216,3,8,42,1,-0.0277,-0.0096,22.23,12.69,1.585,1.149,25.75,0.469,False,0.2689,2.1876
0.7488,0.99216,3,8,42,1,-0.0186,0.0097,25.09,10.57,1.416,0.835,24.76,0.683,False,0.0945,6.7319
0.7488,0.99216,3,8,42,1,-0.0205,0.0085,29.88,9.23,0.984,0.754,22.65,0.527,False,0.2848,1.3812
0.7488,0.99216,3,8,42,1,-0.0248,-0.0178,34.17,13.34,0.92,0.814,23.24,0.502,False,0.0486,14.85
0.7488,0.99216,3,8,42,1,-0.0353,-0.0146,32.28,5.01,0.814,1.288,33.13,0.412,False,1.0668,1.0136
0.7488,0.99216,3,8,42,1,-0.0002,-0.0071,33.95,14.31,1.21,0.791,37.7,0.775,False,0.1019,7.4823
0.7488,0.99216,3,8,42,1,-0.0489,-0.0025,24.34,7.17,1.342,1.117,34.09,0.66,False,0.2618,4.4416
0.7488,0.99216,3,8,42,1,0.0168,-0.0041,42.34,3.43,1.557,0.999,21.32,0.508,False,0.0942,2.5391
0.7488,0.99216,3,8,42,1,-0.0068,-0.0123,26.08,11.24,1.719,1.057,28.2,0.486,False,0.1103,5.1677
0.7488,0.99216,3,8,42,1,-0.0666,0.0057,32.76,13.93,1.258,1.196,27.9,0.464,False,0.7207,1.7261
0.7488,0.99216,3,8,42,1,-0.0606,-0.0035,40.39,5.32,1.609,0.912,31.98,0.753,False,0.6557,3.0776
0.7488,0.99216,3,8,42,1,-0.0592,0.001,31.1,14.88,1.041,1.078,29.52,0.58,False,0.8325,2.1577
0.7488,0.97344,3,7,41,1,-0.0515,0.0082,38.77,5.93,1.791,0.819,35.51,0.448,True,0.7226,0.3699
0.7488,0.97344,3,7,41,1,-0.0446,0.0037,31.5,4.34,1.725,1.052,28.59,0.557,False,0.3135,2.9672
0.7488,0.97344,3,7,41,1,-0.0264,-0.0115,24.29,12.59,1.379,1.093,32.76,0.788,False,0.1927,6.3886
0.7488,0.97344,3,7,41,1,0.0007,0.0052,32.42,6.87,1.47,1.123,25.48,0.598,False,0.0281,12.1014
0.7488,0.97344,3,7,41,1,0.0122,-0.0023,39.45,4.88,1.067,1.199,20.41,0.73,False,0.0317,5.8018
0.7488,0.97344,3,7,41,1,0.0173,0.0098,29.41,2.41,0.831,0.939,30.69,0.604,False,0.0492,3.8827
0.7488,0.97344,3,7,41,1,-0.0366,-0.0035,37.52,10.28,1.005,1.256,30.51,0.519,False,0.7784,1.843
0.7488,0.97344,3,7,41,1,-0.061,-0.0161,42.18,8.42,0.93,1.296,23.68,0.502,False,0.474,2.7196
0.7488,0.97344,3,7,41,1,-0.0398,0.0001,21.08,11.38,1.216,0.972,33.81,0.629,False,0.3639,3.9295
0.7488,0.97344,3,7,41,1,-0.0665,-0.0095,27.41,2.48,0.858,0.815,35.32,0.71,False,0.2708,3.9567
0.7488,0.97344,3,7,41,1,0.0127,-0.0067,30.77,9.87,1.273,0.895,31.58,0.688,False,0.0344,15.0165
0.7488,0.97344,3,7,41,1,-0.0149,0.0048,40.83,10.94,1.535,1.014,24.4,0.533,False,0.2438,3.6297
0.7488,0.97344,3,7,41,1,-0.047,0.0019,25.19,14.19,1.05,1.188,32.37,0.415,False,0.9488,1.2149
0.7488,0.97344,3,7,41,1,0.0233,-0.0108,34.14,7.97,0.961,0.793,25.04,0.696,False,0.0949,2.9396
0.7488,0.97344,3,7,41,1,-0.0109,-0.0014,41.05,9.46,1.423,1.265,39.23,0.771,False,0.0843,11.3686
0.7488,0.97344,3,7,41,1,-0.0076,-0.012,36.03,14.92,1.146,0.763,38.26,0.671,False,0.1381,8.0423
0.7488,0.97344,3,7,41,1,-0.006,-0.0187,23.67,6.36,1.326,1.224,27.28,0.661,False,0.1055,2.923
0.7488,0.97344,3,7,41,1,-0.0698,-0.0057,29.13,11.65,1.506,1.036,36.29,0.56,False,0.7453,3.0439
0.7488,0.97344,3,7,41,1,-0.0499,-0.0088,44.99,3.95,0.998,1.099,37.54,0.756,False,0.2311,9.3308
0.7488,0.97344,3,7,41,1,-0.0224,-0.0078,44.1,2.95,1.674,0.844,29.74,0.462,True,0.7005,0.4706
0.7488,0.97344,3,7,41,1,-0.0226,-0.0135,32.81,5.43,1.248,1.155,26.49,0.744,False,0.0831,6.7989
0.7488,0.97344,3,7,41,1,-0.0168,-0.0193,36.81,8.96,1.364,0.719,22.07,0.48,False,0.2172,2.5241
0.7488,0.97344,3,7,41,1,0.0085,-0.0156,26.55,12.17,1.657,1.377,36.95,0.403,False,0.3876,1.6822
0.7488,0.97344,3,7,41,1,-0.0292,0.0062,35.58,13.4,1.57,0.994,28.79,0.777,False,0.1492,9.0576
0.7488,0.97344,3,7,41,1,0.0195,-0.0041,22.0,5.55,0.898,0.919,22.7,0.624,False,0.0556,1.7761
0.7488,0.97344,3,7,41,1,0.0036,0.0079,20.73,7.5,1.625,1.334,21.21,0.437,False,0.0235,5.3877
0.7488,0.97344,3,7,41,1,-0.0009,-0.0175,27.75,13.22,1.753,0.868,34.53,0.578,False,0.1244,7.7436
0.7488,0.97344,3,7,41,1,-0.0327,-0.0004,22.54,13.86,1.438,1.366,39.75,0.484,False,0.6543,2.4371
0.7488,0.97344,3,7,41,1,-0.0603,-0.0141,34.2,8.82,1.175,1.319,27.77,0.644,False,0.2953,5.6958
0.7488,0.97344,3,7,41,1,-0.0543,0.0021,43.3,3.46,1.124,0.728,21.95,0.546,False,0.5028,1.9731
0.7488,1.0296,3,10,44,1,0.0227,-0.012,23.72,7.26,1.706,0.792,33.56,0.504,False,0.0798,4.0185
0.7488,1.0296,3,10,44,1,-0.0341,-0.0086,39.94,5.13,1.61,0.737,35.12,0.581,False,0.2847,6.1791
0.7488,1.0296,3,10,44,1,0.0139,-0.0011,44.4,12.23,1.651,0.956,27.99,0.741,False,0.2038,2.7387
0.7488,1.0296,3,10,44,1,0.0162,-0.0164,30.16,5.48,1.165,0.857,38.6,0.775,False,0.0732,6.3507
0.7488,1.0296,3,10,44,1,-0.0589,0.002,41.26,4.45,1.098,0.98,25.78,0.443,False,0.6003,2.2121
0.7488,1.0296,3,10,44,1,0.0034,0.0083,32.17,11.69,1.233,0.832,24.84,0.707,False,0.0672,8.1534
0.7488,1.0296,3,10,44,1,-0.065,-0.0065,36.81,9.17,1.344,1.229,20.19,0.425,False,0.4951,1.3656
0.7488,1.0296,3,10,44,1,-0.038,-0.0028,29.32,2.54,0.938,1.367,22.34,0.632,False,0.2155,1.854
0.7488,1.0296,3,10,44,1,-0.0302,-0.0136,37.72,4.09,0.881,1.042,26.05,0.482,False,0.2554,3.1779
0.7488,1.0296,3,10,44,1,-0.0629,-0.0034,33.07,13.33,0.92,0.968,37.15,0.55,False,0.2248,10.1567
0.7488,1.0296,3,10,44,1,-0.0213,0.0002,40.61,3.73,1.119,1.316,21.07,0.668,False,0.0792,5.726
0.7488,1.0296,3,10,44,1,-0.0268,0.0033,43.35,13.79,1.298,1.386,23.22,0.663,False,0.1014,11.4654
0.7488,1.0296,3,10,44,1,-0.0116,0.0094,21.13,5.91,1.19,0.914,29.15,0.688,False,0.0913,3.5226
0.7488,1.0296,3,10,44,1,0.0209,-0.0184,20.1,2.21,1.331,1.275,31.14,0.592,False,0.0698,0.7879
0.7488,1.0296,3,10,44,1,-0.0045,-0.0196,28.67,4.85,1.764,1.181,29.68,0.696,False,0.1246,2.9817
0.7488,1.0296,3,10,44,1,-0.0569,-0.0109,22.65,8.2,1.591,0.722,30.21,0.47,True,0.7306,0.1521
0.7488,1.0296,3,10,44,1,-0.0396,0.0073,35.1,7.91,0.832,1.075,34.35,0.4,True,0.1263,6.8982
0.7488,1.0296,3,10,44,1,0.011,-0.0052,24.33,9.5,1.424,0.755,23.48,0.432,False,0.1505,1.4061
0.7488,1.0296,3,10,44,1,0.0012,0.0041,27.97,12.49,0.98,1.255,31.87,0.748,False,0.1644,4.1955
0.7488,1.0296,3,10,44,1,-0.0515,-0.0145,26.94,8.88,0.843,1.017,32.95,0.731,False,0.2723,5.211
0.7488,1.0296,3,10,44,1,-0.0502,-0.0179,25.16,10.72,1.392,1.072,35.9,0.572,False,0.2416,7.3149
0.7488,1.0296,3,10,44,1,-0.0424,-0.0118,36.48,14.65,1.04,1.118,26.9,0.537,False,0.1467,9.7076
0.7488,1.0296,3,10,44,1,-0.0167,-0.0159,21.98,10.25,1.677,1.159,21.42,0.791,False,0.1704,2.8734
0.7488,1.0296,3,10,44,1,-0.0151,-0.0095,43.24,9.82,1.26,1.139,39.39,0.762,False,0.1867,5.9145
0.7488,1.0296,3,10,44,1,-0.0013,0.0058,34.08,3.07,1.533,1.291,39.29,0.607,False,0.1674,4.4081
0.7488,1.0296,3,10,44,1,-0.0465,0.0028,31.31,6.8,1.023,0.871,37.53,0.625,False,0.0859,17.206
0.7488,1.0296,3,10,44,1,0.0091,-0.0079,34.7,6.68,1.556,0.894,32.03,0.641,False,0.1455,3.5378
0.7488,1.0296,3,10,44,1,-0.0069,-0.0049,41.75,14.31,1.486,1.343,24.08,0.533,False,0.1047,8.2087
0.7488,1.0296,3,10,44,1,-0.0237,0.0063,38.54,13.0,1.788,1.198,36.13,0.464,False,0.8263,1.7757
0.7488,1.0296,3,10,44,1,-0.069,-0.0008,25.94,11.33,1.436,0.811,28.4,0.516,True,0.7605,0.2213
0.7644,0.89856,4,3,48,1,-0.0497,0.0001,20.59,10.77,1.438,0.83,24.79,0.726,False,0.1279,8.44
0.7644,0.89856,4,3,48,1,-0.0334,-0.003,39.63,8.75,1.238,1.282,30.34,0.47,False,1.4809,1.0139
0.7644,0.89856,4,3,48,1,-0.0036,-0.0081,35.66,9.67,1.142,0.869,37.44,0.677,False,0.1006,8.5062
0.7644,0.89856,4,3,48,1,0.0189,-0.0134,22.53,13.8,1.757,0.852,33.38,0.642,False,0.4498,1.0329
0.7644,0.89856,4,3,48,1,-0.0119,-0.0035,42.47,8.32,1.042,0.714,36.98,0.791,False,0.0416,22.881
0.7644,0.89856,4,3,48,1,-0.0317,-0.0152,42.71,9.22,1.113,0.785,26.35,0.717,False,0.1246,9.8741
0.7644,0.89856,4,3,48,1,-0.0374,-0.0113,24.93,6.71,0.961,0.897,36.52,0.559,False,0.0214,48.283
0.7644,0.89856,4,3,48,1,-0.0094,-0.0006,25.52,5.43,1.486,1.004,35.91,0.686,False,0.0309,17.8811
0.7644,0.89856,4,3,48,1,-0.0271,0.0018,22.04,12.82,0.993,0.736,35.13,0.765,False,0.1722,7.335
0.7644,0.89856,4,3,48,1,-0.044,-0.0056,34.07,11.61,1.288,1.387,29.73,0.781,False,0.2015,6.9508
0.7644,0.89856,4,3,48,1,0.0001,-0.0129,31.81,4.05,1.725,1.297,28.01,0.585,False,0.1431,2.5183
0.7644,0.89856,4,3,48,1,-0.0683,-0.0194,28.92,4.57,0.894,1.166,21.6,0.738,False,0.0655,8.5753
0.7644,0.89856,4,3,48,1,-0.0152,-0.0144,40.67,13.2,1.54,0.948,34.48,0.462,True,0.5315,0.335
0.7644,0.89856,4,3,48,1,-0.0538,-0.0016,29.58,5.71,1.686,0.958,25.61,0.435,False,0.3542,1.8761
0.7644,0.89856,4,3,48,1,-0.0591,-0.006,27.09,2.49,1.324,1.248,23.0,0.624,False,0.1189,4.9132
0.7644,0.89856,4,3,48,1,-0.0016,0.0083,36.58,10.46,1.231,1.06,30.82,0.663,False,0.1343,5.9833
0.7644,0.89856,4,3,48,1,-0.0405,0.0038,30.66,2.19,1.397,1.323,32.55,0.405,True,1.035,0.8632
0.7644,0.89856,4,3,48,1,0.0239,0.0067,31.39,7.59,1.359,1.376,20.27,0.443,False,0.0944,1.8243
0.7644,0.89856,4,3,48,1,-0.0634,-0.0188,37.55,5.95,1.007,0.816,27.44,0.494,False,0.0907,15.2362
0.7644,0.89856,4,3,48,1,-0.0186,-0.01,36.98,4.92,0.931,0.923,32.93,0.514,False,0.0717,14.5117
0.7644,0.89856,4,3,48,1,0.0029,-0.0073,23.68,13.62,0.808,0.77,20.77,0.486,False,0.2467,0.9525
0.7644,0.89856,4,3,48,1,-0.0455,-0.0175,32.7,7.19,1.648,1.119,22.01,0.752,False,0.0911,8.2433
0.7644,0.89856,4,3,48,1,0.0065,0.0075,27.83,11.13,1.41,1.224,24.19,0.532,False,0.0542,7.1107
0.7644,0.89856,4,3,48,1,0.0121,-0.0048,21.47,14.8,1.774,1.21,29.32,0.567,False,0.2769,2.1021
0.7644,0.89856,4,3,48,1,-0.064,0.0042,34.86,14.51,1.07,1.093,23.34,0.705,False,0.5964,2.8529
0.7644,0.89856,4,3,48,1,0.0181,0.0099,44.21,12.09,1.597,0.986,39.78,0.414,True,1.1769,0.7446
0.7644,0.89856,4,3,48,1,-0.0569,0.0053,38.38,9.86,1.601,1.035,38.91,0.634,True,0.7242,0.4434
0.7644,0.89856,4,3,48,1,-0.0221,-0.0164,26.42,3.01,1.179,1.349,27.11,0.609,False,0.0813,4.0198
0.7644,0.89856,4,3,48,1,0.0124,0.0027,41.27,7.86,0.851,1.138,38.17,0.538,False,0.0467,14.3039
0.7644,0.89856,4,3,48,1,-0.0245,-0.0092,43.64,3.67,1.51,1.182,31.65,0.59,False,0.2351,5.5416
0.7488,1.01088,3,9,43,1,-0.0327,-0.0042,42.16,6.67,1.268,0.744,22.08,0.432,False,0.4669,1.5495
0.7488,1.01088,3,9,43,1,-0.0017,0.0069,39.2,4.29,1.751,0.914,24.03,0.766,False,0.0196,17.4396
0.7488,1.01088,3,9,43,1,0.0139,-0.017,28.62,11.65,1.334,0.787,23.04,0.463,False,0.0787,3.4784
0.7488,1.01088,3,9,43,1,0.0064,-0.0107,44.49,2.44,1.719,1.263,32.73,0.612,False,0.2854,2.278
0.7488,1.01088,3,9,43,1,-0.0536,-0.0135,44.14,14.39,1.696,0.854,33.5,0.419,True,1.9544,0.3712
0.7488,1.01088,3,9,43,1,-0.0233,-0.0196,23.45,9.37,1.108,1.25,32.39,0.616,False,0.2996,3.4102
0.7488,1.01088,3,9,43,1,-0.0051,0.0024,21.15,14.64,1.087,1.302,28.98,0.701,False,0.1246,6.421
0.7488,1.01088,3,9,43,1,0.0106,-0.0025,36.14,4.74,0.969,1.213,38.26,0.49,False,0.1165,5.6611
0.7488,1.01088,3,9,43,1,0.0155,-0.0086,22.86,13.02,1.433,1.166,30.56,0.679,False,0.1015,5.0175
0.7488,1.01088,3,9,43,1,0.0029,-0.0062,25.37,13.71,1.417,1.002,26.44,0.684,False,0.0628,10.2012
0.7488,1.01088,3,9,43,1,-0.0621,-0.0079,32.45,2.87,0.96,0.721,39.27,0.564,True,0.8365,0.2479
0.7488,1.01088,3,9,43,1,-0.0645,-0.0001,37.53,7.02,1.16,0.826,20.83,0.664,False,0.2814,3.6761
0.7488,1.01088,3,9,43,1,-0.0411,-0.0036,24.5,4.0,1.665,1.082,30.9,0.793,False,0.0384,15.0644
0.7488,1.01088,3,9,43,1,-0.0371,-0.0151,31.12,8.17,1.599,1.333,20.15,0.513,False,0.2084,2.6376
0.7488,1.01088,3,9,43,1,-0.0284,-0.0167,35.73,5.22,0.832,1.236,35.49,0.75,False,0.1996,6.1126
0.7488,1.01088,3,9,43,1,0.0015,-0.0057,33.03,2.04,1.491,0.942,36.94,0.538,False,0.2066,2.959
0.7488,1.01088,3,9,43,1,-0.0203,-0.0186,29.49,7.54,1.266,1.03,35.05,0.779,False,0.1736,5.8679
0.7488,1.01088,3,9,43,1,-0.0462,0.0086,30.66,12.73,1.507,0.976,34.19,0.642,False,0.4884,3.9578
0.7488,1.01088,3,9,43,1,-0.0119,0.0036,20.39,8.82,1.193,1.388,36.29,0.63,False,0.2003,3.5655
0.7488,1.01088,3,9,43,1,-0.0142,0.0056,21.93,10.7,1.21,1.314,29.71,0.477,False,0.0978,6.108
0.7488,1.01088,3,9,43,1,-0.0552,0.0013,42.92,8.06,1.05,1.054,31.4,0.594,False,0.556,3.457
0.7488,1.01088,3,9,43,1,-0.0186,-0.011,41.43,10.58,1.79,1.114,26.91,0.723,False,0.1334,7.9707
0.7488,1.01088,3,9,43,1,-0.0293,-0.0145,40.53,11.23,0.922,1.373,37.4,0.713,False,0.2109,7.4263
0.7488,1.01088,3,9,43,1,-0.0602,0.0093,38.76,5.84,0.87,1.017,21.99,0.496,False,0.3133,2.7615
0.7488,1.01088,3,9,43,1,0.0213,0.0076,33.61,8.95,1.368,0.8,23.46,0.406,False,0.1263,2.3199
0.7488,1.01088,3,9,43,1,-0.0678,0.0002,27.11,13.59,1.322,0.768,25.73,0.58,False,0.6425,2.0472
0.7488,1.01088,3,9,43,1,-0.0072,-0.0013,26.66,6.25,1.547,1.186,27.92,0.738,False,0.067,5.7919
0.7488,1.01088,3,9,43,1,-0.0434,-0.012,28.08,3.32,0.835,0.901,24.72,0.443,False,0.5637,0.8629
0.7488,1.01088,3,9,43,1,-0.0486,-0.0098,34.8,10.09,1.611,0.879,39.63,0.559,True,0.3451,0.6932
0.7488,1.01088,3,9,43,1,0.024,0.0042,37.04,12.09,1.019,1.138,28.42,0.525,False,0.2615,1.8576
0.7644,0.87984,4,2,47,1,-0.0587,0.0051,25.96,10.44,1.067,1.286,37.16,0.693,False,0.7697,2.7088
0.7644,0.87984,4,2,47,1,0.0231,-0.0011,29.79,14.77,1.511,1.114,24.76,0.711,False,0.5008,0.8622
0.7644,0.87984,4,2,47,1,-0.0694,-0.0034,33.28,9.73,1.778,0.995,26.4,0.46,False,1.1722,1.0265
0.7644,0.87984,4,2,47,1,0.0071,-0.0044,30.14,8.59,1.203,0.925,34.8,0.72,False,0.2355,2.4517
0.7644,0.87984,4,2,47,1,-0.0295,-0.0072,27.04,12.76,1.663,1.357,27.44,0.414,False,0.4858,1.5616
0.7644,0.87984,4,2,47,1,-0.0098,0.0094,32.3,3.3,1.136,1.004,22.93,0.519,False,0.0297,11.1855
0.7644,0.87984,4,2,47,1,-0.0401,-0.0178,23.64,13.78,1.567,1.082,33.07,0.68,False,0.3024,5.6535
0.7644,0.87984,4,2,47,1,-0.064,-0.0099,37.2,4.49,1.105,1.246,29.68,0.733,False,0.5258,3.0918
0.7644,0.87984,4,2,47,1,-0.0357,-0.0191,39.06,12.39,1.026,1.214,33.88,0.632,False,0.4982,3.633
0.7644,0.87984,4,2,47,1,-0.033,-0.0023,28.59,6.98,1.326,1.144,37.83,0.506,False,0.4833,2.8397
0.7644,0.87984,4,2,47,1,0.0137,0.002,21.4,14.53,1.453,1.204,23.48,0.653,False,0.242,1.8105
0.7644,0.87984,4,2,47,1,-0.0442,-0.0146,34.55,3.79,1.498,1.382,36.39,0.575,False,0.6525,2.5901
0.7644,0.87984,4,2,47,1,-0.0155,-0.0125,25.33,4.79,1.541,0.789,20.43,0.751,False,0.1266,1.5734
0.7644,0.87984,4,2,47,1,-0.0019,-0.0088,38.19,12.95,1.628,0.754,28.75,0.699,False,0.0607,13.4801
0.7644,0.87984,4,2,47,1,-0.0457,-0.0061,20.43,9.18,0.884,1.318,21.26,0.48,False,0.5186,0.7485
0.7644,0.87984,4,2,47,1,0.0179,0.0033,40.0,6.41,1.74,0.96,38.08,0.536,False,0.2212,2.7487
0.7644,0.87984,4,2,47,1,-0.0163,-0.0113,22.61,5.32,1.066,0.848,24.51,0.625,False,0.0707,3.9858
0.7644,0.87984,4,2,47,1,0.0202,0.0075,43.68,11.88,1.418,1.272,31.74,0.776,False,0.2986,1.6125
0.7644,0.87984,4,2,47,1,-0.0108,-0.0132,22.13,13.42,1.698,0.802,28.52,0.413,False,0.2399,2.3007
0.7644,0.87984,4,2,47,1,-0.0607,0.0006,31.31,2.09,1.726,1.142,26.77,0.441,False,0.8348,1.2973
0.7644,0.87984,4,2,47,1,-0.0211,-0.0166,33.6,2.67,0.819,1.34,30.92,0.549,False,0.4366,1.7885
0.7644,0.87984,4,2,47,1,0.0057,-0.011,42.18,7.81,1.353,0.933,39.88,0.762,False,0.1149,5.9208
0.7644,0.87984,4,2,47,1,0.0116,0.0029,35.65,3.68,1.264,0.714,35.61,0.643,False,0.066,7.7129
0.7644,0.87984,4,2,47,1,-0.055,-0.0155,42.85,5.72,0.956,1.033,34.22,0.573,True,0.1352,8.1215
0.7644,0.87984,4,2,47,1,-0.0002,0.0045,41.01,10.19,0.84,0.89,22.45,0.434,False,0.0895,6.4162
0.7644,0.87984,4,2,47,1,-0.004,0.0084,44.56,8.41,1.167,1.181,21.98,0.485,False,0.19,3.6106
0.7644,0.87984,4,2,47,1,-0.0541,-0.0009,24.61,6.32,1.378,0.736,30.45,0.609,False,0.3834,2.4561
0.7644,0.87984,4,2,47,1,-0.025,-0.006,27.54,7.41,0.907,1.067,32.56,0.591,False,0.4705,1.988
0.7644,0.87984,4,2,47,1,-0.0496,-0.0184,36.12,11.3,1.0,0.881,25.67,0.789,False,0.3497,4.5258
0.7644,0.87984,4,2,47,1,-0.0263,0.0068,40.65,10.87,1.297,0.827,38.83,0.521,True,0.5999,0.3596
0.7644,0.91728,4,4,49,1,-0.0252,-0.0153,30.9,12.67,1.149,1.224,31.09,0.569,False,0.1425,8.9011
0.7644,0.91728,4,4,49,1,-0.0097,-0.0147,37.04,5.3,1.682,0.878,39.93,0.601,True,0.1227,2.0074
0.7644,0.91728,4,4,49,1,-0.0316,-0.0095,35.73,6.59,1.352,0.897,35.85,0.778,False,0.0963,12.7515
0.7644,0.91728,4,4,49,1,-0.0495,0.0011,32.2,4.11,1.133,1.179,29.95,0.668,False,0.1453,6.8222
0.7644,0.91728,4,4,49,1,-0.037,0.0078,28.49,4.31,1.411,0.929,27.94,0.616,False,0.1194,4.552
0.7644,0.91728,4,4,49,1,0.0202,-0.0066,36.19,12.36,1.294,1.268,32.03,0.685,False,0.2062,2.4662
0.7644,0.91728,4,4,49,1,-0.0475,-0.0073,42.8,7.35,1.471,1.284,28.94,0.6,False,0.1669,9.9147
0.7644,0.91728,4,4,49,1,-0.0594,0.0024,23.57,9.03,0.852,1.136,31.67,0.721,False,0.354,4.3254
0.7644,0.91728,4,4,49,1,-0.0608,-0.0107,20.17,13.47,1.725,1.381,25.89,0.407,False,1.1883,0.5513
0.7644,0.91728,4,4,49,1,-0.0016,-0.0193,27.42,11.4,1.63,0.729,24.93,0.557,False,0.1207,3.575
0.7644,0.91728,4,4,49,1,-0.0418,-0.0083,37.96,2.49,0.919,1.32,28.07,0.461,False,1.0421,1.2147
0.7644,0.91728,4,4,49,1,-0.0669,-0.0182,38.53,14.56,1.005,0.99,21.32,0.643,False,0.2515,5.7053
0.7644,0.91728,4,4,49,1,0.0152,-0.001,26.45,10.78,1.756,0.953,26.78,0.655,False,0.0264,15.2058
0.7644,0.91728,4,4,49,1,-0.0662,0.0086,21.54,6.91,1.238,1.105,39.11,0.531,False,0.2854,4.4328
0.7644,0.91728,4,4,49,1,0.0,-0.0,39.71,13.18,1.442,1.027,38.59,0.709,False,0.0613,13.4762
0.7644,0.91728,4,4,49,1,-0.0558,0.0044,25.22,8.29,1.77,0.958,23.9,0.427,False,0.4196,1.2947
0.7644,0.91728,4,4,49,1,0.0167,0.005,34.63,8.73,1.209,1.007,34.57,0.705,False,0.1123,4.3346
0.7644,0.91728,4,4,49,1,-0.0054,-0.0034,22.65,13.88,1.505,0.712,37.65,0.418,False,0.3257,2.4091
0.7644,0.91728,4,4,49,1,-0.0143,-0.003,44.41,5.79,0.874,0.775,26.06,0.743,False,0.0755,8.7708
0.7644,0.91728,4,4,49,1,0.0034,0.0064,32.58,3.1,1.052,1.25,33.21,0.767,False,0.097,3.2605
0.7644,0.91728,4,4,49,1,-0.0099,0.0004,22.14,14.59,1.315,1.193,24.14,0.503,False,0.1288,4.2169
0.7644,0.91728,4,4,49,1,-0.0412,-0.006,41.87,7.73,0.808,0.752,35.15,0.452,True,1.0575,0.8942
0.7644,0.91728,4,4,49,1,-0.0263,-0.0132,29.51,3.31,1.638,1.072,22.53,0.534,False,0.12,2.6724
0.7644,0.91728,4,4,49,1,-0.0215,-0.0128,43.83,4.96,0.951,1.155,22.77,0.75,False,0.1379,4.2595
0.7644,0.91728,4,4,49,1,0.0104,-0.0048,40.77,10.26,1.39,1.352,21.74,0.8,False,0.0952,4.0451
0.7644,0.91728,4,4,49,1,0.007,0.0091,30.44,11.72,1.543,1.369,36.58,0.627,False,0.1939,3.646
0.7644,0.91728,4,4,49,1,0.0228,-0.0177,33.91,9.53,0.981,0.816,20.61,0.517,False,0.0433,3.8292
0.7644,0.91728,4,4,49,1,-0.0328,0.0033,41.22,6.14,1.089,0.819,30.62,0.487,False,1.1802,1.1829
0.7644,0.91728,4,4,49,1,-0.0192,-0.0114,24.57,2.13,1.187,1.087,37.31,0.576,False,0.0545,8.6294
0.7644,0.91728,4,4,49,1,-0.0531,-0.0169,28.08,9.88,1.583,0.841,33.91,0.474,False,0.5727,2.5463
0.7644,0.936,4,5,50,1,0.0029,-0.0036,42.13,5.65,1.582,1.393,31.92,0.711,False,0.0827,6.9929
0.7644,0.936,4,5,50,1,-0.0445,0.0013,40.14,4.04,0.818,1.186,34.07,0.652,False,0.5177,3.1432
0.7644,0.936,4,5,50,1,0.0168,-0.0052,39.89,6.54,0.991,1.107,32.42,0.62,False,0.3227,1.4117
0.7644,0.936,4,5,50,1,0.0097,-0.0097,29.57,12.83,1.693,0.939,33.62,0.535,False,0.0309,22.9119
0.7644,0.936,4,5,50,1,-0.0105,-0.0163,23.99,13.36,1.228,1.204,23.5,0.47,False,0.1962,2.3877
0.7644,0.936,4,5,50,1,-0.0395,-0.0114,22.1,9.28,1.314,1.346,29.91,0.574,False,0.1565,5.9714
0.7644,0.936,4,5,50,1,-0.0005,-0.0199,28.92,9.69,1.425,1.302,37.99,0.424,False,0.079,11.2423
0.7644,0.936,4,5,50,1,-0.0462,0.0059,43.79,4.17,0.962,0.788,37.3,0.729,True,0.8748,1.9864
0.7644,0.936,4,5,50,1,-0.0081,0.0043,36.38,10.88,1.356,0.859,31.08,0.705,False,0.383,2.2889
0.7644,0.936,4,5,50,1,-0.0205,0.0031,30.59,12.13,0.859,1.152,28.62,0.552,False,0.0576,17.7982
0.7644,0.936,4,5,50,1,0.0144,-0.017,32.13,2.41,1.251,1.047,36.02,0.508,False,0.0721,6.2345
0.7644,0.936,4,5,50,1,-0.0611,-0.0145,28.11,14.42,1.37,1.011,26.76,0.497,False,0.864,1.4766
0.7644,0.936,4,5,50,1,-0.0549,-0.0182,34.79,11.75,1.183,0.761,24.05,0.78,False,0.2281,6.935
0.7644,0.936,4,5,50,1,-0.0138,-0.0063,31.17,13.73,0.891,0.894,27.75,0.771,False,0.0285,31.9117
0.7644,0.936,4,5,50,1,-0.0273,0.0091,20.23,7.45,1.287,1.241,20.15,0.79,False,0.0405,7.9714
0.7644,0.936,4,5,50,1,0.019,-0.0028,37.67,7.77,1.099,1.269,23.19,0.595,False,0.2134,1.3506
0.7644,0.936,4,5,50,1,-0.0174,0.0079,42.52,8.65,1.058,0.798,20.87,0.677,False,0.0241,26.8157
0.7644,0.936,4,5,50,1,-0.0524,0.0066,24.59,8.39,1.435,0.97,28.89,0.66,False,0.2873,3.8931
0.7644,0.936,4,5,50,1,-0.0648,-0.0078,44.76,2.74,1.533,1.13,25.91,0.401,True,1.2035,0.5225
0.7644,0.936,4,5,50,1,0.0234,0.0086,25.22,13.21,1.66,1.37,22.52,0.464,False,0.1508,1.3932
0.7644,0.936,4,5,50,1,-0.0313,-0.0123,35.28,5.2,1.471,0.994,25.2,0.739,False,0.0972,6.3806
0.7644,0.936,4,5,50,1,0.0076,0.002,33.1,3.35,1.118,0.706,39.07,0.573,False,0.1868,2.9606
0.7644,0.936,4,5,50,1,-0.0692,-0.0136,26.55,14.57,1.601,0.869,21.7,0.609,False,0.3109,3.8778
0.7644,0.936,4,5,50,1,-0.0373,-0.016,21.47,11.17,1.021,0.724,34.91,0.63,False,0.2555,5.8635
0.7644,0.936,4,5,50,1,-0.0334,-0.0001,33.58,10.17,0.928,1.311,39.88,0.749,False,0.1892,8.1407
0.7644,0.936,4,5,50,1,-0.0503,-0.0109,37.49,5.97,1.785,0.829,26.29,0.687,True,0.651,0.3548
0.7644,0.936,4,5,50,1,-0.0003,-0.0083,22.99,3.16,1.754,1.226,30.23,0.528,False,0.2884,0.7056
0.7644,0.936,4,5,50,1,-0.059,-0.0012,41.02,10.29,1.733,1.069,38.19,0.481,True,0.9701,0.5904
0.7644,0.936,4,5,50,1,-0.0059,-0.0048,26.76,4.66,1.516,0.933,32.7,0.44,False,0.2842,1.6943
0.7644,0.936,4,5,50,1,-0.0249,0.0,38.36,6.99,1.166,1.079,35.77,0.441,True,1.1305,0.4411
0.78,0.86112,5,1,57,1,-0.0095,0.0067,30.64,12.8,1.071,1.236,25.11,0.444,False,0.4559,1.315
0.78,0.86112,5,1,57,1,-0.0259,-0.0146,21.54,5.24,1.568,0.821,20.7,0.663,False,0.0309,7.4646
0.78,0.86112,5,1,57,1,-0.0627,-0.0031,23.07,11.53,1.436,1.311,30.47,0.405,False,2.1377,0.4247
0.78,0.86112,5,1,57,1,-0.0638,0.0024,41.68,2.8,1.25,0.879,38.36,0.553,True,0.1371,2.2325
0.78,0.86112,5,1,57,1,-0.0495,-0.0175,39.31,6.51,1.304,1.112,25.88,0.486,False,0.2974,4.0939
0.78,0.86112,5,1,57,1,-0.0572,-0.0138,25.47,11.29,0.901,0.789,32.48,0.698,False,0.1787,10.4732
0.78,0.86112,5,1,57,1,-0.0673,0.0009,33.68,10.89,1.522,0.743,39.21,0.572,True,0.7167,0.4875
0.78,0.86112,5,1,57,1,-0.0466,0.0034,22.42,13.37,1.783,0.956,28.08,0.527,False,0.8711,1.3473
0.78,0.86112,5,1,57,1,0.0197,-0.0015,37.34,14.44,1.558,0.716,39.71,0.714,False,0.2285,2.6592
0.78,0.86112,5,1,57,1,-0.0126,0.0017,20.81,7.02,1.228,0.927,20.07,0.745,False,0.0511,4.1126
0.78,0.86112,5,1,57,1,0.0128,-0.0197,36.41,10.42,1.731,1.351,22.34,0.582,False,0.1121,3.2661
0.78,0.86112,5,1,57,1,-0.005,-0.0056,38.75,2.14,1.698,0.993,34.69,0.611,False,0.0946,8.1581
0.78,0.86112,5,1,57,1,-0.0542,-0.0115,32.76,7.72,1.045,0.767,34.22,0.794,False,0.2844,5.9855
0.78,0.86112,5,1,57,1,-0.0598,-0.0163,31.95,14.85,1.01,0.958,33.64,0.434,False,1.9503,0.8655
0.78,0.86112,5,1,57,1,0.0053,-0.0085,24.81,9.95,1.611,1.057,29.19,0.67,False,0.1572,3.251
0.78,0.86112,5,1,57,1,0.0112,-0.0157,42.77,7.26,0.867,0.907,31.42,0.47,False,0.0746,9.6053
0.78,0.86112,5,1,57,1,-0.0354,-0.0045,28.29,3.8,1.406,1.094,35.64,0.685,False,0.0692,14.3721
0.78,0.86112,5,1,57,1,-0.0206,-0.0077,35.3,9.19,1.356,1.12,22.76,0.771,False,0.1015,6.9727
0.78,0.86112,5,1,57,1,-0.0397,-0.0007,26.06,4.85,1.17,1.364,23.6,0.617,False,0.1547,3.2726
0.78,0.86112,5,1,57,1,0.006,-0.0108,40.27,13.87,1.651,1.143,26.83,0.593,False,0.0714,10.2075
0.78,0.86112,5,1,57,1,-0.0431,0.0094,44.3,12.19,0.852,0.816,29.91,0.723,True,0.8834,1.425
0.78,0.86112,5,1,57,1,-0.0181,-0.0125,43.98,3.63,1.102,1.303,21.92,0.5,False,0.3184,2.2973
0.78,0.86112,5,1,57,1,-0.0327,-0.0097,24.09,13.0,0.96,1.007,37.85,0.415,False,1.6203,0.8229
0.78,0.86112,5,1,57,1,-0.0238,-0.0066,26.91,2.98,1.487,1.259,32.76,0.457,False,0.7987,0.8317
0.78,0.86112,5,1,57,1,-0.0131,-0.002,29.72,8.81,1.288,1.038,30.76,0.51,False,0.7526,1.0681
0.78,0.86112,5,1,57,1,0.0224,0.0081,28.77,5.52,1.387,1.277,36.02,0.634,False,0.1325,2.3851
0.78,0.86112,5,1,57,1,0.0,0.0049,41.44,8.2,0.983,1.394,24.11,0.779,False,0.0735,6.7287
0.78,0.86112,5,1,57,1,-0.001,0.0056,37.81,9.43,1.742,0.854,26.1,0.65,False,0.0402,17.1112
0.78,0.86112,5,1,57,1,0.0184,-0.0187,34.92,6.18,0.8,1.193,36.95,0.543,False,0.3336,1.6286
0.78,0.86112,5,1,57,1,-0.0311,0.0071,30.95,4.52,1.14,1.167,27.78,0.758,False,0.2414,2.5802
0.78,0.87984,5,2,58,1,-0.0605,-0.0189,28.67,5.35,1.705,1.185,28.44,0.602,False,0.2098,5.4351
0.78,0.87984,5,2,58,1,-0.0563,-0.0145,32.08,2.63,0.809,0.834,21.46,0.767,False,0.081,6.0348
0.78,0.87984,5,2,58,1,-0.034,-0.0178,44.03,14.68,1.666,0.796,35.24,0.679,True,0.3365,0.5957
0.78,0.87984,5,2,58,1,0.0211,-0.0114,24.55,11.2,1.072,1.195,25.91,0.756,False,0.1772,2.1621
0.78,0.87984,5,2,58,1,-0.0151,0.0004,20.48,10.74,1.572,1.098,22.3,0.59,False,0.1338,3.014
0.78,0.87984,5,2,58,1,-0.02,-0.0107,37.76,13.28,1.55,1.026,36.79,0.729,False,0.1784,7.2
0.78,0.87984,5,2,58,1,-0.0266,0.0079,26.71,4.22,1.016,1.163,33.81,0.486,False,0.1129,6.0893
0.78,0.87984,5,2,58,1,-0.0227,-0.0043,44.81,10.65,1.201,1.052,30.04,0.66,False,0.0901,14.0997
0.78,0.87984,5,2,58,1,-0.0648,-0.0008,29.58,6.26,1.053,1.303,27.12,0.472,False,1.2998,0.5903
0.78,0.87984,5,2,58,1,0.0108,0.0052,27.9,12.58,1.502,0.883,39.28,0.62,False,0.1043,6.1151
0.78,0.87984,5,2,58,1,-0.0418,-0.006,34.35,3.16,1.456,1.37,36.19,0.535,False,0.838,2.0458
0.78,0.87984,5,2,58,1,0.0067,-0.008,43.11,9.04,1.112,0.984,29.33,0.455,False,0.2269,3.7637
0.78,0.87984,5,2,58,1,0.0136,0.0036,26.06,6.5,1.184,1.249,39.88,0.506,False,0.1928,2.3618
0.78,0.87984,5,2,58,1,-0.0406,-0.0162,41.7,2.25,1.691,1.33,23.32,0.427,False,1.7343,0.7212
0.78,0.87984,5,2,58,1,0.0247,-0.0015,36.14,5.85,0.957,0.779,24.37,0.515,False,0.1694,1.4578
0.78,0.87984,5,2,58,1,-0.0002,-0.0132,21.64,6.83,0.995,0.966,31.16,0.566,False,0.0644,5.2262
0.78,0.87984,5,2,58,1,-0.0627,0.0085,39.15,12.09,1.427,1.389,29.91,0.559,False,0.8547,2.277
0.78,0.87984,5,2,58,1,-0.0685,0.0068,30.29,3.64,0.842,0.769,35.59,0.533,True,1.0663,1.3318
0.78,0.87984,5,2,58,1,-0.0504,-0.016,41.06,10.07,1.476,0.727,20.93,0.631,False,0.1727,6.7482
0.78,0.87984,5,2,58,1,-0.0301,-0.0072,40.2,14.41,1.751,1.234,24.68,0.779,False,0.1621,7.9641
0.78,0.87984,5,2,58,1,-0.0164,-0.0033,32.71,13.12,1.289,1.325,23.74,0.58,False,0.1139,6.9011
0.78,0.87984,5,2,58,1,-0.0516,0.0027,23.56,8.11,1.791,0.934,26.18,0.742,False,0.1153,8.3886
0.78,0.87984,5,2,58,1,-0.0004,-0.0029,23.14,14.02,1.136,1.044,20.38,0.794,False,0.1378,3.6622
0.78,0.87984,5,2,58,1,-0.0044,-0.0195,35.82,7.31,0.925,1.127,27.6,0.644,False,0.1037,5.5594
0.78,0.87984,5,2,58,1,-0.0371,-0.0057,22.17,11.59,1.375,0.904,33.07,0.405,False,1.557,0.5353
0.78,0.87984,5,2,58,1,-0.007,0.0043,33.89,8.05,1.607,1.27,31.99,0.425,False,0.1091,7.15
0.78,0.87984,5,2,58,1,-0.0478,-0.0096,25.23,3.97,1.313,0.716,34.17,0.683,False,0.0959,9.6268
0.78,0.87984,5,2,58,1,-0.0117,-0.0128,39.42,4.9,0.872,1.081,32.25,0.716,False,0.108,7.0364
0.78,0.87984,5,2,58,1,0.0041,0.0098,37.17,9.41,1.334,0.84,37.53,0.447,True,0.6068,0.287
0.78,0.87984,5,2,58,1,0.0186,0.0018,31.11,8.82,1.248,0.922,38.59,0.695,False,0.1279,4.0762
0.7644,0.99216,4,8,53,1,-0.0561,-0.015,21.77,11.03,1.402,0.962,36.83,0.66,False,0.4744,4.216
0.7644,0.99216,4,8,53,1,-0.0229,-0.0123,29.73,8.65,0.964,1.379,27.03,0.689,False,0.1328,5.6585
0.7644,0.99216,4,8,53,1,-0.0496,0.0042,36.18,14.09,0.906,0.906,25.56,0.471,False,0.922,1.1896
0.7644,0.99216,4,8,53,1,-0.016,0.0003,26.44,11.57,1.31,0.991,29.14,0.405,False,0.5178,1.1675
0.7644,0.99216,4,8,53,1,-0.0667,-0.008,40.29,7.76,1.438,1.1,30.21,0.505,False,1.533,1.3127
0.7644,0.99216,4,8,53,1,-0.0436,0.0021,39.87,9.65,1.528,1.22,38.99,0.625,False,0.6541,3.3094
0.7644,0.99216,4,8,53,1,0.0004,-0.0149,27.38,14.72,1.651,1.305,21.73,0.642,False,0.2406,2.1752
0.7644,0.99216,4,8,53,1,-0.0313,-0.0006,42.16,12.42,1.111,1.011,32.92,0.534,False,0.457,3.3802
0.7644,0.99216,4,8,53,1,-0.0382,-0.0134,21.6,13.57,1.571,1.349,37.53,0.568,False,0.5155,3.3106
0.7644,0.99216,4,8,53,1,-0.0589,0.004,27.91,12.08,1.563,1.07,21.17,0.554,False,0.2428,3.3289
0.7644,0.99216,4,8,53,1,0.0173,0.0012,41.17,6.18,1.623,0.747,34.24,0.61,False,0.2585,2.0518
0.7644,0.99216,4,8,53,1,-0.0063,0.0094,34.09,4.5,1.395,1.183,30.92,0.481,False,0.052,10.266
0.7644,0.99216,4,8,53,1,-0.0626,-0.0033,22.54,14.51,0.863,0.758,32.58,0.676,False,0.1059,18.7439
0.7644,0.99216,4,8,53,1,0.0198,-0.0099,28.55,7.63,1.191,1.357,36.13,0.425,False,0.1259,3.6745
0.7644,0.99216,4,8,53,1,-0.028,-0.011,31.85,4.01,0.889,0.704,38.05,0.761,False,0.1485,6.2709
0.7644,0.99216,4,8,53,1,-0.0398,-0.0016,43.68,5.71,1.151,0.95,24.4,0.593,False,0.3753,2.9999
0.7644,0.99216,4,8,53,1,-0.0456,-0.0029,42.76,8.3,1.298,1.156,23.89,0.748,False,0.2181,5.4929
0.7644,0.99216,4,8,53,1,0.0046,-0.0056,36.92,10.61,1.743,0.863,31.99,0.448,False,0.0884,8.8448
0.7644,0.99216,4,8,53,1,-0.0198,-0.0171,38.16,3.29,1.709,1.277,23.18,0.636,False,0.1255,3.4319
0.7644,0.99216,4,8,53,1,-0.011,-0.0186,20.5,2.59,0.83,1.078,35.68,0.574,False,0.0666,3.2866
0.7644,0.99216,4,8,53,1,-0.0013,-0.0163,25.31,6.83,1.494,0.872,33.94,0.531,False,0.275,1.5541
0.7644,0.99216,4,8,53,1,-0.0087,0.0078,30.59,12.99,1.799,1.124,26.65,0.703,False,0.1831,4.4856
0.7644,0.99216,4,8,53,1,0.0154,0.0089,23.39,9.82,1.044,1.042,24.94,0.429,False,0.0254,7.161
0.7644,0.99216,4,8,53,1,-0.067,-0.0049,35.8,8.98,1.695,0.824,27.43,0.739,False,0.1638,11.2907
0.7644,0.99216,4,8,53,1,-0.0185,-0.02,24.6,5.06,1.097,0.77,22.63,0.776,False,0.0947,1.9745
0.7644,0.99216,4,8,53,1,0.0228,-0.0078,38.56,11.36,1.219,0.911,20.41,0.462,False,0.1054,2.7338
0.7644,0.99216,4,8,53,1,0.0114,0.007,31.06,3.39,1.021,1.2,35.12,0.72,False,0.0293,9.951
0.7644,0.99216,4,8,53,1,0.0072,-0.0067,33.31,2.29,0.968,0.794,28.13,0.72,False,0.1036,1.9155
0.7644,0.99216,4,8,53,1,-0.0323,-0.0119,34.78,4.7,1.257,1.313,39.93,0.52,True,0.1748,1.104
0.7644,0.99216,4,8,53,1,-0.0532,0.0056,44.38,6.45,1.353,1.257,29.92,0.79,False,0.2215,7.7583
0.7644,1.01088,4,9,54,1,-0.0198,-0.0171,20.22,5.18,1.722,0.769,36.09,0.458,False,0.3306,1.3791
0.7644,1.01088,4,9,54,1,-0.0355,0.0076,38.15,4.52,0.827,0.884,20.22,0.55,False,0.1732,2.8056
0.7644,1.01088,4,9,54,1,-0.0308,-0.0063,34.02,12.78,0.981,1.211,22.88,0.581,False,0.3425,2.854
0.7644,1.01088,4,9,54,1,-0.0587,0.0092,28.81,13.96,1.298,0.83,25.13,0.402,False,1.3121,0.5752
0.7644,1.01088,4,9,54,1,0.0205,-0.0073,34.82,10.27,0.898,1.14,29.17,0.5,False,0.2519,1.9246
0.7644,1.01088,4,9,54,1,-0.0485,-0.0027,27.77,5.9,1.429,0.844,26.28,0.527,False,0.2412,3.0212
0.7644,1.01088,4,9,54,1,-0.064,0.0005,35.07,3.82,0.836,1.384,21.51,0.737,False,0.1039,8.1332
0.7644,1.01088,4,9,54,1,0.0227,-0.0107,42.04,6.97,1.558,0.931,27.83,0.433,False,0.1467,3.8688
0.7644,1.01088,4,9,54,1,-0.0258,0.0019,35.85,3.51,1.151,1.166,23.95,0.657,False,0.0611,7.8483
0.7644,1.01088,4,9,54,1,-0.0538,-0.0198,44.49,14.43,0.908,1.349,31.5,0.784,False,0.7622,2.8827
0.7644,1.01088,4,9,54,1,0.0063,0.0028,38.97,11.09,1.692,0.743,25.97,0.645,False,0.0531,10.6224
0.7644,1.01088,4,9,54,1,-0.0028,0.006,29.21,2.56,1.113,1.296,21.29,0.622,False,0.0241,5.8259
0.7644,1.01088,4,9,54,1,-0.0564,-0.005,23.84,9.36,1.778,1.072,28.04,0.759,False,0.2908,4.9356
0.7644,1.01088,4,9,54,1,-0.0186,-0.0038,20.97,7.95,1.307,0.785,34.73,0.518,False,0.1573,4.2231
0.7644,1.01088,4,9,54,1,0.0017,-0.014,43.77,14.95,1.209,1.096,33.72,0.441,False,0.1029,10.6695
0.7644,1.01088,4,9,54,1,-0.0142,-0.0146,33.04,8.73,1.649,1.171,24.28,0.796,False,0.0818,7.4316
0.7644,1.01088,4,9,54,1,-0.0613,0.0039,26.02,12.95,0.947,1.268,30.95,0.687,False,0.7092,2.9951
0.7644,1.01088,4,9,54,1,-0.008,-0.0012,39.44,7.31,1.041,1.229,38.28,0.725,False,0.1077,8.5041
0.7644,1.01088,4,9,54,1,0.017,0.0069,30.7,11.12,1.067,1.254,30.02,0.719,False,0.2461,1.8803
0.7644,1.01088,4,9,54,1,-0.0432,-0.0001,24.74,5.48,1.197,1.014,37.7,0.417,False,1.0694,0.9264
0.7644,1.01088,4,9,54,1,-0.0406,-0.0182,25.24,12.4,1.438,0.892,29.45,0.763,False,0.217,7.2081
0.7644,1.01088,4,9,54,1,-0.0325,-0.0051,42.86,6.53,1.488,0.957,37.2,0.467,False,0.9424,1.8165
0.7644,1.01088,4,9,54,1,0.0136,0.0044,31.02,8.43,1.4,0.703,27.07,0.68,False,0.0843,4.1821
0.7644,1.01088,4,9,54,1,-0.0468,-0.0093,21.85,3.0,1.59,1.04,33.23,0.485,False,0.6565,1.0647
0.7644,1.01088,4,9,54,1,-0.0244,-0.0166,41.65,9.81,1.027,0.96,39.75,0.588,False,0.626,2.7442
0.7644,1.01088,4,9,54,1,-0.0125,-0.0117,37.13,4.77,1.613,0.999,35.7,0.61,False,0.1849,5.6759
0.7644,1.01088,4,9,54,1,0.0097,0.0086,23.3,13.34,1.501,0.815,32.49,0.7,False,0.1109,5.5223
0.7644,1.01088,4,9,54,1,-0.0055,-0.0088,32.13,11.91,1.348,1.373,38.94,0.57,False,0.1391,7.8204
0.7644,1.01088,4,9,54,1,0.0051,-0.0153,26.67,2.16,1.264,1.316,22.47,0.635,False,0.0459,2.385
0.7644,1.01088,4,9,54,1,-0.0688,-0.0127,40.59,9.49,1.761,1.104,34.49,0.538,True,1.003,0.4541
0.7644,1.0296,4,10,55,1,-0.0106,-0.0083,34.94,7.37,1.284,1.358,28.35,0.422,False,0.8431,0.8759
0.7644,1.0296,4,10,55,1,-0.0469,-0.012,33.39,6.26,1.079,1.137,26.7,0.712,False,0.1515,6.4951
0.7644,1.0296,4,10,55,1,0.0119,-0.0053,29.25,13.26,0.951,1.001,21.78,0.706,False,0.047,9.2031
0.7644,1.0296,4,10,55,1,0.0193,0.0016,40.28,14.6,1.728,1.081,34.91,0.436,False,0.1494,4.6217
0.7644,1.0296,4,10,55,1,0.0154,0.0063,36.07,2.56,0.9,1.393,26.66,0.721,False,0.1848,1.1029
0.7644,1.0296,4,10,55,1,-0.0676,-0.0104,39.65,13.79,1.549,0.952,35.76,0.451,True,1.6646,0.6776
0.7644,1.0296,4,10,55,1,0.006,-0.0162,31.02,4.42,1.127,0.79,29.71,0.465,False,0.3061,1.1403
0.7644,1.0296,4,10,55,1,-0.0054,-0.0067,22.73,12.76,1.031,1.067,38.72,0.595,False,0.0495,20.263
0.7644,1.0296,4,10,55,1,-0.0342,-0.0135,25.47,4.79,1.04,0.807,33.82,0.542,False,0.4207,1.8579
0.7644,1.0296,4,10,55,1,-0.0652,-0.0182,44.56,10.88,1.681,0.713,38.54,0.412,True,0.6755,0.289
0.7644,1.0296,4,10,55,1,-0.0375,0.0058,27.93,8.74,1.785,1.158,20.18,0.736,False,0.0173,35.1135
0.7644,1.0296,4,10,55,1,0.002,0.0042,38.21,3.66,1.254,0.752,27.86,0.649,False,0.0683,6.7476
0.7644,1.0296,4,10,55,1,-0.0306,-0.0013,38.74,5.71,0.84,0.869,20.96,0.767,False,0.2018,2.7811
0.7644,1.0296,4,10,55,1,-0.0005,-0.014,32.99,13.29,1.463,1.237,30.35,0.493,False,0.1438,6.2364
0.7644,1.0296,4,10,55,1,-0.0514,0.0029,28.76,3.74,0.808,1.176,23.53,0.776,False,0.1839,2.8447
0.7644,1.0296,4,10,55,1,0.018,-0.015,43.03,8.1,1.312,0.903,36.39,0.637,False,0.1198,5.1487
0.7644,1.0296,4,10,55,1,-0.0412,-0.0071,22.07,7.97,1.361,1.211,32.67,0.688,False,0.1083,10.3171
0.7644,1.0296,4,10,55,1,-0.0505,-0.0111,32.29,6.38,0.908,0.957,22.86,0.792,False,0.2416,3.0236
0.7644,1.0296,4,10,55,1,-0.0548,-0.0195,36.82,11.99,1.6,1.119,34.27,0.616,False,0.236,10.3335
0.7644,1.0296,4,10,55,1,-0.0417,-0.0092,35.63,5.25,1.229,0.92,31.45,0.661,False,0.4425,3.1716
0.7644,1.0296,4,10,55,1,-0.0216,-0.0048,30.53,9.75,1.483,1.305,31.16,0.555,False,0.089,12.0036
0.7644,1.0296,4,10,55,1,-0.0244,0.0071,41.6,2.32,1.392,0.825,39.8,0.566,True,0.4451,1.6475
0.7644,1.0296,4,10,55,1,-0.0277,0.0099,21.66,11.5,1.521,0.853,25.83,0.678,False,0.0709,13.0039
0.7644,1.0296,4,10,55,1,-0.0176,-0.0024,26.78,11.55,1.585,1.335,24.22,0.53,False,0.2761,2.2977
0.7644,1.0296,4,10,55,1,-0.0615,0.0033,20.79,9.98,1.195,1.322,22.19,0.573,False,0.3766,1.7587
0.7644,1.0296,4,10,55,1,-0.0595,-0.0036,26.62,10.32,1.665,1.015,32.14,0.61,False,0.5139,3.3719
0.7644,1.0296,4,10,55,1,-0.0145,0.0088,23.38,14.31,1.407,0.738,37.11,0.503,False,0.1395,8.7418
0.7644,1.0296,4,10,55,1,-0.0073,-0.0001,43.97,3.29,1.743,1.27,37.73,0.507,False,0.2305,4.94
0.7644,1.0296,4,10,55,1,0.0064,0.0005,24.99,8.97,1.158,1.214,28.73,0.747,False,0.0813,5.378
0.7644,1.0296,4,10,55,1,0.0241,-0.0177,41.9,6.95,0.97,1.031,25.03,0.472,False,0.2999,1.2653
0.7644,0.95472,4,6,51,1,-0.0448,-0.0112,38.56,8.21,1.534,1.374,36.48,0.578,False,0.5509,3.6415
0.7644,0.95472,4,6,51,1,-0.0011,0.0097,22.3,6.64,1.702,1.282,31.74,0.452,False,0.0215,17.9272
0.7644,0.95472,4,6,51,1,-0.0616,-0.012,36.33,14.0,0.92,0.81,25.23,0.568,False,0.2095,7.6609
0.7644,0.95472,4,6,51,1,0.0092,-0.0139,36.96,5.06,1.214,0.901,25.5,0.694,False,0.1809,1.4415
0.7644,0.95472,4,6,51,1,0.0169,-0.017,33.34,3.23,1.754,1.147,27.14,0.589,False,0.1434,1.5278
0.7644,0.95472,4,6,51,1,-0.0101,0.0073,34.51,2.25,1.379,0.733,33.25,0.539,False,0.1547,4.7747
0.7644,0.95472,4,6,51,1,-0.0178,-0.0076,26.33,6.0,1.246,1.393,30.86,0.49,False,0.1392,3.7517
0.7644,0.95472,4,6,51,1,-0.0196,-0.0056,25.73,12.85,1.343,0.953,30.22,0.749,False,0.1485,6.7582
0.7644,0.95472,4,6,51,1,-0.0085,-0.0015,41.55,9.89,1.454,0.96,37.3,0.63,False,0.0695,14.1897
0.7644,0.95472,4,6,51,1,-0.0361,-0.0186,23.92,14.17,1.496,1.007,22.96,0.459,False,0.2401,2.6804
0.7644,0.95472,4,6,51,1,-0.0285,0.0016,44.91,10.41,1.326,1.119,38.71,0.514,False,0.6555,2.7799
0.7644,0.95472,4,6,51,1,0.002,0.0084,37.69,2.54,1.195,1.332,38.32,0.6,False,0.13,5.1919
0.7644,0.95472,4,6,51,1,-0.0063,0.0021,27.8,13.42,0.991,1.239,35.3,0.626,False,0.0548,17.2304
0.7644,0.95472,4,6,51,1,0.0054,-0.0045,31.87,11.31,0.885,0.857,33.49,0.498,False,0.225,2.8898
0.7644,0.95472,4,6,51,1,-0.0293,0.0043,23.05,7.57,1.123,1.208,22.55,0.784,False,0.03,13.5126
0.7644,0.95472,4,6,51,1,-0.0567,-0.0104,30.73,5.8,1.018,1.035,27.34,0.724,False,0.0548,18.6253
0.7644,0.95472,4,6,51,1,0.0134,-0.01,40.52,10.9,1.052,0.763,35.79,0.475,False,0.0571,13.1757
0.7644,0.95472,4,6,51,1,-0.0446,-0.0008,29.85,11.61,1.654,1.29,23.34,0.405,False,1.2274,0.471
0.7644,0.95472,4,6,51,1,-0.0528,0.0069,28.46,9.32,1.593,1.066,39.39,0.742,False,0.3847,5.4922
0.7644,0.95472,4,6,51,1,-0.0686,-0.0162,24.83,5.03,0.866,1.235,26.32,0.654,False,0.2095,3.4761
0.7644,0.95472,4,6,51,1,-0.0342,-0.0034,21.6,6.77,0.941,0.876,34.54,0.682,False,0.0565,14.2776
0.7644,0.95472,4,6,51,1,0.0103,-0.0085,27.31,12.12,0.816,0.775,37.89,0.554,False,0.2175,3.1182
0.7644,0.95472,4,6,51,1,-0.0601,0.001,43.82,3.35,1.527,1.321,20.07,0.522,False,0.8199,1.5962
0.7644,0.95472,4,6,51,1,0.0216,-0.0145,31.66,9.78,1.63,0.927,28.59,0.71,False,0.3085,1.2436
0.7644,0.95472,4,6,51,1,-0.0402,0.0039,42.38,3.88,1.087,0.83,28.89,0.678,False,0.1437,9.7878
0.7644,0.95472,4,6,51,1,-0.0226,-0.0025,33.27,14.9,1.408,0.989,24.19,0.426,False,1.2033,0.5836
0.7644,0.95472,4,6,51,1,0.0239,-0.0158,35.25,4.22,1.669,1.081,29.67,0.798,False,0.1705,1.5143
0.7644,0.95472,4,6,51,1,-0.0507,-0.0197,39.52,8.5,1.793,1.18,32.28,0.648,False,0.3628,5.4916
0.7644,0.95472,4,6,51,1,-0.0147,0.005,42.57,12.45,1.272,0.719,21.57,0.438,False,0.5468,1.1842
0.7644,0.95472,4,6,51,1,-0.0653,-0.0064,20.21,7.69,1.162,1.124,21.17,0.762,False,0.1792,3.2231
0.78,0.936,5,5,61,1,-0.0375,-0.0094,40.45,7.87,1.053,0.843,35.08,0.8,False,0.2914,5.2066
0.78,0.936,5,5,61,1,-0.0412,-0.0077,33.71,6.39,1.101,1.12,33.22,0.756,False,0.1185,11.363
0.78,0.936,5,5,61,1,-0.0141,-0.0126,26.31,5.01,0.96,1.127,31.37,0.606,False,0.1068,3.9497
0.78,0.936,5,5,61,1,-0.0462,-0.0152,32.72,3.66,1.712,1.266,21.33,0.406,False,1.6773,0.3404
0.78,0.936,5,5,61,1,-0.0622,-0.0014,39.36,12.43,1.019,0.963,35.72,0.562,True,0.7235,0.6432
0.78,0.936,5,5,61,1,-0.0341,-0.0199,35.46,13.83,1.644,1.369,21.05,0.587,False,0.2648,3.4298
0.78,0.936,5,5,61,1,-0.03,0.0061,27.71,12.25,1.329,1.047,32.28,0.464,False,0.7938,1.4474
0.78,0.936,5,5,61,1,-0.0283,0.0031,24.92,9.47,1.578,1.072,37.84,0.534,False,0.3635,3.5992
0.78,0.936,5,5,61,1,-0.0079,0.0047,42.26,10.02,1.154,1.092,22.47,0.655,False,0.2165,2.8759
0.78,0.936,5,5,61,1,0.0066,-0.0116,28.99,13.63,1.604,1.333,29.17,0.68,False,0.1189,5.3322
0.78,0.936,5,5,61,1,0.0185,-0.0058,27.22,11.29,1.352,0.815,28.59,0.547,False,0.2063,1.959
0.78,0.936,5,5,61,1,-0.0683,-0.0005,23.74,14.15,0.81,0.994,24.48,0.705,False,0.5664,2.8085
0.78,0.936,5,5,61,1,-0.058,0.0017,39.14,8.77,1.695,1.021,23.22,0.487,False,1.2039,0.9418
0.78,0.936,5,5,61,1,-0.0022,0.0094,38.16,10.88,1.481,1.389,38.38,0.437,False,0.6456,1.865
0.78,0.936,5,5,61,1,-0.0188,0.0076,29.26,10.34,1.462,1.329,23.84,0.637,False,0.2408,2.5774
0.78,0.936,5,5,61,1,0.0027,-0.0138,20.33,11.85,1.508,1.171,36.21,0.426,False,0.2419,3.0457
0.78,0.936,5,5,61,1,0.0055,0.001,42.7,2.89,1.543,1.153,26.89,0.737,False,0.1212,3.1392
0.78,0.936,5,5,61,1,-0.051,-0.018,22.04,8.46,1.738,0.925,27.49,0.644,False,0.2317,3.8378
0.78,0.936,5,5,61,1,-0.0129,-0.0031,22.91,6.02,1.22,0.772,25.7,0.474,False,0.2495,0.9112
0.78,0.936,5,5,61,1,-0.0201,0.0088,43.62,13.1,0.883,0.761,30.94,0.732,False,0.2869,4.4997
0.78,0.936,5,5,61,1,0.014,-0.0046,41.58,2.81,1.382,1.24,25.18,0.45,False,0.1011,3.85
0.78,0.936,5,5,61,1,0.0245,-0.0171,36.83,5.05,1.783,0.903,34.59,0.523,False,0.1342,3.2029
0.78,0.936,5,5,61,1,-0.0663,-0.0163,31.14,7.39,1.26,0.87,29.67,0.783,False,0.3394,5.1044
0.78,0.936,5,5,61,1,-0.0053,-0.0065,35.91,7.19,1.413,0.737,38.87,0.51,False,0.2914,3.5462
0.78,0.936,5,5,61,1,-0.0519,-0.0087,21.54,5.81,0.99,0.827,39.79,0.765,False,0.2014,6.4804
0.78,0.936,5,5,61,1,-0.0557,0.002,30.53,2.3,1.192,1.203,20.38,0.575,False,0.2659,1.9043
0.78,0.936,5,5,61,1,-0.0436,-0.0147,32.24,4.55,1.093,1.23,30.13,0.707,False,0.3113,3.0861
0.78,0.936,5,5,61,1,0.011,0.0056,34.22,4.06,0.864,0.719,26.2,0.686,False,0.0102,22.5884
0.78,0.936,5,5,61,1,-0.0248,-0.0025,44.79,14.85,1.269,1.301,33.52,0.619,False,0.1701,8.8311
0.78,0.936,5,5,61,1,0.0192,-0.0102,25.54,8.99,0.901,0.94,37.15,0.493,False,0.1634,2.9865
0.7644,0.97344,4,7,52,1,-0.0429,-0.015,25.06,7.86,0.872,0.89,32.02,0.731,False,0.1384,8.9411
0.7644,0.97344,4,7,52,1,-0.023,-0.0197,40.72,11.47,1.274,0.852,28.53,0.54,False,0.9118,1.5662
0.7644,0.97344,4,7,52,1,-0.065,0.0096,22.33,13.06,1.11,1.168,21.01,0.749,False,0.3497,3.6058
0.7644,0.97344,4,7,52,1,-0.0688,0.0071,40.9,5.61,1.156,1.111,30.51,0.583,True,0.4127,1.4704
0.7644,0.97344,4,7,52,1,0.0041,-0.0126,44.28,13.81,1.716,0.7,34.14,0.505,False,0.5242,1.9119
0.7644,0.97344,4,7,52,1,0.0071,-0.007,43.91,12.53,1.38,1.336,26.07,0.594,False,0.3243,2.1612
0.7644,0.97344,4,7,52,1,-0.0492,-0.0031,28.65,9.49,1.491,0.989,39.24,0.627,False,0.6916,2.8589
0.7644,0.97344,4,7,52,1,-0.0165,0.0028,22.78,3.9,1.571,0.949,31.45,0.415,False,0.5177,0.7532
0.7644,0.97344,4,7,52,1,-0.034,-0.0024,30.05,4.17,1.237,0.924,35.86,0.528,False,0.689,1.7934
0.7644,0.97344,4,7,52,1,0.0015,0.0008,31.57,14.63,1.744,1.004,21.56,0.404,False,0.2965,1.7369
0.7644,0.97344,4,7,52,1,-0.0372,-0.0182,37.76,2.3,1.774,0.98,32.81,0.678,False,0.2248,6.3072
0.7644,0.97344,4,7,52,1,-0.0583,-0.005,36.4,4.64,1.333,1.052,38.09,0.787,False,0.2859,7.0826
0.7644,0.97344,4,7,52,1,-0.0139,0.0053,38.8,3.66,1.674,1.087,37.89,0.699,False,0.0861,11.4793
0.7644,0.97344,4,7,52,1,-0.0557,-0.0102,23.86,6.82,1.558,0.879,27.17,0.717,False,0.2541,3.7554
0.7644,0.97344,4,7,52,1,-0.0106,-0.0079,29.76,9.15,1.508,0.834,30.83,0.565,False,0.0887,10.0297
0.7644,0.97344,4,7,52,1,-0.022,0.0065,20.46,11.89,1.648,1.292,36.44,0.429,False,1.1429,0.8748
0.7644,0.97344,4,7,52,1,0.0096,-0.0164,24.69,8.39,0.986,1.037,39.77,0.603,False,0.1187,5.4549
0.7644,0.97344,4,7,52,1,-0.0092,-0.0177,31.73,6.27,0.843,1.191,25.02,0.764,False,0.0807,5.082
0.7644,0.97344,4,7,52,1,0.024,-0.0118,39.81,8.67,1.014,1.147,27.86,0.513,False,0.1976,2.5249
0.7644,0.97344,4,7,52,1,-0.0518,0.0011,33.67,6.38,1.35,1.243,20.27,0.551,False,0.1569,5.0926
0.7644,0.97344,4,7,52,1,0.0218,-0.0159,25.99,2.61,1.211,1.229,29.41,0.448,False,0.1501,1.2745
0.7644,0.97344,4,7,52,1,-0.0275,0.005,41.96,3.05,1.054,1.123,22.0,0.687,False,0.0882,7.3556
0.7644,0.97344,4,7,52,1,-0.001,-0.008,42.71,11.98,1.44,1.385,25.4,0.455,False,0.328,2.748
0.7644,0.97344,4,7,52,1,-0.0623,-0.0048,27.54,14.53,0.801,0.788,23.23,0.481,False,1.0076,0.8229
0.7644,0.97344,4,7,52,1,-0.0391,0.0081,27.29,10.72,1.18,0.804,23.5,0.799,False,0.1062,10.2436
0.7644,0.97344,4,7,52,1,0.0184,-0.0133,33.22,13.58,1.087,0.727,33.46,0.642,False,0.3098,1.7742
0.7644,0.97344,4,7,52,1,-0.0049,-0.0091,36.75,5.18,1.409,1.271,24.4,0.624,False,0.0558,7.745
0.7644,0.97344,4,7,52,1,-0.0466,0.0032,34.49,7.61,0.958,0.759,36.92,0.741,False,0.3759,4.9249
0.7644,0.97344,4,7,52,1,0.0125,-0.0006,21.11,10.04,1.616,1.324,34.72,0.474,False,0.1473,3.2492
0.7644,0.97344,4,7,52,1,-0.0289,-0.0017,35.56,10.32,0.908,1.368,28.9,0.655,False,0.3027,4.3691
0.78,0.91728,5,4,60,1,-0.058,-0.002,33.09,14.06,1.309,0.979,36.91,0.621,False,0.3958,5.4498
0.78,0.91728,5,4,60,1,-0.0254,-0.0036,32.23,14.83,1.067,1.194,23.4,0.401,False,1.6234,0.3639
0.78,0.91728,5,4,60,1,0.0122,0.0086,43.15,3.56,1.376,1.176,20.8,0.678,False,0.0323,5.8978
0.78,0.91728,5,4,60,1,-0.047,-0.011,39.26,8.98,1.515,1.008,25.96,0.771,False,0.1073,12.5593
0.78,0.91728,5,4,60,1,-0.0376,-0.0104,42.21,4.36,1.577,0.989,33.81,0.577,True,0.184,1.5181
0.78,0.91728,5,4,60,1,-0.0316,-0.02,21.67,10.93,1.488,1.38,28.48,0.641,False,0.1725,5.0634
0.78,0.91728,5,4,60,1,-0.0116,-0.0074,30.7,9.62,1.036,0.833,26.96,0.549,False,0.0778,7.4748
0.78,0.91728,5,4,60,1,-0.0208,-0.0147,23.51,4.84,1.602,0.752,22.18,0.75,False,0.1102,1.6355
0.78,0.91728,5,4,60,1,-0.056,-0.0098,41.36,6.87,1.339,1.31,21.97,0.593,False,0.2956,3.7597
0.78,0.91728,5,4,60,1,-0.0611,0.0031,29.74,10.34,1.727,1.265,39.29,0.603,True,0.5469,0.8958
0.78,0.91728,5,4,60,1,-0.0091,-0.001,35.32,8.21,0.861,0.902,37.37,0.43,False,0.5885,1.9659
0.78,0.91728,5,4,60,1,0.0037,-0.0049,24.58,3.84,1.4,1.166,20.49,0.458,False,0.0554,1.6944
0.78,0.91728,5,4,60,1,-0.0677,0.0018,44.62,2.3,1.018,1.136,30.62,0.523,True,1.3388,0.9255
0.78,0.91728,5,4,60,1,-0.0006,0.0061,36.38,2.77,1.279,0.858,25.32,0.453,False,0.0735,5.2134
0.78,0.91728,5,4,60,1,-0.0168,0.002,36.94,13.56,0.92,1.224,36.32,0.468,False,0.6138,2.0442
0.78,0.91728,5,4,60,1,-0.0529,0.0007,44.07,5.56,1.738,0.74,31.08,0.567,True,0.5599,0.4731
0.78,0.91728,5,4,60,1,0.023,0.0096,33.89,5.07,1.785,0.806,31.98,0.697,False,0.1307,2.3397
0.78,0.91728,5,4,60,1,-0.0384,-0.0179,37.76,6.28,0.894,1.071,35.01,0.502,False,0.7692,2.1385
0.78,0.91728,5,4,60,1,0.0178,-0.0184,40.35,10.12,1.684,1.292,33.02,0.686,False,0.2588,1.9213
0.78,0.91728,5,4,60,1,-0.0489,0.0072,28.3,6.73,1.644,0.715,22.95,0.721,False,0.2433,2.7012
0.78,0.91728,5,4,60,1,-0.0272,-0.0151,25.16,7.97,1.134,1.029,32.23,0.78,False,0.208,4.4735
0.78,0.91728,5,4,60,1,-0.0429,-0.017,21.08,12.12,1.226,0.927,38.55,0.534,False,0.9741,1.745
0.78,0.91728,5,4,60,1,-0.0043,0.0058,39.06,2.93,0.801,0.871,24.04,0.709,False,0.1158,2.5821
0.78,0.91728,5,4,60,1,0.0143,-0.0138,27.25,14.33,0.946,1.09,29.35,0.418,False,0.2338,1.9615
0.78,0.91728,5,4,60,1,-0.0141,-0.0064,22.8,12.47,1.241,1.345,28.86,0.485,False,0.1125,6.1381
0.78,0.91728,5,4,60,1,-0.0351,-0.009,20.48,11.92,0.983,0.774,35.43,0.79,False,0.2331,6.1814
0.78,0.91728,5,4,60,1,0.001,-0.0021,34.38,7.35,1.566,1.245,39.67,0.657,False,0.2201,3.2461
0.78,0.91728,5,4,60,1,-0.0641,-0.0051,26.61,11.37,1.448,0.947,34.44,0.634,False,0.6778,3.1505
0.78,0.91728,5,4,60,1,0.0216,0.005,31.06,13.23,1.193,1.101,27.43,0.742,False,0.0659,6.4257
0.78,0.91728,5,4,60,1,0.0091,-0.0129,28.89,8.57,1.127,1.374,26.12,0.508,False,0.1821,1.4447
0.78,0.8424,5,0,56,1,-0.034,-0.0081,29.09,14.52,0.825,1.251,35.19,0.429,False,0.3071,4.299
0.78,0.8424,5,0,56,1,-0.0236,0.0028,35.69,5.22,1.015,1.06,23.06,0.503,False,0.2017,2.1238
0.78,0.8424,5,0,56,1,-0.065,0.0096,43.16,4.86,1.539,0.978,27.17,0.542,True,0.6828,0.4389
0.78,0.8424,5,0,56,1,-0.0217,-0.0013,21.85,13.96,1.691,0.85,23.52,0.763,False,0.2804,3.0468
0.78,0.8424,5,0,56,1,0.0183,0.0076,38.44,13.52,0.924,1.126,25.39,0.653,True,0.8883,0.6608
0.78,0.8424,5,0,56,1,-0.0517,-0.012,22.96,4.15,1.387,0.933,29.29,0.669,False,0.2175,2.4447
0.78,0.8424,5,0,56,1,-0.0105,-0.0173,35.94,2.52,1.206,0.902,33.72,0.4,False,0.1632,5.7721
0.78,0.8424,5,0,56,1,-0.0066,-0.0135,32.47,8.61,1.711,1.331,24.88,0.688,False,0.1397,3.0923
0.78,0.8424,5,0,56,1,-0.0319,0.004,33.33,4.4,0.862,1.219,39.93,0.469,False,0.7363,1.9499
0.78,0.8424,5,0,56,1,0.0032,-0.0123,40.86,3.34,1.151,0.991,36.85,0.587,False,0.2827,2.3154
0.78,0.8424,5,0,56,1,-0.0489,-0.005,25.28,11.73,1.516,0.776,35.7,0.554,False,1.0441,1.7349
0.78,0.8424,5,0,56,1,0.0093,-0.0068,34.3,8.08,1.335,1.386,34.61,0.631,False,0.3065,1.8349
0.78,0.8424,5,0,56,1,0.0129,0.0053,27.88,9.07,0.962,0.795,38.06,0.488,False,0.2676,1.792
0.78,0.8424,5,0,56,1,-0.0087,0.0088,30.0,3.19,1.626,0.836,20.97,0.533,False,0.1273,1.2604
0.78,0.8424,5,0,56,1,-0.0166,-0.016,44.09,7.29,1.251,1.184,36.25,0.722,False,0.1523,7.028
0.78,0.8424,5,0,56,1,-0.0028,-0.0148,24.07,6.68,1.478,1.031,30.8,0.603,False,0.0975,3.9089
0.78,0.8424,5,0,56,1,0.0082,-0.0032,40.47,5.76,1.448,1.362,22.11,0.717,False,0.1594,1.6255
0.78,0.8424,5,0,56,1,-0.0419,-0.0183,44.34,9.86,1.069,0.761,30.16,0.575,False,0.0479,36.4822
0.78,0.8424,5,0,56,1,0.0023,-0.0058,37.6,9.69,0.898,0.738,24.12,0.745,False,0.0286,16.4564
0.78,0.8424,5,0,56,1,-0.0391,-0.007,37.0,11.14,1.057,1.211,29.39,0.661,False,0.1597,9.1682
0.78,0.8424,5,0,56,1,-0.0616,0.0003,20.68,10.75,1.428,1.288,28.23,0.418,False,1.7264,0.4188
0.78,0.8424,5,0,56,1,-0.0699,0.0017,30.41,2.36,1.333,0.884,37.6,0.615,True,0.7077,1.9896
0.78,0.8424,5,0,56,1,-0.026,0.0035,33.4,13.03,0.985,0.723,39.02,0.701,False,0.178,8.3695
0.78,0.8424,5,0,56,1,0.0197,-0.0164,27.47,6.11,1.589,1.083,21.39,0.753,False,0.1289,1.172
0.78,0.8424,5,0,56,1,-0.0159,-0.0101,39.9,12.25,1.184,0.934,31.87,0.774,False,0.0247,41.0081
0.78,0.8424,5,0,56,1,-0.0599,-0.0009,41.96,7.79,1.796,1.025,20.61,0.457,False,0.3803,2.3708
0.78,0.8424,5,0,56,1,-0.0382,-0.0092,30.9,10.62,1.744,1.119,32.47,0.519,False,0.9263,1.5319
0.78,0.8424,5,0,56,1,0.0249,-0.003,24.59,12.75,1.643,1.149,27.93,0.569,False,0.0273,14.7714
0.78,0.8424,5,0,56,1,-0.055,-0.0193,21.29,6.83,1.124,1.279,32.7,0.445,False,0.944,0.7727
0.78,0.8424,5,0,56,1,-0.0475,0.0064,26.62,14.92,1.285,1.312,26.37,0.793,False,0.2752,5.4203
0.78,0.89856,5,3,59,1,-0.0147,-0.0027,36.01,2.43,0.816,1.028,32.34,0.603,False,0.5597,1.4015
0.78,0.89856,5,3,59,1,0.0157,-0.0008,37.58,10.52,1.495,1.064,21.95,0.456,False,0.3499,0.8474
0.78,0.89856,5,3,59,1,-0.0367,0.0069,39.77,4.82,0.969,1.168,38.82,0.422,True,0.4315,0.891
0.78,0.89856,5,3,59,1,-0.0347,0.0098,42.41,4.55,1.351,0.75,24.22,0.694,False,0.1977,5.2019
0.78,0.89856,5,3,59,1,-0.0437,0.0079,31.08,9.95,1.8,1.251,36.83,0.432,False,0.2537,6.3832
0.78,0.89856,5,3,59,1,-0.0584,0.0029,21.28,10.67,1.009,1.37,25.72,0.673,False,0.1864,6.6144
0.78,0.89856,5,3,59,1,0.0201,0.0039,21.97,5.23,1.205,0.743,29.55,0.587,False,0.1257,1.3154
0.78,0.89856,5,3,59,1,-0.0254,-0.0146,23.62,9.15,1.397,1.311,20.87,0.548,False,0.296,1.2745
0.78,0.89856,5,3,59,1,0.0081,0.0052,24.98,14.98,1.534,0.784,28.81,0.411,False,0.2225,2.8235
0.78,0.89856,5,3,59,1,-0.0673,0.0013,30.46,14.14,1.287,0.947,38.17,0.756,True,0.7839,0.881
0.78,0.89856,5,3,59,1,-0.0211,-0.0173,20.13,13.87,1.52,1.297,23.17,0.765,False,0.1725,5.3036
0.78,0.89856,5,3,59,1,-0.0,-0.0054,41.3,9.53,1.424,1.34,36.3,0.726,False,0.1087,7.3695
0.78,0.89856,5,3,59,1,-0.0407,-0.0163,31.8,8.74,1.171,0.829,24.89,0.62,False,0.2342,4.0191
0.78,0.89856,5,3,59,1,-0.0539,-0.0017,44.52,7.23,1.147,0.862,23.36,0.639,False,0.5605,2.7926
0.78,0.89856,5,3,59,1,0.022,-0.011,43.69,5.47,1.036,1.16,33.53,0.56,False,0.1788,2.9161
0.78,0.89856,5,3,59,1,0.0155,-0.0046,28.5,12.99,1.081,1.025,31.41,0.445,False,0.1369,4.7459
0.78,0.89856,5,3,59,1,-0.0044,-0.0063,43.13,11.36,1.633,0.814,33.32,0.665,False,0.2471,3.9858
0.78,0.89856,5,3,59,1,-0.0297,-0.0035,32.73,4.08,0.949,0.865,27.31,0.643,False,0.3404,2.2319
0.78,0.89856,5,3,59,1,0.0121,-0.0071,38.45,13.3,1.122,0.973,20.04,0.596,False,0.2851,1.4638
0.78,0.89856,5,3,59,1,-0.0176,0.0042,34.11,12.11,0.927,1.084,26.43,0.47,False,0.9277,0.9727
0.78,0.89856,5,3,59,1,0.0054,-0.0132,25.94,2.8,1.308,1.133,35.51,0.504,False,0.0811,4.7082
0.78,0.89856,5,3,59,1,-0.0666,0.0001,35.58,6.6,1.445,1.267,37.96,0.791,False,0.238,9.8765
0.78,0.89856,5,3,59,1,-0.0449,-0.01,25.18,6.83,0.837,1.392,28.38,0.522,False,0.9153,0.8794
0.78,0.89856,5,3,59,1,-0.0635,-0.0085,37.26,3.39,1.691,1.098,35.08,0.715,True,0.3398,3.2129
0.78,0.89856,5,3,59,1,-0.0498,-0.0185,23.04,6.2,1.743,0.897,22.12,0.742,False,0.0969,5.1894
0.78,0.89856,5,3,59,1,-0.0267,-0.0152,27.39,11.71,1.717,1.194,30.48,0.686,False,0.3308,3.9392
0.78,0.89856,5,3,59,1,-0.0116,-0.0105,34.49,8.24,1.247,1.224,39.48,0.539,False,0.8068,1.4829
0.78,0.89856,5,3,59,1,-0.0545,-0.0126,28.06,3.25,1.592,0.929,30.75,0.509,False,0.2143,4.7429
0.78,0.89856,5,3,59,1,-0.002,-0.0196,29.29,7.88,1.64,0.704,27.82,0.488,False,0.1902,2.6795
0.78,0.89856,5,3,59,1,-0.0082,0.008,40.14,12.46,0.868,0.988,34.13,0.777,False,0.0658,14.611
0.78,0.97344,5,7,63,1,-0.0341,-0.0176,43.0,4.86,1.615,0.781,33.4,0.513,True,0.4568,0.6324
0.78,0.97344,5,7,63,1,0.0087,-0.0096,25.82,10.5,1.226,1.28,29.17,0.415,False,0.254,1.4858
0.78,0.97344,5,7,63,1,0.0189,-0.0001,28.78,5.14,1.046,1.11,27.46,0.573,False,0.0889,2.3952
0.78,0.97344,5,7,63,1,-0.0434,-0.005,20.71,9.73,1.511,1.376,34.41,0.672,False,0.1597,8.8345
0.78,0.97344,5,7,63,1,-0.0138,0.0019,33.47,4.2,1.786,0.858,21.01,0.464,False,0.2846,1.2565
0.78,0.97344,5,7,63,1,0.0173,-0.0079,30.42,12.7,1.658,1.048,33.18,0.654,False,0.4222,1.3887
0.78,0.97344,5,7,63,1,0.0129,0.0089,20.87,2.04,1.478,0.768,26.11,0.78,False,0.1333,0.5721
0.78,0.97344,5,7,63,1,-0.0204,0.0047,40.02,11.11,1.378,1.074,25.92,0.75,False,0.0938,11.2531
0.78,0.97344,5,7,63,1,-0.0617,0.006,23.04,10.85,1.335,1.398,24.09,0.698,False,0.3014,3.6002
0.78,0.97344,5,7,63,1,-0.0649,-0.0015,43.67,13.98,1.103,1.121,23.81,0.431,False,2.1159,0.5408
0.78,0.97344,5,7,63,1,-0.0476,-0.0112,32.73,8.35,0.852,1.155,35.94,0.772,False,0.2777,6.3831
0.78,0.97344,5,7,63,1,0.0004,-0.0145,39.9,11.71,1.722,1.234,22.97,0.536,False,0.3108,1.8734
0.78,0.97344,5,7,63,1,-0.0109,-0.0036,27.62,11.97,1.09,0.864,22.32,0.449,False,0.1969,1.8846
0.78,0.97344,5,7,63,1,-0.0581,0.0054,36.0,5.66,1.317,0.979,24.83,0.498,False,0.7091,1.6271
0.78,0.97344,5,7,63,1,-0.0524,-0.0194,32.03,2.96,1.573,1.065,36.73,0.736,False,0.1777,9.0213
0.78,0.97344,5,7,63,1,0.0228,-0.0042,34.3,8.89,1.748,0.911,38.6,0.551,False,0.1441,4.0198
0.78,0.97344,5,7,63,1,-0.0003,-0.0182,23.71,10.21,1.167,1.026,31.14,0.649,False,0.1642,3.8136
0.78,0.97344,5,7,63,1,0.0109,0.0024,27.3,6.35,0.882,0.899,21.77,0.484,False,0.0568,2.7463
0.78,0.97344,5,7,63,1,-0.0192,-0.0132,24.78,6.06,0.942,1.202,32.46,0.725,False,0.1582,3.7767
0.78,0.97344,5,7,63,1,-0.0062,0.0038,22.03,14.45,0.829,1.332,30.53,0.584,False,0.2247,4.0137
0.78,0.97344,5,7,63,1,-0.0312,-0.0154,38.0,13.19,1.011,0.796,29.64,0.527,False,0.5207,3.1391
0.78,0.97344,5,7,63,1,-0.0555,0.0094,44.74,6.96,1.147,0.826,39.34,0.681,True,0.7482,0.7963
0.78,0.97344,5,7,63,1,-0.0091,-0.0126,30.98,7.31,0.989,0.945,20.61,0.796,False,0.1121,2.451
0.78,0.97344,5,7,63,1,-0.0698,-0.0087,36.9,4.09,1.236,0.72,35.31,0.41,True,0.7339,0.1817
0.78,0.97344,5,7,63,1,-0.0389,-0.0102,41.24,3.63,1.677,0.729,36.46,0.469,True,0.7934,0.8697
0.78,0.97344,5,7,63,1,-0.0243,0.0076,29.89,14.92,1.564,1.31,26.98,0.603,False,0.1095,11.5882
0.78,0.97344,5,7,63,1,-0.0483,-0.0028,38.9,7.71,0.927,1.288,28.62,0.614,False,0.374,4.3711
0.78,0.97344,5,7,63,1,-0.0383,0.0001,42.17,9.16,1.446,1.258,37.97,0.588,False,0.6636,3.1193
0.78,0.97344,5,7,63,1,0.0045,-0.0066,35.72,13.53,1.416,0.982,31.56,0.714,False,0.0571,12.0904
0.78,0.97344,5,7,63,1,-0.0266,-0.017,26.12,2.81,1.285,1.175,38.84,0.634,False,0.0954,7.92
0.78,0.95472,5,6,62,1,-0.0265,-0.0154,23.72,6.42,1.474,1.157,29.81,0.41,False,0.8423,0.5912
0.78,0.95472,5,6,62,1,0.0098,-0.01,27.68,5.63,1.636,1.383,37.19,0.455,False,0.0209,27.7437
0.78,0.95472,5,6,62,1,0.0213,-0.0073,31.56,10.57,1.32,0.729,25.53,0.592,False,0.1223,3.1056
0.78,0.95472,5,6,62,1,-0.0566,-0.003,34.08,3.91,1.026,1.086,30.43,0.777,False,0.2435,5.9224
0.78,0.95472,5,6,62,1,-0.0138,-0.017,41.54,2.61,0.857,0.999,22.59,0.494,False,0.3836,1.8766
0.78,0.95472,5,6,62,1,-0.0498,0.0078,34.88,6.89,0.814,1.121,21.51,0.766,False,0.2419,3.7036
0.78,0.95472,5,6,62,1,-0.0182,0.0032,26.89,11.14,1.442,1.222,32.31,0.548,False,0.4223,2.6296
0.78,0.95472,5,6,62,1,0.0247,-0.0136,44.0,3.29,1.758,1.303,39.2,0.469,False,0.554,1.3522
0.78,0.95472,5,6,62,1,-0.0066,-0.008,37.39,14.24,1.106,0.956,33.67,0.426,False,0.6922,1.8315
0.78,0.95472,5,6,62,1,-0.0603,0.0,33.16,7.59,1.767,0.788,26.05,0.694,False,0.5147,2.9155
0.78,0.95472,5,6,62,1,-0.054,-0.0004,40.48,14.66,1.281,0.817,23.42,0.744,False,0.3092,6.0409
0.78,0.95472,5,6,62,1,0.0171,-0.015,21.7,12.82,1.087,0.976,27.31,0.604,False,0.0237,19.2569
0.78,0.95472,5,6,62,1,-0.029,0.0088,29.88,8.42,1.213,1.21,35.77,0.725,False,0.1951,7.2064
0.78,0.95472,5,6,62,1,-0.0478,-0.0032,38.61,9.38,0.889,1.246,29.11,0.538,False,1.2808,1.3831
0.78,0.95472,5,6,62,1,-0.0337,-0.0181,39.76,3.72,1.695,1.314,20.23,0.749,False,0.0948,6.0911
0.78,0.95472,5,6,62,1,-0.0219,-0.0116,21.14,2.12,1.364,0.897,37.42,0.489,False,0.6384,0.8098
0.78,0.95472,5,6,62,1,-0.0081,0.0015,32.14,13.11,0.992,0.752,34.23,0.51,False,0.3008,3.6472
0.78,0.95472,5,6,62,1,-0.0008,-0.0121,25.2,6.05,1.189,0.714,24.83,0.561,False,0.1821,1.4134
0.78,0.95472,5,6,62,1,-0.0254,-0.0055,35.34,5.1,1.397,0.812,28.33,0.621,False,0.378,2.5715
0.78,0.95472,5,6,62,1,-0.067,-0.018,36.31,8.99,1.534,1.348,39.66,0.688,False,0.5569,5.0201
0.78,0.95472,5,6,62,1,-0.0621,-0.0095,38.02,10.97,0.945,0.842,36.24,0.649,True,0.9757,1.0531
0.78,0.95472,5,6,62,1,-0.0434,-0.02,44.28,13.51,1.234,0.926,23.16,0.635,False,0.4126,4.2152
0.78,0.95472,5,6,62,1,-0.0102,-0.0043,22.85,4.28,1.066,1.175,33.02,0.788,False,0.0947,3.6465
0.78,0.95472,5,6,62,1,-0.0651,0.0066,20.51,8.85,1.731,1.363,27.5,0.435,False,1.0386,0.6354
0.78,0.95472,5,6,62,1,-0.0415,0.0046,24.89,11.83,1.576,1.05,38.62,0.574,False,0.9472,2.0303
0.78,0.95472,5,6,62,1,0.006,0.0029,42.41,11.98,0.9,1.012,31.32,0.657,False,0.2009,3.6054
0.78,0.95472,5,6,62,1,0.0129,-0.0016,29.1,10.03,1.606,1.114,20.73,0.526,False,0.1375,1.8926
0.78,0.95472,5,6,62,1,0.0,-0.0064,42.61,4.78,1.404,1.041,35.25,0.672,False,0.0354,21.0572
0.78,0.95472,5,6,62,1,-0.0367,0.0057,26.26,13.89,1.164,1.268,24.5,0.443,False,1.2983,0.5857
0.78,0.95472,5,6,62,1,0.0065,0.0097,30.46,7.93,1.513,0.871,31.47,0.707,False,0.1295,4.139
0.78,0.99216,5,8,64,1,-0.0303,-0.0001,40.14,8.05,0.99,1.033,29.45,0.758,False,0.2788,4.5966
0.78,0.99216,5,8,64,1,-0.0484,-0.0141,38.15,10.87,1.047,0.707,35.5,0.49,False,0.5562,3.255
0.78,0.99216,5,8,64,1,-0.0457,0.0023,35.11,11.11,1.64,1.344,34.69,0.475,False,1.8031,1.1297
0.78,0.99216,5,8,64,1,-0.0065,0.0041,43.25,8.88,0.827,1.288,36.95,0.54,False,0.3055,3.8481
0.78,0.99216,5,8,64,1,-0.0201,-0.0106,39.02,8.47,1.709,1.269,38.86,0.668,False,0.2124,6.4964
0.78,0.99216,5,8,64,1,-0.0104,-0.0014,39.68,13.65,1.581,1.011,25.33,0.458,False,1.066,0.9159
0.78,0.99216,5,8,64,1,0.0228,-0.0076,20.99,12.02,1.202,0.921,31.77,0.737,False,0.2015,2.2358
0.78,0.99216,5,8,64,1,0.0118,-0.0197,44.8,4.03,0.963,0.862,20.94,0.764,False,0.0709,3.2391
0.78,0.99216,5,8,64,1,-0.0251,-0.0026,26.2,9.91,1.559,1.248,27.05,0.681,False,0.1982,4.8069
0.78,0.99216,5,8,64,1,0.0155,0.0012,30.93,11.9,1.319,1.231,20.42,0.554,False,0.0473,6.1656
0.78,0.99216,5,8,64,1,-0.0361,-0.0083,27.41,3.73,1.112,0.965,32.97,0.614,False,0.1812,4.9219
0.78,0.99216,5,8,64,1,-0.0286,-0.0043,29.86,13.76,1.533,1.116,33.43,0.523,False,1.1017,1.4275
0.78,0.99216,5,8,64,1,-0.058,-0.0174,23.75,9.63,1.388,0.988,23.42,0.635,False,0.3096,2.9298
0.78,0.99216,5,8,64,1,-0.0675,-0.007,42.39,14.46,0.878,1.329,36.58,0.579,False,1.1525,2.3491
0.78,0.99216,5,8,64,1,-0.0667,-0.0094,36.2,6.24,1.236,0.774,21.77,0.41,False,1.5278,0.4627
0.78,0.99216,5,8,64,1,0.0058,0.0038,23.01,2.17,1.148,1.39,34.31,0.645,False,0.1549,1.3029
0.78,0.99216,5,8,64,1,-0.0004,0.0065,41.23,2.86,0.844,1.195,28.99,0.789,False,0.1155,4.1755
0.78,0.99216,5,8,64,1,-0.0322,-0.0185,30.35,4.47,1.088,0.877,31.06,0.433,False,1.0829,0.8781
0.78,0.99216,5,8,64,1,0.0006,-0.0123,25.37,3.22,1.272,0.77,38.65,0.722,False,0.1273,3.15
0.78,0.99216,5,8,64,1,0.0191,0.0083,24.53,10.34,1.187,0.897,30.17,0.451,False,0.4842,0.7935
0.78,0.99216,5,8,64,1,-0.0148,-0.0153,22.11,12.64,1.682,1.081,37.9,0.509,False,0.2844,4.5885
0.78,0.99216,5,8,64,1,-0.0093,0.0003,43.52,6.82,1.746,0.826,22.5,0.702,False,0.0504,12.3943
0.78,0.99216,5,8,64,1,0.0179,-0.0117,32.83,14.8,1.466,0.948,39.72,0.778,False,0.1866,3.0369
0.78,0.99216,5,8,64,1,0.0078,-0.0039,20.16,5.55,1.343,0.742,32.24,0.498,False,0.069,3.7908
0.78,0.99216,5,8,64,1,-0.0412,0.0092,34.58,5.13,0.925,1.159,27.69,0.416,False,1.6891,0.6067
0.78,0.99216,5,8,64,1,-0.0556,0.0078,28.81,6.45,1.019,1.367,26.43,0.598,False,0.5392,1.9321
0.78,0.99216,5,8,64,1,-0.0534,-0.0134,28.2,7.57,1.485,1.17,22.96,0.707,False,0.2486,3.6567
0.78,0.99216,5,8,64,1,-0.0444,-0.0052,33.53,4.92,1.799,0.804,28.16,0.609,False,0.4755,2.6259
0.78,0.99216,5,8,64,1,-0.0614,0.0057,36.76,9.21,1.632,1.124,24.25,0.562,False,0.2022,6.2797
0.78,0.99216,5,8,64,1,-0.0191,-0.0164,32.35,13.12,1.428,1.051,25.61,0.663,False,0.322,3.5811
0.78,1.01088,5,9,65,1,0.0111,-0.0091,27.99,11.46,1.24,0.811,26.6,0.557,False,0.16,2.6966
0.78,1.01088,5,9,65,1,0.0008,-0.0008,41.07,13.44,0.939,1.147,30.15,0.463,False,0.3551,2.6697
0.78,1.01088,5,9,65,1,-0.0699,-0.0027,32.17,13.16,1.558,0.909,27.0,0.514,False,1.6106,0.9009
0.78,1.01088,5,9,65,1,-0.0645,-0.0185,31.52,7.25,1.694,1.377,38.73,0.783,False,0.3116,7.3191
0.78,1.01088,5,9,65,1,0.0037,-0.008,23.04,6.31,0.812,0.827,28.32,0.676,False,0.1936,1.2102
0.78,1.01088,5,9,65,1,-0.0291,0.0008,39.71,8.38,1.146,1.12,22.86,0.571,False,0.2326,3.6527
0.78,1.01088,5,9,65,1,0.0137,-0.0157,35.31,11.55,1.314,0.79,35.35,0.428,False,0.1128,7.1026
0.78,1.01088,5,9,65,1,-0.0116,-0.0011,44.93,6.83,1.505,1.228,20.85,0.663,False,0.1826,2.8793
0.78,1.01088,5,9,65,1,-0.0262,-0.0135,38.4,13.95,1.639,0.866,23.36,0.414,False,1.2889,0.6158
0.78,1.01088,5,9,65,1,-0.0622,-0.0168,21.31,12.83,1.22,1.003,34.08,0.689,False,0.207,10.3835
0.78,1.01088,5,9,65,1,-0.021,-0.0054,23.65,12.0,0.843,1.04,27.43,0.717,False,0.0783,11.9863
0.78,1.01088,5,9,65,1,-0.0018,0.0013,43.96,2.7,0.871,0.717,40.0,0.735,False,0.0467,16.2562
0.78,1.01088,5,9,65,1,-0.0502,-0.0194,40.14,10.59,0.932,1.022,31.69,0.72,False,0.2778,7.224
0.78,1.01088,5,9,65,1,-0.0179,-0.004,28.63,5.52,1.752,1.197,21.5,0.651,False,0.0632,4.4058
0.78,1.01088,5,9,65,1,-0.052,0.0085,27.5,4.76,1.116,1.357,38.61,0.544,False,0.729,2.1113
0.78,1.01088,5,9,65,1,-0.0354,-0.0106,34.17,10.16,1.631,1.137,35.18,0.467,False,1.4566,1.1444
0.78,1.01088,5,9,65,1,-0.043,0.0066,20.42,9.21,0.999,0.979,25.95,0.52,False,0.3164,1.7928
0.78,1.01088,5,9,65,1,0.0166,-0.017,26.53,6.38,1.402,0.75,29.65,0.502,False,0.0712,3.4039
0.78,1.01088,5,9,65,1,0.0216,0.0046,29.44,7.66,1.072,1.06,33.91,0.606,False,0.272,1.4639
0.78,1.01088,5,9,65,1,-0.023,-0.0125,33.45,9.64,1.392,1.268,28.86,0.483,False,0.8288,1.2529
0.78,1.01088,5,9,65,1,0.0225,0.0038,42.4,2.41,1.051,0.916,20.36,0.582,False,0.1898,1.0562
0.78,1.01088,5,9,65,1,-0.0474,-0.0076,32.55,4.56,1.478,1.351,31.19,0.409,False,2.7273,0.4749
0.78,1.01088,5,9,65,1,-0.006,0.0059,36.93,14.36,1.28,0.934,36.62,0.696,False,0.0711,14.2696
0.78,1.01088,5,9,65,1,-0.0408,-0.0119,36.57,10.94,1.585,1.31,32.6,0.795,False,0.1816,9.1297
0.78,1.01088,5,9,65,1,-0.0549,-0.0144,30.29,3.05,1.347,0.733,24.66,0.596,False,0.4284,1.4931
0.78,1.01088,5,9,65,1,0.0061,0.0077,21.75,5.09,1.792,1.296,22.14,0.637,False,0.0576,2.1423
0.78,1.01088,5,9,65,1,-0.0074,0.0028,24.87,14.79,1.459,0.86,25.07,0.444,False,0.4486,1.3617
0.78,1.01088,5,9,65,1,-0.0342,-0.0041,42.92,4.02,1.195,1.25,33.17,0.773,False,0.221,5.9745
0.78,1.01088,5,9,65,1,-0.0143,-0.0068,25.8,8.68,1.012,1.084,37.89,0.755,False,0.1681,5.5828
0.78,1.01088,5,9,65,1,-0.0587,0.0097,38.15,3.48,1.728,1.168,36.74,0.616,True,0.6187,0.4341
0.78,1.0296,5,10,66,1,-0.0115,-0.0143,21.06,9.78,1.612,0.878,27.74,0.677,False,0.2567,2.2885
0.78,1.0296,5,10,66,1,-0.0352,-0.0001,20.0,3.29,1.041,0.955,21.5,0.549,False,0.1,1.6899
0.78,1.0296,5,10,66,1,-0.0002,0.0081,43.99,5.82,1.159,1.221,27.31,0.496,False,0.0768,9.446
0.78,1.0296,5,10,66,1,-0.0226,0.0079,40.23,8.15,0.959,1.095,39.97,0.48,False,0.7051,2.3601
0.78,1.0296,5,10,66,1,0.0242,-0.0024,31.53,10.69,1.317,1.007,30.36,0.743,False,0.0715,6.4786
0.78,1.0296,5,10,66,1,-0.0643,0.0009,29.29,6.46,1.636,0.777,34.84,0.789,False,0.2702,6.4732
0.78,1.0296,5,10,66,1,0.0159,-0.0076,36.52,2.29,1.187,0.89,36.96,0.408,False,0.2773,2.6135
0.78,1.0296,5,10,66,1,-0.0549,-0.0194,32.33,11.56,1.212,1.397,37.55,0.572,False,0.9799,2.3013
0.78,1.0296,5,10,66,1,-0.0307,-0.0105,27.13,5.99,0.847,0.983,35.38,0.694,False,0.0603,15.7062
0.78,1.0296,5,10,66,1,-0.0026,-0.0036,42.88,14.23,1.441,1.062,21.1,0.512,False,0.2972,2.1157
0.78,1.0296,5,10,66,1,-0.0625,-0.0137,34.96,11.34,1.007,0.838,30.89,0.428,False,2.294,0.6149
0.78,1.0296,5,10,66,1,-0.0683,0.0069,39.94,5.32,1.477,1.116,31.49,0.614,False,0.5587,3.9717
0.78,1.0296,5,10,66,1,0.0046,-0.0014,44.82,9.27,1.275,0.71,36.19,0.723,False,0.2093,3.4036
0.78,1.0296,5,10,66,1,-0.0207,0.0034,30.61,3.48,1.679,0.958,22.19,0.478,False,0.1296,2.3982
0.78,1.0296,5,10,66,1,-0.0449,-0.0086,28.34,12.84,1.754,1.326,24.24,0.785,False,0.1868,7.214
0.78,1.0296,5,10,66,1,-0.0518,-0.012,27.52,10.19,1.774,1.355,29.66,0.541,False,0.3827,3.396
0.78,1.0296,5,10,66,1,0.0065,0.0046,38.47,10.61,1.591,1.179,20.2,0.648,False,0.0685,4.6633
0.78,1.0296,5,10,66,1,-0.0092,-0.0042,25.33,7.09,1.34,0.759,34.61,0.749,False,0.0348,18.9295
0.78,1.0296,5,10,66,1,0.0121,-0.0185,34.04,12.45,1.525,0.842,32.23,0.447,False,0.3618,2.0803
0.78,1.0296,5,10,66,1,-0.0432,-0.0058,21.83,13.62,1.389,0.803,29.16,0.693,False,0.1961,7.9963
0.78,1.0296,5,10,66,1,-0.0257,-0.0063,24.83,7.36,1.403,1.245,38.98,0.61,False,0.1379,7.9763
0.78,1.0296,5,10,66,1,0.0206,0.0012,42.08,7.83,0.897,1.283,33.99,0.713,False,0.0447,11.1149
0.78,1.0296,5,10,66,1,-0.0413,0.0053,24.03,4.73,0.807,1.303,33.29,0.772,False,0.1458,4.786
0.78,1.0296,5,10,66,1,-0.0586,-0.0177,26.65,3.8,1.731,1.345,23.63,0.637,False,0.2595,2.0035
0.78,1.0296,5,10,66,1,-0.0058,0.0028,37.53,4.39,1.239,1.139,26.49,0.657,False,0.0552,7.8215
0.78,1.0296,5,10,66,1,0.0129,-0.0155,41.5,14.92,0.901,1.207,24.83,0.581,False,0.2912,2.2159
0.78,1.0296,5,10,66,1,-0.0154,-0.0125,37.27,12.11,0.973,1.163,28.34,0.589,False,0.1363,7.462
0.78,1.0296,5,10,66,1,-0.0328,0.0095,23.2,2.61,1.095,0.747,25.87,0.522,False,0.1173,1.977
0.78,1.0296,5,10,66,1,-0.048,-0.0096,35.49,13.95,1.54,0.922,23.22,0.415,False,1.9832,0.4152
0.78,1.0296,5,10,66,1,-0.0189,-0.017,33.26,8.85,1.12,1.033,38.59,0.458,False,0.08,15.9274
0.7956,0.91728,6,4,71,1,-0.0679,0.0061,33.96,7.15,1.487,0.834,30.18,0.722,False,0.5462,3.5529
0.7956,0.91728,6,4,71,1,0.0181,-0.0144,28.31,12.83,1.741,1.323,32.07,0.776,False,0.0855,6.1348
0.7956,0.91728,6,4,71,1,-0.033,0.008,21.45,5.87,1.203,1.303,24.17,0.423,False,0.1712,1.4705
0.7956,0.91728,6,4,71,1,-0.051,-0.0057,41.05,4.42,1.381,1.28,21.97,0.695,False,0.3373,3.1831
0.7956,0.91728,6,4,71,1,-0.012,-0.0133,31.09,13.97,1.352,1.193,29.29,0.773,False,0.0825,11.8894
0.7956,0.91728,6,4,71,1,0.0102,-0.0014,34.65,8.33,1.67,0.806,20.94,0.622,False,0.1454,1.9033
0.7956,0.91728,6,4,71,1,-0.0215,0.0025,42.38,12.76,1.601,0.706,25.35,0.491,False,0.4253,2.5726
0.7956,0.91728,6,4,71,1,-0.0049,0.0008,38.5,4.9,1.328,0.99,38.51,0.638,False,0.1395,6.197
0.7956,0.91728,6,4,71,1,-0.0633,-0.0199,27.48,9.4,1.191,1.052,30.78,0.434,False,1.9212,0.5445
0.7956,0.91728,6,4,71,1,0.0037,-0.0008,31.67,6.17,1.517,1.102,20.64,0.611,False,0.0295,6.5888
0.7956,0.91728,6,4,71,1,-0.0256,-0.0091,33.14,7.7,0.851,1.382,39.35,0.518,False,1.2548,1.2074
0.7956,0.91728,6,4,71,1,-0.0476,0.0012,39.25,11.72,1.119,0.941,36.48,0.476,True,0.7995,0.5004
0.7956,0.91728,6,4,71,1,-0.0413,-0.0039,40.71,6.42,1.717,1.122,35.38,0.647,False,0.6717,2.8173
0.7956,0.91728,6,4,71,1,-0.0304,-0.0104,44.49,11.04,1.041,1.146,34.47,0.8,False,0.1694,8.6596
0.7956,0.91728,6,4,71,1,0.0068,0.005,36.04,11.47,0.934,0.856,26.31,0.754,False,0.0694,7.4309
0.7956,0.91728,6,4,71,1,0.0017,0.0095,26.4,9.97,1.278,0.899,37.32,0.537,False,0.1156,6.6036
0.7956,0.91728,6,4,71,1,-0.0089,-0.0156,28.61,5.14,1.244,1.252,24.96,0.685,False,0.1094,2.2313
0.7956,0.91728,6,4,71,1,-0.0557,0.003,43.22,13.46,1.534,0.919,38.72,0.496,True,0.837,1.4966
0.7956,0.91728,6,4,71,1,-0.0268,-0.0165,43.7,9.09,1.796,1.331,34.68,0.411,True,0.6473,0.4651
0.7956,0.91728,6,4,71,1,-0.0163,-0.0115,25.24,3.79,1.435,1.189,31.61,0.599,False,0.2742,1.5051
0.7956,0.91728,6,4,71,1,-0.0493,-0.0125,37.5,7.59,0.873,1.355,28.23,0.559,False,1.0747,1.4944
0.7956,0.91728,6,4,71,1,-0.0141,-0.0184,23.25,8.81,1.003,1.088,22.26,0.57,False,0.1196,2.6046
0.7956,0.91728,6,4,71,1,0.0237,-0.0079,23.6,14.32,1.595,1.025,22.74,0.585,False,0.031,11.2528
0.7956,0.91728,6,4,71,1,-0.0579,-0.0087,24.36,2.84,1.151,0.727,32.89,0.669,False,0.3629,2.2283
0.7956,0.91728,6,4,71,1,-0.0424,-0.0021,35.82,3.43,1.423,0.759,27.08,0.718,False,0.279,3.5739
0.7956,0.91728,6,4,71,1,0.0187,-0.0046,30.14,12.28,1.641,1.222,23.39,0.463,False,0.0697,4.6593
0.7956,0.91728,6,4,71,1,-0.066,-0.0175,20.1,14.86,0.9,0.792,27.5,0.738,False,0.1794,10.9787
0.7956,0.91728,6,4,71,1,-0.0362,0.0047,22.1,2.39,1.08,0.878,37.75,0.661,False,0.1546,4.0626
0.7956,0.91728,6,4,71,1,-0.0033,-0.0062,29.83,3.14,0.812,1.038,29.9,0.452,False,0.2765,1.4251
0.7956,0.91728,6,4,71,1,0.0126,0.0083,37.34,10.25,0.996,0.959,33.46,0.526,False,0.2234,2.8027
0.7956,0.97344,6,7,74,1,-0.0257,-0.0153,36.71,6.31,1.156,1.022,27.11,0.505,False,0.1087,7.4442
0.7956,0.97344,6,7,74,1,-0.0008,-0.0088,32.83,14.75,0.997,0.949,33.28,0.672,False,0.0391,21.1001
0.7956,0.97344,6,7,74,1,-0.0297,-0.0129,26.89,4.64,1.331,1.316,39.37,0.746,False,0.1856,5.1084
0.7956,0.97344,6,7,74,1,0.0213,-0.0046,32.38,12.71,1.791,1.069,29.2,0.513,False,0.0604,8.1542
0.7956,0.97344,6,7,74,1,-0.0444,-0.0028,25.68,10.67,1.352,0.736,23.72,0.8,False,0.1587,6.8367
0.7956,0.97344,6,7,74,1,-0.0127,-0.003,42.14,13.39,1.699,0.799,32.58,0.475,False,0.4594,2.5798
0.7956,0.97344,6,7,74,1,0.0035,0.0076,35.86,5.73,1.649,0.846,34.42,0.545,False,0.1208,5.0499
0.7956,0.97344,6,7,74,1,0.0106,0.0091,27.54,2.21,0.811,1.385,21.17,0.564,False,0.0234,3.3075
0.7956,0.97344,6,7,74,1,-0.0533,-0.0199,30.91,6.95,0.963,0.756,36.45,0.665,True,1.016,1.5899
0.7956,0.97344,6,7,74,1,-0.0064,-0.0137,42.66,8.24,0.89,1.079,26.06,0.686,False,0.1055,6.231
0.7956,0.97344,6,7,74,1,0.0126,-0.0068,38.42,9.66,1.389,0.894,31.91,0.552,False,0.1359,4.2897
0.7956,0.97344,6,7,74,1,-0.0477,0.0008,30.04,6.44,1.424,1.248,25.86,0.491,False,0.92,0.699
0.7956,0.97344,6,7,74,1,-0.0401,0.004,22.78,14.45,1.487,0.962,21.52,0.782,False,0.1195,9.4485
0.7956,0.97344,6,7,74,1,-0.0598,-0.0059,35.63,4.36,1.029,1.029,24.24,0.636,False,0.1547,5.9053
0.7956,0.97344,6,7,74,1,-0.0092,-0.0164,29.21,2.59,1.248,1.306,36.7,0.458,False,0.384,1.5326
0.7956,0.97344,6,7,74,1,-0.0185,0.0082,24.02,11.85,1.606,0.785,30.04,0.591,False,0.0896,10.579
0.7956,0.97344,6,7,74,1,-0.015,-0.0187,24.17,3.3,1.761,1.135,33.84,0.765,False,0.0848,3.691
0.7956,0.97344,6,7,74,1,-0.0481,0.0016,26.15,7.83,1.555,1.347,38.74,0.439,False,2.2731,0.6264
0.7956,0.97344,6,7,74,1,0.0017,0.0038,20.58,12.16,1.046,0.992,25.04,0.42,False,0.0263,10.4458
0.7956,0.97344,6,7,74,1,-0.0331,-0.0,22.23,2.97,1.289,1.115,20.44,0.715,False,0.0177,7.636
0.7956,0.97344,6,7,74,1,-0.0696,-0.0173,39.92,8.63,0.841,0.867,27.61,0.575,False,1.1121,1.7684
0.7956,0.97344,6,7,74,1,0.0244,-0.0095,38.12,9.32,1.111,1.174,29.46,0.702,False,0.2408,1.8546
0.7956,0.97344,6,7,74,1,0.0073,0.0058,43.85,5.29,0.921,1.212,35.11,0.412,False,0.0859,9.769
0.7956,0.97344,6,7,74,1,-0.0612,-0.0111,34.04,13.12,1.508,1.234,38.18,0.621,False,1.4427,1.7685
0.7956,0.97344,6,7,74,1,0.0185,-0.0145,21.57,10.51,1.097,0.708,35.81,0.521,False,0.2527,1.4461
0.7956,0.97344,6,7,74,1,-0.0357,-0.0011,29.05,13.72,1.588,1.265,23.1,0.604,False,0.1418,7.4707
0.7956,0.97344,6,7,74,1,-0.0244,0.0023,41.57,3.81,1.443,0.818,22.43,0.648,False,0.1255,4.8632
0.7956,0.97344,6,7,74,1,-0.057,-0.008,40.23,10.04,1.223,0.928,30.79,0.451,False,2.3454,0.796
0.7956,0.97344,6,7,74,1,-0.0203,-0.0109,44.22,11.34,1.71,1.357,37.55,0.76,False,0.1202,10.096
0.7956,0.97344,6,7,74,1,-0.0642,0.0061,34.44,7.63,1.199,1.157,28.63,0.721,False,0.2528,6.6243
0.7956,0.86112,6,1,68,1,-0.0076,-0.0147,26.91,6.88,1.242,1.149,35.61,0.538,False,0.7464,1.0395
0.7956,0.86112,6,1,68,1,-0.0374,-0.0163,26.21,11.85,1.428,1.172,21.82,0.404,False,1.1434,0.3637
0.7956,0.86112,6,1,68,1,-0.0436,-0.0138,29.82,8.55,0.892,1.137,24.89,0.628,False,0.2214,4.2567
0.7956,0.86112,6,1,68,1,-0.0166,-0.0126,42.87,3.08,1.09,0.88,34.04,0.613,False,0.5115,2.4414
0.7956,0.86112,6,1,68,1,-0.0106,-0.0063,36.32,12.26,1.726,1.263,27.18,0.531,False,0.8019,1.1375
0.7956,0.86112,6,1,68,1,-0.0405,-0.003,44.56,4.94,1.127,0.724,27.84,0.439,False,1.8114,0.9321
0.7956,0.86112,6,1,68,1,-0.0006,-0.0075,37.76,9.91,1.191,1.06,35.24,0.448,False,0.1831,5.9105
0.7956,0.86112,6,1,68,1,0.0094,-0.0013,42.2,9.23,0.951,1.016,28.49,0.591,False,0.1833,3.1195
0.7956,0.86112,6,1,68,1,-0.0263,0.0046,30.37,4.53,1.563,0.838,24.41,0.685,False,0.0813,6.0991
0.7956,0.86112,6,1,68,1,0.0225,-0.0195,21.83,2.12,1.587,1.352,39.14,0.623,False,0.0849,1.5481
0.7956,0.86112,6,1,68,1,-0.0593,0.0082,36.67,3.4,1.001,1.239,22.1,0.764,False,0.1772,4.6628
0.7956,0.86112,6,1,68,1,0.0143,0.0001,28.64,12.57,1.2,1.379,26.1,0.416,False,0.0531,7.7537
0.7956,0.86112,6,1,68,1,-0.0485,-0.0052,20.69,10.29,1.795,0.781,36.78,0.695,False,0.1783,8.7931
0.7956,0.86112,6,1,68,1,0.019,0.0073,33.93,6.47,1.331,1.355,29.34,0.743,False,0.0607,5.1892
0.7956,0.86112,6,1,68,1,-0.021,-0.0083,21.31,5.73,1.38,0.747,38.12,0.674,False,0.0977,7.741
0.7956,0.86112,6,1,68,1,-0.0296,-0.0117,40.39,2.75,1.695,1.233,29.1,0.716,False,0.4463,2.4981
0.7956,0.86112,6,1,68,1,0.0044,0.0093,25.79,14.0,1.287,0.939,31.77,0.579,False,0.0827,9.025
0.7956,0.86112,6,1,68,1,-0.0044,0.0018,32.78,9.37,1.613,0.99,33.5,0.561,False,0.047,18.4669
0.7956,0.86112,6,1,68,1,-0.0256,0.0067,28.02,6.05,1.736,0.815,23.15,0.509,False,0.1574,2.6724
0.7956,0.86112,6,1,68,1,-0.0525,-0.0043,39.77,14.34,1.355,1.302,30.15,0.642,False,1.3459,1.5427
0.7956,0.86112,6,1,68,1,-0.0471,0.003,32.26,13.18,1.496,0.972,36.55,0.484,True,0.6939,0.7859
0.7956,0.86112,6,1,68,1,0.0171,-0.0158,41.43,14.62,0.907,1.031,31.11,0.72,False,0.3169,1.936
0.7956,0.86112,6,1,68,1,0.0027,-0.0039,31.29,7.32,0.831,1.077,32.37,0.758,False,0.0481,11.1811
0.7956,0.86112,6,1,68,1,-0.062,-0.0174,43.83,7.81,1.053,1.196,39.83,0.656,False,0.9914,2.8875
0.7956,0.86112,6,1,68,1,-0.0345,-0.0002,38.89,3.76,0.974,0.912,20.22,0.472,False,1.2092,0.3962
0.7956,0.86112,6,1,68,1,-0.0161,-0.0182,22.53,8.07,1.157,0.843,25.83,0.794,False,0.0839,5.8351
0.7956,0.86112,6,1,68,1,-0.0697,-0.0091,23.88,11.34,0.843,1.11,21.29,0.499,False,1.1369,0.4796
0.7956,0.86112,6,1,68,1,-0.0547,0.0056,34.48,13.27,1.642,1.319,23.82,0.462,False,2.1195,0.4746
0.7956,0.86112,6,1,68,1,-0.0639,-0.0102,24.78,5.13,1.444,0.896,37.62,0.558,False,0.9165,1.6721
0.7956,0.86112,6,1,68,1,0.0065,0.0036,35.19,10.78,1.503,0.702,32.7,0.784,False,0.2022,3.0411
0.7956,0.89856,6,3,70,1,-0.0123,-0.0049,39.76,6.67,0.818,0.785,38.69,0.794,False,0.1475,6.5404
0.7956,0.89856,6,3,70,1,-0.0359,0.008,37.64,6.25,1.311,0.959,22.15,0.435,False,1.1521,0.5646
0.7956,0.89856,6,3,70,1,0.0207,-0.0082,28.61,3.4,1.194,1.297,25.32,0.488,False,0.2954,0.6247
0.7956,0.89856,6,3,70,1,-0.0469,-0.0016,26.79,10.54,1.13,0.937,33.89,0.683,False,0.3403,5.0798
0.7956,0.89856,6,3,70,1,-0.0566,-0.0146,35.67,9.87,1.77,0.729,28.11,0.748,False,3.7059,0.5267
0.7956,0.89856,6,3,70,1,0.0118,-0.0111,27.51,8.0,1.676,1.261,23.66,0.65,False,0.1044,2.4444
0.7956,0.89856,6,3,70,1,-0.0172,-0.0053,22.82,4.71,1.635,0.711,24.15,0.424,False,0.2841,1.0485
0.7956,0.89856,6,3,70,1,-0.0515,-0.0004,34.51,9.8,1.164,1.163,27.96,0.732,False,0.1558,11.4572
0.7956,0.89856,6,3,70,1,-0.0245,-0.0171,29.52,13.87,0.912,0.902,33.15,0.552,False,0.5188,2.8234
0.7956,0.89856,6,3,70,1,0.0221,0.0008,25.0,3.82,0.942,1.223,21.69,0.478,False,0.0343,2.9485
0.7956,0.89856,6,3,70,1,-0.0481,-0.0091,40.56,14.27,1.605,1.24,21.15,0.448,False,1.8192,0.5103
0.7956,0.89856,6,3,70,1,-0.0649,-0.0199,26.51,5.15,1.349,1.314,30.98,0.603,False,0.3624,3.1271
0.7956,0.89856,6,3,70,1,0.0162,-0.0034,33.32,9.3,1.368,1.374,29.97,0.531,False,0.3014,1.5683
0.7956,0.89856,6,3,70,1,-0.0327,-0.0065,43.46,12.27,0.995,0.803,39.68,0.504,False,1.7364,1.1812
0.7956,0.89856,6,3,70,1,-0.0631,0.0044,36.7,5.89,1.711,1.091,28.93,0.741,False,0.2323,7.0474
0.7956,0.89856,6,3,70,1,-0.0314,-0.0022,20.81,12.77,1.283,0.817,38.58,0.676,False,0.22,7.348
0.7956,0.89856,6,3,70,1,0.0081,0.0015,32.23,14.94,1.487,1.212,37.85,0.404,False,0.2909,3.294
0.7956,0.89856,6,3,70,1,-0.0263,-0.007,35.95,3.12,1.42,1.175,20.4,0.571,False,0.53,0.8971
0.7956,0.89856,6,3,70,1,-0.0047,-0.0165,23.7,12.99,1.745,0.859,32.16,0.463,False,0.6746,1.189
0.7956,0.89856,6,3,70,1,-0.0131,0.0091,25.11,13.7,1.071,1.031,27.1,0.586,False,0.4599,1.9933
0.7956,0.89856,6,3,70,1,-0.0069,0.0071,42.43,2.2,1.244,1.013,34.72,0.589,False,0.4131,2.3799
0.7956,0.89856,6,3,70,1,0.0055,-0.0137,44.54,6.78,1.545,1.072,23.25,0.712,False,0.2227,2.1075
0.7956,0.89856,6,3,70,1,-0.06,0.0029,22.18,8.54,1.46,0.871,25.66,0.761,False,0.2616,4.4349
0.7956,0.89856,6,3,70,1,-0.0021,-0.0126,38.54,4.3,1.021,0.993,36.47,0.657,False,0.3517,2.1546
0.7956,0.89856,6,3,70,1,0.0127,-0.0104,42.98,8.07,1.065,1.121,30.0,0.777,False,0.0759,6.712
0.7956,0.89856,6,3,70,1,-0.0678,-0.016,30.25,10.93,1.516,0.752,31.93,0.534,False,0.9296,1.972
0.7956,0.89856,6,3,70,1,-0.0437,0.0036,21.52,2.71,0.863,0.911,34.37,0.616,False,0.26,2.4915
0.7956,0.89856,6,3,70,1,0.0017,0.0065,40.94,11.88,1.593,1.388,35.48,0.509,False,0.1716,5.8048
0.7956,0.89856,6,3,70,1,-0.0211,-0.0181,33.38,11.45,1.221,1.33,37.09,0.703,False,0.5051,2.7565
0.7956,0.89856,6,3,70,1,-0.0403,0.0057,30.96,7.28,0.896,1.099,26.0,0.638,False,0.3836,2.5519
0.7956,0.99216,6,8,75,1,-0.0128,-0.012,44.22,10.84,0.818,1.176,26.78,0.558,False,0.1611,6.806
0.7956,0.99216,6,8,75,1,-0.0094,-0.002,27.63,4.39,1.553,0.904,23.3,0.596,False,0.1414,1.795
0.7956,0.99216,6,8,75,1,-0.0632,0.0099,40.31,3.07,1.263,1.201,31.72,0.615,False,0.4342,5.2393
0.7956,0.99216,6,8,75,1,-0.02,-0.0158,36.67,2.56,1.496,1.338,25.32,0.538,False,0.4044,1.7852
0.7956,0.99216,6,8,75,1,0.0017,-0.0135,32.0,13.77,0.932,1.161,24.14,0.461,False,0.2791,2.0233
0.7956,0.99216,6,8,75,1,-0.0528,-0.0168,43.62,3.57,1.361,1.234,28.09,0.762,False,0.3296,5.4007
0.7956,0.99216,6,8,75,1,-0.0353,0.005,27.34,10.07,1.444,0.957,33.47,0.562,False,0.3018,4.8299
0.7956,0.99216,6,8,75,1,0.0037,-0.0101,31.17,6.24,1.041,0.757,37.32,0.406,False,0.1855,4.2105
0.7956,0.99216,6,8,75,1,0.0158,-0.0088,22.39,12.41,1.288,1.062,35.63,0.429,False,0.2738,2.2436
0.7956,0.99216,6,8,75,1,0.0101,-0.0068,24.08,2.08,1.707,1.037,38.01,0.792,False,0.145,1.5866
0.7956,0.99216,6,8,75,1,-0.0386,-0.0002,34.75,12.08,1.417,1.124,37.35,0.73,False,0.2008,9.7791
0.7956,0.99216,6,8,75,1,-0.0496,0.0004,39.18,15.0,1.017,0.913,23.62,0.45,False,2.3814,0.4326
0.7956,0.99216,6,8,75,1,0.0139,0.0011,43.04,14.49,1.149,0.716,26.11,0.514,False,0.3437,1.8679
0.7956,0.99216,6,8,75,1,-0.0316,0.0045,41.44,9.37,1.766,0.834,39.95,0.646,False,0.4136,4.6843
0.7956,0.99216,6,8,75,1,-0.065,0.0087,42.25,7.4,1.375,0.806,31.04,0.603,True,0.8468,1.5406
0.7956,0.99216,6,8,75,1,-0.0332,-0.0096,26.1,3.86,0.991,1.109,29.01,0.474,False,0.7733,0.5672
0.7956,0.99216,6,8,75,1,-0.0571,-0.005,25.61,6.56,1.092,1.258,34.97,0.417,False,2.6905,0.4234
0.7956,0.99216,6,8,75,1,-0.0056,0.0032,38.85,8.76,1.677,0.865,34.14,0.698,False,0.0846,11.2155
0.7956,0.99216,6,8,75,1,-0.0157,-0.0188,32.8,8.21,0.859,1.379,20.14,0.755,False,0.2,2.0692
0.7956,0.99216,6,8,75,1,-0.0267,-0.0125,37.89,11.45,1.129,1.003,32.21,0.501,False,0.7107,2.2858
0.7956,0.99216,6,8,75,1,-0.0005,-0.02,33.67,13.44,1.319,1.075,30.35,0.744,False,0.2561,3.2644
0.7956,0.99216,6,8,75,1,0.0222,-0.0059,36.93,10.57,0.959,1.315,27.43,0.574,False,0.1889,2.478
0.7956,0.99216,6,8,75,1,0.0081,-0.0039,30.57,5.75,1.503,0.844,29.42,0.635,False,0.0886,4.2975
0.7956,0.99216,6,8,75,1,-0.0433,-0.0146,20.97,11.67,1.647,1.377,21.69,0.532,False,0.7044,0.8135
0.7956,0.99216,6,8,75,1,-0.0181,0.0021,20.54,4.63,1.578,1.284,39.17,0.676,False,0.0796,7.5282
0.7956,0.99216,6,8,75,1,0.0195,-0.0175,24.51,5.46,0.869,1.268,25.6,0.712,False,0.1865,0.8032
0.7956,0.99216,6,8,75,1,-0.0574,0.0069,28.65,13.21,1.206,0.783,36.59,0.786,False,0.431,5.7704
0.7956,0.99216,6,8,75,1,-0.0676,-0.0012,29.85,7.19,1.774,1.006,33.15,0.492,False,1.8345,0.9675
0.7956,0.99216,6,8,75,1,-0.0239,0.0072,23.05,7.69,1.191,0.956,22.45,0.658,False,0.07,5.4243
0.7956,0.99216,6,8,75,1,-0.0449,-0.0078,35.09,9.13,1.611,0.741,20.72,0.685,False,0.1436,6.548
0.7956,0.936,6,5,72,1,-0.007,-0.014,43.44,9.34,1.145,1.396,29.16,0.76,False,0.1886,4.1038
0.7956,0.936,6,5,72,1,0.0139,0.0033,42.82,8.59,1.459,1.222,30.37,0.608,False,0.0709,7.9415
0.7956,0.936,6,5,72,1,-0.0404,-0.0104,25.33,3.1,0.979,0.819,37.74,0.542,False,0.6954,1.564
0.7956,0.936,6,5,72,1,-0.0147,-0.0179,39.77,10.6,1.255,1.29,21.38,0.571,False,0.1384,4.7496
0.7956,0.936,6,5,72,1,-0.0212,-0.003,42.04,9.86,0.912,0.948,36.56,0.488,False,1.6632,1.0197
0.7956,0.936,6,5,72,1,-0.0352,-0.015,28.57,8.22,1.594,1.242,27.54,0.507,False,0.9818,0.8757
0.7956,0.936,6,5,72,1,-0.0557,-0.0199,26.81,5.64,0.853,0.785,32.79,0.623,False,0.2819,3.8292
0.7956,0.936,6,5,72,1,-0.0691,-0.0005,38.13,11.05,1.631,0.888,20.35,0.785,False,0.2528,6.5053
0.7956,0.936,6,5,72,1,-0.0043,-0.0087,26.25,6.9,0.824,1.148,33.37,0.528,False,0.1456,3.7047
0.7956,0.936,6,5,72,1,-0.0322,0.0017,30.22,2.81,1.184,1.184,23.63,0.734,False,0.0359,10.6251
0.7956,0.936,6,5,72,1,-0.026,-0.004,35.78,5.22,1.013,1.098,38.32,0.705,False,0.2004,6.138
0.7956,0.936,6,5,72,1,-0.032,-0.0061,40.91,13.81,1.681,0.814,27.3,0.654,False,0.3015,5.3326
0.7956,0.936,6,5,72,1,0.0213,-0.006,34.02,13.49,0.878,1.074,28.59,0.422,False,0.2499,2.0125
0.7956,0.936,6,5,72,1,-0.0111,-0.0119,32.39,11.18,1.409,1.053,22.81,0.651,False,0.1024,5.5801
0.7956,0.936,6,5,72,1,-0.0183,-0.0128,21.9,3.63,1.714,1.044,24.42,0.556,False,0.2015,0.9412
0.7956,0.936,6,5,72,1,0.0087,-0.0034,23.24,11.77,1.652,0.762,39.42,0.465,False,0.0632,12.5388
0.7956,0.936,6,5,72,1,-0.0599,-0.0164,31.38,13.07,1.35,0.97,39.29,0.677,False,0.3561,7.2736
0.7956,0.936,6,5,72,1,0.0,-0.0012,34.24,5.98,1.036,0.871,30.73,0.427,False,0.3498,1.7222
0.7956,0.936,6,5,72,1,-0.0612,-0.0156,27.63,4.42,1.373,1.376,34.91,0.506,False,2.022,0.7548
0.7956,0.936,6,5,72,1,0.0176,0.001,24.56,4.01,1.206,1.011,32.09,0.404,False,0.1567,1.4194
0.7956,0.936,6,5,72,1,-0.0518,0.0051,29.97,4.6,1.756,1.346,35.74,0.713,False,0.2923,5.6363
0.7956,0.936,6,5,72,1,-0.0484,0.01,32.71,9.59,0.961,1.127,26.62,0.581,False,0.7086,1.9133
0.7956,0.936,6,5,72,1,0.0095,0.0073,44.89,12.8,1.78,1.31,24.72,0.452,False,0.176,3.6318
0.7956,0.936,6,5,72,1,-0.0233,-0.0183,21.16,6.69,1.496,0.724,37.14,0.598,False,0.2049,3.7515
0.7956,0.936,6,5,72,1,-0.0648,0.0068,20.62,8.03,1.527,0.718,34.54,0.73,False,0.359,4.6616
0.7956,0.936,6,5,72,1,0.0233,0.0024,40.47,14.42,1.286,1.269,31.82,0.767,False,0.098,5.1594
0.7956,0.936,6,5,72,1,-0.0023,0.0086,39.08,2.06,1.094,0.991,20.68,0.47,False,0.2569,1.2605
0.7956,0.936,6,5,72,1,0.0041,0.0044,23.47,12.09,1.541,1.196,25.65,0.633,False,0.1336,3.7947
0.7956,0.936,6,5,72,1,-0.0426,-0.0096,36.35,7.37,1.311,0.926,29.5,0.69,False,0.1625,9.6858
0.7956,0.936,6,5,72,1,-0.0448,-0.0079,36.83,14.69,1.122,0.861,22.57,0.793,False,0.147,10.9944
0.7956,0.8424,6,0,67,1,0.0233,-0.0168,20.44,6.9,0.921,0.762,33.22,0.485,False,0.143,0.9711
0.7956,0.8424,6,0,67,1,-0.043,-0.0098,39.97,4.01,1.028,1.164,33.93,0.434,True,1.2894,0.6466
0.7956,0.8424,6,0,67,1,-0.0637,0.0015,43.9,14.53,1.272,1.334,31.03,0.781,False,0.2581,9.4853
0.7956,0.8424,6,0,67,1,-0.0548,0.0076,37.66,6.14,1.497,1.12,38.77,0.46,True,0.5557,0.7593
0.7956,0.8424,6,0,67,1,-0.0124,-0.0077,24.7,10.88,1.31,1.045,27.66,0.747,False,0.2364,3.0684
0.7956,0.8424,6,0,67,1,-0.0216,-0.003,29.23,4.89,1.037,0.933,36.99,0.696,False,0.0166,47.5609
0.7956,0.8424,6,0,67,1,0.0204,-0.0006,27.15,7.8,0.879,0.877,22.29,0.685,False,0.0194,9.0206
0.7956,0.8424,6,0,67,1,-0.0621,0.0043,22.1,12.2,1.252,0.844,29.88,0.628,False,0.753,2.1627
0.7956,0.8424,6,0,67,1,-0.0479,-0.0128,25.6,11.72,1.505,1.061,35.02,0.512,True,0.7363,1.6534
0.7956,0.8424,6,0,67,1,-0.0526,0.0081,33.24,8.81,0.969,1.077,31.79,0.656,False,0.395,4.0936
0.7956,0.8424,6,0,67,1,0.0071,-0.0064,40.31,3.38,1.644,0.809,25.49,0.595,False,0.1138,3.1862
0.7956,0.8424,6,0,67,1,-0.0147,-0.0187,42.75,12.95,0.824,1.231,24.07,0.771,False,0.1501,6.0309
0.7956,0.8424,6,0,67,1,-0.0236,-0.0151,41.24,13.39,0.835,0.727,26.6,0.534,False,0.1861,6.3015
0.7956,0.8424,6,0,67,1,-0.0577,-0.0019,21.19,8.39,1.224,0.961,21.5,0.418,False,0.5793,0.4775
0.7956,0.8424,6,0,67,1,0.0106,0.0067,41.76,5.15,1.744,1.299,37.38,0.446,False,0.2491,3.3773
0.7956,0.8424,6,0,67,1,-0.0183,-0.0174,30.11,11.49,1.773,1.204,35.93,0.604,False,0.1945,6.2061
0.7956,0.8424,6,0,67,1,-0.0366,-0.0138,22.69,9.5,1.452,0.789,32.03,0.55,False,0.4363,2.1574
0.7956,0.8424,6,0,67,1,-0.0413,-0.0082,24.17,12.64,1.593,0.949,27.02,0.794,False,0.1419,9.7024
0.7956,0.8424,6,0,67,1,-0.0347,0.0051,34.88,5.66,1.412,1.379,30.06,0.473,False,1.2381,0.8853
0.7956,0.8424,6,0,67,1,-0.0045,0.0034,44.56,2.35,1.185,0.904,28.88,0.719,False,0.0767,7.049
0.7956,0.8424,6,0,67,1,-0.0303,-0.0052,28.84,4.53,0.961,1.005,38.2,0.504,False,0.2568,4.1633
0.7956,0.8424,6,0,67,1,-0.0477,-0.0101,35.23,10.24,1.602,0.992,20.97,0.725,False,0.1576,6.0532
0.7956,0.8424,6,0,67,1,-0.0288,0.0003,35.89,15.0,1.678,1.276,23.17,0.625,False,0.2497,4.6561
0.7956,0.8424,6,0,67,1,-0.001,-0.0044,27.87,6.75,1.547,1.133,20.01,0.642,False,0.0466,3.1753
0.7956,0.8424,6,0,67,1,0.0041,0.0026,32.38,2.76,1.35,0.818,34.55,0.574,False,0.2199,2.0217
0.7956,0.8424,6,0,67,1,0.0153,-0.0112,33.93,7.42,1.13,0.701,39.66,0.407,False,0.112,5.8447
0.7956,0.8424,6,0,67,1,-0.067,-0.0198,37.3,8.94,1.158,1.318,28.33,0.741,False,0.1848,10.9315
0.7956,0.8424,6,0,67,1,-0.0084,0.0092,38.77,14.05,1.717,1.366,24.95,0.675,False,0.0456,18.5227
0.7956,0.8424,6,0,67,1,0.0166,-0.0028,31.44,9.91,1.37,1.175,36.51,0.53,False,0.0757,7.2783
0.7956,0.8424,6,0,67,1,0.0002,-0.0145,26.22,2.97,1.076,1.243,23.85,0.568,False,0.0525,2.5515
0.7956,0.87984,6,2,69,1,-0.0058,-0.0028,44.54,14.63,1.758,0.961,25.4,0.588,False,0.2656,3.2463
0.7956,0.87984,6,2,69,1,0.0228,0.001,42.06,7.2,1.546,0.907,31.89,0.665,False,0.0912,5.1806
0.7956,0.87984,6,2,69,1,-0.0643,-0.0077,25.85,2.74,0.924,0.787,36.53,0.675,False,0.1134,10.36
0.7956,0.87984,6,2,69,1,-0.0367,-0.0068,32.57,3.92,1.147,1.026,32.06,0.744,False,0.1596,5.5841
0.7956,0.87984,6,2,69,1,0.0194,-0.0015,37.21,9.49,1.395,1.088,26.06,0.779,False,0.1508,2.648
0.7956,0.87984,6,2,69,1,-0.0698,0.0018,23.54,13.24,1.126,0.707,38.58,0.445,True,1.2084,0.2303
0.7956,0.87984,6,2,69,1,-0.0129,0.0054,36.43,3.65,1.795,0.738,34.87,0.408,True,0.7927,0.2912
0.7956,0.87984,6,2,69,1,0.0017,-0.0054,28.37,12.33,0.883,1.043,34.13,0.696,False,0.0937,7.6498
0.7956,0.87984,6,2,69,1,-0.0456,-0.0007,39.68,8.25,1.035,0.879,24.31,0.767,False,0.1955,6.7368
0.7956,0.87984,6,2,69,1,-0.055,-0.0175,20.19,12.58,1.651,0.922,30.96,0.797,False,0.2281,7.9577
0.7956,0.87984,6,2,69,1,-0.0321,0.0085,35.53,4.51,0.969,1.071,35.73,0.434,True,1.2698,1.0
0.7956,0.87984,6,2,69,1,-0.0175,0.0036,31.76,10.77,0.852,1.32,21.22,0.693,False,0.1667,3.027
0.7956,0.87984,6,2,69,1,-0.0014,-0.0109,22.36,5.7,1.352,0.818,23.92,0.628,False,0.0453,3.2581
0.7956,0.87984,6,2,69,1,0.0064,-0.0093,33.54,13.77,1.251,1.114,28.49,0.713,False,0.1611,4.0228
0.7956,0.87984,6,2,69,1,-0.0503,-0.0134,29.97,2.18,1.182,0.796,24.86,0.585,False,0.2596,2.2791
0.7956,0.87984,6,2,69,1,-0.0226,-0.0194,24.21,11.17,1.729,1.001,30.04,0.565,False,0.1984,4.6724
0.7956,0.87984,6,2,69,1,-0.0426,-0.0084,27.82,7.28,1.678,1.164,27.29,0.49,False,0.7382,1.0444
0.7956,0.87984,6,2,69,1,-0.0294,-0.0186,39.04,9.81,1.03,1.257,33.05,0.755,False,0.1195,11.142
0.7956,0.87984,6,2,69,1,-0.0278,0.0066,23.27,13.44,1.075,1.14,20.01,0.509,False,0.1807,2.4305
0.7956,0.87984,6,2,69,1,-0.041,-0.0144,38.31,7.8,1.44,1.208,37.65,0.506,False,1.067,1.8346
0.7956,0.87984,6,2,69,1,-0.0515,-0.0112,26.9,14.35,1.275,1.288,38.69,0.478,True,1.9199,0.8319
0.7956,0.87984,6,2,69,1,0.0155,-0.0125,34.51,5.42,0.808,0.762,27.56,0.65,False,0.2972,1.0483
0.7956,0.87984,6,2,69,1,-0.0223,0.0046,30.73,6.24,1.517,1.22,36.78,0.42,True,0.4699,2.1674
0.7956,0.87984,6,2,69,1,-0.06,0.0078,43.35,11.57,1.232,1.361,33.74,0.558,False,0.3368,4.0962
0.7956,0.87984,6,2,69,1,-0.016,-0.0169,41.6,9.16,1.609,1.381,29.84,0.524,False,0.4455,2.5578
0.7956,0.87984,6,2,69,1,-0.0069,0.0091,25.2,8.71,1.432,0.944,23.3,0.605,False,0.0828,3.7022
0.7956,0.87984,6,2,69,1,-0.0619,-0.0047,42.7,10.24,1.585,0.849,29.29,0.73,False,0.5497,3.8368
0.7956,0.87984,6,2,69,1,0.0112,-0.0152,21.62,4.62,1.312,1.274,21.75,0.616,False,0.1367,0.6103
0.7956,0.87984,6,2,69,1,0.0034,-0.0039,31.21,6.43,1.468,1.351,22.6,0.536,False,0.0584,3.8846
0.7956,0.87984,6,2,69,1,0.0172,0.0026,40.82,3.22,0.938,1.186,39.58,0.464,False,0.298,2.0764
0.7956,1.01088,6,9,76,1,-0.0677,-0.0089,29.59,13.6,1.128,1.205,23.5,0.503,False,1.7168,0.5922
0.7956,1.01088,6,9,76,1,-0.056,0.0071,27.25,7.36,0.881,1.006,38.53,0.765,False,0.5532,3.4803
0.7956,1.01088,6,9,76,1,-0.0109,-0.0071,20.45,3.67,0.865,1.072,20.4,0.652,False,0.1049,0.8648
0.7956,1.01088,6,9,76,1,-0.0052,-0.0004,23.49,8.37,0.935,1.306,35.84,0.748,False,0.0819,8.586
0.7956,1.01088,6,9,76,1,-0.0023,-0.0142,39.78,5.48,0.983,0.942,29.02,0.679,False,0.0392,15.9248
0.7956,1.01088,6,9,76,1,-0.0358,0.0058,25.28,2.36,1.59,0.905,23.09,0.443,False,0.3522,0.829
0.7956,1.01088,6,9,76,1,0.009,-0.0064,30.76,11.77,1.606,1.159,34.35,0.707,False,0.2257,2.8531
0.7956,1.01088,6,9,76,1,0.0239,0.004,24.78,6.34,1.263,0.793,32.97,0.571,False,0.082,3.6254
0.7956,1.01088,6,9,76,1,-0.0342,-0.0053,43.28,4.3,1.433,1.084,39.79,0.438,True,0.7458,0.742
0.7956,1.01088,6,9,76,1,0.005,0.0014,36.16,8.85,1.667,1.167,32.55,0.737,False,0.135,4.6179
0.7956,1.01088,6,9,76,1,-0.0299,-0.0102,34.99,3.88,0.811,1.245,29.41,0.79,False,0.0903,8.7377
0.7956,1.01088,6,9,76,1,-0.0268,-0.0177,42.42,9.69,1.493,1.101,26.88,0.615,False,0.2095,6.4068
0.7956,1.01088,6,9,76,1,-0.0537,-0.0021,44.32,12.01,1.783,0.825,24.78,0.422,False,2.2667,0.5174
0.7956,1.01088,6,9,76,1,-0.0403,-0.0159,40.71,14.31,1.187,0.874,33.8,0.591,False,0.9349,2.371
0.7956,1.01088,6,9,76,1,-0.0192,-0.0197,31.64,13.16,1.29,1.346,30.8,0.713,False,0.1906,6.4199
0.7956,1.01088,6,9,76,1,-0.008,-0.0184,27.68,3.16,0.906,0.912,31.76,0.574,False,0.0533,7.2232
0.7956,1.01088,6,9,76,1,-0.0462,0.0083,43.4,11.23,1.507,0.752,22.29,0.611,False,0.4562,3.0877
0.7956,1.01088,6,9,76,1,0.0119,-0.0012,35.18,13.78,1.144,1.371,30.5,0.491,False,0.1312,5.4595
0.7956,1.01088,6,9,76,1,-0.0425,-0.0091,22.66,5.34,1.398,1.228,37.93,0.516,False,0.6248,1.6858
0.7956,1.01088,6,9,76,1,-0.0579,-0.0122,33.67,2.51,1.309,1.12,28.29,0.535,False,1.6215,0.8911
0.7956,1.01088,6,9,76,1,-0.0146,-0.0119,41.0,10.62,1.655,0.731,36.4,0.629,True,0.6763,0.3306
0.7956,1.01088,6,9,76,1,0.0012,0.0006,25.99,10.7,1.733,1.0,27.82,0.777,False,0.2213,2.5411
0.7956,1.01088,6,9,76,1,0.0188,0.0096,37.92,4.7,1.444,1.275,20.7,0.529,False,0.1123,1.5584
0.7956,1.01088,6,9,76,1,0.0153,-0.004,29.17,6.25,1.226,1.32,26.23,0.723,False,0.123,1.96
0.7956,1.01088,6,9,76,1,-0.0203,-0.0043,37.2,9.01,1.038,0.967,39.05,0.458,False,1.3939,1.0701
0.7956,1.01088,6,9,76,1,0.0169,0.0062,22.33,10.17,1.558,0.707,21.43,0.408,False,0.0724,1.7784
0.7956,1.01088,6,9,76,1,-0.0498,-0.0139,32.24,14.99,1.747,1.396,24.44,0.549,False,0.7954,1.6681
0.7956,1.01088,6,9,76,1,-0.0247,0.0032,20.89,7.86,1.353,1.039,37.14,0.68,False,0.1883,5.3976
0.7956,1.01088,6,9,76,1,-0.0649,-0.0162,38.33,12.43,1.075,0.811,25.73,0.479,False,1.9507,0.6689
0.7956,1.01088,6,9,76,1,-0.0608,0.0023,32.54,6.9,1.031,0.853,35.13,0.658,False,0.9609,2.053
0.7956,0.95472,6,6,73,1,-0.0036,-0.0195,42.52,10.89,1.381,0.836,24.86,0.786,False,0.1597,4.0489
0.7956,0.95472,6,6,73,1,0.0104,0.0057,37.89,7.14,1.149,0.882,32.46,0.699,False,0.0609,8.5437
0.7956,0.95472,6,6,73,1,-0.0625,-0.0058,33.23,12.93,0.808,1.058,37.43,0.471,True,1.1782,0.397
0.7956,0.95472,6,6,73,1,-0.0342,-0.0002,40.84,5.6,1.529,0.964,28.16,0.481,False,0.6147,2.1547
0.7956,0.95472,6,6,73,1,-0.0276,-0.0085,38.42,8.28,1.798,0.743,22.48,0.523,False,0.5266,1.5571
0.7956,0.95472,6,6,73,1,-0.014,-0.0016,33.62,5.11,1.475,0.907,21.83,0.597,False,0.1141,2.7587
0.7956,0.95472,6,6,73,1,-0.05,0.0003,23.31,10.06,1.647,0.99,27.96,0.536,False,0.7149,1.466
0.7956,0.95472,6,6,73,1,0.0231,0.0037,25.75,6.44,0.859,1.104,25.34,0.614,False,0.0175,9.5484
0.7956,0.95472,6,6,73,1,0.0155,0.0085,35.76,2.55,1.04,1.039,28.97,0.68,False,0.0354,7.6025
0.7956,0.95472,6,6,73,1,-0.068,-0.0077,43.82,5.98,1.609,1.392,20.99,0.442,False,2.2131,0.4979
0.7956,0.95472,6,6,73,1,0.0077,0.0019,34.91,13.39,1.76,0.789,35.32,0.72,False,0.2311,2.9286
0.7956,0.95472,6,6,73,1,-0.0012,-0.0123,23.78,14.05,1.261,0.759,31.12,0.601,False,0.228,3.693
0.7956,0.95472,6,6,73,1,-0.0375,-0.0174,20.24,3.4,1.233,1.338,23.94,0.575,False,0.0842,2.7888
0.7956,0.95472,6,6,73,1,-0.0599,-0.0141,28.67,7.96,1.079,1.126,39.64,0.404,False,2.8039,0.6085
0.7956,0.95472,6,6,73,1,-0.0123,0.0027,27.59,12.15,1.412,1.078,27.24,0.762,False,0.0817,10.4346
0.7956,0.95472,6,6,73,1,-0.0227,-0.0062,26.11,10.26,1.536,0.795,30.45,0.788,False,0.1681,6.0682
0.7956,0.95472,6,6,73,1,-0.0075,-0.016,39.89,4.47,0.885,1.273,38.16,0.426,False,0.1845,7.0894
0.7956,0.95472,6,6,73,1,-0.0427,-0.0024,37.05,9.74,1.182,1.211,20.02,0.549,False,0.1837,4.8069
0.7956,0.95472,6,6,73,1,0.0001,0.0093,44.52,4.88,1.693,0.701,26.5,0.639,False,0.0458,13.4672
0.7956,0.95472,6,6,73,1,-0.0291,0.0073,35.85,14.72,1.269,1.184,23.22,0.645,False,0.3179,4.0027
0.7956,0.95472,6,6,73,1,0.0194,-0.0107,21.71,11.81,1.435,0.846,29.56,0.571,False,0.0893,4.7876
0.7956,0.95472,6,6,73,1,-0.0452,-0.0138,31.67,11.23,0.946,0.953,36.42,0.454,False,1.9922,0.8956
0.7956,0.95472,6,6,73,1,-0.0563,-0.0046,29.46,3.01,1.353,1.252,39.02,0.72,False,0.309,5.091
0.7956,0.95472,6,6,73,1,0.0128,-0.0032,21.0,12.68,0.929,1.317,31.72,0.496,False,0.2904,1.7579
0.7956,0.95472,6,6,73,1,0.0051,-0.0119,30.21,14.38,1.002,0.919,35.67,0.676,False,0.0566,12.9296
0.7956,0.95472,6,6,73,1,-0.0221,0.0065,42.0,4.15,1.32,1.228,36.87,0.665,False,0.1428,8.7767
0.7956,0.95472,6,6,73,1,-0.017,-0.0183,31.04,9.35,1.114,1.354,33.6,0.746,False,0.1766,5.8774
0.7956,0.95472,6,6,73,1,-0.0539,-0.016,26.95,8.91,1.577,1.165,24.38,0.758,False,0.2062,4.9393
0.7956,0.95472,6,6,73,1,-0.065,-0.0092,24.73,2.03,1.729,1.297,33.25,0.518,False,0.557,1.7088
0.7956,0.95472,6,6,73,1,-0.0398,0.0047,40.46,7.24,0.974,1.008,34.07,0.436,True,1.231,0.565
0.8112,0.87984,7,2,80,1,-0.0551,-0.0117,24.77,11.85,1.109,0.74,29.28,0.46,False,2.2867,0.4378
0.8112,0.87984,7,2,80,1,-0.0297,-0.017,31.13,3.57,1.593,1.172,23.32,0.517,False,0.2,1.8859
0.8112,0.87984,7,2,80,1,0.0143,0.0065,41.3,5.08,1.263,1.343,30.83,0.742,False,0.1006,4.3126
0.8112,0.87984,7,2,80,1,-0.0467,0.0008,42.74,3.8,0.903,0.933,24.7,0.771,False,0.1363,8.4687
0.8112,0.87984,7,2,80,1,-0.0002,-0.0143,20.2,8.14,1.499,1.162,25.56,0.673,False,0.1696,1.7289
0.8112,0.87984,7,2,80,1,-0.0489,-0.0063,39.87,14.82,1.36,0.758,33.17,0.603,False,1.6237,1.4348
0.8112,0.87984,7,2,80,1,-0.0391,-0.002,37.23,7.26,0.801,0.723,38.42,0.63,False,0.4804,3.803
0.8112,0.87984,7,2,80,1,-0.0604,0.0096,44.51,12.6,1.295,1.117,21.84,0.759,False,0.3691,4.9793
0.8112,0.87984,7,2,80,1,-0.0209,0.0077,24.02,9.88,1.087,0.975,30.07,0.406,False,0.7495,0.7543
0.8112,0.87984,7,2,80,1,-0.0687,0.0018,35.42,9.56,1.452,0.891,34.57,0.554,True,1.223,0.3286
0.8112,0.87984,7,2,80,1,-0.0045,-0.0104,40.39,11.44,0.946,1.079,37.65,0.579,False,0.1165,8.3653
0.8112,0.87984,7,2,80,1,-0.0028,-0.0191,38.8,5.48,1.198,0.86,28.15,0.429,False,0.1389,4.5001
0.8112,0.87984,7,2,80,1,0.009,-0.0055,27.0,6.62,1.738,1.391,35.51,0.776,False,0.1682,2.5579
0.8112,0.87984,7,2,80,1,-0.019,0.0029,33.99,8.61,1.673,0.993,33.36,0.535,False,0.7069,1.663
0.8112,0.87984,7,2,80,1,0.0182,-0.0078,26.21,9.1,1.155,1.07,26.48,0.496,False,0.2157,1.3799
0.8112,0.87984,7,2,80,1,0.0032,-0.0,42.42,14.07,1.549,1.235,39.96,0.662,False,0.0473,17.7272
0.8112,0.87984,7,2,80,1,-0.0609,-0.0186,34.31,2.31,1.605,1.357,35.23,0.699,True,0.2641,2.4858
0.8112,0.87984,7,2,80,1,-0.0273,-0.0128,23.22,14.44,1.649,1.006,31.44,0.48,False,0.751,1.5755
0.8112,0.87984,7,2,80,1,-0.0117,-0.0047,36.38,3.12,0.883,1.031,21.17,0.651,False,0.0604,4.2278
0.8112,0.87984,7,2,80,1,-0.0641,-0.0099,20.88,6.8,1.205,1.136,29.58,0.621,False,0.1376,6.9672
0.8112,0.87984,7,2,80,1,-0.0251,-0.0084,29.93,10.85,1.788,1.325,27.14,0.562,False,0.3448,2.6596
0.8112,0.87984,7,2,80,1,0.0212,0.0036,21.67,12.27,0.837,0.822,27.97,0.478,False,0.103,2.4903
0.8112,0.87984,7,2,80,1,-0.0143,0.0044,31.8,7.8,1.06,1.28,24.06,0.71,False,0.0065,72.9131
0.8112,0.87984,7,2,80,1,-0.0335,0.0057,43.4,6.24,1.011,1.246,32.58,0.416,True,0.6634,1.5171
0.8112,0.87984,7,2,80,1,0.0226,-0.0161,30.35,13.31,1.518,1.285,36.69,0.592,False,0.2906,1.5057
0.8112,0.87984,7,2,80,1,-0.0067,-0.0015,27.7,4.84,1.374,0.787,22.25,0.721,False,0.0362,4.9732
0.8112,0.87984,7,2,80,1,-0.0362,-0.0034,37.68,10.42,0.993,0.885,36.61,0.682,False,0.1178,14.865
0.8112,0.87984,7,2,80,1,-0.0511,-0.0156,33.04,13.2,1.702,0.953,23.46,0.445,False,2.314,0.3915
0.8112,0.87984,7,2,80,1,0.0105,-0.0133,25.73,2.75,1.415,0.794,20.07,0.792,False,0.0564,1.2877
0.8112,0.87984,7,2,80,1,-0.0418,0.0086,29.05,4.53,1.306,1.21,38.96,0.524,False,0.5461,2.5143
0.8112,0.8424,7,0,78,1,-0.0243,-0.0194,36.77,4.24,1.717,0.829,30.16,0.408,True,0.5003,0.364
0.8112,0.8424,7,0,78,1,-0.0258,-0.0088,28.36,5.21,1.527,1.276,30.93,0.718,False,0.3952,1.9153
0.8112,0.8424,7,0,78,1,0.0185,-0.0067,32.81,6.49,0.862,1.078,35.99,0.665,False,0.1151,3.7636
0.8112,0.8424,7,0,78,1,-0.0665,0.0061,26.28,2.94,1.664,1.353,29.43,0.537,False,1.4496,0.691
0.8112,0.8424,7,0,78,1,-0.0331,-0.006,33.92,12.46,1.298,1.3,34.03,0.528,False,1.422,1.2132
0.8112,0.8424,7,0,78,1,-0.0482,-0.0149,37.91,7.46,1.138,0.728,31.35,0.475,True,2.9107,0.579
0.8112,0.8424,7,0,78,1,-0.0176,-0.0135,23.91,2.07,0.877,0.982,33.39,0.623,False,0.1138,3.4391
0.8112,0.8424,7,0,78,1,-0.0377,-0.0029,39.43,5.98,1.607,1.187,20.83,0.633,False,0.5782,1.5008
0.8112,0.8424,7,0,78,1,0.0011,-0.0112,35.35,9.23,1.434,1.258,27.68,0.441,False,0.1605,4.3019
0.8112,0.8424,7,0,78,1,-0.0099,-0.001,41.17,13.59,1.354,1.156,25.63,0.601,False,0.242,4.0937
0.8112,0.8424,7,0,78,1,-0.0451,-0.0127,43.41,5.83,1.429,0.959,26.32,0.704,False,0.559,2.9782
0.8112,0.8424,7,0,78,1,0.003,0.0018,32.2,2.64,1.087,1.035,21.64,0.421,False,0.1979,1.3574
0.8112,0.8424,7,0,78,1,0.0097,-0.0041,40.52,13.1,1.598,1.072,36.16,0.797,False,0.1497,4.2048
0.8112,0.8424,7,0,78,1,0.024,0.0021,44.21,14.65,1.199,0.943,32.17,0.646,False,0.3622,1.5227
0.8112,0.8424,7,0,78,1,-0.0557,0.008,42.69,3.59,1.055,1.214,29.31,0.458,True,1.0783,0.5196
0.8112,0.8424,7,0,78,1,-0.043,0.0047,25.66,11.01,1.537,1.139,20.4,0.751,False,0.3905,2.2538
0.8112,0.8424,7,0,78,1,-0.0218,-0.0093,20.43,9.73,0.999,1.204,37.27,0.55,False,0.5199,2.0685
0.8112,0.8424,7,0,78,1,-0.0598,-0.0036,27.9,10.2,1.223,0.8,23.03,0.733,False,0.2682,5.0688
0.8112,0.8424,7,0,78,1,-0.0303,-0.0107,30.07,10.26,1.779,0.884,24.12,0.489,False,0.8033,0.8514
0.8112,0.8424,7,0,78,1,0.019,0.0053,41.7,7.93,1.007,0.931,27.25,0.682,False,0.2406,1.6475
0.8112,0.8424,7,0,78,1,-0.016,-0.0158,24.68,11.86,0.915,0.902,22.52,0.429,False,0.0788,5.0953
0.8112,0.8424,7,0,78,1,-0.0696,-0.0189,31.05,4.81,1.312,1.399,37.88,0.57,False,2.4139,1.0328
0.8112,0.8424,7,0,78,1,-0.008,0.004,36.34,3.8,1.486,0.701,35.32,0.514,False,6.2329,0.1985
0.8112,0.8424,7,0,78,1,-0.0608,-0.016,23.22,8.68,1.237,1.363,23.7,0.746,False,0.2457,4.0105
0.8112,0.8424,7,0,78,1,0.008,-0.0075,22.24,8.23,1.392,1.108,39.28,0.668,False,0.3129,1.9057
0.8112,0.8424,7,0,78,1,-0.0059,-0.0174,26.88,6.97,1.12,0.859,25.21,0.779,False,0.1142,3.1754
0.8112,0.8424,7,0,78,1,0.0135,0.0084,21.17,11.42,0.812,0.754,28.38,0.497,False,0.0639,5.0966
0.8112,0.8424,7,0,78,1,-0.0385,0.0092,38.68,14.27,0.937,0.784,32.69,0.598,False,0.7569,2.5368
0.8112,0.8424,7,0,78,1,-0.0517,0.0004,29.44,13.88,1.761,1.312,39.43,0.583,False,1.4659,1.658
0.8112,0.8424,7,0,78,1,-0.0017,-0.001,34.18,12.13,1.691,1.007,38.26,0.765,False,0.2244,3.8457
0.7956,1.0296,6,10,77,1,-0.0655,0.0071,20.1,13.09,1.605,0.825,36.97,0.499,True,0.9416,1.1259
0.7956,1.0296,6,10,77,1,-0.044,-0.0121,37.57,13.83,0.832,1.145,25.12,0.489,False,1.4053,0.8922
0.7956,1.0296,6,10,77,1,-0.0139,-0.0172,30.76,7.74,1.459,1.374,29.16,0.785,False,0.1042,7.2766
0.7956,1.0296,6,10,77,1,-0.0026,-0.0017,28.38,9.49,1.538,0.766,31.45,0.677,False,0.0857,8.5764
0.7956,1.0296,6,10,77,1,-0.068,-0.0001,35.36,3.98,1.526,1.167,24.02,0.685,False,0.4335,3.1119
0.7956,1.0296,6,10,77,1,-0.0559,-0.0168,21.48,6.52,1.336,0.731,37.87,0.479,False,1.4695,0.7321
0.7956,1.0296,6,10,77,1,0.0225,0.0097,37.05,11.96,1.255,1.223,33.24,0.607,False,0.1405,4.2445
0.7956,1.0296,6,10,77,1,-0.038,-0.009,31.73,11.3,1.734,1.286,35.63,0.597,False,0.5524,3.4212
0.7956,1.0296,6,10,77,1,0.0031,-0.0066,25.85,12.44,0.972,1.195,26.8,0.409,False,0.257,1.79
0.7956,1.0296,6,10,77,1,-0.0412,-0.0104,44.48,2.06,0.906,0.703,29.45,0.414,True,1.1418,0.67
0.7956,1.0296,6,10,77,1,-0.0046,-0.019,25.26,3.71,1.227,0.846,26.6,0.732,False,0.0484,4.4567
0.7956,1.0296,6,10,77,1,-0.0613,-0.0031,43.91,3.24,1.679,1.347,31.3,0.646,False,1.0599,2.339
0.7956,1.0296,6,10,77,1,-0.0474,-0.0076,33.8,10.63,0.856,0.94,25.38,0.734,False,0.1557,9.8152
0.7956,1.0296,6,10,77,1,-0.0589,-0.0132,24.02,4.28,1.089,1.315,23.79,0.579,False,0.6368,0.8153
0.7956,1.0296,6,10,77,1,-0.0491,-0.0049,28.1,7.0,1.041,1.24,22.77,0.655,False,0.3878,2.0378
0.7956,1.0296,6,10,77,1,0.0095,-0.0053,35.93,12.07,1.189,1.082,28.22,0.441,False,0.1871,3.7201
0.7956,1.0296,6,10,77,1,-0.0517,-0.0154,41.22,8.79,1.592,0.963,30.18,0.508,False,1.714,1.2599
0.7956,1.0296,6,10,77,1,0.016,0.0015,24.4,5.93,1.141,0.93,39.39,0.615,False,0.0679,6.1433
0.7956,1.0296,6,10,77,1,-0.0283,-0.0117,29.98,13.55,1.785,1.397,21.85,0.771,False,0.3257,3.3948
0.7956,1.0296,6,10,77,1,0.0028,0.0028,22.31,5.33,1.306,1.283,27.75,0.459,False,0.0845,2.9157
0.7956,1.0296,6,10,77,1,0.0125,0.0036,34.32,7.35,1.724,1.032,34.89,0.749,False,0.2025,2.5231
0.7956,1.0296,6,10,77,1,-0.0186,0.0041,31.64,10.69,0.892,0.987,34.43,0.629,False,0.3579,3.5476
0.7956,1.0296,6,10,77,1,-0.03,-0.0021,39.12,5.53,1.367,0.877,39.33,0.554,False,0.7189,2.386
0.7956,1.0296,6,10,77,1,-0.0336,0.0065,41.94,9.22,1.278,0.778,33.36,0.435,True,1.4844,0.9725
0.7956,1.0296,6,10,77,1,-0.0199,0.0085,39.69,14.55,0.946,0.794,21.01,0.695,False,0.1858,5.6224
0.7956,1.0296,6,10,77,1,-0.0235,-0.0085,42.51,2.61,1.412,0.91,22.58,0.718,False,0.3494,2.051
0.7956,1.0296,6,10,77,1,0.0067,0.0009,27.45,9.8,1.115,1.126,32.03,0.533,False,0.0387,16.2609
0.7956,1.0296,6,10,77,1,-0.0129,-0.0181,33.01,14.9,1.651,1.022,20.52,0.522,False,0.4231,1.6264
0.7956,1.0296,6,10,77,1,0.0212,0.0058,40.37,8.48,1.025,1.098,38.66,0.789,False,0.336,1.4621
0.7956,1.0296,6,10,77,1,-0.0086,-0.0141,23.3,4.66,1.471,1.06,36.23,0.567,False,0.1647,3.37
0.8112,0.86112,7,1,79,1,-0.0325,-0.0079,33.46,3.66,0.926,0.88,34.44,0.556,False,0.7223,1.4631
0.8112,0.86112,7,1,79,1,-0.0509,-0.0084,33.32,11.8,0.809,1.046,25.34,0.697,False,0.4576,3.761
0.8112,0.86112,7,1,79,1,0.02,0.0004,20.96,13.86,1.343,0.773,35.14,0.499,False,0.0876,5.6471
0.8112,0.86112,7,1,79,1,0.0019,-0.0009,40.21,2.75,1.158,0.9,36.95,0.646,False,0.1382,4.8572
0.8112,0.86112,7,1,79,1,-0.0036,-0.0045,26.83,3.83,1.122,1.064,22.63,0.774,False,0.0391,3.8168
0.8112,0.86112,7,1,79,1,-0.0695,0.006,20.2,6.69,1.177,1.139,35.35,0.712,False,0.4789,3.3402
0.8112,0.86112,7,1,79,1,0.0224,-0.0095,42.84,7.78,1.423,1.328,20.98,0.52,False,0.1316,1.9551
0.8112,0.86112,7,1,79,1,-0.065,-0.0176,31.85,10.13,1.491,0.966,21.69,0.754,False,0.33,3.959
0.8112,0.86112,7,1,79,1,-0.0282,0.0018,23.79,5.41,1.653,0.795,32.25,0.538,False,0.5907,1.1882
0.8112,0.86112,7,1,79,1,-0.0574,-0.0162,22.22,11.14,1.056,0.825,23.25,0.794,False,0.2138,5.6151
0.8112,0.86112,7,1,79,1,0.0056,0.0038,28.11,3.15,0.954,1.221,38.24,0.413,False,0.2496,1.7157
0.8112,0.86112,7,1,79,1,-0.0028,-0.0065,30.91,14.56,0.981,1.258,25.0,0.493,False,0.1142,5.4612
0.8112,0.86112,7,1,79,1,-0.01,0.0086,37.66,9.7,1.267,1.187,23.58,0.569,False,0.0878,7.025
0.8112,0.86112,7,1,79,1,-0.0516,0.0026,29.96,12.83,1.25,1.099,33.75,0.597,False,1.3061,1.5926
0.8112,0.86112,7,1,79,1,-0.0315,-0.0195,44.34,8.1,1.207,0.982,29.47,0.771,False,0.1587,8.596
0.8112,0.86112,7,1,79,1,-0.0147,-0.0136,39.2,8.64,0.837,0.849,31.88,0.425,False,1.0246,1.1169
0.8112,0.86112,7,1,79,1,-0.0371,-0.0102,22.55,9.21,1.742,0.766,24.22,0.74,False,0.1238,6.4935
0.8112,0.86112,7,1,79,1,-0.008,0.0078,24.83,5.59,1.625,1.191,29.17,0.62,False,0.0499,5.9584
0.8112,0.86112,7,1,79,1,0.0112,-0.0153,30.37,4.85,1.303,0.916,37.76,0.668,False,0.1558,2.7476
0.8112,0.86112,7,1,79,1,-0.0254,-0.0017,38.93,11.02,1.433,1.276,39.0,0.73,False,0.2648,5.2765
0.8112,0.86112,7,1,79,1,-0.062,0.0044,36.35,12.97,1.002,0.728,39.69,0.613,True,2.8061,0.2478
0.8112,0.86112,7,1,79,1,-0.039,-0.003,35.82,2.37,1.094,1.399,31.23,0.462,False,0.4755,2.8727
0.8112,0.86112,7,1,79,1,0.0164,0.0063,34.32,7.41,1.504,1.163,26.31,0.468,False,0.142,2.3634
0.8112,0.86112,7,1,79,1,-0.0551,-0.0035,43.64,6.93,1.378,1.375,33.15,0.529,False,0.9718,1.6759
0.8112,0.86112,7,1,79,1,-0.0172,-0.0181,29.13,13.63,1.686,1.012,27.75,0.584,False,0.3873,2.5354
0.8112,0.86112,7,1,79,1,-0.0424,-0.0118,26.67,10.38,1.773,1.299,27.15,0.686,False,0.2756,4.7793
0.8112,0.86112,7,1,79,1,-0.0194,0.009,37.42,6.18,0.883,0.719,30.65,0.628,False,0.1387,6.9022
0.8112,0.86112,7,1,79,1,-0.0448,-0.012,25.01,12.22,1.575,1.338,28.61,0.656,False,0.2286,6.845
0.8112,0.86112,7,1,79,1,0.007,-0.0055,41.89,14.61,1.548,0.934,36.07,0.432,False,0.1227,7.8796
0.8112,0.86112,7,1,79,1,0.0149,-0.0141,41.5,4.49,1.725,1.08,20.56,0.441,False,0.1036,2.8803
0.8112,0.89856,7,3,81,1,-0.0382,-0.0154,24.88,7.01,1.182,0.77,38.01,0.623,False,0.241,3.9423
0.8112,0.89856,7,3,81,1,0.0131,0.0001,27.63,6.75,1.447,0.943,32.44,0.736,False,0.1937,1.1774
0.8112,0.89856,7,3,81,1,-0.0149,-0.0008,35.43,9.18,1.029,0.965,39.6,0.641,False,0.5804,1.8109
0.8112,0.89856,7,3,81,1,-0.0615,-0.0068,22.16,10.0,1.131,1.069,20.56,0.516,False,0.7702,0.4818
0.8112,0.89856,7,3,81,1,-0.027,0.0059,25.7,3.75,1.47,1.092,30.73,0.771,False,0.0603,3.737
0.8112,0.89856,7,3,81,1,-0.0586,-0.0162,38.19,2.0,1.671,1.391,35.43,0.502,True,1.216,0.9054
0.8112,0.89856,7,3,81,1,-0.0191,0.0017,40.13,8.35,1.606,0.917,39.32,0.424,False,1.1973,1.1283
0.8112,0.89856,7,3,81,1,-0.0519,0.0021,32.19,7.55,0.88,1.241,28.07,0.56,False,1.0827,0.9089
0.8112,0.89856,7,3,81,1,-0.0099,0.0035,26.98,10.47,0.839,1.28,35.15,0.712,False,0.3061,2.1512
0.8112,0.89856,7,3,81,1,-0.043,-0.0018,34.68,3.46,1.41,1.227,36.49,0.567,False,1.3428,1.3112
0.8112,0.89856,7,3,81,1,-0.0643,-0.0124,43.56,6.29,1.205,1.128,26.64,0.428,False,3.2669,0.5029
0.8112,0.89856,7,3,81,1,-0.0687,0.0085,44.57,12.0,1.505,0.904,23.2,0.669,False,0.8558,2.2262
0.8112,0.89856,7,3,81,1,-0.0478,0.0072,39.6,5.54,1.092,1.037,24.43,0.796,False,0.069,11.8338
0.8112,0.89856,7,3,81,1,-0.0345,0.0062,37.01,13.17,1.74,1.198,29.47,0.47,False,1.3059,0.9611
0.8112,0.89856,7,3,81,1,0.0083,-0.0144,20.6,14.3,0.918,1.025,31.7,0.69,False,0.0714,6.54
0.8112,0.89856,7,3,81,1,0.0231,-0.0099,26.59,11.28,1.164,0.796,37.35,0.637,False,0.1049,4.0802
0.8112,0.89856,7,3,81,1,0.0053,-0.0139,23.53,10.77,1.35,1.361,30.39,0.78,False,0.0595,4.9572
0.8112,0.89856,7,3,81,1,-0.0056,-0.0046,32.88,14.73,1.58,0.742,22.17,0.54,False,0.0773,4.7991
0.8112,0.89856,7,3,81,1,-0.0299,-0.0029,36.64,4.95,1.563,1.117,27.03,0.445,False,0.9173,0.7427
0.8112,0.89856,7,3,81,1,0.0155,-0.0183,29.52,13.85,1.239,0.78,23.8,0.532,False,0.077,2.2821
0.8112,0.89856,7,3,81,1,0.0099,-0.0116,38.6,9.64,1.38,1.183,27.93,0.728,False,0.0449,7.789
0.8112,0.89856,7,3,81,1,-0.0235,-0.0108,42.89,4.56,1.722,1.151,29.01,0.489,False,0.6493,1.3827
0.8112,0.89856,7,3,81,1,-0.0069,-0.0079,30.52,8.7,1.287,0.819,25.59,0.455,False,0.0743,2.1109
0.8112,0.89856,7,3,81,1,-0.0216,-0.0088,21.02,5.21,1.327,1.321,21.42,0.579,False,0.0548,1.203
0.8112,0.89856,7,3,81,1,-0.0487,-0.0198,33.95,11.82,0.973,1.343,25.32,0.602,False,0.1617,6.2255
0.8112,0.89856,7,3,81,1,-0.0393,0.0042,22.56,12.71,0.833,0.997,37.08,0.591,False,0.7576,2.1632
0.8112,0.89856,7,3,81,1,-0.0559,-0.0052,42.03,7.84,1.797,1.299,20.89,0.75,False,0.1547,5.3985
0.8112,0.89856,7,3,81,1,0.0027,-0.0034,40.88,2.84,0.946,0.869,32.73,0.408,False,0.3807,1.1181
0.8112,0.89856,7,3,81,1,-0.0033,0.0095,28.83,13.67,1.039,0.853,33.92,0.7,False,0.3522,2.0391
0.8112,0.89856,7,3,81,1,0.0208,-0.0177,31.14,3.26,1.663,0.702,34.43,0.663,False,0.0518,2.5535
0.8112,0.95472,7,6,84,1,0.0058,-0.004,39.96,9.41,1.368,1.053,28.6,0.773,False,0.0042,30.8755
0.8112,0.95472,7,6,84,1,-0.0076,-0.0167,26.0,3.67,1.637,1.037,37.52,0.71,False,0.0032,28.336
0.8112,0.95472,7,6,84,1,-0.0474,-0.0179,33.69,12.51,1.484,1.251,24.29,0.68,False,0.0073,38.2218
0.8112,0.95472,7,6,84,1,-0.0628,-0.0109,30.58,14.94,0.925,1.154,24.87,0.767,False,0.0319,16.6194
0.8112,0.95472,7,6,84,1,0.0021,0.0023,36.68,4.63,1.33,0.754,33.27,0.448,False,0.0127,9.0217
0.8112,0.95472,7,6,84,1,-0.0363,-0.0086,27.85,9.28,1.44,1.374,34.47,0.534,False,0.0205,9.0248
0.8112,0.95472,7,6,84,1,-0.0101,-0.0095,20.87,5.39,0.803,1.207,31.99,0.754,False,0.0066,9.8828
0.8112,0.95472,7,6,84,1,-0.0595,0.0066,41.32,6.86,0.884,1.294,22.95,0.625,False,0.0131,8.5639
0.8112,0.95472,7,6,84,1,0.0068,-0.0075,40.47,2.94,1.363,0.836,21.54,0.551,False,0.0029,15.1719
0.8112,0.95472,7,6,84,1,-0.029,-0.0041,34.43,12.15,1.28,0.849,30.59,0.743,False,0.0229,10.8292
0.8112,0.95472,7,6,84,1,-0.0334,-0.0069,20.15,14.24,0.958,0.975,34.9,0.792,False,0.0623,4.1253
0.8112,0.95472,7,6,84,1,-0.0493,-0.015,25.09,11.21,1.615,1.025,39.64,0.635,False,0.2764,2.2639
0.8112,0.95472,7,6,84,1,0.0194,-0.0153,44.16,7.94,1.12,0.704,29.01,0.519,False,0.0041,27.8898
0.8112,0.95472,7,6,84,1,-0.0061,-0.0013,22.75,10.99,1.726,0.788,26.39,0.701,False,0.0104,11.3013
0.8112,0.95472,7,6,84,1,-0.0202,0.0009,42.93,5.61,1.501,1.176,32.13,0.434,False,0.0245,6.6744
0.8112,0.95472,7,6,84,1,-0.041,-0.0114,35.67,11.83,0.998,1.113,31.1,0.575,False,0.0584,15.4265
0.8112,0.95472,7,6,84,1,-0.0527,-0.0028,31.49,4.43,1.597,1.331,20.45,0.528,False,0.0086,6.3664
0.8112,0.95472,7,6,84,1,0.0105,0.0087,38.83,3.74,1.02,1.216,38.09,0.693,False,0.0148,7.2091
0.8112,0.95472,7,6,84,1,0.0139,-0.0186,44.46,8.44,1.21,1.27,25.91,0.475,False,0.0022,40.1657
0.8112,0.95472,7,6,84,1,-0.0677,0.005,28.38,13.78,1.677,1.383,36.43,0.502,False,0.531,3.1318
0.8112,0.95472,7,6,84,1,-0.0012,-0.0196,24.79,13.42,1.558,0.993,33.79,0.733,False,0.005,36.3271
0.8112,0.95472,7,6,84,1,-0.0571,-0.0134,27.49,7.32,1.157,0.951,20.88,0.647,False,0.0113,8.1254
0.8112,0.95472,7,6,84,1,-0.0241,0.0041,32.1,2.59,1.429,0.812,37.22,0.593,False,0.0159,7.3881
0.8112,0.95472,7,6,84,1,0.0164,0.0018,29.49,10.06,1.095,0.917,29.44,0.656,False,0.0081,11.7477
0.8112,0.95472,7,6,84,1,-0.0177,0.007,37.7,5.96,0.851,0.896,27.68,0.466,False,0.014,5.375
0.8112,0.95472,7,6,84,1,-0.026,-0.0051,36.32,8.91,1.763,0.741,26.98,0.563,False,0.0209,7.6322
0.8112,0.95472,7,6,84,1,-0.0422,-0.0,22.0,2.26,1.797,1.133,22.53,0.403,False,0.0079,3.0796
0.8112,0.95472,7,6,84,1,-0.0668,0.0091,42.06,6.67,1.251,1.094,39.21,0.492,True,0.3275,2.8546
0.8112,0.95472,7,6,84,1,0.0236,-0.0128,23.94,10.41,1.056,0.884,23.78,0.612,False,0.0036,14.1455
0.8112,0.95472,7,6,84,1,-0.0144,0.0036,33.01,13.25,1.191,1.323,35.64,0.419,False,0.0159,10.5811
0.8112,0.936,7,5,83,1,-0.0063,-0.0051,36.14,13.38,1.441,1.114,26.9,0.528,False,0.0149,12.5188
0.8112,0.936,7,5,83,1,-0.055,-0.0035,40.54,12.08,0.844,0.761,22.01,0.622,False,0.0177,18.2653
0.8112,0.936,7,5,83,1,-0.0521,0.0025,23.01,9.9,0.915,0.908,20.57,0.502,False,0.0148,7.19
0.8112,0.936,7,5,83,1,-0.0126,0.0054,33.68,8.06,1.512,0.914,25.32,0.735,False,0.0209,5.6789
0.8112,0.936,7,5,83,1,-0.0001,0.0088,26.13,12.75,1.38,1.284,28.02,0.473,False,0.0077,10.6745
0.8112,0.936,7,5,83,1,-0.0141,-0.0082,30.91,4.82,1.283,0.951,38.93,0.69,False,0.0338,6.3206
0.8112,0.936,7,5,83,1,-0.0255,-0.0151,24.31,5.68,0.897,1.227,28.89,0.719,False,0.0099,13.175
0.8112,0.936,7,5,83,1,0.0048,-0.0066,37.73,14.9,1.238,1.152,35.98,0.601,False,0.0268,8.8164
0.8112,0.936,7,5,83,1,-0.0679,-0.0092,35.0,2.85,1.724,1.02,35.3,0.634,True,0.3095,5.6126
0.8112,0.936,7,5,83,1,-0.0602,-0.014,42.62,13.02,1.202,1.086,21.84,0.456,False,0.1428,3.5155
0.8112,0.936,7,5,83,1,-0.0179,0.005,32.71,11.94,1.493,0.793,36.47,0.406,False,0.0895,3.6301
0.8112,0.936,7,5,83,1,0.0187,0.01,28.99,6.26,1.432,0.963,32.46,0.67,False,0.0102,5.4951
0.8112,0.936,7,5,83,1,-0.0346,-0.019,43.42,9.55,1.313,0.871,25.52,0.642,False,0.0836,6.4561
0.8112,0.936,7,5,83,1,0.0165,0.007,39.04,8.74,1.556,1.182,27.34,0.575,False,0.0151,4.5958
0.8112,0.936,7,5,83,1,-0.0068,-0.0163,28.33,6.92,1.575,0.723,24.62,0.693,False,0.0132,7.472
0.8112,0.936,7,5,83,1,0.0136,-0.0045,23.68,3.63,1.353,1.031,38.51,0.431,False,0.0101,3.9242
0.8112,0.936,7,5,83,1,-0.0653,0.0071,29.55,11.37,1.747,1.37,30.32,0.723,False,0.5358,3.3352
0.8112,0.936,7,5,83,1,-0.0622,0.0008,21.61,8.95,0.986,0.838,22.94,0.661,False,0.0019,76.8799
0.8112,0.936,7,5,83,1,0.0072,-0.0079,32.16,5.08,1.062,1.192,33.2,0.419,False,0.009,7.5275
0.8112,0.936,7,5,83,1,-0.0218,-0.0015,41.06,10.53,1.798,0.727,31.1,0.56,False,0.059,5.5227
0.8112,0.936,7,5,83,1,-0.0293,-0.0002,42.34,10.7,1.162,0.982,31.39,0.762,False,0.2781,2.1606
0.8112,0.936,7,5,83,1,-0.042,0.0038,26.82,8.16,1.683,1.337,26.42,0.749,False,0.0662,3.9071
0.8112,0.936,7,5,83,1,-0.045,-0.0122,37.49,4.02,1.632,0.802,20.77,0.484,False,0.0275,5.69
0.8112,0.936,7,5,83,1,-0.0257,-0.0111,20.69,13.83,0.825,1.127,39.96,0.587,False,0.3416,3.6186
0.8112,0.936,7,5,83,1,-0.0385,0.0015,44.76,2.27,1.175,1.317,29.91,0.537,False,0.0075,32.1888
0.8112,0.936,7,5,83,1,0.0102,-0.017,25.32,14.29,1.128,0.841,33.71,0.555,False,0.0173,11.7986
0.8112,0.936,7,5,83,1,-0.0365,-0.0022,35.35,6.34,1.085,1.381,34.2,0.519,False,0.0199,12.9392
0.8112,0.936,7,5,83,1,-0.0494,-0.0135,30.32,4.59,1.656,1.257,37.17,0.792,False,0.0076,71.0422
0.8112,0.936,7,5,83,1,-0.0029,-0.02,22.17,2.99,1.029,1.059,23.82,0.441,False,0.016,1.7396
0.8112,0.936,7,5,83,1,0.0237,-0.0105,39.37,7.35,0.942,1.283,37.84,0.782,False,0.0134,10.4608
0.8112,0.97344,7,7,85,1,-0.0305,0.0092,33.56,13.01,0.897,0.833,24.16,0.61,False,0.0272,5.8689
0.8112,0.97344,7,7,85,1,0.0134,0.0026,20.88,3.59,1.536,1.048,32.97,0.577,False,0.009,4.534
0.8112,0.97344,7,7,85,1,-0.0103,-0.0044,33.0,2.03,1.469,0.966,27.06,0.708,False,0.0181,4.2061
0.8112,0.97344,7,7,85,1,-0.0277,0.0012,42.95,6.48,0.821,0.986,31.17,0.731,False,0.0732,3.016
0.8112,0.97344,7,7,85,1,-0.0396,-0.0181,31.27,7.53,1.614,1.091,23.06,0.735,False,0.0126,10.8684
0.8112,0.97344,7,7,85,1,-0.0688,-0.0088,27.99,14.74,1.461,0.765,38.47,0.672,False,0.4751,5.1112
0.8112,0.97344,7,7,85,1,0.0237,-0.0064,41.69,5.7,1.047,0.73,39.23,0.428,False,0.0064,27.3178
0.8112,0.97344,7,7,85,1,-0.0378,0.0072,25.39,11.32,1.387,1.174,36.66,0.698,False,0.0822,3.4283
0.8112,0.97344,7,7,85,1,-0.0248,-0.0022,37.31,3.88,1.21,1.265,36.91,0.57,False,0.0313,7.5224
0.8112,0.97344,7,7,85,1,-0.0613,0.0039,20.11,4.65,1.509,1.134,21.08,0.798,False,0.0036,20.049
0.8112,0.97344,7,7,85,1,-0.0577,-0.0052,39.22,7.09,1.267,1.245,29.25,0.755,False,0.0209,15.5581
0.8112,0.97344,7,7,85,1,-0.0219,-0.0112,30.76,8.2,1.357,0.876,29.54,0.511,False,0.0101,14.2009
0.8112,0.97344,7,7,85,1,-0.008,-0.0079,29.36,7.84,1.636,1.324,23.63,0.635,False,0.0176,4.839
0.8112,0.97344,7,7,85,1,0.0034,-0.018,38.05,14.56,0.936,1.296,26.6,0.531,False,0.0137,13.5418
0.8112,0.97344,7,7,85,1,-0.0045,-0.0106,27.19,12.34,1.798,1.215,22.37,0.489,False,0.0158,5.6631
0.8112,0.97344,7,7,85,1,-0.0185,0.0007,32.22,13.28,1.193,1.399,32.03,0.553,False,0.0411,6.4035
0.8112,0.97344,7,7,85,1,-0.0334,-0.0139,40.11,2.69,1.676,1.118,30.11,0.494,False,0.0146,12.6561
0.8112,0.97344,7,7,85,1,-0.0478,-0.0034,24.77,11.56,1.701,1.146,34.33,0.463,False,0.0087,26.8316
0.8112,0.97344,7,7,85,1,-0.0554,-0.0194,43.67,9.35,1.093,1.061,39.92,0.654,True,0.4753,2.0622
0.8112,0.97344,7,7,85,1,0.0164,0.0086,38.79,10.68,1.009,0.813,28.54,0.782,False,0.018,9.6066
0.8112,0.97344,7,7,85,1,0.0005,0.0061,29.02,10.03,1.766,1.369,25.06,0.538,False,0.0068,12.2469
0.8112,0.97344,7,7,85,1,-0.0419,-0.0164,21.67,6.21,1.327,1.346,31.79,0.687,False,0.0248,5.9181
0.8112,0.97344,7,7,85,1,-0.0668,-0.0014,44.98,4.48,1.124,1.011,37.94,0.468,True,1.4895,0.5443
0.8112,0.97344,7,7,85,1,-0.052,-0.0155,35.49,9.43,0.999,0.954,35.58,0.451,True,1.1388,0.7437
0.8112,0.97344,7,7,85,1,0.0062,0.0043,34.56,13.97,0.835,0.923,25.65,0.407,False,0.0205,4.8257
0.8112,0.97344,7,7,85,1,0.011,0.0051,23.7,12.6,1.432,0.793,20.58,0.589,False,0.0116,5.8722
0.8112,0.97344,7,7,85,1,-0.0498,-0.0144,26.35,10.52,1.584,0.907,21.65,0.625,False,0.0091,19.6554
0.8112,0.97344,7,7,85,1,-0.0011,-0.0007,41.36,8.8,1.244,0.71,33.53,0.641,False,0.026,8.9761
0.8112,0.97344,7,7,85,1,0.0207,-0.0124,23.18,3.07,1.162,0.846,35.19,0.773,False,0.0043,13.4869
0.8112,0.97344,7,7,85,1,-0.0138,-0.0096,36.18,5.08,0.917,1.194,27.46,0.427,False,0.0118,8.0156
0.8112,0.91728,7,4,82,1,-0.0097,-0.0151,40.35,14.54,1.542,1.123,23.4,0.778,False,0.0422,5.4816
0.8112,0.91728,7,4,82,1,-0.0171,0.005,37.9,8.51,1.144,1.16,32.6,0.59,False,1.2347,0.7014
0.8112,0.91728,7,4,82,1,-0.0586,-0.0009,36.57,5.68,1.422,1.387,26.91,0.644,False,0.8677,1.2189
0.8112,0.91728,7,4,82,1,-0.0449,-0.0184,27.88,3.83,1.52,1.356,20.37,0.712,False,0.04,1.4718
0.8112,0.91728,7,4,82,1,0.0006,0.0001,26.7,2.83,1.104,0.74,30.58,0.746,False,0.0223,2.6472
0.8112,0.91728,7,4,82,1,0.007,-0.0024,44.04,14.05,1.177,1.108,26.03,0.414,False,0.071,2.4706
0.8112,0.91728,7,4,82,1,-0.0521,-0.0042,20.44,2.13,1.363,1.061,39.52,0.41,False,0.0128,14.4144
0.8112,0.91728,7,4,82,1,-0.0379,-0.0175,23.21,9.48,1.646,0.842,31.56,0.724,False,0.1987,2.6235
0.8112,0.91728,7,4,82,1,0.0029,-0.0149,30.05,8.22,1.386,1.314,36.57,0.439,False,0.0312,4.19
0.8112,0.91728,7,4,82,1,-0.0273,0.0099,44.52,11.88,1.723,1.09,25.74,0.603,False,0.9951,0.9207
0.8112,0.91728,7,4,82,1,-0.0341,0.0069,43.33,3.29,1.265,1.269,35.67,0.638,False,0.4267,3.4279
0.8112,0.91728,7,4,82,1,-0.0695,0.0024,21.08,13.5,0.983,1.022,30.81,0.614,False,0.433,3.8206
0.8112,0.91728,7,4,82,1,-0.0553,-0.0089,35.76,5.12,1.328,1.198,29.42,0.472,False,1.3202,0.6272
0.8112,0.91728,7,4,82,1,0.0095,0.0074,33.56,3.68,1.497,1.041,21.25,0.792,False,0.0114,5.4879
0.8112,0.91728,7,4,82,1,-0.014,-0.0161,29.37,11.4,0.822,0.887,38.46,0.532,False,0.0181,13.8676
0.8112,0.91728,7,4,82,1,-0.0442,-0.0139,38.9,14.98,1.208,0.877,25.2,0.445,False,0.0809,6.6577
0.8112,0.91728,7,4,82,1,-0.0125,0.0055,30.96,12.65,1.578,0.778,21.62,0.545,False,0.016,7.5603
0.8112,0.91728,7,4,82,1,0.0216,-0.0129,29.04,10.14,0.856,0.761,22.24,0.503,False,0.014,2.9537
0.8112,0.91728,7,4,82,1,-0.0207,-0.0119,24.93,4.84,1.048,1.337,34.6,0.757,False,0.0119,10.5202
0.8112,0.91728,7,4,82,1,-0.0623,-0.0036,26.2,6.4,1.455,1.226,32.89,0.579,False,1.7935,0.7062
0.8112,0.91728,7,4,82,1,-0.032,-0.0191,25.52,7.94,1.776,0.979,35.04,0.674,False,0.2913,2.5097
0.8112,0.91728,7,4,82,1,-0.0486,-0.0096,22.08,10.97,0.915,0.806,37.82,0.558,False,0.2655,5.552
0.8112,0.91728,7,4,82,1,-0.0036,-0.0077,34.37,6.31,1.615,0.996,33.54,0.49,False,0.0577,2.5662
0.8112,0.91728,7,4,82,1,-0.0031,-0.0105,33.22,4.28,0.951,0.711,24.51,0.509,False,0.0176,2.9585
0.8112,0.91728,7,4,82,1,-0.0644,-0.0051,24.12,10.27,1.735,1.256,28.76,0.454,False,2.3679,0.3855
0.8112,0.91728,7,4,82,1,-0.0397,0.0031,37.49,7.1,1.024,0.822,28.02,0.687,False,0.081,10.3451
0.8112,0.91728,7,4,82,1,0.0143,0.0089,32.45,9.0,0.877,0.933,36.92,0.695,False,0.0546,4.5619
0.8112,0.91728,7,4,82,1,0.0231,0.001,41.29,12.28,1.679,1.176,22.88,0.765,False,0.0922,2.6232
0.8112,0.91728,7,4,82,1,-0.0226,-0.0061,41.7,13.08,1.296,1.29,27.6,0.663,False,0.7065,1.3968
0.8112,0.91728,7,4,82,1,0.0164,-0.0015,39.8,7.49,1.072,0.952,39.33,0.568,False,0.0281,5.8182
0.8112,1.0296,7,10,88,1,-0.0386,-0.0051,31.28,7.56,1.07,1.001,20.16,0.686,False,0.0033,11.2002
0.8112,1.0296,7,10,88,1,-0.0349,0.0071,32.53,8.16,1.632,1.229,26.16,0.799,False,0.0131,7.1179
0.8112,1.0296,7,10,88,1,-0.0103,-0.0036,41.33,6.26,1.188,0.732,28.13,0.642,False,0.0059,10.437
0.8112,1.0296,7,10,88,1,-0.0448,-0.0101,22.71,13.28,0.936,1.3,22.25,0.437,False,0.0039,10.6708
0.8112,1.0296,7,10,88,1,-0.0576,-0.0145,42.4,10.69,1.709,0.957,33.16,0.597,False,0.0129,13.3004
0.8112,1.0296,7,10,88,1,0.0127,-0.0189,35.11,4.77,1.286,1.058,35.9,0.476,False,0.0039,13.0275
0.8112,1.0296,7,10,88,1,-0.0651,-0.0179,39.38,9.6,1.796,1.13,21.48,0.782,False,0.0113,10.0239
0.8112,1.0296,7,10,88,1,-0.068,0.0018,42.57,4.47,1.442,0.861,24.94,0.615,False,0.0085,9.8224
0.8112,1.0296,7,10,88,1,0.0075,-0.0113,38.47,14.53,1.421,1.203,27.53,0.754,False,0.0067,13.2283
0.8112,1.0296,7,10,88,1,-0.0149,-0.0137,20.34,14.99,0.84,0.898,24.03,0.585,False,0.0015,43.9704
0.8112,1.0296,7,10,88,1,-0.0442,-0.0006,30.49,9.86,1.055,1.091,36.61,0.418,False,0.0075,13.8831
0.8112,1.0296,7,10,88,1,-0.0259,-0.0075,33.93,13.72,1.521,0.98,29.09,0.443,False,0.0119,6.5744
0.8112,1.0296,7,10,88,1,0.0189,0.0088,31.88,2.84,1.005,0.925,39.97,0.552,False,0.0091,5.7444
0.8112,1.0296,7,10,88,1,-0.0378,-0.0049,26.31,11.63,0.892,1.329,33.53,0.634,False,0.0085,14.6554
0.8112,1.0296,7,10,88,1,-0.0227,-0.0083,22.35,9.18,1.551,0.886,22.69,0.517,False,0.0013,19.4065
0.8112,1.0296,7,10,88,1,-0.0572,0.0069,43.38,5.26,1.578,1.346,31.53,0.677,False,0.0123,11.4296
0.8112,1.0296,7,10,88,1,0.0024,-0.0167,25.32,3.4,1.48,0.752,30.19,0.494,False,0.0024,8.3898
0.8112,1.0296,7,10,88,1,0.0169,-0.0061,24.43,12.21,0.908,1.379,37.25,0.466,False,0.0078,8.9134
0.8112,1.0296,7,10,88,1,-0.0478,-0.0195,29.77,3.81,1.149,0.703,27.32,0.524,False,0.0077,4.0009
0.8112,1.0296,7,10,88,1,-0.0318,0.005,28.51,11.52,1.663,0.834,37.61,0.412,False,0.0134,7.3907
0.8112,1.0296,7,10,88,1,-0.0616,0.0036,35.91,2.87,1.317,1.008,38.36,0.732,False,0.0154,8.4872
0.8112,1.0296,7,10,88,1,0.0229,-0.0018,40.22,7.87,1.219,1.184,34.76,0.484,False,0.0038,18.1283
0.8112,1.0296,7,10,88,1,-0.0012,0.0003,36.88,13.14,1.374,0.803,29.73,0.736,False,0.0065,14.0401
0.8112,1.0296,7,10,88,1,-0.0162,-0.0096,28.24,12.75,1.335,1.042,21.16,0.565,False,0.002,22.1723
0.8112,1.0296,7,10,88,1,-0.0211,-0.0027,37.91,6.69,1.258,0.788,25.56,0.655,False,0.0053,9.8608
0.8112,1.0296,7,10,88,1,0.0053,-0.0121,34.85,2.11,1.7,1.258,30.91,0.763,False,0.0008,50.1712
0.8112,1.0296,7,10,88,1,-0.0057,0.0097,21.09,8.62,0.806,1.282,39.08,0.704,False,0.0117,7.6222
0.8112,1.0296,7,10,88,1,0.0095,0.0026,26.85,6.85,1.74,1.367,34.42,0.54,False,0.0064,7.3483
0.8112,1.0296,7,10,88,1,-0.0079,-0.0159,44.71,10.58,1.131,1.166,32.04,0.602,False,0.0065,13.9867
0.8112,1.0296,7,10,88,1,-0.053,0.0046,23.8,5.89,0.991,1.1,24.0,0.719,False,0.0091,4.5496
0.8112,0.99216,7,8,86,1,0.0189,-0.0148,27.73,2.05,1.024,0.799,31.09,0.789,False,0.0044,5.918
0.8112,0.99216,7,8,86,1,-0.0518,0.0087,23.3,12.12,1.329,0.984,32.7,0.64,False,0.016,17.7098
0.8112,0.99216,7,8,86,1,-0.0633,-0.0049,42.75,7.4,1.576,0.705,35.36,0.778,False,0.0558,23.4007
0.8112,0.99216,7,8,86,1,0.0146,-0.0178,28.51,8.49,1.378,1.172,24.39,0.476,False,0.0037,8.1406
0.8112,0.99216,7,8,86,1,-0.0546,0.0047,38.71,2.54,0.904,0.726,27.16,0.626,False,0.0213,6.1293
0.8112,0.99216,7,8,86,1,-0.0381,-0.0192,37.03,13.04,1.61,0.878,30.42,0.49,False,0.012,13.744
0.8112,0.99216,7,8,86,1,-0.0677,-0.0018,31.95,9.19,1.69,1.213,21.78,0.54,False,0.0252,4.7465
0.8112,0.99216,7,8,86,1,-0.0072,-0.0115,43.51,10.56,1.638,1.387,25.99,0.565,False,0.0083,11.6265
0.8112,0.99216,7,8,86,1,0.017,-0.0128,22.21,11.64,1.718,1.327,36.12,0.652,False,0.0016,64.6525
0.8112,0.99216,7,8,86,1,-0.0435,-0.009,42.03,8.04,0.977,1.164,20.1,0.463,False,0.014,4.6855
0.8112,0.99216,7,8,86,1,-0.0457,-0.0008,31.17,3.05,1.265,1.219,22.4,0.601,False,0.0213,2.0813
0.8112,0.99216,7,8,86,1,-0.0238,0.0006,35.88,3.7,1.225,0.965,28.34,0.771,False,0.0179,4.56
0.8112,0.99216,7,8,86,1,-0.0327,0.0068,38.16,6.9,1.063,0.774,22.68,0.51,False,0.011,5.9919
0.8112,0.99216,7,8,86,1,-0.0262,0.0057,30.43,4.21,1.298,0.892,27.41,0.451,False,0.0051,10.4802
0.8112,0.99216,7,8,86,1,-0.0487,-0.0032,26.74,4.93,1.443,0.846,37.57,0.575,False,0.0061,22.8854
0.8112,0.99216,7,8,86,1,-0.0199,-0.0079,33.52,13.33,1.734,1.082,32.59,0.522,False,0.0074,18.6611
0.8112,0.99216,7,8,86,1,-0.0293,0.0036,41.52,8.7,0.806,1.035,38.45,0.553,False,0.0207,9.0459
0.8112,0.99216,7,8,86,1,-0.0159,-0.01,29.96,6.01,1.793,0.911,34.94,0.731,False,0.0194,5.6795
0.8112,0.99216,7,8,86,1,-0.0101,-0.0153,21.06,14.88,1.074,1.011,25.17,0.696,False,0.0043,24.6364
0.8112,0.99216,7,8,86,1,-0.0668,-0.0188,35.03,5.46,1.179,1.244,31.79,0.69,False,0.0497,6.1715
0.8112,0.99216,7,8,86,1,-0.0397,0.0028,33.2,6.66,1.525,1.268,26.66,0.717,False,0.0135,8.3642
0.8112,0.99216,7,8,86,1,-0.0003,0.0072,39.52,9.93,1.113,0.762,34.33,0.745,False,0.0149,9.4193
0.8112,0.99216,7,8,86,1,-0.0164,-0.0029,25.42,12.53,0.87,1.131,21.07,0.752,False,0.0016,56.5252
0.8112,0.99216,7,8,86,1,0.0224,-0.0052,24.5,3.81,1.161,0.829,29.12,0.42,False,0.0048,4.0288
0.8112,0.99216,7,8,86,1,0.0044,-0.0161,20.04,11.37,1.564,1.061,39.46,0.667,False,0.0036,30.2491
0.8112,0.99216,7,8,86,1,-0.0009,-0.0069,34.25,5.68,1.483,1.333,33.65,0.506,False,0.0046,15.1701
0.8112,0.99216,7,8,86,1,-0.0602,-0.0099,40.66,10.8,0.854,0.94,36.84,0.4,True,1.9058,0.5704
0.8112,0.99216,7,8,86,1,-0.004,0.0019,26.2,9.38,1.429,1.114,39.19,0.432,False,0.0102,10.1329
0.8112,0.99216,7,8,86,1,0.008,0.0093,23.87,13.71,0.961,1.371,29.88,0.587,False,0.0159,8.0944
0.8112,0.99216,7,8,86,1,0.0098,-0.0137,44.24,14.24,1.353,1.3,23.8,0.663,False,0.0054,18.1377
0.8112,1.01088,7,9,87,1,-0.0128,0.008,37.96,13.14,1.421,1.179,24.44,0.425,False,0.0062,13.6486
0.8112,1.01088,7,9,87,1,-0.0452,-0.0056,39.82,2.69,1.347,0.989,38.24,0.794,False,0.0161,9.1106
0.8112,1.01088,7,9,87,1,-0.0374,0.0048,30.37,4.12,1.293,1.202,27.61,0.692,False,0.0103,6.6864
0.8112,1.01088,7,9,87,1,-0.0589,-0.0062,34.62,12.11,1.172,0.818,24.88,0.73,False,0.0145,12.2184
0.8112,1.01088,7,9,87,1,0.013,0.0092,33.51,7.59,0.989,1.249,38.98,0.734,False,0.0107,11.4428
0.8112,1.01088,7,9,87,1,-0.0289,0.0083,27.02,5.42,1.508,0.884,26.25,0.519,False,0.0117,4.0082
0.8112,1.01088,7,9,87,1,0.0197,0.0017,32.23,14.81,0.833,0.803,23.72,0.61,False,0.0024,28.6434
0.8112,1.01088,7,9,87,1,-0.0158,0.0064,31.02,2.87,1.747,1.12,36.06,0.456,False,0.0056,13.5445
0.8112,1.01088,7,9,87,1,-0.0188,-0.0022,43.77,4.72,1.222,1.139,25.53,0.48,False,0.0042,16.0662
0.8112,1.01088,7,9,87,1,-0.0419,-0.0119,36.49,10.91,0.962,1.083,36.79,0.564,False,0.0075,21.1594
0.8112,1.01088,7,9,87,1,-0.0088,0.0031,41.29,4.3,1.039,0.764,29.78,0.585,False,0.0106,7.7552
0.8112,1.01088,7,9,87,1,-0.0327,-0.0109,23.26,8.85,1.693,1.327,33.04,0.662,False,0.0074,13.2864
0.8112,1.01088,7,9,87,1,0.0112,-0.0045,37.49,14.05,1.655,0.971,34.21,0.534,False,0.0054,18.0483
0.8112,1.01088,7,9,87,1,0.0024,-0.0174,32.76,12.61,1.439,0.908,20.73,0.761,False,0.0046,13.5157
0.8112,1.01088,7,9,87,1,-0.07,-0.0075,25.79,9.37,1.106,1.231,35.46,0.529,False,0.0141,12.7527
0.8112,1.01088,7,9,87,1,-0.0213,-0.0122,20.46,13.64,1.499,0.785,33.38,0.559,False,0.0048,22.1575
0.8112,1.01088,7,9,87,1,-0.0561,-0.0143,42.33,10.46,1.368,1.294,22.13,0.716,False,0.0135,9.7231
0.8112,1.01088,7,9,87,1,0.017,-0.0005,35.03,9.35,0.931,1.351,32.41,0.617,False,0.0022,33.1518
0.8112,1.01088,7,9,87,1,0.0079,-0.0164,28.04,2.24,1.324,1.161,21.51,0.494,False,0.0048,2.3655
0.8112,1.01088,7,9,87,1,-0.0023,-0.0185,28.82,6.42,1.616,0.86,27.27,0.488,False,0.0049,6.5038
0.8112,1.01088,7,9,87,1,-0.0243,-0.0131,22.01,3.33,0.869,0.935,31.04,0.78,False,0.0052,4.4528
0.8112,1.01088,7,9,87,1,-0.0512,0.0059,42.7,14.46,1.001,1.072,28.51,0.441,False,0.0409,5.3591
0.8112,1.01088,7,9,87,1,-0.0411,0.0003,26.55,6.78,1.724,1.394,20.64,0.436,False,0.0034,8.5012
0.8112,1.01088,7,9,87,1,0.005,-0.0014,29.57,11.27,1.142,1.27,37.62,0.698,False,0.0088,11.3833
0.8112,1.01088,7,9,87,1,-0.0638,-0.0156,44.21,7.93,1.068,0.706,28.98,0.408,False,0.9261,1.3098
0.8112,1.01088,7,9,87,1,-0.0063,-0.0035,21.12,6.15,0.86,1.355,39.51,0.635,False,0.0035,12.7068
0.8112,1.01088,7,9,87,1,0.0225,-0.02,24.89,9.86,1.561,1.041,35.02,0.594,False,0.0039,17.0992
0.8112,1.01088,7,9,87,1,-0.0284,0.0024,23.81,5.8,1.258,0.919,30.21,0.749,False,0.009,8.2086
0.8112,1.01088,7,9,87,1,-0.0634,-0.009,40.29,8.46,1.577,1.01,22.86,0.642,False,0.0083,13.944
0.8112,1.01088,7,9,87,1,-0.0497,-0.0093,38.82,11.96,1.78,0.734,31.49,0.67,False,0.0141,12.9623
0.8268,0.87984,8,2,91,1,0.0001,-0.0151,20.82,4.38,1.536,0.776,37.57,0.536,False,0.002,10.1606
0.8268,0.87984,8,2,91,1,-0.0593,-0.0018,32.34,8.94,1.218,0.956,28.63,0.509,False,0.0008,72.9319
0.8268,0.87984,8,2,91,1,-0.0047,-0.0112,25.76,8.92,1.41,1.26,21.44,0.461,False,0.0014,9.4503
0.8268,0.87984,8,2,91,1,-0.0217,-0.0169,42.92,4.65,1.255,0.891,29.05,0.442,False,0.0067,6.7666
0.8268,0.87984,8,2,91,1,-0.0113,-0.0087,38.17,14.06,1.676,1.35,27.82,0.74,False,0.0014,46.0699
0.8268,0.87984,8,2,91,1,-0.0557,-0.0024,40.94,6.42,1.34,0.959,32.62,0.644,False,0.0036,24.5793
0.8268,0.87984,8,2,91,1,-0.0624,0.0073,34.08,14.99,1.097,1.304,36.52,0.476,False,0.0027,44.3347
0.8268,0.87984,8,2,91,1,-0.0537,0.0029,23.17,5.63,1.479,0.732,21.22,0.527,False,0.0011,12.2557
0.8268,0.87984,8,2,91,1,0.0192,-0.0043,23.53,7.6,1.657,0.825,34.69,0.503,False,0.0011,23.6927
0.8268,0.87984,8,2,91,1,-0.0162,-0.0186,31.51,11.89,1.603,0.811,38.11,0.687,False,0.0017,42.6938
0.8268,0.87984,8,2,91,1,-0.0335,0.0094,26.88,5.46,1.752,1.104,20.54,0.722,False,0.0007,26.2086
0.8268,0.87984,8,2,91,1,-0.0423,-0.0125,43.48,8.14,0.965,1.243,33.87,0.716,False,0.002,43.8548
0.8268,0.87984,8,2,91,1,-0.0639,0.0082,37.33,6.96,0.974,0.915,24.69,0.575,False,0.0015,32.3612
0.8268,0.87984,8,2,91,1,-0.0141,0.0001,32.54,3.39,1.013,1.052,26.31,0.42,False,0.0007,26.2967
0.8268,0.87984,8,2,91,1,-0.0684,-0.0078,36.21,6.09,0.876,1.078,34.42,0.795,False,0.0018,56.7643
0.8268,0.87984,8,2,91,1,-0.0085,-0.0175,28.4,14.46,1.282,1.033,29.95,0.428,False,0.0035,13.2648
0.8268,0.87984,8,2,91,1,-0.0318,-0.0063,38.69,13.25,1.314,1.367,31.74,0.407,False,0.002,34.8368
0.8268,0.87984,8,2,91,1,-0.0025,-0.0059,35.38,10.04,1.12,1.31,30.87,0.659,False,0.0014,38.4315
0.8268,0.87984,8,2,91,1,0.0081,-0.0093,39.47,10.54,1.784,1.023,35.68,0.62,False,0.0015,38.5427
0.8268,0.87984,8,2,91,1,-0.0379,0.0045,24.5,12.0,0.803,1.394,30.01,0.555,False,0.0002,320.4962
0.8268,0.87984,8,2,91,1,-0.0408,-0.0149,40.47,9.7,1.461,1.146,24.34,0.591,False,0.001,54.1218
0.8268,0.87984,8,2,91,1,-0.0256,0.0018,34.35,12.75,1.148,1.187,25.75,0.628,False,0.0034,18.5155
0.8268,0.87984,8,2,91,1,0.0223,0.0061,41.94,2.46,1.702,1.234,27.32,0.673,False,0.0012,21.9177
0.8268,0.87984,8,2,91,1,0.0124,0.0037,44.97,2.04,0.916,1.121,39.27,0.777,False,0.0004,128.997
0.8268,0.87984,8,2,91,1,0.0167,-0.0131,29.49,8.01,1.529,1.208,36.88,0.702,False,0.002,24.0251
0.8268,0.87984,8,2,91,1,0.0057,0.0058,27.9,3.22,1.188,0.719,33.32,0.756,False,0.0013,17.4518
0.8268,0.87984,8,2,91,1,-0.028,-0.0003,30.17,4.05,0.837,0.997,39.36,0.767,False,0.0026,21.3278
0.8268,0.87984,8,2,91,1,-0.0502,-0.0034,22.34,11.23,1.044,0.84,22.59,0.573,False,0.0008,44.2382
0.8268,0.87984,8,2,91,1,-0.0473,-0.0198,26.3,13.61,1.586,0.874,23.66,0.604,False,0.0028,24.0909
0.8268,0.87984,8,2,91,1,0.0119,-0.0104,20.95,10.88,1.382,0.767,22.73,0.489,False,0.0009,17.7187
0.8268,0.8424,8,0,89,1,-0.0504,0.0094,24.15,2.18,1.763,1.303,28.03,0.712,False,0.0022,16.2758
0.8268,0.8424,8,0,89,1,-0.0354,0.0011,22.74,13.22,1.595,0.72,37.75,0.696,False,0.0123,14.4562
0.8268,0.8424,8,0,89,1,0.0086,0.0035,26.53,3.66,1.423,0.91,27.36,0.581,False,0.0043,6.3108
0.8268,0.8424,8,0,89,1,0.0209,0.0029,24.57,7.3,1.565,0.797,25.5,0.527,False,0.0048,5.9224
0.8268,0.8424,8,0,89,1,-0.0576,0.0061,32.87,9.88,1.731,0.883,38.05,0.558,False,0.0056,43.0786
0.8268,0.8424,8,0,89,1,-0.0288,-0.0066,26.86,13.91,1.228,0.945,39.88,0.516,False,0.0086,18.2383
0.8268,0.8424,8,0,89,1,-0.0203,-0.0159,29.15,14.64,1.178,0.964,27.3,0.625,False,0.0054,24.594
0.8268,0.8424,8,0,89,1,0.0135,-0.0195,42.45,10.79,1.063,1.384,31.67,0.783,False,0.0127,7.9402
0.8268,0.8424,8,0,89,1,-0.0342,0.0003,21.44,4.82,1.777,1.022,20.91,0.61,False,0.006,3.3836
0.8268,0.8424,8,0,89,1,-0.0557,-0.0049,36.54,9.42,1.34,1.156,22.19,0.689,False,0.0065,17.4332
0.8268,0.8424,8,0,89,1,-0.0666,0.0049,38.53,8.22,0.95,1.138,33.94,0.773,False,0.0238,11.1628
0.8268,0.8424,8,0,89,1,0.0001,-0.0057,32.42,12.64,1.446,1.254,32.38,0.42,False,0.0042,22.3266
0.8268,0.8424,8,0,89,1,0.0038,-0.0169,42.6,12.39,1.008,1.169,23.31,0.656,False,0.0085,10.4463
0.8268,0.8424,8,0,89,1,-0.0133,-0.0113,39.32,6.64,1.371,1.191,34.04,0.667,False,0.0074,16.3462
0.8268,0.8424,8,0,89,1,-0.0042,0.0053,21.75,9.03,1.071,1.109,35.96,0.542,False,0.0017,47.9902
0.8268,0.8424,8,0,89,1,-0.0228,0.0073,31.39,11.58,0.902,1.261,23.8,0.572,False,0.0077,9.9786
0.8268,0.8424,8,0,89,1,-0.0626,-0.0181,37.94,3.04,1.131,0.765,39.01,0.43,False,0.0158,13.5165
0.8268,0.8424,8,0,89,1,-0.0431,-0.0176,30.7,7.82,1.16,1.071,20.19,0.735,False,0.0115,4.3713
0.8268,0.8424,8,0,89,1,-0.0687,-0.008,29.31,5.22,1.496,0.771,26.12,0.748,False,0.0103,7.3384
0.8268,0.8424,8,0,89,1,-0.0182,-0.0006,40.23,11.41,1.295,1.37,31.1,0.789,False,0.0055,26.2365
0.8268,0.8424,8,0,89,1,-0.0413,-0.0093,44.69,13.47,0.857,1.344,29.46,0.637,False,0.0144,13.0837
0.8268,0.8424,8,0,89,1,-0.0069,-0.0121,34.94,7.13,0.867,1.214,25.24,0.597,False,0.005,10.3843
0.8268,0.8424,8,0,89,1,0.0097,-0.0138,25.25,4.27,1.674,1.086,30.39,0.462,False,0.005,6.4458
0.8268,0.8424,8,0,89,1,0.0159,0.0081,35.14,2.56,1.66,0.988,29.15,0.5,False,0.0033,12.777
0.8268,0.8424,8,0,89,1,0.0224,-0.0075,37.12,14.18,0.811,0.898,36.56,0.441,False,0.0014,69.6297
0.8268,0.8424,8,0,89,1,-0.0524,-0.0029,44.15,5.95,1.267,0.726,21.78,0.474,False,0.0092,8.0524
0.8268,0.8424,8,0,89,1,-0.0117,-0.0145,27.68,10.6,1.5,1.042,34.87,0.723,False,0.0023,59.4266
0.8268,0.8424,8,0,89,1,-0.0297,-0.0109,33.37,3.83,1.618,0.835,37.0,0.413,False,0.008,12.2526
0.8268,0.8424,8,0,89,1,-0.0478,-0.0013,20.01,8.81,0.978,1.307,33.1,0.646,False,0.0088,14.4598
0.8268,0.8424,8,0,89,1,-0.0024,-0.0034,41.06,5.62,1.302,0.857,24.24,0.487,False,0.0028,18.9041
0.8268,0.86112,8,1,90,1,-0.0213,-0.0084,27.65,5.74,1.366,0.821,22.96,0.51,False,0.0023,5.8256
0.8268,0.86112,8,1,90,1,-0.0397,-0.0064,41.09,7.81,1.523,1.336,31.94,0.713,False,0.0025,29.5993
0.8268,0.86112,8,1,90,1,-0.0482,-0.0028,26.7,14.56,1.763,0.737,28.58,0.402,False,0.0018,33.6551
0.8268,0.86112,8,1,90,1,0.0052,0.0015,20.85,13.1,1.26,1.302,34.27,0.474,False,0.0023,20.9694
0.8268,0.86112,8,1,90,1,-0.0512,-0.0106,28.41,6.69,0.867,1.278,30.72,0.56,False,0.0015,26.7554
0.8268,0.86112,8,1,90,1,0.0193,-0.0174,30.93,8.87,1.679,0.909,29.82,0.577,False,0.0008,45.4962
0.8268,0.86112,8,1,90,1,-0.011,-0.015,32.98,4.34,1.019,1.214,30.55,0.418,False,0.0008,34.4737
0.8268,0.86112,8,1,90,1,-0.0243,0.0074,25.45,2.09,1.098,1.162,23.35,0.66,False,0.0019,5.3417
0.8268,0.86112,8,1,90,1,-0.0548,0.0069,20.58,3.5,1.231,0.885,36.24,0.735,False,0.0025,11.4852
0.8268,0.86112,8,1,90,1,-0.058,-0.0111,34.75,3.12,1.162,1.242,25.92,0.444,False,0.0035,8.1945
0.8268,0.86112,8,1,90,1,-0.0457,-0.0157,41.7,5.44,1.036,1.356,38.15,0.701,False,0.0018,47.8741
0.8268,0.86112,8,1,90,1,0.0075,0.0058,34.05,11.67,1.183,1.021,27.05,0.6,False,0.0022,21.2022
0.8268,0.86112,8,1,90,1,-0.0292,0.0024,24.0,12.19,1.654,1.199,33.61,0.561,False,0.0025,26.9165
0.8268,0.86112,8,1,90,1,-0.0024,-0.0051,40.37,6.89,1.719,1.001,28.83,0.54,False,0.0013,30.0277
0.8268,0.86112,8,1,90,1,-0.0077,-0.0098,39.81,10.28,1.563,0.925,37.42,0.608,False,0.0018,38.7925
0.8268,0.86112,8,1,90,1,-0.0421,-0.0042,44.7,14.67,1.449,1.325,21.9,0.466,False,0.0017,32.4798
0.8268,0.86112,8,1,90,1,-0.0176,-0.0162,36.05,13.54,0.906,0.858,35.71,0.653,False,0.0009,89.6512
0.8268,0.86112,8,1,90,1,0.0002,-0.0007,24.22,2.73,1.318,1.086,33.14,0.489,False,0.0026,5.9077
0.8268,0.86112,8,1,90,1,-0.0259,-0.0015,22.17,4.7,1.586,1.1,26.02,0.632,False,0.0016,9.4198
0.8268,0.86112,8,1,90,1,0.0173,0.0037,37.87,9.02,0.971,1.384,35.17,0.755,False,0.0007,80.8239
0.8268,0.86112,8,1,90,1,-0.0615,0.0045,26.24,6.13,1.408,0.977,22.3,0.773,False,0.0024,11.0717
0.8268,0.86112,8,1,90,1,-0.0664,-0.0187,30.8,9.98,1.368,0.795,39.29,0.435,False,0.0091,11.917
0.8268,0.86112,8,1,90,1,-0.034,-0.0078,32.44,7.52,0.936,1.056,37.13,0.788,False,0.004,18.7886
0.8268,0.86112,8,1,90,1,-0.0379,-0.0195,35.56,11.39,0.837,0.704,20.06,0.503,False,0.0053,5.3015
0.8268,0.86112,8,1,90,1,0.0151,-0.0121,43.27,3.75,1.486,1.04,39.39,0.733,False,0.0027,19.9788
0.8268,0.86112,8,1,90,1,-0.0139,0.009,38.8,14.1,1.625,1.181,25.16,0.528,False,0.0015,36.5604
0.8268,0.86112,8,1,90,1,-0.068,-0.013,43.51,9.45,1.107,1.121,32.06,0.784,False,0.0069,17.1562
0.8268,0.86112,8,1,90,1,0.0231,0.0094,36.81,10.87,1.273,0.777,24.21,0.691,False,0.0021,19.3838
0.8268,0.86112,8,1,90,1,-0.0061,-0.0039,22.62,12.78,0.811,0.943,27.73,0.624,False,0.0027,18.5372
0.8268,0.86112,8,1,90,1,0.0103,0.0004,29.78,8.17,1.787,0.755,21.04,0.669,False,0.0006,34.7835
0.8268,0.91728,8,4,93,1,-0.0388,0.0073,23.14,3.74,1.769,1.242,20.45,0.484,False,0.0005,11.7371
0.8268,0.91728,8,4,93,1,-0.03,-0.0018,37.06,5.99,0.863,0.811,35.54,0.46,False,0.0006,70.0299
0.8268,0.91728,8,4,93,1,-0.0597,0.0024,42.88,14.2,1.401,0.958,30.66,0.587,False,0.002,36.9189
0.8268,0.91728,8,4,93,1,-0.0222,-0.0055,23.81,2.2,1.599,1.317,20.89,0.735,False,0.0003,19.5971
0.8268,0.91728,8,4,93,1,0.001,-0.0132,34.58,8.14,1.559,1.351,31.53,0.71,False,0.0007,51.2571
0.8268,0.91728,8,4,93,1,-0.055,0.0052,40.99,7.68,0.884,0.705,28.45,0.531,False,0.002,22.9372
0.8268,0.91728,8,4,93,1,0.0149,-0.0032,20.06,2.44,1.181,0.842,26.48,0.478,False,0.0006,7.5841
0.8268,0.91728,8,4,93,1,-0.0621,0.0001,25.95,8.93,1.386,1.295,36.8,0.733,False,0.0005,139.7222
0.8268,0.91728,8,4,93,1,-0.0449,-0.0075,35.71,6.68,0.997,1.042,24.62,0.404,False,0.0016,12.8765
0.8268,0.91728,8,4,93,1,-0.048,-0.0061,28.41,12.02,1.75,1.141,26.97,0.535,False,0.0014,30.4902
0.8268,0.91728,8,4,93,1,-0.0004,0.0049,39.0,9.48,1.0,0.827,32.99,0.441,False,0.0015,23.0011
0.8268,0.91728,8,4,93,1,-0.0078,0.003,31.16,12.73,1.665,0.734,35.19,0.43,False,0.0001,373.4737
0.8268,0.91728,8,4,93,1,-0.0327,0.0063,35.98,11.14,1.286,0.919,39.38,0.697,False,0.0018,32.9061
0.8268,0.91728,8,4,93,1,-0.0229,-0.0046,27.2,13.31,1.149,1.2,38.8,0.514,False,0.0021,24.6492
0.8268,0.91728,8,4,93,1,-0.0139,-0.0162,41.76,11.1,1.318,0.894,36.63,0.645,False,0.0014,36.8558
0.8268,0.91728,8,4,93,1,0.0065,-0.0159,40.58,3.14,1.25,1.026,30.94,0.633,False,0.0004,62.2735
0.8268,0.91728,8,4,93,1,0.0244,-0.0028,39.63,9.86,1.209,1.086,23.71,0.505,False,0.0003,76.9446
0.8268,0.91728,8,4,93,1,-0.0541,-0.0109,31.86,4.67,1.475,1.156,34.45,0.794,False,0.0014,32.437
0.8268,0.91728,8,4,93,1,0.0176,0.0019,21.19,14.63,1.457,1.189,38.06,0.671,False,0.0004,102.1344
0.8268,0.91728,8,4,93,1,-0.0108,-0.0185,27.96,7.62,1.055,0.947,29.8,0.577,False,0.0008,27.4905
0.8268,0.91728,8,4,93,1,0.004,-0.0127,33.54,9.11,1.668,0.991,25.96,0.616,False,0.001,24.8977
0.8268,0.91728,8,4,93,1,-0.0262,0.0089,29.58,13.87,1.504,1.223,22.4,0.415,False,0.0004,60.0853
0.8268,0.91728,8,4,93,1,-0.0676,0.0098,33.27,11.61,1.366,1.362,27.38,0.563,False,0.002,30.0296
0.8268,0.91728,8,4,93,1,-0.005,-0.0097,22.17,3.57,1.63,0.747,25.17,0.55,False,0.0002,32.6081
0.8268,0.91728,8,4,93,1,-0.0164,-0.0007,38.1,5.23,0.962,1.058,37.43,0.659,False,0.0005,77.1962
0.8268,0.91728,8,4,93,1,0.0102,-0.0148,44.73,4.49,1.094,0.874,29.18,0.612,False,0.001,27.8801
0.8268,0.91728,8,4,93,1,-0.0383,-0.0176,24.77,6.88,1.725,1.27,32.25,0.687,False,0.0007,48.2765
0.8268,0.91728,8,4,93,1,-0.0432,-0.011,30.14,10.25,0.807,1.107,33.63,0.759,False,0.0008,78.2455
0.8268,0.91728,8,4,93,1,-0.0667,-0.0084,44.15,12.85,1.117,0.785,22.67,0.782,False,0.0015,45.6953
0.8268,0.91728,8,4,93,1,0.02,-0.0193,25.09,5.72,0.91,1.379,21.51,0.772,False,0.0005,19.4013
0.8268,0.97344,8,7,96,1,-0.0336,-0.0004,27.46,14.53,1.406,1.371,29.41,0.619,False,0.0015,34.8256
0.8268,0.97344,8,7,96,1,-0.0356,0.008,21.66,5.87,1.273,0.885,38.19,0.52,False,0.0019,12.6762
0.8268,0.97344,8,7,96,1,-0.0206,0.0077,38.78,13.39,1.656,0.996,27.72,0.788,False,0.0007,70.9246
0.8268,0.97344,8,7,96,1,-0.0624,0.006,39.31,4.85,1.621,0.861,30.99,0.489,False,0.0006,78.9538
0.8268,0.97344,8,7,96,1,-0.0504,-0.0073,37.26,11.31,1.675,1.29,35.49,0.746,False,0.002,33.1416
0.8268,0.97344,8,7,96,1,-0.0588,0.0043,28.19,8.56,1.502,1.34,28.1,0.637,False,0.0019,18.8166
0.8268,0.97344,8,7,96,1,0.0127,-0.0109,44.99,3.89,1.133,0.75,26.32,0.451,False,0.0012,16.7281
0.8268,0.97344,8,7,96,1,0.024,0.0061,41.22,11.65,1.262,1.38,37.6,0.685,False,0.0016,26.0642
0.8268,0.97344,8,7,96,1,0.0002,-0.013,28.55,13.79,1.147,1.07,21.09,0.705,False,0.0004,81.2651
0.8268,0.97344,8,7,96,1,-0.0512,-0.0185,35.51,2.29,1.332,0.711,36.76,0.583,False,0.0001,353.9231
0.8268,0.97344,8,7,96,1,0.012,-0.0165,31.05,10.97,1.557,0.776,25.62,0.651,False,0.0009,28.5995
0.8268,0.97344,8,7,96,1,-0.0439,0.0093,32.97,9.49,1.067,1.249,29.0,0.657,False,0.0007,64.5635
0.8268,0.97344,8,7,96,1,-0.0138,-0.0045,41.83,8.49,1.491,0.929,39.01,0.516,False,0.001,46.3364
0.8268,0.97344,8,7,96,1,-0.0174,-0.0025,23.91,10.54,1.097,1.13,33.34,0.404,False,0.0018,13.4574
0.8268,0.97344,8,7,96,1,0.0075,-0.0088,31.85,9.16,0.821,1.05,23.94,0.732,False,0.0008,29.8156
0.8268,0.97344,8,7,96,1,-0.0269,0.002,22.24,12.09,1.171,1.179,31.85,0.748,False,0.0019,26.4053
0.8268,0.97344,8,7,96,1,-0.0406,-0.0193,22.98,6.64,0.861,1.114,22.34,0.473,False,0.0002,49.7898
0.8268,0.97344,8,7,96,1,-0.0011,-0.0142,42.61,12.75,1.39,0.978,34.04,0.461,False,0.0018,23.5266
0.8268,0.97344,8,7,96,1,-0.0468,0.0003,35.96,9.97,1.589,1.196,39.35,0.598,False,0.0014,42.581
0.8268,0.97344,8,7,96,1,-0.0242,-0.0126,34.13,3.05,1.783,0.952,36.27,0.707,False,0.0014,23.6535
0.8268,0.97344,8,7,96,1,0.0179,-0.0017,34.99,7.04,1.726,1.278,21.75,0.416,False,0.0003,38.2555
0.8268,0.97344,8,7,96,1,0.0043,0.0031,44.06,4.34,0.94,1.016,33.05,0.547,False,0.0006,56.8528
0.8268,0.97344,8,7,96,1,-0.0659,-0.0063,26.54,2.45,1.345,1.312,23.29,0.438,False,0.001,9.9853
0.8268,0.97344,8,7,96,1,-0.0669,-0.0058,38.14,5.03,0.99,0.888,20.39,0.669,False,0.001,18.7885
0.8268,0.97344,8,7,96,1,-0.0111,-0.012,29.8,7.28,1.449,0.823,25.31,0.5,False,0.001,14.9384
0.8268,0.97344,8,7,96,1,0.0208,0.0028,25.55,14.86,0.868,1.228,30.37,0.556,False,0.0001,313.9046
0.8268,0.97344,8,7,96,1,-0.009,-0.0091,30.14,3.45,1.759,1.158,26.76,0.777,False,0.0004,32.8731
0.8268,0.97344,8,7,96,1,-0.0546,-0.003,40.58,12.94,0.915,1.075,34.78,0.761,False,0.0016,43.3403
0.8268,0.97344,8,7,96,1,-0.0306,-0.0172,24.69,7.81,1.22,0.738,24.5,0.606,False,0.0002,83.6058
0.8268,0.97344,8,7,96,1,-0.0037,-0.0151,20.75,5.98,1.015,0.795,32.28,0.564,False,0.0008,17.0963
0.8268,0.89856,8,3,92,1,-0.0654,-0.0181,33.37,8.55,0.912,0.891,32.0,0.616,False,0.0044,18.2109
0.8268,0.89856,8,3,92,1,0.0157,-0.0149,21.31,5.53,1.014,1.217,20.41,0.608,False,0.0006,11.4899
0.8268,0.89856,8,3,92,1,-0.0492,0.0074,32.5,14.18,1.668,1.022,31.21,0.671,False,0.0025,36.4247
0.8268,0.89856,8,3,92,1,-0.0046,-0.0054,20.47,9.23,1.538,0.844,25.07,0.52,False,0.0016,10.7998
0.8268,0.89856,8,3,92,1,0.0122,-0.0068,28.77,10.67,1.57,1.076,21.2,0.572,False,0.0018,11.8911
0.8268,0.89856,8,3,92,1,-0.0207,0.0043,36.89,12.6,0.978,1.373,30.25,0.483,False,0.0024,23.3941
0.8268,0.89856,8,3,92,1,0.004,-0.0075,24.0,3.87,0.867,1.242,22.24,0.768,False,0.001,9.5032
0.8268,0.89856,8,3,92,1,-0.0554,0.0062,40.03,6.29,1.131,1.272,29.64,0.72,False,0.003,24.0686
0.8268,0.89856,8,3,92,1,-0.0069,0.0004,43.93,7.33,0.804,1.379,33.06,0.554,False,0.0019,27.1794
0.8268,0.89856,8,3,92,1,-0.0673,-0.0098,38.35,3.67,1.208,0.777,21.41,0.43,False,0.0007,36.4478
0.8268,0.89856,8,3,92,1,0.0079,0.0031,36.46,11.13,1.432,1.302,38.38,0.747,False,0.0026,22.7294
0.8268,0.89856,8,3,92,1,0.0211,-0.0157,39.44,14.79,1.789,0.75,34.33,0.449,False,0.0028,18.3551
0.8268,0.89856,8,3,92,1,-0.0015,0.0016,22.71,4.36,1.518,1.15,34.81,0.648,False,0.0014,15.1983
0.8268,0.89856,8,3,92,1,-0.0438,0.0092,26.85,10.18,1.363,1.114,37.77,0.512,False,0.0036,19.2565
0.8268,0.89856,8,3,92,1,0.0124,-0.001,31.06,3.14,0.858,1.031,23.32,0.407,False,0.002,5.0677
0.8268,0.89856,8,3,92,1,0.0017,-0.0128,24.77,2.19,1.067,0.976,39.6,0.541,False,0.0014,15.6353
0.8268,0.89856,8,3,92,1,-0.0155,-0.0039,30.2,5.22,1.63,0.794,36.35,0.68,False,0.0018,23.5264
0.8268,0.89856,8,3,92,1,-0.0311,-0.0086,44.52,9.38,1.283,1.055,23.96,0.756,False,0.0039,14.9077
0.8268,0.89856,8,3,92,1,-0.0347,-0.002,41.74,2.71,1.17,1.143,33.66,0.796,False,0.0022,26.2702
0.8268,0.89856,8,3,92,1,-0.0636,-0.0106,34.53,8.03,1.239,1.203,26.11,0.713,False,0.0022,27.4022
0.8268,0.89856,8,3,92,1,-0.0188,0.0087,22.34,14.09,1.744,0.871,28.71,0.423,False,0.0004,86.4841
0.8268,0.89856,8,3,92,1,-0.0122,-0.0112,27.64,13.33,0.953,0.936,26.82,0.575,False,0.002,23.1208
0.8268,0.89856,8,3,92,1,-0.0385,-0.0006,37.77,8.1,1.158,0.826,35.64,0.783,False,0.0021,37.2879
0.8268,0.89856,8,3,92,1,-0.0462,0.0022,29.82,10.97,1.447,0.708,32.36,0.593,False,0.0056,13.325
0.8268,0.89856,8,3,92,1,-0.028,0.0056,41.02,11.65,1.373,0.931,28.3,0.699,False,0.0029,22.6409
0.8268,0.89856,8,3,92,1,-0.06,-0.0042,25.4,6.56,1.483,1.348,27.94,0.46,False,0.0029,9.5081
0.8268,0.89856,8,3,92,1,0.0237,-0.0138,35.73,13.14,1.061,0.999,37.04,0.471,False,0.002,24.6427
0.8268,0.89856,8,3,92,1,-0.0231,-0.0173,42.77,6.95,1.319,1.173,24.43,0.658,False,0.0016,23.8677
0.8268,0.89856,8,3,92,1,-0.0514,-0.0197,26.01,4.73,1.657,1.313,25.58,0.627,False,0.0003,75.6779
0.8268,0.89856,8,3,92,1,-0.0355,-0.0165,31.77,12.27,1.711,0.727,38.7,0.5,False,0.0039,20.5635
0.8268,0.95472,8,6,95,1,-0.0244,0.0032,31.37,9.59,1.766,1.07,31.0,0.717,False,0.0014,31.7037
0.8268,0.95472,8,6,95,1,-0.0599,-0.0099,29.98,7.08,1.471,1.172,39.09,0.444,False,0.0005,103.1612
0.8268,0.95472,8,6,95,1,-0.0495,-0.002,35.13,10.31,1.427,1.287,34.2,0.508,False,0.0014,40.4335
0.8268,0.95472,8,6,95,1,-0.0417,-0.0195,32.21,6.39,1.352,0.791,26.86,0.665,False,0.0012,22.6003
0.8268,0.95472,8,6,95,1,-0.0457,-0.0101,38.59,2.73,1.692,1.213,29.73,0.727,False,0.0022,13.9881
0.8268,0.95472,8,6,95,1,-0.0035,-0.0153,34.71,3.13,1.225,1.373,34.75,0.458,False,0.0011,22.8999
0.8268,0.95472,8,6,95,1,-0.012,0.0083,41.51,4.41,1.078,0.96,31.64,0.699,False,0.0015,22.4536
0.8268,0.95472,8,6,95,1,-0.0154,-0.0071,36.09,6.27,1.331,0.933,27.66,0.493,False,0.0017,13.5533
0.8268,0.95472,8,6,95,1,0.0013,0.0057,23.58,8.15,1.114,0.797,39.97,0.778,False,0.0008,47.8472
0.8268,0.95472,8,6,95,1,0.0081,-0.0022,30.03,9.98,0.822,1.026,25.88,0.615,False,0.0009,24.6493
0.8268,0.95472,8,6,95,1,-0.0532,-0.003,43.97,11.83,0.93,1.219,36.03,0.436,False,0.0026,24.9949
0.8268,0.95472,8,6,95,1,-0.0563,0.0012,25.17,2.29,0.977,1.111,37.97,0.476,False,0.0003,82.4344
0.8268,0.95472,8,6,95,1,-0.0059,-0.0089,28.28,5.6,1.009,1.15,20.65,0.404,False,0.0008,8.4368
0.8268,0.95472,8,6,95,1,-0.0093,0.0022,41.77,12.88,1.143,0.763,38.59,0.681,False,0.0011,46.1597
0.8268,0.95472,8,6,95,1,-0.0666,0.0097,44.22,13.3,1.714,1.131,32.44,0.417,False,0.0005,144.9054
0.8268,0.95472,8,6,95,1,-0.0213,-0.0166,39.88,5.33,1.298,1.328,28.43,0.537,False,0.0008,34.3008
0.8268,0.95472,8,6,95,1,-0.0412,-0.0061,28.51,3.89,1.529,1.08,21.5,0.504,False,0.0011,8.554
0.8268,0.95472,8,6,95,1,0.0213,-0.0177,37.51,10.93,1.793,1.038,23.42,0.578,False,0.0008,30.3775
0.8268,0.95472,8,6,95,1,0.0045,-0.0183,23.19,14.3,1.565,0.838,33.4,0.675,False,0.0018,24.9205
0.8268,0.95472,8,6,95,1,-0.0192,-0.0004,33.77,8.61,1.373,0.997,30.55,0.797,False,0.0006,78.116
0.8268,0.95472,8,6,95,1,-0.0342,-0.0056,21.79,12.13,1.593,0.908,37.19,0.608,False,0.0026,20.5257
0.8268,0.95472,8,6,95,1,0.0166,-0.0149,24.53,12.62,1.653,0.722,33.24,0.572,False,0.0004,100.0696
0.8268,0.95472,8,6,95,1,-0.0292,-0.0132,20.95,7.77,0.851,1.265,26.59,0.767,False,0.0011,21.9973
0.8268,0.95472,8,6,95,1,0.0144,-0.0126,26.59,3.35,1.607,0.943,24.75,0.629,False,0.001,8.0628
0.8268,0.95472,8,6,95,1,-0.0272,0.0064,40.6,4.91,0.894,0.859,23.27,0.554,False,0.001,19.7829
0.8268,0.95472,8,6,95,1,-0.068,0.0075,32.98,14.88,1.177,0.87,22.09,0.741,False,0.0005,134.2521
0.8268,0.95472,8,6,95,1,0.0233,-0.0116,37.32,13.98,1.064,1.379,29.14,0.59,False,0.0006,63.6806
0.8268,0.95472,8,6,95,1,-0.0626,0.0042,20.19,11.11,0.956,1.254,35.48,0.525,False,0.0008,67.5501
0.8268,0.95472,8,6,95,1,0.0106,0.0002,26.91,8.94,1.265,0.743,24.03,0.748,False,0.0007,29.228
0.8268,0.95472,8,6,95,1,-0.0371,-0.0046,43.3,7.61,1.454,1.342,20.75,0.65,False,0.0006,41.2625
0.8268,0.99216,8,8,97,1,-0.0633,0.0008,40.17,11.81,0.856,0.9,20.75,0.62,False,0.0011,32.7562
0.8268,0.99216,8,8,97,1,-0.0291,-0.0166,35.81,6.44,1.699,0.99,30.12,0.666,False,0.0014,25.1347
0.8268,0.99216,8,8,97,1,-0.0395,-0.0149,32.1,10.71,1.052,1.04,24.97,0.47,False,0.0007,32.8988
0.8268,0.99216,8,8,97,1,-0.0671,0.0019,23.58,4.0,1.344,1.159,26.0,0.792,False,0.0005,30.2815
0.8268,0.99216,8,8,97,1,0.0221,0.0089,42.98,13.85,1.621,1.1,28.54,0.426,False,0.0011,31.8469
0.8268,0.99216,8,8,97,1,0.003,-0.0076,28.67,7.84,0.962,1.361,34.48,0.642,False,0.0005,58.0799
0.8268,0.99216,8,8,97,1,-0.0159,0.0026,37.38,12.29,1.399,1.053,29.02,0.486,False,0.0013,29.473
0.8268,0.99216,8,8,97,1,-0.0172,0.0041,25.13,6.82,1.512,1.132,30.83,0.708,False,0.0005,49.3526
0.8268,0.99216,8,8,97,1,-0.048,-0.0125,21.35,3.41,1.293,1.182,23.69,0.439,False,0.0009,6.915
0.8268,0.99216,8,8,97,1,0.0077,0.0032,27.66,2.17,1.218,1.197,33.02,0.459,False,0.001,12.2623
0.8268,0.99216,8,8,97,1,-0.0558,-0.0068,24.87,7.58,1.264,0.78,37.99,0.781,False,0.0006,93.3112
0.8268,0.99216,8,8,97,1,-0.0417,-0.0047,34.21,6.32,1.109,1.216,23.22,0.691,False,0.001,21.4964
0.8268,0.99216,8,8,97,1,-0.0068,-0.0154,43.79,4.27,1.712,1.09,38.25,0.584,False,0.0013,32.0451
0.8268,0.99216,8,8,97,1,-0.0278,-0.0033,41.47,3.16,1.581,1.341,21.85,0.451,False,0.0009,18.5993
0.8268,0.99216,8,8,97,1,0.0147,0.0068,42.18,5.29,1.445,0.731,36.11,0.639,False,0.0004,92.5804
0.8268,0.99216,8,8,97,1,0.001,-0.0104,33.58,9.7,1.144,1.379,38.69,0.679,False,0.0005,83.016
0.8268,0.99216,8,8,97,1,-0.0066,-0.0095,39.78,11.4,1.473,0.829,24.01,0.526,False,0.0012,23.4017
0.8268,0.99216,8,8,97,1,0.0216,0.0079,30.44,2.44,1.567,1.005,36.68,0.494,False,0.0007,25.5935
0.8268,0.99216,8,8,97,1,-0.0591,-0.0056,37.84,12.46,0.927,1.247,32.54,0.697,False,0.0014,49.1746
0.8268,0.99216,8,8,97,1,-0.0469,-0.0022,26.05,9.22,1.781,0.913,36.0,0.557,False,0.0017,27.2046
0.8268,0.99216,8,8,97,1,-0.0121,-0.0194,36.27,10.24,0.977,1.283,29.95,0.405,False,0.0011,25.0625
0.8268,0.99216,8,8,97,1,0.0185,-0.0011,23.16,9.98,0.832,1.326,39.73,0.722,False,0.0007,53.5318
0.8268,0.99216,8,8,97,1,-0.0367,0.0096,44.68,13.6,1.074,0.851,33.71,0.757,False,0.0021,29.4796
0.8268,0.99216,8,8,97,1,0.0111,-0.0186,29.94,8.52,1.649,0.958,22.43,0.744,False,0.0002,82.6248
0.8268,0.99216,8,8,97,1,-0.0644,-0.0113,31.03,12.95,1.315,0.758,34.85,0.61,False,0.0019,37.9846
0.8268,0.99216,8,8,97,1,-0.0018,0.0054,26.96,14.35,1.424,0.87,27.39,0.541,False,0.0004,82.9085
0.8268,0.99216,8,8,97,1,-0.0242,-0.0008,22.24,8.43,1.018,1.287,25.36,0.597,False,0.0007,23.0167
0.8268,0.99216,8,8,97,1,-0.035,-0.0178,20.42,4.71,0.876,0.81,27.26,0.573,False,0.0004,21.3065
0.8268,0.99216,8,8,97,1,-0.0214,-0.0135,38.67,14.97,1.753,0.945,31.35,0.761,False,0.001,53.6959
0.8268,0.99216,8,8,97,1,-0.053,-0.0082,32.59,5.74,1.198,0.715,20.19,0.508,False,0.0012,9.6616
0.8268,0.936,8,5,94,1,-0.0634,-0.0031,34.31,2.23,1.261,1.046,35.33,0.725,False,0.0016,26.205
0.8268,0.936,8,5,94,1,-0.0495,-0.0111,40.47,12.84,1.468,0.863,38.13,0.519,False,0.0014,51.3952
0.8268,0.936,8,5,94,1,-0.0514,0.0016,41.62,7.52,1.392,0.911,26.85,0.632,False,0.0009,49.9243
0.8268,0.936,8,5,94,1,0.021,0.0022,36.32,4.59,1.138,0.776,30.88,0.499,False,0.0005,39.8932
0.8268,0.936,8,5,94,1,-0.0424,0.0005,37.71,13.28,0.88,1.121,38.96,0.789,False,0.0012,59.6528
0.8268,0.936,8,5,94,1,0.0129,0.007,32.43,13.86,0.828,1.284,32.92,0.591,False,0.0004,97.8357
0.8268,0.936,8,5,94,1,0.0219,-0.0168,25.16,9.99,1.703,1.335,36.63,0.576,False,0.001,33.0434
0.8268,0.936,8,5,94,1,-0.0317,-0.0196,26.14,3.06,1.297,1.39,28.91,0.64,False,0.0003,52.897
0.8268,0.936,8,5,94,1,-0.0269,0.0056,33.67,14.54,0.92,1.323,33.63,0.776,False,0.0025,24.5767
0.8268,0.936,8,5,94,1,-0.0084,-0.0,44.63,6.47,1.096,1.026,25.26,0.462,False,0.002,12.3332
0.8268,0.936,8,5,94,1,-0.0691,-0.0059,35.12,8.18,1.197,0.969,27.77,0.654,False,0.0006,78.9302
0.8268,0.936,8,5,94,1,-0.0543,-0.0044,43.49,8.71,1.002,0.934,20.17,0.617,False,0.0017,16.5546
0.8268,0.936,8,5,94,1,-0.011,-0.019,20.48,9.78,1.214,1.109,37.36,0.469,False,0.0009,31.4953
0.8268,0.936,8,5,94,1,0.0053,-0.016,43.31,2.62,1.13,0.751,37.02,0.561,False,0.0012,31.0253
0.8268,0.936,8,5,94,1,-0.0324,0.0088,23.84,12.3,0.852,1.272,35.84,0.542,False,0.0023,22.7496
0.8268,0.936,8,5,94,1,-0.0394,0.0099,24.45,9.32,1.735,0.999,23.82,0.604,False,0.0012,19.3282
0.8268,0.936,8,5,94,1,-0.0383,-0.0125,28.14,5.2,1.359,1.203,28.06,0.685,False,0.0006,35.1735
0.8268,0.936,8,5,94,1,0.002,-0.003,21.18,7.88,1.579,1.215,39.78,0.767,False,0.0008,47.1088
0.8268,0.936,8,5,94,1,-0.047,-0.014,32.63,4.82,0.97,0.904,30.61,0.742,False,0.0012,27.4266
0.8268,0.936,8,5,94,1,0.0078,-0.0101,29.54,11.94,1.052,0.728,25.67,0.549,False,0.0005,52.2361
0.8268,0.936,8,5,94,1,-0.0146,0.0076,38.86,5.92,1.648,0.826,32.36,0.416,False,0.0029,11.7803
0.8268,0.936,8,5,94,1,-0.0599,-0.0073,29.06,10.89,1.52,1.243,31.84,0.492,False,0.0023,22.7034
0.8268,0.936,8,5,94,1,0.0093,-0.0173,27.02,11.48,1.769,1.161,21.75,0.522,False,0.0005,32.7641
0.8268,0.936,8,5,94,1,-0.0003,-0.009,22.5,12.63,0.953,1.189,24.51,0.445,False,0.0005,31.8736
0.8268,0.936,8,5,94,1,-0.0255,-0.0083,31.27,10.44,1.684,0.795,26.47,0.436,False,0.0018,14.7977
0.8268,0.936,8,5,94,1,-0.0185,-0.0064,42.38,14.79,1.536,0.885,23.08,0.669,False,0.0021,21.7779
0.8268,0.936,8,5,94,1,-0.0666,-0.0011,36.93,3.49,1.433,1.374,34.41,0.409,False,0.0017,28.3064
0.8268,0.936,8,5,94,1,-0.0218,0.0031,23.27,7.18,1.449,1.091,21.11,0.751,False,0.002,7.1055
0.8268,0.936,8,5,94,1,0.0184,0.0044,30.07,3.96,1.309,0.714,29.83,0.706,False,0.0015,10.1045
0.8268,0.936,8,5,94,1,-0.0057,-0.0137,39.78,5.81,1.63,1.071,22.2,0.715,False,0.0006,33.2979
0.8424,0.86112,9,1,101,1,-0.0513,-0.008,22.02,7.76,1.383,1.386,22.43,0.728,False,0.0011,20.6341
0.8424,0.86112,9,1,101,1,-0.0693,-0.0162,27.21,14.35,1.058,1.209,29.06,0.63,False,0.0014,53.6549
0.8424,0.86112,9,1,101,1,-0.0242,-0.0139,30.61,3.7,1.767,1.179,33.22,0.481,False,0.0014,18.0136
0.8424,0.86112,9,1,101,1,0.0132,-0.0009,34.96,7.29,1.445,0.922,31.21,0.674,False,0.0006,50.4464
0.8424,0.86112,9,1,101,1,-0.0325,-0.0175,41.03,2.57,1.221,1.001,20.47,0.463,False,0.0005,32.0676
0.8424,0.86112,9,1,101,1,-0.0275,-0.0099,29.13,3.9,0.941,1.127,28.04,0.427,False,0.0018,8.2889
0.8424,0.86112,9,1,101,1,-0.061,0.0077,23.31,13.42,1.097,0.838,36.05,0.656,False,0.0001,738.2259
0.8424,0.86112,9,1,101,1,-0.0218,-0.0119,37.6,5.74,1.354,1.23,24.95,0.587,False,0.0002,114.9507
0.8424,0.86112,9,1,101,1,-0.038,-0.0036,44.7,12.23,1.698,1.051,26.86,0.568,False,0.0005,119.4543
0.8424,0.86112,9,1,101,1,-0.0642,0.0014,33.25,11.55,1.248,0.848,35.56,0.756,False,0.0015,55.9344
0.8424,0.86112,9,1,101,1,-0.0084,-0.0153,43.43,12.61,1.27,0.969,31.98,0.646,False,0.0028,17.257
0.8424,0.86112,9,1,101,1,-0.0397,0.0063,42.18,6.56,1.139,1.05,25.98,0.613,False,0.002,17.9709
0.8424,0.86112,9,1,101,1,-0.0138,-0.0061,42.69,8.15,1.333,0.724,33.82,0.713,False,0.0009,53.8756
0.8424,0.86112,9,1,101,1,-0.0306,-0.0012,33.34,2.25,1.003,0.707,38.52,0.444,False,0.0021,17.1535
0.8424,0.86112,9,1,101,1,-0.0012,-0.0127,20.69,7.15,1.536,1.025,34.56,0.791,False,0.0013,26.3234
0.8424,0.86112,9,1,101,1,-0.0565,0.006,35.53,14.64,1.41,1.344,27.73,0.744,False,0.0016,47.0688
0.8424,0.86112,9,1,101,1,0.0216,0.003,24.41,10.8,1.184,1.305,23.27,0.417,False,0.0001,148.928
0.8424,0.86112,9,1,101,1,-0.0444,0.0034,25.63,10.28,0.908,1.095,36.98,0.515,False,0.0018,29.4629
0.8424,0.86112,9,1,101,1,-0.059,-0.0105,27.72,6.21,1.478,0.78,23.9,0.617,False,0.002,10.293
0.8424,0.86112,9,1,101,1,0.0117,-0.0048,32.46,10.12,0.97,0.864,37.82,0.505,False,0.0007,53.8367
0.8424,0.86112,9,1,101,1,-0.0125,-0.0023,39.91,4.97,1.719,0.906,21.08,0.526,False,0.0008,19.64
0.8424,0.86112,9,1,101,1,0.0221,-0.0187,26.07,4.31,1.757,1.119,39.0,0.552,False,0.0007,28.6687
0.8424,0.86112,9,1,101,1,0.0085,0.0049,29.34,3.0,1.114,1.275,34.85,0.778,False,0.0004,51.8613
0.8424,0.86112,9,1,101,1,-0.019,0.0085,24.05,9.35,0.801,0.76,24.57,0.479,False,0.0007,19.7576
0.8424,0.86112,9,1,101,1,-0.0503,-0.0149,20.9,14.1,1.622,1.329,30.56,0.544,False,0.0032,18.1726
0.8424,0.86112,9,1,101,1,0.0025,0.0001,40.34,11.26,0.849,0.941,39.9,0.694,False,0.0032,15.4643
0.8424,0.86112,9,1,101,1,0.0049,0.0095,35.89,8.66,1.572,1.258,26.4,0.762,False,0.0007,45.7847
0.8424,0.86112,9,1,101,1,-0.005,-0.0198,31.39,13.1,1.637,1.374,32.65,0.405,False,0.0014,25.8479
0.8424,0.86112,9,1,101,1,-0.0475,-0.0051,38.42,5.2,0.873,0.811,21.53,0.684,False,0.0015,13.4381
0.8424,0.86112,9,1,101,1,0.0183,-0.0088,36.72,9.73,1.522,1.162,29.47,0.585,False,0.0009,35.886
0.8268,1.01088,8,9,98,1,0.0231,-0.0068,39.29,2.93,1.303,1.216,34.43,0.657,False,0.0003,90.7442
0.8268,1.01088,8,9,98,1,-0.0496,0.0083,30.63,8.41,1.149,0.83,21.1,0.402,False,0.001,13.7632
0.8268,1.01088,8,9,98,1,0.0066,0.0018,36.36,10.74,1.254,1.208,38.22,0.699,False,0.001,46.3691
0.8268,1.01088,8,9,98,1,-0.001,0.01,20.6,2.35,1.681,0.716,29.44,0.712,False,0.0008,9.9334
0.8268,1.01088,8,9,98,1,-0.0211,-0.0089,41.76,13.87,1.469,1.17,34.87,0.673,False,0.0006,97.5872
0.8268,1.01088,8,9,98,1,-0.0541,-0.0036,23.23,4.14,1.566,0.899,39.46,0.533,False,0.0012,23.6736
0.8268,1.01088,8,9,98,1,0.0113,-0.0102,44.96,9.01,1.226,0.738,22.51,0.449,False,0.001,21.6138
0.8268,1.01088,8,9,98,1,-0.0129,-0.0012,43.49,11.39,1.285,1.343,24.87,0.68,False,0.0009,46.6929
0.8268,1.01088,8,9,98,1,-0.0685,-0.0116,30.85,11.59,1.002,1.253,36.24,0.769,False,0.0026,32.2841
0.8268,1.01088,8,9,98,1,-0.0357,-0.0005,38.64,12.81,1.588,1.104,24.29,0.582,False,0.0017,24.7958
0.8268,1.01088,8,9,98,1,-0.0445,0.0045,22.27,12.1,0.941,0.791,33.73,0.594,False,0.0024,21.911
0.8268,1.01088,8,9,98,1,-0.0038,0.0004,34.25,13.25,0.849,1.13,30.9,0.792,False,0.0004,117.6331
0.8268,1.01088,8,9,98,1,-0.0082,-0.0021,41.55,5.88,1.796,0.812,23.4,0.622,False,0.0005,40.1133
0.8268,1.01088,8,9,98,1,-0.0302,0.0077,40.57,14.39,0.879,1.068,21.59,0.42,False,0.0006,44.893
0.8268,1.01088,8,9,98,1,-0.0347,-0.0175,31.75,4.84,1.747,0.983,31.61,0.557,False,0.0012,22.6468
0.8268,1.01088,8,9,98,1,-0.0461,-0.0054,24.79,7.24,1.05,1.367,37.13,0.456,False,0.0033,9.4528
0.8268,1.01088,8,9,98,1,0.018,-0.0076,21.07,10.51,1.66,0.853,35.82,0.501,False,0.0008,36.8191
0.8268,1.01088,8,9,98,1,-0.0255,-0.0161,35.45,13.3,1.36,0.764,26.5,0.517,False,0.0007,57.2056
0.8268,1.01088,8,9,98,1,-0.0394,-0.0123,33.51,8.72,1.63,1.287,28.81,0.485,False,0.0016,20.4233
0.8268,1.01088,8,9,98,1,-0.0549,-0.0138,25.89,6.35,1.133,1.261,25.53,0.539,False,0.0007,24.9692
0.8268,1.01088,8,9,98,1,-0.0609,-0.016,23.88,14.61,1.5,1.321,26.73,0.573,False,0.0016,36.9633
0.8268,1.01088,8,9,98,1,0.021,-0.0095,28.46,6.03,1.702,1.047,38.9,0.632,False,0.0008,38.8337
0.8268,1.01088,8,9,98,1,0.0027,0.0025,27.05,2.44,1.386,0.936,27.6,0.776,False,0.0003,35.1268
0.8268,1.01088,8,9,98,1,-0.0585,-0.0183,32.62,6.81,0.979,1.16,23.05,0.747,False,0.0013,20.9164
0.8268,1.01088,8,9,98,1,0.004,0.0064,42.95,9.63,1.191,0.917,32.66,0.723,False,0.0003,127.7841
0.8268,1.01088,8,9,98,1,-0.0169,-0.0149,25.7,7.92,0.905,1.083,30.24,0.6,False,0.0015,16.9008
0.8268,1.01088,8,9,98,1,-0.0143,0.0054,28.31,5.1,1.452,1.378,37.64,0.734,False,0.0005,73.5097
0.8268,1.01088,8,9,98,1,-0.0279,-0.0047,36.92,9.91,1.073,1.017,28.62,0.438,False,0.0013,24.0746
0.8268,1.01088,8,9,98,1,-0.0641,-0.0196,38.26,4.4,0.817,0.873,20.54,0.644,False,0.0008,21.4571
0.8268,1.01088,8,9,98,1,0.0149,0.0032,29.4,3.33,1.409,0.967,32.76,0.473,False,0.0009,16.3496
0.8424,0.89856,9,3,103,1,-0.051,0.01,26.56,4.85,1.556,1.303,21.16,0.743,False,0.0008,14.7332
0.8424,0.89856,9,3,103,1,-0.0226,-0.0128,21.5,12.84,1.084,0.836,26.68,0.415,False,0.0007,27.5346
0.8424,0.89856,9,3,103,1,-0.0544,-0.0052,30.92,2.16,1.785,0.844,35.94,0.699,False,0.0008,40.2755
0.8424,0.89856,9,3,103,1,0.0045,-0.0152,27.44,7.81,1.245,0.961,24.14,0.714,False,0.0004,40.8782
0.8424,0.89856,9,3,103,1,0.0194,-0.0029,39.72,4.16,1.311,1.135,37.16,0.677,False,0.0008,41.4661
0.8424,0.89856,9,3,103,1,-0.0043,0.0045,38.89,13.27,1.692,1.344,22.12,0.456,False,0.0016,15.0024
0.8424,0.89856,9,3,103,1,0.0248,-0.009,27.58,9.35,1.419,0.995,37.81,0.561,False,0.0007,45.4023
0.8424,0.89856,9,3,103,1,-0.0332,-0.0195,44.01,11.77,1.664,0.874,21.95,0.505,False,0.0014,22.3047
0.8424,0.89856,9,3,103,1,-0.0146,0.0076,25.57,5.95,1.438,1.029,28.94,0.662,False,0.0007,25.7999
0.8424,0.89856,9,3,103,1,-0.0306,0.001,43.26,8.42,0.936,0.902,23.79,0.451,False,0.0005,48.1745
0.8424,0.89856,9,3,103,1,-0.0224,-0.0186,23.57,14.79,0.876,1.269,25.58,0.636,False,0.0009,46.3716
0.8424,0.89856,9,3,103,1,0.0066,-0.0047,24.99,14.07,1.017,0.706,31.29,0.52,False,0.0007,50.6627
0.8424,0.89856,9,3,103,1,-0.0467,-0.0107,33.31,8.52,0.848,0.78,36.24,0.687,False,0.0009,58.9166
0.8424,0.89856,9,3,103,1,-0.0023,-0.0113,23.14,3.51,1.724,0.944,26.25,0.764,False,0.0004,24.1309
0.8424,0.89856,9,3,103,1,-0.0117,-0.0075,44.79,6.92,1.525,0.915,28.35,0.488,False,0.0009,37.5495
0.8424,0.89856,9,3,103,1,-0.0277,-0.0142,28.86,6.69,0.83,1.12,39.17,0.8,False,0.0003,135.4534
0.8424,0.89856,9,3,103,1,-0.0,-0.0002,32.28,5.11,1.3,1.395,30.01,0.614,False,0.0005,39.077
0.8424,0.89856,9,3,103,1,0.0129,0.0051,30.39,10.02,1.187,1.242,32.13,0.546,False,0.001,30.6993
0.8424,0.89856,9,3,103,1,-0.062,0.0088,35.16,14.51,0.988,1.222,39.78,0.723,False,0.0017,44.6252
0.8424,0.89856,9,3,103,1,-0.0426,0.0065,40.49,11.0,1.056,1.19,32.77,0.607,False,0.002,28.5007
0.8424,0.89856,9,3,103,1,0.0155,0.0023,20.78,11.13,1.597,1.314,31.61,0.411,False,0.0004,48.1444
0.8424,0.89856,9,3,103,1,-0.0084,0.0039,41.15,9.6,1.347,1.015,29.35,0.549,False,0.0012,31.6129
0.8424,0.89856,9,3,103,1,0.0093,-0.0039,33.62,12.21,1.761,1.096,38.64,0.427,False,0.0016,25.0639
0.8424,0.89856,9,3,103,1,-0.066,-0.0082,34.19,5.57,1.605,0.808,33.86,0.582,False,0.0012,37.5839
0.8424,0.89856,9,3,103,1,-0.059,-0.0019,22.29,10.33,1.137,1.355,27.46,0.594,False,0.0015,22.6641
0.8424,0.89856,9,3,103,1,-0.0377,-0.0164,37.21,2.73,0.93,0.731,23.04,0.646,False,0.0003,55.4178
0.8424,0.89856,9,3,103,1,-0.0671,-0.0135,42.48,4.4,1.479,1.062,35.12,0.748,False,0.001,61.3013
0.8424,0.89856,9,3,103,1,-0.05,-0.017,38.19,12.68,1.212,0.752,34.57,0.509,False,0.0016,39.3551
0.8424,0.89856,9,3,103,1,-0.0183,-0.0066,29.46,3.26,1.111,1.147,24.91,0.781,False,0.0008,14.5384
0.8424,0.89856,9,3,103,1,-0.0388,0.0001,36.36,7.28,1.372,1.177,20.26,0.475,False,0.0005,27.2508
0.8424,0.87984,9,2,102,1,-0.0624,-0.0067,31.54,10.28,0.879,1.099,37.34,0.555,False,0.0016,39.1987
0.8424,0.87984,9,2,102,1,-0.064,0.0017,39.85,12.48,1.276,0.865,36.7,0.53,False,0.0018,40.0974
0.8424,0.87984,9,2,102,1,-0.0525,-0.0152,42.37,12.89,1.648,1.29,22.54,0.57,False,0.0006,78.1802
0.8424,0.87984,9,2,102,1,-0.0116,-0.0107,25.0,9.46,1.084,0.754,23.66,0.494,False,0.0003,42.1332
0.8424,0.87984,9,2,102,1,-0.0676,0.0095,33.28,2.09,1.674,1.308,24.71,0.493,False,0.0009,20.2837
0.8424,0.87984,9,2,102,1,-0.0085,-0.0131,41.46,11.16,1.235,0.8,36.5,0.444,False,0.0014,33.9051
0.8424,0.87984,9,2,102,1,-0.0169,0.0043,27.05,6.56,1.43,1.211,35.45,0.737,False,0.0007,54.1995
0.8424,0.87984,9,2,102,1,0.0122,-0.0163,38.57,4.19,1.031,0.825,24.59,0.723,False,0.0008,20.9799
0.8424,0.87984,9,2,102,1,-0.0212,0.0075,20.84,13.37,1.629,1.236,28.72,0.67,False,0.001,44.8187
0.8424,0.87984,9,2,102,1,-0.0303,-0.0028,30.0,4.99,1.154,0.725,38.75,0.707,False,0.0008,52.2228
0.8424,0.87984,9,2,102,1,-0.005,0.0032,37.7,14.48,0.913,1.352,31.8,0.646,False,0.0005,102.939
0.8424,0.87984,9,2,102,1,-0.0232,0.0086,28.86,3.13,1.226,1.15,33.32,0.772,False,0.0003,63.7864
0.8424,0.87984,9,2,102,1,0.0153,-0.0188,33.72,2.75,1.504,1.389,29.95,0.439,False,0.0012,13.7678
0.8424,0.87984,9,2,102,1,-0.0347,-0.0053,42.69,8.53,1.382,1.283,28.29,0.634,False,0.0009,49.5255
0.8424,0.87984,9,2,102,1,-0.0401,-0.0048,36.82,14.06,1.496,1.027,20.53,0.54,False,0.0007,44.8328
0.8424,0.87984,9,2,102,1,0.0177,0.0,44.85,5.7,1.727,1.034,35.31,0.619,False,0.0014,25.3445
0.8424,0.87984,9,2,102,1,-0.0565,-0.0149,27.94,8.27,1.038,1.093,30.7,0.699,False,0.0005,92.9627
0.8424,0.87984,9,2,102,1,-0.0474,0.0056,23.33,6.0,1.589,1.183,38.02,0.686,False,0.0012,31.9875
0.8424,0.87984,9,2,102,1,0.0035,-0.0005,21.95,7.32,0.956,0.999,26.8,0.783,False,0.0001,198.8124
0.8424,0.87984,9,2,102,1,0.0212,-0.0017,20.14,4.16,1.11,0.782,27.95,0.663,False,0.0005,13.9945
0.8424,0.87984,9,2,102,1,-0.014,-0.0194,25.36,3.32,0.823,0.943,33.49,0.403,False,0.0003,42.3817
0.8424,0.87984,9,2,102,1,-0.0584,-0.0088,23.96,11.71,0.983,1.367,25.51,0.475,False,0.0015,18.1698
0.8424,0.87984,9,2,102,1,-0.0425,-0.0093,34.62,12.22,0.838,0.86,30.66,0.595,False,0.0003,196.8257
0.8424,0.87984,9,2,102,1,0.0008,-0.0077,36.61,10.05,1.749,0.964,21.37,0.577,False,0.0006,35.2431
0.8424,0.87984,9,2,102,1,-0.003,0.007,31.9,7.03,1.334,0.899,26.52,0.459,False,0.0007,23.9277
0.8424,0.87984,9,2,102,1,0.0223,-0.0032,30.74,14.92,1.182,1.257,21.15,0.602,False,0.0004,70.2853
0.8424,0.87984,9,2,102,1,0.0061,-0.0113,35.38,9.09,1.329,1.143,32.59,0.747,False,0.0008,48.8907
0.8424,0.87984,9,2,102,1,-0.0368,-0.0171,40.01,10.76,1.44,0.922,23.02,0.422,False,0.0001,515.1492
0.8424,0.87984,9,2,102,1,-0.0268,0.0029,26.0,7.65,1.566,0.707,39.46,0.798,False,0.0008,59.8957
0.8424,0.87984,9,2,102,1,-0.0497,-0.013,44.04,5.06,1.799,1.06,34.43,0.518,False,0.0007,77.4244
0.8424,0.8424,9,0,100,1,-0.0451,-0.0078,38.14,12.01,1.697,1.253,35.29,0.457,False,0.0023,24.6033
0.8424,0.8424,9,0,100,1,-0.0671,-0.0132,28.39,14.03,1.047,0.801,21.45,0.475,False,0.001,25.813
0.8424,0.8424,9,0,100,1,-0.0261,0.0005,24.5,5.13,1.29,0.981,20.03,0.656,False,0.0006,12.1936
0.8424,0.8424,9,0,100,1,-0.0395,-0.0081,25.62,7.66,1.027,0.753,31.28,0.495,False,0.0015,14.8325
0.8424,0.8424,9,0,100,1,0.0068,0.0012,40.52,11.9,1.207,1.166,25.43,0.77,False,0.0011,35.4553
0.8424,0.8424,9,0,100,1,-0.0377,0.0063,29.67,13.05,1.33,0.785,34.27,0.779,False,0.0016,37.5061
0.8424,0.8424,9,0,100,1,-0.018,0.0022,22.33,2.85,1.576,1.328,36.21,0.681,False,0.0009,17.2705
0.8424,0.8424,9,0,100,1,-0.0066,0.0081,33.52,7.01,0.952,0.899,24.69,0.545,False,0.0009,19.1255
0.8424,0.8424,9,0,100,1,0.0186,-0.0111,36.37,3.0,0.866,1.191,39.13,0.446,False,0.0008,36.3161
0.8424,0.8424,9,0,100,1,0.0056,-0.0147,41.57,10.98,1.538,0.933,29.94,0.566,False,0.0012,31.9983
0.8424,0.8424,9,0,100,1,-0.0291,-0.0157,44.51,4.36,1.082,0.85,37.96,0.703,False,0.0014,37.3454
0.8424,0.8424,9,0,100,1,-0.0436,0.0073,41.95,6.76,1.119,1.06,28.46,0.59,False,0.0018,21.5105
0.8424,0.8424,9,0,100,1,-0.0565,-0.0197,20.91,10.41,1.428,1.384,21.07,0.604,False,0.0017,12.0294
0.8424,0.8424,9,0,100,1,-0.0577,-0.0017,37.28,8.43,1.34,0.705,35.37,0.531,False,0.0022,27.8772
0.8424,0.8424,9,0,100,1,0.0103,0.0047,27.43,9.88,1.512,0.952,37.27,0.487,False,0.0014,23.5309
0.8424,0.8424,9,0,100,1,-0.0241,-0.0044,32.22,7.28,1.145,1.019,23.81,0.787,False,0.0015,15.7432
0.8424,0.8424,9,0,100,1,0.013,-0.0129,34.68,12.7,1.236,1.037,32.53,0.408,False,0.002,16.5065
0.8424,0.8424,9,0,100,1,0.0004,-0.0039,23.81,6.27,1.748,1.285,29.21,0.751,False,0.001,20.1157
0.8424,0.8424,9,0,100,1,-0.0343,-0.0168,43.12,3.85,1.469,1.11,30.12,0.725,False,0.0019,20.0452
0.8424,0.8424,9,0,100,1,-0.003,-0.0093,22.89,5.03,1.377,1.223,26.56,0.519,False,0.0009,9.8794
0.8424,0.8424,9,0,100,1,0.0236,-0.0105,39.63,8.96,1.645,0.739,38.48,0.58,False,0.001,37.3089
0.8424,0.8424,9,0,100,1,-0.0121,-0.0185,43.86,9.52,0.814,1.092,33.79,0.678,False,0.0009,49.4064
0.8424,0.8424,9,0,100,1,-0.0503,-0.0002,35.02,2.29,1.722,1.354,27.7,0.743,False,0.0005,41.931
0.8424,0.8424,9,0,100,1,-0.0654,0.0099,31.06,3.34,0.983,1.344,22.01,0.42,False,0.0002,48.0726
0.8424,0.8424,9,0,100,1,-0.0161,0.0059,30.63,14.86,1.449,1.14,32.78,0.646,False,0.001,50.4445
0.8424,0.8424,9,0,100,1,-0.0214,-0.0053,26.21,8.52,0.927,1.171,24.39,0.634,False,0.0011,16.5734
0.8424,0.8424,9,0,100,1,0.0201,0.0039,28.08,14.31,1.603,1.273,31.91,0.618,False,0.0011,35.4979
0.8424,0.8424,9,0,100,1,-0.0074,-0.0173,20.78,13.69,0.889,0.826,22.76,0.431,False,0.0017,8.4936
0.8424,0.8424,9,0,100,1,-0.0634,-0.0022,38.35,11.31,1.187,0.886,39.42,0.718,False,0.0004,213.8256
0.8424,0.8424,9,0,100,1,-0.0525,-0.0063,32.93,5.76,1.792,0.976,27.27,0.55,False,0.0017,15.4198
0.8424,0.91728,9,4,104,1,-0.0153,0.0072,21.26,9.64,0.858,1.352,21.07,0.658,False,0.0003,38.5418
0.8424,0.91728,9,4,104,1,0.0193,-0.0049,40.5,12.76,1.68,0.89,21.77,0.687,False,0.0001,190.4201
0.8424,0.91728,9,4,104,1,-0.0332,-0.0024,25.74,4.68,1.21,1.245,28.0,0.415,False,0.0002,56.9266
0.8424,0.91728,9,4,104,1,-0.0587,0.009,23.22,7.42,1.443,0.756,34.65,0.494,False,0.0009,29.5603
0.8424,0.91728,9,4,104,1,0.003,-0.0133,41.26,13.0,1.127,0.965,38.99,0.567,False,0.0001,312.8895
0.8424,0.91728,9,4,104,1,0.0075,-0.0038,33.45,12.36,1.72,1.168,22.87,0.713,False,0.0006,48.904
0.8424,0.91728,9,4,104,1,0.0243,-0.001,38.68,14.32,1.257,1.192,27.02,0.73,False,0.0003,122.5207
0.8424,0.91728,9,4,104,1,-0.0417,-0.0063,31.92,11.12,1.005,0.773,38.23,0.762,False,0.0014,39.1183
0.8424,0.91728,9,4,104,1,-0.0012,0.0081,42.73,6.72,0.878,0.841,23.64,0.528,False,0.0011,15.9165
0.8424,0.91728,9,4,104,1,-0.0185,0.0058,20.23,7.07,1.146,1.002,32.64,0.468,False,0.001,13.1237
0.8424,0.91728,9,4,104,1,0.011,-0.0155,22.33,3.31,1.547,1.105,36.24,0.401,False,0.0008,12.8003
0.8424,0.91728,9,4,104,1,-0.007,0.0029,29.02,13.64,1.748,0.707,37.18,0.677,False,0.0008,50.0308
0.8424,0.91728,9,4,104,1,-0.0206,-0.0095,27.92,6.04,1.423,1.076,30.2,0.65,False,0.0002,86.3189
0.8424,0.91728,9,4,104,1,-0.0288,-0.0072,31.58,2.18,0.81,1.382,24.37,0.536,False,0.0003,32.5293
0.8424,0.91728,9,4,104,1,-0.0314,-0.0089,24.65,13.97,1.287,0.8,20.31,0.782,False,0.0006,59.0014
0.8424,0.91728,9,4,104,1,0.0171,-0.0123,37.24,5.21,1.049,1.309,37.83,0.594,False,0.0004,72.7463
0.8424,0.91728,9,4,104,1,-0.057,-0.0111,36.16,4.13,1.068,1.007,31.15,0.756,False,0.0009,36.4069
0.8424,0.91728,9,4,104,1,-0.065,-0.0186,33.03,4.46,1.332,1.028,34.85,0.429,False,0.0019,18.9717
0.8424,0.91728,9,4,104,1,-0.0252,-0.0143,25.92,8.28,1.588,1.366,32.94,0.61,False,0.0005,53.5392
0.8424,0.91728,9,4,104,1,-0.0002,-0.0172,29.32,10.77,0.963,0.837,26.02,0.558,False,0.0009,21.1767
0.8424,0.91728,9,4,104,1,-0.0405,0.004,35.11,9.82,1.658,1.123,29.37,0.457,False,0.0016,20.2522
0.8424,0.91728,9,4,104,1,0.013,0.0066,42.15,5.56,1.626,0.942,28.83,0.511,False,0.0001,164.1435
0.8424,0.91728,9,4,104,1,-0.067,-0.0052,23.8,8.83,1.519,0.933,33.91,0.487,False,0.0013,27.1752
0.8424,0.91728,9,4,104,1,-0.006,-0.0106,26.69,9.33,1.191,1.293,31.86,0.702,False,0.0002,152.7873
0.8424,0.91728,9,4,104,1,-0.0109,0.0008,34.87,10.6,0.922,0.746,24.68,0.575,False,0.0003,64.8661
0.8424,0.91728,9,4,104,1,-0.0359,-0.0168,39.8,3.04,1.351,0.867,25.6,0.633,False,0.0002,87.7136
0.8424,0.91728,9,4,104,1,-0.0494,0.0018,44.04,7.99,1.496,1.222,39.53,0.743,False,0.0008,69.3511
0.8424,0.91728,9,4,104,1,-0.0632,0.005,38.12,11.85,1.395,1.06,35.35,0.623,False,0.0006,108.7792
0.8424,0.91728,9,4,104,1,-0.0517,-0.0194,44.33,2.83,0.975,1.147,22.19,0.447,False,0.0004,45.3512
0.8424,0.91728,9,4,104,1,-0.0456,-0.0001,30.67,14.92,1.792,1.274,27.98,0.79,False,0.0003,196.6862
0.8268,1.0296,8,10,99,1,-0.0069,-0.0044,35.0,14.29,0.997,1.228,30.9,0.522,False,0.001,44.6517
0.8268,1.0296,8,10,99,1,-0.0011,-0.0068,25.3,11.27,1.357,1.325,27.06,0.609,False,0.0006,48.2427
0.8268,1.0296,8,10,99,1,0.0201,-0.0007,32.91,10.48,1.649,1.087,38.24,0.645,False,0.0008,51.235
0.8268,1.0296,8,10,99,1,-0.0611,-0.0117,23.56,4.34,1.369,0.882,27.96,0.686,False,0.0006,25.9292
0.8268,1.0296,8,10,99,1,-0.036,0.0059,21.4,14.89,1.29,1.258,37.59,0.547,False,0.0016,36.7043
0.8268,1.0296,8,10,99,1,-0.0065,0.0011,36.38,11.77,1.685,0.988,22.36,0.49,False,0.0011,21.1219
0.8268,1.0296,8,10,99,1,-0.0178,0.0025,37.16,4.07,1.718,0.834,28.35,0.68,False,0.0009,26.8323
0.8268,1.0296,8,10,99,1,-0.0689,-0.0017,20.16,12.92,1.079,0.859,33.94,0.51,False,0.0005,126.606
0.8268,1.0296,8,10,99,1,-0.0552,-0.009,38.41,14.1,1.181,1.041,33.08,0.658,False,0.0015,45.2276
0.8268,1.0296,8,10,99,1,0.003,-0.0199,24.79,4.68,0.864,0.816,31.36,0.416,False,0.0008,13.7353
0.8268,1.0296,8,10,99,1,-0.0224,0.0098,28.82,2.04,1.52,0.736,20.85,0.427,False,0.0005,12.4211
0.8268,1.0296,8,10,99,1,0.0169,-0.0075,44.77,13.37,1.442,1.128,37.22,0.544,False,0.0013,34.1162
0.8268,1.0296,8,10,99,1,-0.0489,0.0042,43.75,6.39,0.894,0.719,21.6,0.591,False,0.001,24.7215
0.8268,1.0296,8,10,99,1,-0.0539,0.008,22.88,12.66,1.752,1.21,24.61,0.703,False,0.0001,339.8312
0.8268,1.0296,8,10,99,1,0.0025,0.0064,33.6,8.2,1.121,1.399,20.26,0.463,False,0.0007,15.0743
0.8268,1.0296,8,10,99,1,-0.0256,-0.0056,42.99,7.05,1.058,0.902,34.19,0.715,False,0.0002,202.9213
0.8268,1.0296,8,10,99,1,-0.0578,0.0033,41.6,3.48,1.207,0.789,24.67,0.755,False,0.0001,275.2465
0.8268,1.0296,8,10,99,1,-0.0146,-0.0096,32.4,12.04,1.309,0.952,23.18,0.411,False,0.0009,22.0151
0.8268,1.0296,8,10,99,1,-0.0413,-0.0147,39.55,5.79,1.551,1.164,35.97,0.565,False,0.0002,233.1142
0.8268,1.0296,8,10,99,1,0.0089,-0.0028,30.68,8.63,1.154,0.973,28.93,0.476,False,0.0003,57.6619
0.8268,1.0296,8,10,99,1,-0.0665,-0.0184,31.02,7.51,1.4,1.004,39.06,0.448,False,0.0009,62.5753
0.8268,1.0296,8,10,99,1,-0.0343,-0.0163,40.49,6.15,0.963,0.921,25.56,0.574,False,0.0002,116.2967
0.8268,1.0296,8,10,99,1,0.0223,-0.0136,27.38,5.08,1.768,1.186,26.22,0.772,False,0.0003,49.9698
0.8268,1.0296,8,10,99,1,-0.0129,-0.0037,29.5,9.82,1.03,1.104,32.42,0.734,False,0.0004,112.4493
0.8268,1.0296,8,10,99,1,-0.0296,0.0006,26.21,2.83,1.239,1.307,36.02,0.504,False,0.0002,114.2777
0.8268,1.0296,8,10,99,1,-0.0431,-0.0102,41.69,9.28,1.597,1.276,34.97,0.635,False,0.0013,46.1068
0.8268,1.0296,8,10,99,1,0.0154,-0.0178,34.44,9.51,0.932,1.376,29.89,0.794,False,0.0001,270.6518
0.8268,1.0296,8,10,99,1,-0.0477,-0.0127,27.66,3.25,0.817,1.34,39.34,0.729,False,0.0014,23.5192
0.8268,1.0296,8,10,99,1,0.0117,-0.0153,22.37,7.69,1.473,1.054,30.66,0.624,False,0.0002,97.5834
0.8268,1.0296,8,10,99,1,-0.0258,0.0082,37.73,11.08,1.625,0.76,23.53,0.782,False,0.0003,150.7463
0.8424,0.936,9,5,105,1,0.0146,-0.0117,27.99,9.92,0.87,1.023,39.69,0.455,False,0.0008,34.8098
0.8424,0.936,9,5,105,1,-0.0153,-0.019,44.51,10.3,1.539,0.862,21.6,0.792,False,0.001,32.7354
0.8424,0.936,9,5,105,1,0.0092,-0.015,26.36,10.71,1.626,1.266,36.88,0.714,False,0.0006,57.4986
0.8424,0.936,9,5,105,1,-0.0414,0.0007,40.27,14.88,1.743,0.945,29.07,0.507,False,0.0001,400.4249
0.8424,0.936,9,5,105,1,-0.0112,-0.0071,40.89,14.08,1.11,1.06,27.98,0.6,False,0.0009,43.2506
0.8424,0.936,9,5,105,1,-0.0021,0.0067,33.56,2.17,1.456,0.892,39.26,0.47,False,0.0012,20.3038
0.8424,0.936,9,5,105,1,-0.022,-0.0198,25.53,14.18,1.51,1.163,29.91,0.762,False,0.001,45.1693
0.8424,0.936,9,5,105,1,-0.0356,-0.0169,22.17,9.22,1.253,0.824,31.06,0.694,False,0.0005,70.0587
0.8424,0.936,9,5,105,1,-0.0242,-0.0009,29.34,4.88,1.497,1.34,35.86,0.522,False,0.0011,19.295
0.8424,0.936,9,5,105,1,-0.0633,-0.0045,24.86,8.91,1.304,1.325,34.18,0.653,False,0.001,47.6268
0.8424,0.936,9,5,105,1,0.0244,-0.0104,28.92,3.06,1.209,1.087,32.65,0.652,False,0.0004,33.5133
0.8424,0.936,9,5,105,1,-0.0667,0.0057,35.1,13.59,1.15,1.362,27.19,0.419,False,0.0013,31.7621
0.8424,0.936,9,5,105,1,-0.0301,-0.014,26.76,6.76,0.823,1.188,38.64,0.637,False,0.001,33.1791
0.8424,0.936,9,5,105,1,-0.0572,-0.0146,44.13,5.51,1.785,0.731,35.2,0.557,False,0.0012,44.4942
0.8424,0.936,9,5,105,1,0.004,0.0044,39.67,11.1,1.294,1.104,26.0,0.573,False,0.001,29.205
0.8424,0.936,9,5,105,1,-0.0497,0.0015,37.57,11.59,0.842,0.712,22.53,0.731,False,0.0006,66.2186
0.8424,0.936,9,5,105,1,0.0085,-0.0066,21.37,3.9,1.049,1.198,28.29,0.62,False,0.0003,22.3854
0.8424,0.936,9,5,105,1,0.0005,0.01,36.08,12.89,1.596,1.034,31.37,0.56,False,0.0,1106.2816
0.8424,0.936,9,5,105,1,-0.004,-0.0083,34.94,6.25,0.967,0.874,36.46,0.684,False,0.0003,95.8332
0.8424,0.936,9,5,105,1,0.0209,-0.0098,41.96,5.35,0.918,1.391,30.38,0.44,False,0.0004,51.4398
0.8424,0.936,9,5,105,1,-0.0282,-0.0038,36.84,3.5,1.404,0.814,33.35,0.595,False,0.0012,21.5032
0.8424,0.936,9,5,105,1,-0.0603,0.0021,31.82,2.68,1.67,0.958,20.54,0.408,False,0.0009,10.0292
0.8424,0.936,9,5,105,1,-0.0539,0.0089,23.38,7.36,1.391,1.227,23.5,0.513,False,0.001,11.4732
0.8424,0.936,9,5,105,1,-0.0673,-0.0122,20.36,7.1,0.959,0.919,24.8,0.676,False,0.0007,22.641
0.8424,0.936,9,5,105,1,-0.0449,0.0034,31.18,9.45,1.007,1.13,21.31,0.484,False,0.0006,22.4214
0.8424,0.936,9,5,105,1,-0.0445,0.0071,38.46,12.67,1.067,0.99,25.74,0.752,False,0.0016,30.0765
0.8424,0.936,9,5,105,1,-0.007,-0.0022,30.11,12.27,1.353,0.785,24.27,0.738,False,0.0005,60.7413
0.8424,0.936,9,5,105,1,-0.0174,-0.0017,22.9,8.26,1.196,0.752,37.58,0.777,False,0.0004,85.9805
0.8424,0.936,9,5,105,1,0.0158,-0.0056,42.83,4.6,1.646,1.289,22.71,0.537,False,0.0002,78.4213
0.8424,0.936,9,5,105,1,-0.0351,-0.018,32.98,7.96,1.707,1.257,33.11,0.434,False,0.0015,19.2814
0.8424,0.97344,9,7,107,1,-0.0526,0.0039,38.33,5.77,1.642,1.11,31.17,0.664,False,0.0014,28.4103
0.8424,0.97344,9,7,107,1,0.0023,-0.0063,32.97,9.29,1.355,0.822,35.63,0.578,False,0.0008,46.0753
0.8424,0.97344,9,7,107,1,-0.0603,-0.0103,26.56,6.54,1.082,1.352,27.34,0.566,False,0.0007,25.9898
0.8424,0.97344,9,7,107,1,-0.0426,-0.0142,23.29,14.55,1.773,0.998,23.93,0.783,False,0.0017,29.3325
0.8424,0.97344,9,7,107,1,-0.0645,0.0062,27.66,7.76,1.578,0.719,28.99,0.623,False,0.0014,22.9369
0.8424,0.97344,9,7,107,1,0.0054,-0.0183,39.79,10.11,0.827,0.882,20.42,0.726,False,0.0007,30.8055
0.8424,0.97344,9,7,107,1,-0.0102,-0.0007,29.67,12.15,0.987,1.088,23.19,0.552,False,0.0008,27.7847
0.8424,0.97344,9,7,107,1,0.0197,-0.0122,31.31,11.27,0.841,1.068,34.26,0.789,False,0.0006,60.0406
0.8424,0.97344,9,7,107,1,-0.0456,-0.0039,21.53,10.84,1.041,0.792,39.98,0.497,False,0.0021,21.58
0.8424,0.97344,9,7,107,1,-0.0387,-0.0158,38.55,12.91,1.004,1.136,37.23,0.49,False,0.0024,21.6876
0.8424,0.97344,9,7,107,1,-0.0143,0.009,33.65,2.61,1.316,1.303,25.71,0.65,False,0.0005,25.3718
0.8424,0.97344,9,7,107,1,-0.0237,-0.009,35.95,13.69,1.472,1.231,27.32,0.708,False,0.0006,80.9017
0.8424,0.97344,9,7,107,1,-0.0623,0.0005,44.9,2.01,1.115,1.389,33.37,0.756,False,0.0012,41.2045
0.8424,0.97344,9,7,107,1,0.0166,-0.0132,28.96,3.35,1.51,1.28,38.55,0.41,False,0.0008,20.8088
0.8424,0.97344,9,7,107,1,0.0065,0.002,43.34,11.92,1.548,1.029,35.24,0.425,False,0.0007,50.8804
0.8424,0.97344,9,7,107,1,0.0092,0.0049,23.76,12.49,1.73,1.36,36.64,0.547,False,0.0007,47.9403
0.8424,0.97344,9,7,107,1,-0.0035,-0.0043,34.78,8.36,1.631,1.329,32.1,0.522,False,0.0009,32.2731
0.8424,0.97344,9,7,107,1,-0.0362,-0.0174,40.77,9.49,1.275,0.949,31.72,0.445,False,0.0015,27.8154
0.8424,0.97344,9,7,107,1,-0.0278,0.0026,26.68,5.02,1.387,1.178,37.92,0.595,False,0.0005,48.2967
0.8424,0.97344,9,7,107,1,-0.0066,-0.0014,22.04,8.89,1.439,0.844,32.89,0.739,False,0.0006,55.6012
0.8424,0.97344,9,7,107,1,0.0241,0.0079,20.63,13.8,0.933,0.749,20.77,0.699,False,0.0011,19.8052
0.8424,0.97344,9,7,107,1,-0.008,0.0094,35.57,2.89,0.89,0.901,24.41,0.676,False,0.0004,31.8914
0.8424,0.97344,9,7,107,1,-0.0573,-0.0057,32.46,10.55,1.263,1.24,29.44,0.605,False,0.0019,24.6919
0.8424,0.97344,9,7,107,1,-0.0498,-0.0193,24.56,7.13,1.204,1.153,30.14,0.469,False,0.0004,44.8358
0.8424,0.97344,9,7,107,1,-0.0206,0.0053,30.75,7.25,1.168,0.965,39.01,0.685,False,0.0003,163.2563
0.8424,0.97344,9,7,107,1,-0.0177,-0.0112,41.28,4.19,1.149,0.808,21.37,0.458,False,0.0002,53.1522
0.8424,0.97344,9,7,107,1,-0.0347,-0.0093,42.88,5.06,1.686,1.008,22.52,0.763,False,0.0005,42.7508
0.8424,0.97344,9,7,107,1,-0.0678,-0.0029,37.34,5.92,1.431,0.737,25.01,0.52,False,0.0002,169.6693
0.8424,0.97344,9,7,107,1,-0.0305,-0.0074,25.3,3.94,0.945,1.213,26.36,0.434,False,0.0009,9.2566
0.8424,0.97344,9,7,107,1,0.0137,-0.0161,42.03,14.74,1.747,0.917,28.44,0.64,False,0.0011,32.125
0.8424,0.95472,9,6,106,1,-0.0296,0.0003,38.87,10.04,1.361,1.343,38.36,0.424,False,0.002,24.2329
0.8424,0.95472,9,6,106,1,-0.0545,-0.0194,39.79,3.69,1.32,1.014,37.15,0.44,False,0.004,13.6087
0.8424,0.95472,9,6,106,1,-0.0093,-0.0011,30.37,10.84,1.057,0.982,39.68,0.764,False,0.0016,28.6878
0.8424,0.95472,9,6,106,1,-0.0322,0.0037,23.4,5.55,1.155,0.781,23.54,0.517,False,0.0003,33.9975
0.8424,0.95472,9,6,106,1,0.005,-0.0087,32.99,11.94,1.614,1.328,22.82,0.798,False,0.0009,36.7018
0.8424,0.95472,9,6,106,1,-0.0574,0.01,26.97,7.85,1.095,0.822,24.45,0.556,False,0.0014,13.1817
0.8424,0.95472,9,6,106,1,0.0181,-0.0048,36.55,7.14,1.701,1.143,26.36,0.712,False,0.0004,56.2263
0.8424,0.95472,9,6,106,1,-0.0154,-0.016,27.83,12.76,1.289,1.036,32.53,0.66,False,0.0017,25.4856
0.8424,0.95472,9,6,106,1,0.0245,-0.0176,44.46,8.11,1.747,1.236,28.82,0.466,False,0.0008,35.0915
0.8424,0.95472,9,6,106,1,0.0093,-0.0052,29.9,13.41,1.012,1.39,38.8,0.747,False,0.0014,31.3413
0.8424,0.95472,9,6,106,1,-0.0471,-0.0129,32.32,10.34,0.89,0.896,26.95,0.731,False,0.0019,24.3738
0.8424,0.95472,9,6,106,1,-0.0098,-0.0189,28.99,4.12,1.106,1.155,33.06,0.531,False,0.0003,54.3984
0.8424,0.95472,9,6,106,1,-0.0654,-0.0072,35.79,12.2,1.774,1.101,31.79,0.615,False,0.0017,37.961
0.8424,0.95472,9,6,106,1,-0.0054,0.0043,37.27,14.59,1.559,1.24,28.57,0.535,False,0.0008,48.0373
0.8424,0.95472,9,6,106,1,-0.0261,-0.0145,25.54,11.36,0.816,0.759,36.23,0.412,False,0.0015,21.9153
0.8424,0.95472,9,6,106,1,-0.0619,-0.0111,22.07,2.22,1.662,0.878,24.84,0.628,False,0.0007,12.2082
0.8424,0.95472,9,6,106,1,0.0125,0.0073,38.01,4.33,0.944,0.719,29.6,0.739,False,0.0008,27.8856
0.8424,0.95472,9,6,106,1,-0.0526,0.0084,43.6,3.08,0.915,1.268,25.9,0.478,False,0.0007,41.1356
0.8424,0.95472,9,6,106,1,0.0085,0.0053,21.03,13.95,1.498,1.08,21.29,0.607,False,0.0002,118.3227
0.8424,0.95472,9,6,106,1,-0.017,-0.0004,26.43,2.7,1.412,1.212,22.36,0.575,False,0.0006,10.9737
0.8424,0.95472,9,6,106,1,-0.0479,-0.0062,41.55,6.19,1.669,0.795,35.05,0.649,False,0.0011,47.2625
0.8424,0.95472,9,6,106,1,0.0194,-0.0107,30.95,5.0,1.229,1.376,35.49,0.448,False,0.0006,34.1185
0.8424,0.95472,9,6,106,1,0.0018,-0.0092,34.66,6.36,1.256,1.059,37.89,0.594,False,0.0005,75.5654
0.8424,0.95472,9,6,106,1,-0.0203,0.0069,43.19,13.24,1.187,1.3,33.81,0.57,False,0.0014,35.1565
0.8424,0.95472,9,6,106,1,-0.0238,-0.0034,22.75,14.54,1.369,1.168,20.36,0.506,False,0.0007,28.018
0.8424,0.95472,9,6,106,1,-0.0026,-0.0138,24.95,8.99,0.839,0.961,30.97,0.701,False,0.0009,34.6077
0.8424,0.95472,9,6,106,1,-0.0699,0.0022,33.36,8.77,1.453,0.936,30.59,0.68,False,0.0009,62.6197
0.8424,0.95472,9,6,106,1,-0.042,0.0014,40.65,9.51,1.51,0.731,21.53,0.774,False,0.0006,60.3633
0.8424,0.95472,9,6,106,1,-0.0352,-0.0157,41.89,5.2,1.593,0.917,34.62,0.678,False,0.0018,26.7662
0.8424,0.95472,9,6,106,1,-0.0413,-0.0022,20.12,7.46,0.982,0.861,27.53,0.484,False,0.0008,16.4684
0.8424,0.99216,9,8,108,1,0.0047,-0.0163,30.33,14.66,1.708,0.934,37.1,0.732,False,0.0011,40.1629
0.8424,0.99216,9,8,108,1,-0.0154,-0.0001,36.38,6.76,0.89,0.804,20.92,0.758,False,0.0005,32.4512
0.8424,0.99216,9,8,108,1,-0.0231,-0.0159,25.87,14.46,1.031,1.025,29.85,0.736,False,0.0009,49.6793
0.8424,0.99216,9,8,108,1,-0.029,0.0034,22.05,12.97,1.08,0.925,34.58,0.7,False,0.0011,43.789
0.8424,0.99216,9,8,108,1,-0.0262,-0.0082,20.89,11.56,1.767,1.046,35.66,0.498,False,0.0009,42.6173
0.8424,0.99216,9,8,108,1,-0.0603,0.0087,42.83,5.86,0.835,0.824,36.2,0.52,False,0.0009,61.4104
0.8424,0.99216,9,8,108,1,-0.0356,-0.0142,41.31,8.76,0.94,1.345,22.41,0.447,False,0.0006,35.1364
0.8424,0.99216,9,8,108,1,-0.0191,-0.0039,23.83,14.12,1.379,1.084,20.24,0.793,False,0.0004,92.0354
0.8424,0.99216,9,8,108,1,-0.0438,-0.0047,44.83,10.49,1.41,1.4,23.83,0.546,False,0.0015,23.7146
0.8424,0.99216,9,8,108,1,0.0172,0.0003,40.22,6.01,1.595,0.705,24.15,0.628,False,0.0005,34.8074
0.8424,0.99216,9,8,108,1,-0.0665,-0.0104,28.99,5.06,1.436,1.146,25.2,0.515,False,0.0007,23.715
0.8424,0.99216,9,8,108,1,-0.0003,0.0092,28.06,9.42,1.497,1.317,28.95,0.457,False,0.0011,16.4887
0.8424,0.99216,9,8,108,1,-0.046,0.0024,35.52,10.07,1.111,0.893,27.91,0.606,False,0.0012,34.1115
0.8424,0.99216,9,8,108,1,-0.0556,-0.0198,24.89,8.18,0.971,0.994,28.57,0.772,False,0.0008,43.2683
0.8424,0.99216,9,8,108,1,-0.0111,-0.0059,31.96,13.49,1.281,1.298,25.92,0.548,False,0.001,31.0392
0.8424,0.99216,9,8,108,1,-0.0059,-0.0112,32.74,3.44,1.762,0.775,22.69,0.588,False,0.0004,23.8017
0.8424,0.99216,9,8,108,1,-0.0006,0.0051,31.08,9.31,0.924,0.968,31.44,0.641,False,0.001,30.5009
0.8424,0.99216,9,8,108,1,-0.0625,-0.0099,29.98,4.67,1.312,1.19,33.79,0.618,False,0.0007,43.6384
0.8424,0.99216,9,8,108,1,0.0202,0.0069,39.54,8.0,1.044,1.128,31.01,0.481,False,0.0004,61.7096
0.8424,0.99216,9,8,108,1,0.0151,-0.007,39.01,3.79,1.351,0.877,37.88,0.432,False,0.0006,57.5426
0.8424,0.99216,9,8,108,1,-0.0408,-0.0125,34.69,4.38,1.244,1.356,39.87,0.42,False,0.0014,27.7249
0.8424,0.99216,9,8,108,1,-0.0513,0.0016,43.7,10.92,1.538,1.057,21.38,0.712,False,0.0004,98.708
0.8424,0.99216,9,8,108,1,-0.0485,-0.0189,26.75,7.54,1.225,0.74,27.09,0.781,False,0.0005,60.5846
0.8424,0.99216,9,8,108,1,-0.0202,-0.0014,36.94,7.07,1.608,1.1,38.25,0.683,False,0.0003,145.4846
0.8424,0.99216,9,8,108,1,-0.0089,0.0077,34.03,12.68,0.831,0.752,30.4,0.41,False,0.0013,20.9239
0.8424,0.99216,9,8,108,1,0.0105,-0.0176,37.79,2.43,1.681,1.28,32.43,0.572,False,0.0007,34.9099
0.8424,0.99216,9,8,108,1,0.0065,-0.0136,25.0,3.11,1.509,1.221,32.9,0.479,False,0.0005,25.0767
0.8424,0.99216,9,8,108,1,-0.0321,-0.0067,22.87,2.85,1.169,0.861,26.34,0.672,False,0.0005,14.7039
0.8424,0.99216,9,8,108,1,0.0246,-0.0028,20.59,11.37,1.137,1.24,34.68,0.666,False,0.0005,71.4072
0.8424,0.99216,9,8,108,1,-0.0692,0.0042,42.25,12.06,1.664,1.184,38.99,0.578,False,0.002,36.731
0.8424,1.01088,9,9,109,1,-0.0306,-0.0193,41.23,5.83,1.35,1.006,34.14,0.428,False,0.0022,18.2941
0.8424,1.01088,9,9,109,1,0.0191,0.0026,27.54,10.52,1.284,1.216,35.7,0.586,False,0.0003,104.8491
0.8424,1.01088,9,9,109,1,-0.0661,-0.0038,40.76,13.53,1.446,1.157,31.14,0.646,False,0.0004,177.8223
0.8424,1.01088,9,9,109,1,-0.0257,0.0077,33.35,13.89,1.39,0.887,36.95,0.665,False,0.0008,69.7916
0.8424,1.01088,9,9,109,1,-0.0683,-0.0185,42.83,14.86,0.978,1.17,27.49,0.498,False,0.0011,57.8391
0.8424,1.01088,9,9,109,1,0.0165,-0.0112,37.48,7.07,1.082,1.2,38.65,0.683,False,0.0003,101.0379
0.8424,1.01088,9,9,109,1,0.0232,0.0034,43.67,5.23,1.195,0.711,23.7,0.792,False,0.0005,36.6611
0.8424,1.01088,9,9,109,1,-0.0364,-0.0007,41.99,3.38,1.562,0.972,26.01,0.626,False,0.0004,60.4937
0.8424,1.01088,9,9,109,1,-0.059,-0.0087,21.98,9.1,0.814,1.361,33.79,0.729,False,0.0004,137.3801
0.8424,1.01088,9,9,109,1,0.0091,0.0041,23.55,3.26,1.651,0.732,31.61,0.402,False,0.0001,69.9013
0.8424,1.01088,9,9,109,1,-0.0343,-0.0159,30.35,14.22,1.109,1.395,39.72,0.473,False,0.0015,35.9163
0.8424,1.01088,9,9,109,1,-0.0122,-0.0043,37.55,8.24,1.031,1.075,37.91,0.749,False,0.0009,45.8872
0.8424,1.01088,9,9,109,1,-0.0151,0.001,39.39,9.86,1.768,1.135,39.32,0.421,False,0.0008,53.8485
0.8424,1.01088,9,9,109,1,-0.0241,-0.0103,34.21,6.23,1.591,0.828,29.01,0.635,False,0.0008,34.5457
0.8424,1.01088,9,9,109,1,-0.055,-0.0028,20.99,10.7,1.71,1.257,29.62,0.543,False,0.0015,22.6749
0.8424,1.01088,9,9,109,1,-0.0077,-0.0016,27.39,2.7,1.736,0.887,28.56,0.553,False,0.0006,17.1526
0.8424,1.01088,9,9,109,1,-0.0418,-0.015,31.7,8.78,1.05,0.995,20.46,0.485,False,0.001,13.2993
0.8424,1.01088,9,9,109,1,-0.0401,0.0064,23.19,12.79,0.907,1.098,36.2,0.593,False,0.0006,94.37
0.8424,1.01088,9,9,109,1,0.0038,-0.0162,35.37,7.29,1.142,0.784,26.82,0.509,False,0.0004,38.4563
0.8424,1.01088,9,9,109,1,0.0151,-0.0072,24.23,4.0,1.417,0.916,32.86,0.528,False,0.0005,21.8106
0.8424,1.01088,9,9,109,1,-0.052,0.0091,32.95,12.36,0.852,0.934,22.46,0.67,False,0.0012,31.6012
0.8424,1.01088,9,9,109,1,-0.0506,-0.0171,26.51,7.85,0.878,1.322,24.93,0.71,False,0.0008,30.0465
0.8424,1.01088,9,9,109,1,-0.0002,0.0016,44.47,11.31,1.488,0.754,21.67,0.451,False,0.0004,48.9337
0.8424,1.01088,9,9,109,1,-0.0022,-0.0129,31.27,9.76,1.614,1.332,24.24,0.764,False,0.0006,47.6785
0.8424,1.01088,9,9,109,1,-0.0055,-0.0069,29.74,11.76,0.947,1.034,23.13,0.706,False,0.0006,46.72
0.8424,1.01088,9,9,109,1,-0.0167,0.0056,20.28,4.9,1.527,1.305,30.06,0.561,False,0.0002,41.5975
0.8424,1.01088,9,9,109,1,-0.0468,0.0085,25.45,4.21,1.32,1.052,20.89,0.466,False,0.0007,10.0834
0.8424,1.01088,9,9,109,1,-0.0213,-0.0051,29.13,12.91,1.263,0.852,35.04,0.735,False,0.0006,78.7155
0.8424,1.01088,9,9,109,1,0.0111,-0.0094,36.44,6.76,1.685,0.805,32.43,0.775,False,0.0001,226.185
0.8424,1.01088,9,9,109,1,-0.0629,-0.0138,38.39,2.18,1.225,1.271,25.91,0.603,False,0.0011,20.9214
0.858,0.86112,10,1,112,1,-0.0403,-0.0116,29.32,6.23,1.193,1.065,36.27,0.672,False,0.0017,21.3125
0.858,0.86112,10,1,112,1,-0.0172,0.0044,33.87,8.15,1.267,0.876,38.34,0.494,False,0.0014,25.567
0.858,0.86112,10,1,112,1,-0.0454,-0.0092,23.58,13.2,1.423,1.278,21.63,0.525,False,0.0005,40.6641
0.858,0.86112,10,1,112,1,0.0153,-0.0125,35.22,2.96,1.498,0.803,34.53,0.612,False,0.0009,23.3597
0.858,0.86112,10,1,112,1,-0.0128,0.0092,22.51,2.33,0.941,0.75,29.85,0.56,False,0.0006,12.6328
0.858,0.86112,10,1,112,1,-0.0009,-0.0147,21.89,7.34,1.118,0.979,36.73,0.764,False,0.0006,51.2984
0.858,0.86112,10,1,112,1,0.0243,-0.0189,39.83,14.93,0.919,1.098,30.55,0.411,False,0.0003,92.0908
0.858,0.86112,10,1,112,1,0.0202,0.004,33.17,6.92,1.038,1.001,28.68,0.577,False,0.0007,23.9559
0.858,0.86112,10,1,112,1,-0.0298,-0.0057,26.69,9.25,1.353,1.354,32.97,0.76,False,0.001,41.8161
0.858,0.86112,10,1,112,1,-0.0491,-0.0016,28.98,13.49,1.077,0.822,35.34,0.72,False,0.0007,82.3252
0.858,0.86112,10,1,112,1,0.0158,-0.019,28.24,3.37,1.011,1.236,24.33,0.745,False,0.0003,25.0053
0.858,0.86112,10,1,112,1,-0.0613,-0.0063,42.35,4.95,1.395,1.166,21.09,0.534,False,0.0002,101.1642
0.858,0.86112,10,1,112,1,-0.028,-0.0135,25.9,4.52,1.704,1.132,31.85,0.438,False,0.0013,11.6124
0.858,0.86112,10,1,112,1,-0.0554,0.0014,44.46,10.29,1.302,1.047,34.89,0.711,False,0.0003,184.3364
0.858,0.86112,10,1,112,1,-0.007,0.0069,25.57,11.81,0.973,0.924,32.16,0.508,False,0.0007,39.6921
0.858,0.86112,10,1,112,1,-0.0589,0.0089,36.23,3.81,1.52,1.393,22.34,0.644,False,0.0003,55.4474
0.858,0.86112,10,1,112,1,-0.0049,-0.0022,43.77,11.34,0.831,0.861,33.62,0.451,False,0.0005,70.8769
0.858,0.86112,10,1,112,1,0.0111,0.0075,20.31,5.56,0.839,0.717,28.52,0.63,False,0.0003,31.2202
0.858,0.86112,10,1,112,1,-0.0141,-0.0031,31.72,2.73,1.676,1.174,20.57,0.69,False,0.0003,28.0697
0.858,0.86112,10,1,112,1,-0.0538,0.0051,30.54,8.55,1.743,0.899,26.83,0.594,False,0.0004,67.396
0.858,0.86112,10,1,112,1,-0.0236,-0.0109,21.44,7.64,1.249,1.333,27.89,0.567,False,0.0009,17.5258
0.858,0.86112,10,1,112,1,-0.0225,-0.0157,36.68,14.16,1.219,1.298,31.02,0.422,False,0.0019,20.634
0.858,0.86112,10,1,112,1,0.0027,-0.0073,42.83,5.35,1.434,0.738,38.93,0.625,False,0.001,36.581
0.858,0.86112,10,1,112,1,-0.0416,-0.0045,40.69,12.1,1.632,0.787,22.97,0.78,False,0.0008,52.3761
0.858,0.86112,10,1,112,1,-0.0327,-0.0162,31.44,13.76,1.58,1.258,23.36,0.461,False,0.001,25.2853
0.858,0.86112,10,1,112,1,-0.0653,-0.0082,24.76,12.42,0.873,1.212,37.67,0.473,False,0.0009,57.9614
0.858,0.86112,10,1,112,1,0.0029,0.0021,38.23,10.22,1.644,0.934,26.42,0.658,False,0.0005,58.0906
0.858,0.86112,10,1,112,1,0.0072,-0.0176,39.08,6.69,1.16,1.326,39.87,0.789,False,0.0008,45.5766
0.858,0.86112,10,1,112,1,-0.0363,0.0006,34.67,9.44,1.565,1.089,24.7,0.705,False,0.0008,39.0978
0.858,0.86112,10,1,112,1,-0.069,-0.001,41.63,10.91,1.8,1.021,25.7,0.486,False,0.0016,25.5866
0.858,0.8424,10,0,111,1,0.0228,-0.0146,41.09,13.63,0.815,1.343,22.46,0.694,False,0.0007,41.6542
0.858,0.8424,10,0,111,1,-0.0006,-0.0138,22.43,7.94,1.23,0.971,31.05,0.627,False,0.0004,46.3781
0.858,0.8424,10,0,111,1,-0.0124,-0.0169,32.04,13.81,1.348,1.143,26.84,0.532,False,0.0001,275.2495
0.858,0.8424,10,0,111,1,-0.0515,0.0046,38.5,5.97,1.442,0.986,34.16,0.6,False,0.0004,110.3366
0.858,0.8424,10,0,111,1,0.0125,-0.0187,21.57,9.26,1.507,1.306,39.55,0.468,False,0.0002,118.5157
0.858,0.8424,10,0,111,1,-0.0679,0.0014,29.0,8.47,1.02,1.398,33.87,0.535,False,0.0009,44.077
0.858,0.8424,10,0,111,1,-0.0572,0.0093,25.09,6.86,1.419,1.079,35.69,0.506,False,0.0003,100.7918
0.858,0.8424,10,0,111,1,0.0216,-0.0033,31.66,10.31,1.309,1.038,28.61,0.738,False,0.0004,87.2556
0.858,0.8424,10,0,111,1,-0.0662,-0.0122,28.03,13.06,1.487,1.28,29.48,0.762,False,0.0002,384.1425
0.858,0.8424,10,0,111,1,-0.0598,0.008,22.57,4.88,1.043,1.004,36.0,0.691,False,0.0008,29.1247
0.858,0.8424,10,0,111,1,-0.023,0.0063,29.21,11.83,1.087,1.323,38.33,0.518,False,0.001,41.3068
0.858,0.8424,10,0,111,1,-0.0429,-0.006,43.24,9.93,1.134,1.171,39.15,0.443,False,0.0008,62.2391
0.858,0.8424,10,0,111,1,-0.0414,0.0055,37.91,3.49,1.642,0.782,37.8,0.433,False,0.0006,67.2188
0.858,0.8424,10,0,111,1,-0.0259,-0.0119,40.41,4.08,1.561,1.374,37.32,0.551,False,0.0012,30.5766
0.858,0.8424,10,0,111,1,-0.0491,-0.0009,44.52,3.07,1.61,1.115,21.15,0.585,False,0.0014,12.17
0.858,0.8424,10,0,111,1,-0.021,0.0026,39.64,6.35,0.884,0.851,25.96,0.78,False,0.0002,133.8507
0.858,0.8424,10,0,111,1,0.0082,-0.0095,43.71,7.27,1.695,0.939,22.76,0.458,False,0.0006,27.9504
0.858,0.8424,10,0,111,1,0.0029,-0.0105,26.36,14.3,1.249,0.889,21.73,0.642,False,0.0009,31.1834
0.858,0.8424,10,0,111,1,0.0166,-0.008,37.18,2.71,0.854,0.755,28.99,0.673,False,0.0003,53.0379
0.858,0.8424,10,0,111,1,-0.0368,-0.0196,36.23,9.77,1.71,1.201,20.05,0.665,False,0.0007,26.7856
0.858,0.8424,10,0,111,1,-0.0137,-0.0029,27.15,11.47,1.283,0.929,33.07,0.409,False,0.0012,21.5534
0.858,0.8424,10,0,111,1,-0.0073,-0.0153,33.52,10.74,1.122,1.214,34.94,0.788,False,0.0006,74.7581
0.858,0.8424,10,0,111,1,-0.0035,-0.002,20.43,5.37,0.934,0.728,32.59,0.636,False,0.0002,73.2431
0.858,0.8424,10,0,111,1,-0.0301,0.0001,23.76,2.22,1.752,0.876,26.66,0.486,False,0.0001,101.5934
0.858,0.8424,10,0,111,1,-0.0334,-0.0086,24.23,12.62,0.974,1.248,25.04,0.707,False,0.0004,78.4786
0.858,0.8424,10,0,111,1,-0.0462,0.0036,41.82,12.32,1.171,0.719,31.77,0.755,False,0.0003,158.983
0.858,0.8424,10,0,111,1,-0.018,-0.0056,34.89,5.55,0.932,0.816,24.39,0.722,False,0.0004,46.2703
0.858,0.8424,10,0,111,1,0.0026,-0.0042,35.52,8.83,1.576,1.145,27.34,0.568,False,0.0007,35.2568
0.858,0.8424,10,0,111,1,-0.0617,-0.017,30.57,14.94,1.386,1.068,30.63,0.591,False,0.0001,454.0969
0.858,0.8424,10,0,111,1,0.0094,0.0071,33.14,4.51,1.783,0.835,23.57,0.421,False,0.0009,11.3928
0.8424,1.0296,9,10,110,1,-0.0644,-0.0163,38.4,6.53,1.658,1.083,37.98,0.401,False,0.0018,28.5457
0.8424,1.0296,9,10,110,1,-0.0242,0.0002,44.55,2.69,0.826,0.934,30.25,0.662,False,0.0001,260.415
0.8424,1.0296,9,10,110,1,-0.0185,-0.0013,23.17,13.57,0.925,0.806,38.6,0.677,False,0.0008,56.5916
0.8424,1.0296,9,10,110,1,-0.0558,-0.0171,30.21,14.58,1.221,1.122,36.2,0.534,False,0.0008,71.0475
0.8424,1.0296,9,10,110,1,-0.0391,-0.0007,24.59,14.06,1.325,1.114,22.57,0.612,False,0.0006,51.5861
0.8424,1.0296,9,10,110,1,-0.0106,0.0047,29.51,10.37,1.248,0.832,33.05,0.451,False,0.0001,229.7132
0.8424,1.0296,9,10,110,1,0.0022,-0.014,36.79,9.86,1.179,1.0,21.95,0.637,False,0.0006,30.84
0.8424,1.0296,9,10,110,1,-0.0205,-0.013,34.12,4.06,1.772,1.343,20.2,0.508,False,0.0003,30.5376
0.8424,1.0296,9,10,110,1,0.0105,-0.0199,31.61,4.59,0.939,1.32,25.9,0.474,False,0.0002,37.9276
0.8424,1.0296,9,10,110,1,-0.0466,0.0031,23.78,11.22,1.272,0.768,31.0,0.586,False,0.0013,29.9105
0.8424,1.0296,9,10,110,1,-0.0307,-0.0082,21.14,9.23,1.714,0.782,26.67,0.716,False,0.0002,112.8747
0.8424,1.0296,9,10,110,1,0.0127,-0.0187,35.94,12.94,1.693,1.367,21.11,0.564,False,0.0005,39.9734
0.8424,1.0296,9,10,110,1,0.009,-0.01,34.46,2.21,1.599,0.726,29.95,0.682,False,0.0005,27.9529
0.8424,1.0296,9,10,110,1,-0.0432,-0.0058,27.75,12.02,1.034,1.175,39.55,0.758,False,0.0005,94.0094
0.8424,1.0296,9,10,110,1,-0.0496,0.0018,37.64,9.78,1.339,1.149,24.89,0.645,False,0.0006,57.7066
0.8424,1.0296,9,10,110,1,0.003,0.0027,43.16,11.73,1.564,1.22,27.61,0.589,False,0.0003,110.0694
0.8424,1.0296,9,10,110,1,-0.0611,-0.0105,21.75,5.77,1.502,1.292,24.22,0.626,False,0.0005,24.4234
0.8424,1.0296,9,10,110,1,-0.0697,-0.015,31.81,7.3,1.077,0.701,38.99,0.764,False,0.001,56.7209
0.8424,1.0296,9,10,110,1,0.0247,0.0069,26.73,14.16,0.867,1.008,32.38,0.529,False,0.0007,43.2381
0.8424,1.0296,9,10,110,1,-0.054,0.0052,28.94,3.25,1.614,0.841,34.88,0.483,False,0.0006,35.1227
0.8424,1.0296,9,10,110,1,-0.0094,-0.0029,40.15,12.69,0.994,0.958,28.6,0.727,False,0.0008,47.1887
0.8424,1.0296,9,10,110,1,-0.0147,0.0078,26.01,6.92,1.377,1.069,35.93,0.502,False,0.0002,114.5347
0.8424,1.0296,9,10,110,1,-0.037,-0.0035,39.23,8.91,1.748,1.203,22.69,0.558,False,0.0004,54.9292
0.8424,1.0296,9,10,110,1,-0.0341,-0.0113,44.03,8.35,1.481,1.255,34.08,0.793,False,0.0004,114.7537
0.8424,1.0296,9,10,110,1,0.0208,0.0084,41.23,3.47,0.87,1.389,33.84,0.736,False,0.0002,164.003
0.8424,1.0296,9,10,110,1,-0.0046,-0.0073,33.03,4.91,1.443,0.922,28.72,0.418,False,0.0006,23.4394
0.8424,1.0296,9,10,110,1,-0.002,-0.0151,41.92,7.75,1.157,0.868,26.38,0.704,False,0.0006,41.4759
0.8424,1.0296,9,10,110,1,-0.0593,-0.0049,20.52,5.11,1.013,1.263,32.0,0.776,False,0.0008,26.8215
0.8424,1.0296,9,10,110,1,-0.0258,0.009,35.15,6.22,1.122,1.032,23.7,0.454,False,0.0007,17.4166
0.8424,1.0296,9,10,110,1,0.0164,-0.0062,25.44,10.79,1.425,0.906,37.24,0.438,False,0.0008,30.6364
0.858,0.87984,10,2,113,1,0.0088,0.009,25.81,12.52,1.054,0.967,33.98,0.481,False,0.0003,101.1887
0.858,0.87984,10,2,113,1,-0.0422,-0.0039,31.7,2.44,1.697,0.845,27.74,0.7,False,0.0005,32.6224
0.858,0.87984,10,2,113,1,0.0208,0.0066,27.61,13.58,0.914,1.298,24.73,0.548,False,0.0004,49.848
0.858,0.87984,10,2,113,1,0.0096,-0.0018,21.68,11.03,1.783,0.994,26.68,0.714,False,0.0003,92.3077
0.858,0.87984,10,2,113,1,-0.0692,0.0043,26.02,9.32,1.422,0.949,36.81,0.402,False,0.0017,22.3927
0.858,0.87984,10,2,113,1,-0.0566,-0.0088,38.75,14.41,1.088,0.886,23.64,0.606,False,0.0014,32.2097
0.858,0.87984,10,2,113,1,-0.0467,-0.0193,29.65,11.37,0.879,1.239,35.92,0.478,False,0.0015,30.3142
0.858,0.87984,10,2,113,1,0.0156,-0.0076,31.15,14.11,1.451,0.709,26.5,0.662,False,0.0001,484.7002
0.858,0.87984,10,2,113,1,-0.0481,-0.0052,24.56,3.74,0.82,1.089,28.19,0.451,False,0.0003,29.4014
0.858,0.87984,10,2,113,1,0.0127,-0.0065,35.88,4.36,1.547,0.742,34.75,0.687,False,0.0006,45.172
0.858,0.87984,10,2,113,1,-0.0641,0.0029,39.4,3.44,1.335,1.033,39.17,0.594,False,0.0006,77.5514
0.858,0.87984,10,2,113,1,-0.0039,-0.0109,38.22,6.58,1.145,1.314,34.65,0.635,False,0.0008,38.642
0.858,0.87984,10,2,113,1,-0.063,-0.0182,41.81,8.81,1.626,0.776,31.67,0.641,False,0.0011,50.1631
0.858,0.87984,10,2,113,1,-0.041,-0.0173,27.24,12.15,1.504,1.011,21.77,0.78,False,0.0011,31.4213
0.858,0.87984,10,2,113,1,-0.0123,0.0,24.13,9.72,1.71,1.104,25.73,0.673,False,0.0003,62.6115
0.858,0.87984,10,2,113,1,-0.0294,-0.01,32.87,5.85,1.588,1.225,29.01,0.426,False,0.0011,17.3253
0.858,0.87984,10,2,113,1,-0.0354,-0.0005,30.59,11.74,1.393,0.814,36.19,0.503,False,0.0013,32.3045
0.858,0.87984,10,2,113,1,0.0222,0.0055,44.71,2.97,1.638,1.354,30.54,0.543,False,0.0005,50.0902
0.858,0.87984,10,2,113,1,-0.0343,-0.005,34.76,5.07,1.016,1.058,22.17,0.44,False,0.0008,13.0722
0.858,0.87984,10,2,113,1,-0.0538,-0.0167,37.34,7.85,1.241,0.828,30.87,0.614,False,0.0015,28.6777
0.858,0.87984,10,2,113,1,0.005,-0.0143,21.36,8.23,1.19,1.19,21.23,0.524,False,0.0002,28.5894
0.858,0.87984,10,2,113,1,-0.0211,-0.0125,23.2,10.08,0.996,0.888,33.05,0.797,False,0.0005,80.7762
0.858,0.87984,10,2,113,1,-0.0284,-0.0139,41.29,6.06,0.852,1.205,32.65,0.738,False,0.0002,211.8314
0.858,0.87984,10,2,113,1,-0.0166,-0.0154,43.34,2.23,0.953,1.15,29.81,0.462,False,0.0009,25.3189
0.858,0.87984,10,2,113,1,-0.013,-0.0025,28.6,7.01,1.315,1.353,39.44,0.767,False,0.0003,105.1673
0.858,0.87984,10,2,113,1,-0.0024,0.0097,35.22,4.81,1.275,0.932,38.21,0.754,False,0.0007,43.932
0.858,0.87984,10,2,113,1,-0.0092,0.0016,40.24,10.43,1.761,1.136,24.06,0.564,False,0.0002,113.0164
0.858,0.87984,10,2,113,1,-0.0232,-0.0113,33.62,14.76,1.233,0.759,22.94,0.577,False,0.0004,74.8955
0.858,0.87984,10,2,113,1,-0.0587,0.0038,43.0,13.03,1.494,1.273,20.67,0.514,False,0.0013,23.3358
0.858,0.87984,10,2,113,1,0.002,0.008,20.11,7.6,1.12,1.379,37.94,0.728,False,0.0007,39.8826
0.858,0.89856,10,3,114,1,-0.0138,-0.015,30.84,10.59,1.746,0.876,24.0,0.708,False,0.0003,92.9392
0.858,0.89856,10,3,114,1,0.0141,0.0037,28.36,4.29,1.238,0.732,30.51,0.674,False,0.0004,36.1179
0.858,0.89856,10,3,114,1,0.0217,-0.0173,33.34,13.36,0.938,1.254,26.7,0.507,False,0.0004,59.8793
0.858,0.89856,10,3,114,1,-0.0427,-0.0126,27.36,3.77,1.613,1.39,25.88,0.682,False,0.0001,87.7875
0.858,0.89856,10,3,114,1,-0.0586,-0.0013,34.83,5.01,1.56,0.905,32.66,0.571,False,0.0001,316.6745
0.858,0.89856,10,3,114,1,-0.0371,0.0027,30.63,5.88,1.524,1.106,28.68,0.641,False,0.0006,35.8271
0.858,0.89856,10,3,114,1,0.0045,-0.0197,25.6,10.72,1.173,1.287,21.98,0.606,False,0.0008,18.3789
0.858,0.89856,10,3,114,1,0.023,0.0048,38.16,12.0,1.29,1.179,37.39,0.453,False,0.0009,39.4421
0.858,0.89856,10,3,114,1,-0.0636,-0.0044,32.34,2.98,1.155,0.952,29.75,0.478,False,0.0003,77.971
0.858,0.89856,10,3,114,1,-0.0472,0.0007,37.04,6.91,0.983,1.194,32.87,0.516,False,0.001,35.2949
0.858,0.89856,10,3,114,1,-0.0121,0.0054,40.78,9.9,1.025,1.147,20.9,0.785,False,0.0006,40.54
0.858,0.89856,10,3,114,1,-0.0686,-0.0007,38.36,6.48,1.484,0.92,20.11,0.623,False,0.0006,32.7727
0.858,0.89856,10,3,114,1,0.0024,0.0011,21.19,2.65,1.078,1.032,34.65,0.492,False,0.0005,14.806
0.858,0.89856,10,3,114,1,0.0164,-0.01,40.98,5.15,0.853,0.784,38.37,0.429,False,0.0002,188.81
0.858,0.89856,10,3,114,1,0.0089,0.0074,22.22,13.83,1.794,1.369,31.16,0.665,False,0.0004,84.4129
0.858,0.89856,10,3,114,1,-0.0398,-0.0168,32.5,12.42,0.823,0.757,23.46,0.744,False,0.0008,48.6824
0.858,0.89856,10,3,114,1,-0.0209,-0.0086,23.85,14.49,1.114,1.323,26.53,0.458,False,0.0007,36.1636
0.858,0.89856,10,3,114,1,-0.026,-0.0102,35.31,11.58,1.306,0.856,28.01,0.705,False,0.0007,58.4292
0.858,0.89856,10,3,114,1,-0.0649,0.0097,27.62,7.72,1.457,0.984,22.69,0.729,False,0.0008,27.2178
0.858,0.89856,10,3,114,1,-0.0536,-0.0078,35.94,7.4,0.911,1.089,22.32,0.592,False,0.0002,81.5584
0.858,0.89856,10,3,114,1,-0.0077,-0.0051,24.7,9.17,1.337,1.264,27.7,0.427,False,0.0009,14.2618
0.858,0.89856,10,3,114,1,-0.0184,-0.0022,39.49,9.68,1.421,0.813,31.66,0.768,False,0.0005,73.164
0.858,0.89856,10,3,114,1,-0.0011,-0.0148,22.8,11.3,0.894,1.225,36.59,0.8,False,0.0004,108.4481
0.858,0.89856,10,3,114,1,-0.0297,-0.011,26.11,2.17,1.569,1.333,25.12,0.549,False,0.0007,10.6528
0.858,0.89856,10,3,114,1,-0.0554,-0.0183,42.82,3.47,1.637,0.708,34.91,0.758,False,0.0004,128.6086
0.858,0.89856,10,3,114,1,-0.024,0.0063,43.71,13.04,1.685,1.026,37.25,0.403,False,0.0016,27.0197
0.858,0.89856,10,3,114,1,-0.0502,-0.0035,44.5,6.08,1.398,1.05,35.96,0.632,False,0.0006,76.5395
0.858,0.89856,10,3,114,1,0.0123,-0.0061,42.22,8.86,1.73,0.837,39.71,0.538,False,0.0004,86.724
0.858,0.89856,10,3,114,1,-0.0321,0.0087,20.56,8.4,1.062,0.96,38.81,0.583,False,0.0008,37.8925
0.858,0.89856,10,3,114,1,-0.0064,-0.0136,29.81,14.71,1.228,1.141,33.77,0.527,False,0.0002,220.6047
0.858,0.91728,10,4,115,1,-0.0017,-0.0178,25.65,5.29,1.009,0.814,32.86,0.665,False,0.0003,51.8709
0.858,0.91728,10,4,115,1,-0.036,-0.0123,31.82,3.79,1.036,1.104,32.2,0.511,False,0.0003,64.0349
0.858,0.91728,10,4,115,1,-0.0616,0.0006,38.61,7.23,1.237,1.16,25.22,0.649,False,0.0002,148.1459
0.858,0.91728,10,4,115,1,-0.0123,0.0045,37.2,9.36,1.714,1.287,38.81,0.734,False,0.0001,347.6793
0.858,0.91728,10,4,115,1,-0.0243,-0.0095,22.54,14.7,1.444,1.131,28.74,0.42,False,0.001,27.9686
0.858,0.91728,10,4,115,1,-0.0205,-0.0081,33.63,9.47,1.65,1.073,28.59,0.732,False,0.0006,60.2475
0.858,0.91728,10,4,115,1,-0.0438,0.0023,26.97,13.55,0.951,1.001,21.45,0.668,False,0.0008,37.6851
0.858,0.91728,10,4,115,1,-0.0655,-0.0031,44.46,6.85,1.626,1.341,31.91,0.57,False,0.0007,72.937
0.858,0.91728,10,4,115,1,0.0154,-0.0198,39.82,10.83,0.818,0.705,20.94,0.542,False,0.0003,47.3374
0.858,0.91728,10,4,115,1,0.0232,-0.0166,21.73,7.65,1.785,0.767,30.91,0.445,False,0.0006,21.2664
0.858,0.91728,10,4,115,1,0.0182,0.0061,43.49,2.72,1.192,0.839,38.01,0.524,False,0.0006,49.4513
0.858,0.91728,10,4,115,1,-0.03,-0.0111,30.61,13.16,0.918,1.009,36.85,0.788,False,0.0008,60.186
0.858,0.91728,10,4,115,1,0.0009,-0.0182,23.46,6.17,0.869,0.77,39.93,0.493,False,0.0007,28.3353
0.858,0.91728,10,4,115,1,-0.0156,0.0078,20.24,2.33,1.539,1.226,29.97,0.768,False,0.0001,59.3079
0.858,0.91728,10,4,115,1,0.0035,-0.0148,25.95,11.18,1.161,0.959,37.43,0.706,False,0.0003,122.8825
0.858,0.91728,10,4,115,1,-0.058,-0.0018,40.3,2.97,1.094,0.953,20.06,0.62,False,0.0006,19.188
0.858,0.91728,10,4,115,1,-0.0453,-0.0079,41.87,3.61,1.402,0.889,35.06,0.629,False,0.0004,96.9463
0.858,0.91728,10,4,115,1,-0.0083,-0.0066,21.62,10.26,1.517,0.93,34.49,0.585,False,0.0009,36.2091
0.858,0.91728,10,4,115,1,-0.0671,-0.0059,24.37,14.22,1.353,1.309,33.46,0.466,False,0.0002,286.7658
0.858,0.91728,10,4,115,1,-0.0569,-0.0041,42.66,4.86,1.387,1.076,22.68,0.596,False,0.0002,110.1416
0.858,0.91728,10,4,115,1,-0.0492,-0.0106,34.81,8.52,1.567,0.872,22.62,0.479,False,0.0003,51.9143
0.858,0.91728,10,4,115,1,0.0218,-0.0131,35.99,13.98,1.274,1.036,24.01,0.431,False,0.0007,29.58
0.858,0.91728,10,4,115,1,-0.0344,0.005,35.07,11.65,1.32,1.186,25.53,0.753,False,0.0011,38.6625
0.858,0.91728,10,4,115,1,-0.0041,0.0095,37.82,12.02,1.743,1.276,35.99,0.689,False,0.0013,33.1619
0.858,0.91728,10,4,115,1,-0.0164,-0.0003,31.33,5.69,0.97,1.192,26.68,0.555,False,0.0005,30.7648
0.858,0.91728,10,4,115,1,0.0065,0.0015,32.92,4.58,1.231,1.244,23.8,0.775,False,0.0002,74.6804
0.858,0.91728,10,4,115,1,-0.0519,0.0086,29.17,10.02,0.846,0.731,30.24,0.715,False,0.0004,117.531
0.858,0.91728,10,4,115,1,-0.0412,-0.0155,27.91,12.42,1.113,1.365,36.14,0.496,False,0.0002,203.1254
0.858,0.91728,10,4,115,1,0.0095,0.0033,41.25,6.41,1.468,0.85,27.85,0.409,False,0.0009,23.3024
0.858,0.91728,10,4,115,1,-0.0282,-0.0027,28.79,8.48,1.688,1.386,26.42,0.602,False,0.0008,28.0137
0.858,0.936,10,5,116,1,-0.0565,0.0053,33.3,4.05,1.43,0.793,22.13,0.724,False,0.0003,55.3809
0.858,0.936,10,5,116,1,-0.0687,0.0038,37.06,10.78,1.084,0.905,27.37,0.609,False,0.0016,30.4487
0.858,0.936,10,5,116,1,-0.0272,-0.0187,39.39,12.4,1.312,0.969,36.78,0.696,False,0.0009,59.4113
0.858,0.936,10,5,116,1,-0.0327,-0.0132,28.51,8.04,0.95,1.168,24.2,0.776,False,0.0008,29.0146
0.858,0.936,10,5,116,1,-0.0228,0.0099,34.81,9.12,0.851,0.745,25.68,0.496,False,0.0008,23.5678
0.858,0.936,10,5,116,1,-0.0098,-0.0061,38.24,3.65,1.505,0.912,28.89,0.64,False,0.0005,40.5808
0.858,0.936,10,5,116,1,-0.0165,-0.0021,44.39,2.84,1.545,1.398,20.79,0.527,False,0.0003,44.4334
0.858,0.936,10,5,116,1,-0.0494,-0.0002,28.03,12.3,1.388,1.292,28.31,0.519,False,0.0008,46.2402
0.858,0.936,10,5,116,1,0.0119,-0.0036,22.83,2.99,1.723,1.256,37.58,0.714,False,0.0003,50.0817
0.858,0.936,10,5,116,1,-0.0429,0.0083,24.83,13.05,1.255,1.102,33.65,0.415,False,0.0004,84.6159
0.858,0.936,10,5,116,1,-0.015,-0.0153,38.46,10.23,1.48,1.312,38.65,0.657,False,0.0012,35.8211
0.858,0.936,10,5,116,1,0.0183,-0.0128,26.41,13.27,0.872,1.094,20.28,0.787,False,0.0005,51.9237
0.858,0.936,10,5,116,1,0.0154,-0.0088,25.75,8.54,1.175,0.844,36.15,0.428,False,0.0005,37.0852
0.858,0.936,10,5,116,1,0.0079,-0.0098,42.4,13.89,0.808,1.281,26.63,0.441,False,0.0002,154.5901
0.858,0.936,10,5,116,1,-0.0108,0.0066,41.4,4.61,1.267,1.146,25.0,0.757,False,0.0006,33.5703
0.858,0.936,10,5,116,1,-0.0471,-0.0196,36.29,11.12,0.975,1.058,39.67,0.764,False,0.0003,178.0055
0.858,0.936,10,5,116,1,-0.0038,-0.0072,20.19,14.61,1.612,0.83,26.9,0.688,False,0.0004,85.231
0.858,0.936,10,5,116,1,-0.0621,-0.0056,20.98,7.56,1.136,0.72,34.13,0.545,False,0.0002,134.8349
0.858,0.936,10,5,116,1,0.0208,-0.0047,42.59,8.35,1.574,1.199,31.78,0.667,False,0.0008,42.167
0.858,0.936,10,5,116,1,-0.0535,-0.0146,35.14,5.07,0.908,0.995,29.58,0.567,False,0.0004,59.7447
0.858,0.936,10,5,116,1,0.0058,-0.0114,29.7,6.61,1.788,0.949,21.74,0.58,False,0.0005,19.7747
0.858,0.936,10,5,116,1,-0.0207,0.0075,22.24,10.46,1.363,1.214,32.33,0.616,False,0.0003,112.27
0.858,0.936,10,5,116,1,-0.0356,0.0017,43.87,7.19,1.202,0.747,35.71,0.548,False,0.0004,101.7935
0.858,0.936,10,5,116,1,-0.0309,0.005,31.64,4.33,1.128,1.026,33.24,0.63,False,0.0003,70.6041
0.858,0.936,10,5,116,1,-0.0646,-0.0168,33.63,9.73,1.065,1.124,30.15,0.743,False,0.0005,106.838
0.858,0.936,10,5,116,1,-0.0398,-0.0109,31.86,6.07,1.76,1.035,30.86,0.477,False,0.0001,424.0102
0.858,0.936,10,5,116,1,0.0225,0.0022,40.4,2.25,1.648,0.873,35.0,0.492,False,0.0004,62.7329
0.858,0.936,10,5,116,1,-0.0576,0.001,27.03,5.49,1.032,1.374,23.18,0.404,False,0.0005,17.3773
0.858,0.936,10,5,116,1,0.0002,-0.0174,23.52,14.51,1.445,0.811,23.42,0.592,False,0.0004,61.7396
0.858,0.936,10,5,116,1,-0.0011,-0.0018,30.66,11.73,1.693,1.338,38.77,0.464,False,0.0006,61.8941
0.858,0.97344,10,7,118,1,-0.0255,-0.0059,39.32,6.57,1.711,0.992,25.17,0.705,False,0.0002,153.6986
0.858,0.97344,10,7,118,1,0.0025,0.0081,21.6,4.25,1.329,1.271,38.0,0.714,False,0.0005,35.9784
0.858,0.97344,10,7,118,1,0.0155,0.0016,20.52,10.67,1.088,1.297,23.87,0.609,False,0.0004,42.717
0.858,0.97344,10,7,118,1,-0.0146,0.0043,34.07,3.54,1.484,1.335,20.0,0.551,False,0.0013,5.8149
0.858,0.97344,10,7,118,1,0.0137,-0.0139,37.25,8.1,1.02,0.94,37.3,0.639,False,0.001,35.9612
0.858,0.97344,10,7,118,1,-0.0674,-0.0189,30.58,12.48,1.457,0.725,22.94,0.414,False,0.0005,47.6044
0.858,0.97344,10,7,118,1,-0.0644,-0.0035,40.45,12.94,1.633,1.026,33.1,0.755,False,0.0005,116.0266
0.858,0.97344,10,7,118,1,-0.0283,-0.0086,28.81,5.65,1.045,0.7,30.97,0.763,False,0.0005,43.2663
0.858,0.97344,10,7,118,1,-0.0315,0.0054,27.01,7.95,1.155,1.192,24.24,0.616,False,0.0003,48.5632
0.858,0.97344,10,7,118,1,-0.0334,-0.0104,31.45,9.64,0.848,0.862,31.7,0.491,False,0.0011,26.2772
0.858,0.97344,10,7,118,1,-0.0016,-0.0158,39.11,13.58,1.343,1.312,29.7,0.513,False,0.0034,10.7972
0.858,0.97344,10,7,118,1,-0.0632,-0.0064,34.51,7.13,1.536,1.045,21.02,0.571,False,0.0003,60.5678
0.858,0.97344,10,7,118,1,-0.0043,0.0071,35.97,2.13,1.516,0.828,37.93,0.48,False,0.0007,40.438
0.858,0.97344,10,7,118,1,-0.0516,0.0029,42.95,4.67,1.684,1.381,33.53,0.521,False,0.0007,59.4225
0.858,0.97344,10,7,118,1,-0.0375,-0.0111,23.04,8.54,1.633,1.166,22.44,0.648,False,0.0003,59.3852
0.858,0.97344,10,7,118,1,-0.0595,-0.0072,40.86,10.04,1.755,0.754,26.47,0.779,False,0.0002,224.7916
0.858,0.97344,10,7,118,1,-0.0089,0.0031,26.58,11.23,1.579,0.909,30.06,0.458,False,0.0008,28.8632
0.858,0.97344,10,7,118,1,0.0214,-0.0179,41.67,14.9,1.123,1.108,28.16,0.537,False,0.0006,53.6876
0.858,0.97344,10,7,118,1,-0.0186,-0.0002,35.02,3.98,1.396,1.088,34.05,0.735,False,0.0007,42.1826
0.858,0.97344,10,7,118,1,-0.0107,-0.0099,25.58,14.49,1.4,1.068,21.74,0.434,False,0.0014,11.2664
0.858,0.97344,10,7,118,1,-0.0223,-0.0164,43.99,2.6,0.869,1.357,36.18,0.665,False,0.0014,28.3952
0.858,0.97344,10,7,118,1,-0.0391,0.006,24.22,8.99,0.925,1.134,27.08,0.41,False,0.0005,25.3857
0.858,0.97344,10,7,118,1,-0.0495,-0.0125,44.77,10.61,0.949,0.782,38.72,0.678,False,0.0016,36.4478
0.858,0.97344,10,7,118,1,-0.0473,0.0007,29.48,5.44,1.257,1.235,25.36,0.581,False,0.0002,92.9515
0.858,0.97344,10,7,118,1,-0.0573,-0.0024,33.31,13.94,1.223,0.925,29.12,0.723,False,0.0012,46.0094
0.858,0.97344,10,7,118,1,-0.0429,-0.0048,27.84,6.04,1.283,0.876,39.61,0.593,False,0.0003,130.0611
0.858,0.97344,10,7,118,1,0.022,-0.0012,21.69,3.04,1.769,1.238,27.83,0.498,False,0.0002,26.721
0.858,0.97344,10,7,118,1,0.0051,-0.019,32.28,11.78,0.828,1.175,32.09,0.445,False,0.0009,33.8371
0.858,0.97344,10,7,118,1,0.0123,-0.0148,38.17,7.34,1.185,0.977,35.03,0.794,False,0.0007,48.5312
0.858,0.97344,10,7,118,1,0.0075,0.0092,23.48,12.05,0.987,0.794,35.57,0.681,False,0.0009,41.3609
0.858,0.95472,10,6,117,1,0.0162,-0.0107,37.73,2.99,1.233,0.898,28.98,0.542,False,0.0002,87.9401
0.858,0.95472,10,6,117,1,0.0088,0.0073,26.07,7.0,1.537,0.98,27.72,0.717,False,0.0001,131.9282
0.858,0.95472,10,6,117,1,-0.0371,-0.0017,21.99,7.63,1.694,0.852,33.98,0.493,False,0.0012,18.7334
0.858,0.95472,10,6,117,1,-0.0399,-0.012,28.71,13.76,0.802,1.079,35.25,0.406,False,0.001,40.5546
0.858,0.95472,10,6,117,1,-0.0572,-0.0173,26.89,6.16,0.897,1.143,34.51,0.69,False,0.0006,57.268
0.858,0.95472,10,6,117,1,-0.0152,-0.0185,23.27,7.54,1.125,0.814,32.66,0.742,False,0.0007,42.2158
0.858,0.95472,10,6,117,1,-0.0351,0.004,41.13,6.37,1.654,1.26,22.25,0.571,False,0.0006,31.317
0.858,0.95472,10,6,117,1,-0.0231,-0.0081,43.98,12.6,1.039,1.232,36.2,0.496,False,0.0008,56.6951
0.858,0.95472,10,6,117,1,0.0024,-0.0152,28.02,10.17,1.139,0.947,33.09,0.421,False,0.0004,60.7267
0.858,0.95472,10,6,117,1,-0.042,0.0008,32.92,4.62,1.344,0.776,31.23,0.784,False,0.0003,98.7333
0.858,0.95472,10,6,117,1,-0.0122,-0.0032,39.99,13.12,1.274,1.15,28.13,0.554,False,0.0008,44.8925
0.858,0.95472,10,6,117,1,-0.0045,-0.0044,21.0,12.31,1.313,0.868,37.81,0.63,False,0.0004,93.1514
0.858,0.95472,10,6,117,1,0.0101,0.0061,32.1,14.79,0.863,1.3,24.06,0.799,False,0.0009,42.8294
0.858,0.95472,10,6,117,1,-0.0273,0.0026,44.37,14.2,1.404,1.045,39.28,0.758,False,0.001,53.3003
0.858,0.95472,10,6,117,1,-0.0596,-0.001,40.38,3.42,1.009,0.731,20.34,0.577,False,0.0004,32.3035
0.858,0.95472,10,6,117,1,-0.0206,-0.0125,20.08,5.84,1.722,1.207,38.37,0.616,False,0.0006,36.2204
0.858,0.95472,10,6,117,1,0.013,0.0095,36.97,8.37,0.976,1.389,20.81,0.723,False,0.0004,47.624
0.858,0.95472,10,6,117,1,-0.0017,-0.0075,34.22,13.62,1.602,0.819,27.04,0.52,False,0.0007,44.0773
0.858,0.95472,10,6,117,1,0.0199,-0.0027,35.13,11.12,1.387,1.11,31.64,0.457,False,0.0014,21.2117
0.858,0.95472,10,6,117,1,0.0052,-0.0056,31.24,8.87,1.438,1.316,23.59,0.644,False,0.0002,83.5797
0.858,0.95472,10,6,117,1,-0.0614,-0.0143,42.5,2.4,1.473,1.016,25.51,0.665,False,0.0008,30.3922
0.858,0.95472,10,6,117,1,0.0223,0.0037,23.97,11.83,0.944,0.961,26.07,0.768,False,0.0004,85.566
0.858,0.95472,10,6,117,1,-0.0534,0.0089,41.88,5.38,1.755,1.368,37.23,0.604,False,0.0016,31.6231
0.858,0.95472,10,6,117,1,-0.0454,-0.0165,30.55,3.83,1.095,1.056,29.73,0.471,False,0.0005,35.5417
0.858,0.95472,10,6,117,1,-0.0087,-0.0193,25.45,4.47,1.794,0.926,24.85,0.527,False,0.0005,18.2612
0.858,0.95472,10,6,117,1,-0.0509,-0.009,29.91,9.52,1.259,1.349,22.86,0.7,False,0.0001,222.8252
0.858,0.95472,10,6,117,1,-0.0175,0.0014,33.67,9.11,1.586,1.187,30.59,0.451,False,0.0007,36.1875
0.858,0.95472,10,6,117,1,-0.0315,0.0059,39.09,10.68,1.178,1.27,35.41,0.593,False,0.0006,73.0301
0.858,0.95472,10,6,117,1,-0.0669,-0.014,24.38,10.5,0.923,0.769,21.91,0.436,False,0.0013,9.5446
0.858,0.95472,10,6,117,1,-0.0651,-0.0068,36.24,2.54,1.502,0.708,39.87,0.671,False,0.0005,90.0065
0.858,0.99216,10,8,119,1,-0.0135,-0.0185,28.07,14.22,0.963,0.962,20.76,0.794,False,0.0004,93.8339
0.858,0.99216,10,8,119,1,-0.0476,-0.0032,20.89,2.96,1.408,0.857,25.33,0.719,False,0.0003,28.237
0.858,0.99216,10,8,119,1,-0.0677,0.0085,31.99,8.13,0.92,1.358,21.48,0.624,False,0.0007,28.1451
0.858,0.99216,10,8,119,1,0.0199,-0.0169,40.68,5.34,1.134,1.34,22.04,0.438,False,0.0005,21.1279
0.858,0.99216,10,8,119,1,-0.0102,-0.0125,22.38,11.29,1.282,1.098,25.42,0.609,False,0.0006,34.1283
0.858,0.99216,10,8,119,1,-0.0427,-0.0099,37.88,3.64,1.591,1.157,29.62,0.533,False,0.0005,48.2631
0.858,0.99216,10,8,119,1,0.0029,-0.0149,39.84,14.11,1.043,0.719,28.84,0.555,False,0.0008,41.0201
0.858,0.99216,10,8,119,1,-0.0213,-0.0001,42.49,10.86,1.518,1.125,37.87,0.531,False,0.0004,107.4132
0.858,0.99216,10,8,119,1,-0.0399,0.0027,26.32,12.9,1.494,0.989,35.49,0.52,False,0.0014,34.494
0.858,0.99216,10,8,119,1,0.0185,0.0093,27.5,8.76,1.255,0.923,28.61,0.697,False,0.0006,41.7148
0.858,0.99216,10,8,119,1,-0.0231,-0.011,30.78,4.26,1.071,0.794,20.57,0.449,False,0.0004,15.5085
0.858,0.99216,10,8,119,1,-0.0525,-0.0012,23.82,6.22,1.016,1.311,26.06,0.573,False,0.0008,17.814
0.858,0.99216,10,8,119,1,0.0017,-0.0046,41.55,9.89,1.228,0.746,31.33,0.751,False,0.0002,145.619
0.858,0.99216,10,8,119,1,-0.0577,0.0052,42.97,12.3,1.305,1.037,23.98,0.782,False,0.0008,62.3139
0.858,0.99216,10,8,119,1,0.0148,-0.0062,44.33,5.83,1.711,1.242,32.33,0.677,False,0.0005,57.6128
0.858,0.99216,10,8,119,1,-0.037,0.0038,25.37,7.35,1.128,0.838,24.25,0.734,False,0.0007,27.4524
0.858,0.99216,10,8,119,1,-0.0293,-0.0199,20.24,8.0,1.395,1.234,32.74,0.767,False,0.0011,31.4844
0.858,0.99216,10,8,119,1,-0.0628,-0.0134,37.1,11.69,1.458,0.885,34.77,0.648,False,0.001,62.8799
0.858,0.99216,10,8,119,1,0.0083,-0.0086,33.14,4.1,1.789,1.077,30.6,0.475,False,0.0002,65.623
0.858,0.99216,10,8,119,1,-0.0323,0.0006,36.14,6.81,0.817,1.194,36.41,0.597,False,0.0007,59.516
0.858,0.99216,10,8,119,1,-0.0486,-0.0151,28.82,2.33,0.866,0.768,23.04,0.693,False,0.0004,23.0106
0.858,0.99216,10,8,119,1,-0.0076,-0.0027,34.67,4.93,1.734,1.18,39.21,0.505,False,0.0,591.3614
0.858,0.99216,10,8,119,1,-0.0189,-0.0175,33.83,2.64,1.183,0.947,27.55,0.578,False,0.0005,30.5542
0.858,0.99216,10,8,119,1,0.0104,0.0076,24.41,14.94,1.565,1.264,39.85,0.46,False,0.0008,42.5984
0.858,0.99216,10,8,119,1,-0.0286,0.0042,39.11,9.61,0.994,0.789,26.91,0.403,False,0.0008,31.8079
0.858,0.99216,10,8,119,1,0.0225,0.0015,43.81,12.75,1.611,0.895,36.98,0.639,False,0.0007,57.2279
0.858,0.99216,10,8,119,1,-0.0022,0.0062,35.09,6.35,1.68,1.067,38.4,0.722,False,0.0006,56.0672
0.858,0.99216,10,8,119,1,-0.0048,-0.0079,31.26,13.3,1.333,1.289,33.45,0.664,False,0.0008,49.4331
0.858,0.99216,10,8,119,1,-0.057,-0.0051,29.51,9.22,1.639,1.017,31.93,0.489,False,0.0013,27.6545
0.858,0.99216,10,8,119,1,-0.0668,-0.0113,23.28,10.34,0.878,1.38,34.55,0.421,False,0.0016,19.2459
0.858,1.0296,10,10,121,1,-0.02,-0.018,37.97,9.66,1.125,1.024,23.43,0.482,False,0.0006,36.566
0.858,1.0296,10,10,121,1,-0.0183,0.0006,42.18,6.92,0.816,1.366,34.58,0.59,False,0.0004,101.4105
0.858,1.0296,10,10,121,1,-0.0054,-0.0062,21.14,10.5,0.844,0.821,33.44,0.786,False,0.0006,71.3083
0.858,1.0296,10,10,121,1,-0.0249,0.0045,34.72,14.1,1.412,1.242,32.23,0.611,False,0.0009,57.3742
0.858,1.0296,10,10,121,1,0.002,-0.0109,23.21,13.46,1.524,1.118,23.19,0.473,False,0.0002,86.4864
0.858,1.0296,10,10,121,1,-0.0385,-0.0166,33.1,2.7,1.214,0.951,20.76,0.414,False,0.0004,20.6848
0.858,1.0296,10,10,121,1,-0.0451,-0.0149,43.77,12.27,0.955,1.14,24.09,0.723,False,0.0012,43.0058
0.858,1.0296,10,10,121,1,0.0153,-0.0005,26.3,4.57,1.293,1.188,37.8,0.754,False,0.0007,37.1372
0.858,1.0296,10,10,121,1,0.0089,0.009,30.75,7.29,1.492,1.394,31.26,0.585,False,0.0004,64.8365
0.858,1.0296,10,10,121,1,0.0095,-0.0138,40.02,8.09,1.585,1.002,20.6,0.663,False,0.0004,51.4783
0.858,1.0296,10,10,121,1,-0.0324,0.0033,29.85,10.18,1.445,1.305,31.46,0.544,False,0.0011,34.7047
0.858,1.0296,10,10,121,1,0.0196,0.0079,27.98,11.47,1.684,1.264,36.32,0.454,False,0.0011,30.1791
0.858,1.0296,10,10,121,1,-0.014,-0.0014,27.41,12.47,1.77,0.974,39.21,0.402,False,0.0015,28.8694
0.858,1.0296,10,10,121,1,-0.0498,-0.0188,44.44,12.91,1.737,0.924,26.75,0.558,False,0.0014,38.6844
0.858,1.0296,10,10,121,1,0.0218,0.0025,21.8,11.08,1.082,1.072,33.29,0.736,False,0.0006,65.9046
0.858,1.0296,10,10,121,1,0.0156,-0.0087,24.98,5.69,1.005,0.813,29.09,0.686,False,0.0002,82.1803
0.858,1.0296,10,10,121,1,-0.0417,0.0018,33.98,8.54,1.613,1.037,22.23,0.718,False,0.0012,23.0628
0.858,1.0296,10,10,121,1,-0.0296,-0.0037,42.51,8.98,1.703,1.327,38.62,0.517,False,0.0014,38.1741
0.858,1.0296,10,10,121,1,-0.0073,-0.009,37.03,5.97,1.358,0.741,29.93,0.44,False,0.0008,33.8547
0.858,1.0296,10,10,121,1,-0.0574,-0.02,36.25,5.16,1.143,0.853,25.45,0.446,False,0.0011,18.8232
0.858,1.0296,10,10,121,1,-0.0263,-0.0059,31.44,2.03,0.969,1.155,24.87,0.799,False,0.0008,15.0775
0.858,1.0296,10,10,121,1,-0.0558,-0.0151,38.55,6.34,1.648,0.717,35.07,0.523,False,0.0004,134.276
0.858,1.0296,10,10,121,1,-0.0617,-0.002,32.0,3.96,1.391,0.773,28.47,0.642,False,0.0009,26.5438
0.858,1.0296,10,10,121,1,0.003,0.0059,23.7,11.82,0.933,1.083,21.64,0.624,False,0.0005,38.7523
0.858,1.0296,10,10,121,1,-0.069,0.0082,39.5,14.44,1.062,0.88,39.54,0.5,False,0.0017,42.4582
0.858,1.0296,10,10,121,1,-0.0117,0.0063,25.4,3.14,0.889,1.214,35.39,0.769,False,0.0001,188.8186
0.858,1.0296,10,10,121,1,-0.052,-0.0124,35.02,7.68,1.198,1.198,37.21,0.697,False,0.0009,60.7577
0.858,1.0296,10,10,121,1,-0.0658,-0.0115,20.61,4.86,1.561,0.762,26.21,0.674,False,0.0017,7.6379
0.858,1.0296,10,10,121,1,-0.0381,-0.0045,29.12,3.49,1.328,0.887,27.85,0.571,False,0.0007,20.7318
0.858,1.0296,10,10,121,1,-0.0026,-0.0072,41.6,15.0,1.249,1.335,30.66,0.629,False,0.001,49.6589
0.858,1.01088,10,9,120,1,-0.0162,-0.018,25.45,14.63,1.761,0.775,20.66,0.678,False,0.0009,30.7006
0.858,1.01088,10,9,120,1,-0.0294,0.0096,27.96,6.18,1.464,1.133,33.44,0.591,False,0.0002,118.4375
0.858,1.01088,10,9,120,1,0.0073,-0.0103,30.62,12.52,0.988,0.934,39.96,0.713,False,0.0002,160.9838
0.858,1.01088,10,9,120,1,-0.0527,0.0009,20.18,7.42,1.406,0.747,25.13,0.487,False,0.0002,46.0525
0.858,1.01088,10,9,120,1,-0.0494,-0.0008,32.03,8.98,1.565,1.23,28.02,0.797,False,0.0004,103.9334
0.858,1.01088,10,9,120,1,0.0161,0.0083,41.13,12.94,0.933,1.351,31.17,0.575,False,0.0008,42.0589
0.858,1.01088,10,9,120,1,-0.0348,-0.0129,39.78,5.77,1.196,1.021,29.1,0.57,False,0.0002,115.1746
0.858,1.01088,10,9,120,1,0.0024,-0.0074,41.93,10.11,1.316,0.929,36.59,0.751,False,0.0004,98.9138
0.858,1.01088,10,9,120,1,0.0039,-0.0023,40.66,8.03,1.375,1.204,29.99,0.649,False,0.0002,156.8034
0.858,1.01088,10,9,120,1,-0.0088,-0.0062,29.73,14.04,1.624,1.074,32.52,0.502,False,0.0001,242.8362
0.858,1.01088,10,9,120,1,0.0096,0.0023,43.48,10.95,0.864,0.821,22.03,0.723,False,0.0003,84.8147
0.858,1.01088,10,9,120,1,-0.0146,-0.0149,33.84,12.06,1.103,1.382,26.04,0.604,False,0.001,31.0138
0.858,1.01088,10,9,120,1,0.0198,-0.0139,24.86,4.0,0.939,1.299,34.14,0.431,False,0.0007,13.474
0.858,1.01088,10,9,120,1,-0.0038,-0.0183,44.74,2.41,1.086,0.892,35.45,0.682,False,0.0008,37.86
0.858,1.01088,10,9,120,1,-0.0105,-0.0167,23.24,2.67,1.21,1.189,36.99,0.446,False,0.0002,47.2584
0.858,1.01088,10,9,120,1,-0.0358,-0.0032,38.56,6.83,1.363,0.854,38.09,0.631,False,0.0002,190.4087
0.858,1.01088,10,9,120,1,-0.0235,-0.0151,26.87,8.37,1.59,0.965,38.93,0.542,False,0.0009,37.8413
0.858,1.01088,10,9,120,1,-0.065,0.0047,21.08,11.18,1.493,0.746,31.47,0.551,False,0.0011,37.1525
0.858,1.01088,10,9,120,1,-0.0547,0.0039,23.79,10.46,1.516,1.262,34.72,0.471,False,0.0003,124.079
0.858,1.01088,10,9,120,1,-0.0401,-0.0116,28.38,4.27,1.235,0.814,20.76,0.515,False,0.0002,38.2192
0.858,1.01088,10,9,120,1,-0.0028,0.0065,34.89,3.16,1.139,1.118,22.84,0.464,False,0.0006,14.6243
0.858,1.01088,10,9,120,1,-0.0221,0.005,36.57,11.87,0.899,1.039,26.7,0.619,False,0.0003,124.105
0.858,1.01088,10,9,120,1,0.0221,0.008,31.49,8.89,1.042,1.149,21.68,0.41,False,0.0003,25.3888
0.858,1.01088,10,9,120,1,-0.0283,0.0014,35.02,4.72,0.804,0.98,25.51,0.696,False,0.0005,30.4597
0.858,1.01088,10,9,120,1,-0.0591,-0.0014,37.83,13.57,1.653,1.06,37.96,0.761,False,0.0006,107.0303
0.858,1.01088,10,9,120,1,-0.0432,-0.0046,42.51,9.44,1.689,0.874,24.23,0.665,False,0.0007,50.4558
0.858,1.01088,10,9,120,1,-0.0461,-0.0099,33.04,6.63,1.271,0.717,23.55,0.421,False,0.0006,23.1779
0.858,1.01088,10,9,120,1,-0.0606,-0.0192,37.33,3.31,1.785,1.242,30.52,0.74,False,0.0003,106.973
0.858,1.01088,10,9,120,1,-0.0675,-0.0081,26.33,5.17,1.006,1.373,27.46,0.782,False,0.0008,23.2133
0.858,1.01088,10,9,120,1,0.0136,-0.0055,21.82,14.55,1.709,1.328,33.25,0.529,False,0.0004,69.6215
