Mesh_X,Mesh_Y,Mesh_X_Index,Mesh_Y_Index,Pair_Index,Run_Index,Foot_X,Foot_Y,Kp,Kd,Start_Amp_Mult,Start_Freq_Mult,Amplitude_Deg,Frequency_Hz,Fell,Distance_Traversed,CoT
0.702,0.8424,0,0,1,1,-0.0405,-0.0081,42.97,6.43,1.408,1.078,36.09,0.494,True,0.1552,1.4617
0.702,0.8424,0,0,1,1,-0.0508,-0.0196,23.79,11.48,1.619,0.975,33.75,0.669,True,0.5984,0.2073
0.702,0.8424,0,0,1,1,-0.0277,0.0012,29.11,8.26,1.034,1.169,29.45,0.635,False,0.2506,3.3308
0.702,0.8424,0,0,1,1,-0.0416,-0.0122,38.17,6.86,1.175,1.237,31.69,0.458,True,0.5437,1.0306
0.702,0.8424,0,0,1,1,-0.0168,-0.0061,27.19,6.19,1.159,0.988,26.35,0.66,False,0.1234,3.2515
0.702,0.8424,0,0,1,1,0.0082,-0.0168,43.47,7.88,0.954,0.763,24.2,0.509,True,0.8589,0.0288
0.702,0.8424,0,0,1,1,-0.0637,-0.0058,44.88,13.84,1.343,1.358,27.87,0.524,True,0.4287,2.3763
0.702,0.8424,0,0,1,1,-0.0292,0.0093,30.36,9.17,1.448,0.869,28.57,0.567,True,0.7827,0.1138
0.702,0.8424,0,0,1,1,-0.0013,0.001,42.04,10.39,1.26,0.83,32.96,0.594,False,0.2404,3.3261
0.702,0.8424,0,0,1,1,-0.0551,-0.0033,40.64,2.5,0.915,1.265,31.29,0.418,True,0.1327,2.949
0.702,0.8424,0,0,1,1,-0.0072,0.008,32.99,5.61,0.809,1.133,22.79,0.585,False,0.169,1.5507
0.702,0.8424,0,0,1,1,0.0228,-0.0094,26.25,4.1,1.723,1.152,29.23,0.608,False,0.1158,1.3592
0.702,0.8424,0,0,1,1,-0.0224,0.0021,21.59,10.94,1.491,0.701,39.25,0.711,True,0.7698,0.1777
0.702,0.8424,0,0,1,1,-0.0139,-0.0001,25.24,12.5,0.985,0.859,38.37,0.641,False,0.1728,6.0564
0.702,0.8424,0,0,1,1,-0.0062,-0.0108,33.68,12.27,1.519,1.012,35.88,0.537,False,0.2075,4.799
0.702,0.8424,0,0,1,1,-0.0238,-0.018,34.46,3.05,1.756,1.117,30.61,0.687,True,0.3109,0.5047
0.702,0.8424,0,0,1,1,-0.0698,-0.0116,37.01,4.56,1.58,0.933,22.55,0.555,True,0.7839,0.6426
0.702,0.8424,0,0,1,1,0.0216,-0.0075,32.1,13.28,1.669,0.803,24.81,0.727,False,0.0425,9.2696
0.702,0.8424,0,0,1,1,-0.0115,0.0036,36.44,2.23,0.839,1.379,37.11,0.8,False,0.0629,9.6511
0.702,0.8424,0,0,1,1,-0.0626,-0.0153,41.2,7.57,0.876,0.939,37.93,0.431,True,0.2302,1.6666
0.702,0.8424,0,0,1,1,0.0122,-0.0136,35.07,8.89,1.772,1.031,21.85,0.768,False,0.1933,1.3323
0.702,0.8424,0,0,1,1,-0.0463,-0.0023,24.21,3.6,1.228,1.352,20.47,0.748,False,0.2039,1.1353
0.702,0.8424,0,0,1,1,-0.0344,0.0051,22.51,13.08,1.116,1.299,26.74,0.468,True,0.9066,0.3543
0.702,0.8424,0,0,1,1,-0.0355,0.0043,29.45,11.63,1.069,1.324,34.42,0.703,False,0.235,5.6506
0.702,0.8424,0,0,1,1,-0.0579,0.0064,27.64,9.75,1.393,0.786,32.56,0.482,True,0.7907,0.1404
0.702,0.8424,0,0,1,1,0.0182,-0.014,30.86,9.9,1.562,1.198,25.67,0.45,False,0.1269,2.1356
0.702,0.8424,0,0,1,1,0.001,-0.0012,22.08,4.98,1.009,0.729,34.87,0.776,False,0.1697,1.6131
0.702,0.8424,0,0,1,1,-0.0523,-0.0173,20.73,14.51,1.311,1.214,23.38,0.62,True,0.8263,0.2979
0.702,0.8424,0,0,1,1,0.0137,0.0084,38.4,14.88,1.662,1.064,39.98,0.745,True,1.0152,0.1224
0.702,0.8424,0,0,1,1,0.0035,-0.0045,39.5,5.05,1.299,0.907,20.71,0.403,False,0.1569,1.9454
0.702,0.86112,0,1,2,1,-0.0405,-0.0081,42.97,6.43,1.408,1.078,36.09,0.494,True,0.1488,1.523
0.702,0.86112,0,1,2,1,-0.0508,-0.0196,23.79,11.48,1.619,0.975,33.75,0.669,True,0.6981,0.1774
0.702,0.86112,0,1,2,1,-0.0277,0.0012,29.11,8.26,1.034,1.169,29.45,0.635,False,0.2044,4.258
0.702,0.86112,0,1,2,1,-0.0416,-0.0122,38.17,6.86,1.175,1.237,31.69,0.458,False,0.3643,3.4059
0.702,0.86112,0,1,2,1,-0.0168,-0.0061,27.19,6.19,1.159,0.988,26.35,0.66,False,0.0739,5.4597
0.702,0.86112,0,1,2,1,0.0082,-0.0168,43.47,7.88,0.954,0.763,24.2,0.509,True,0.7722,0.0656
0.702,0.86112,0,1,2,1,-0.0637,-0.0058,44.88,13.84,1.343,1.358,27.87,0.524,True,0.8377,1.6539
0.702,0.86112,0,1,2,1,-0.0292,0.0093,30.36,9.17,1.448,0.869,28.57,0.567,True,0.7686,0.0994
0.702,0.86112,0,1,2,1,-0.0013,0.001,42.04,10.39,1.26,0.83,32.96,0.594,False,0.2388,3.3522
0.702,0.86112,0,1,2,1,-0.0551,-0.0033,40.64,2.5,0.915,1.265,31.29,0.418,True,0.0696,5.1997
0.702,0.86112,0,1,2,1,-0.0072,0.008,32.99,5.61,0.809,1.133,22.79,0.585,False,0.2183,1.2933
0.702,0.86112,0,1,2,1,0.0228,-0.0094,26.25,4.1,1.723,1.152,29.23,0.608,False,0.0875,1.8432
0.702,0.86112,0,1,2,1,-0.0224,0.0021,21.59,10.94,1.491,0.701,39.25,0.711,True,0.7615,0.1746
0.702,0.86112,0,1,2,1,-0.0139,-0.0001,25.24,12.5,0.985,0.859,38.37,0.641,False,0.3272,2.8406
0.702,0.86112,0,1,2,1,-0.0062,-0.0108,33.68,12.27,1.519,1.012,35.88,0.537,False,0.1422,6.8045
0.702,0.86112,0,1,2,1,-0.0238,-0.018,34.46,3.05,1.756,1.117,30.61,0.687,True,0.1814,0.9719
0.702,0.86112,0,1,2,1,-0.0698,-0.0116,37.01,4.56,1.58,0.933,22.55,0.555,False,0.021,42.4442
0.702,0.86112,0,1,2,1,0.0216,-0.0075,32.1,13.28,1.669,0.803,24.81,0.727,False,1.0233,0.5313
0.702,0.86112,0,1,2,1,-0.0115,0.0036,36.44,2.23,0.839,1.379,37.11,0.8,False,0.0217,29.2768
0.702,0.86112,0,1,2,1,-0.0626,-0.0153,41.2,7.57,0.876,0.939,37.93,0.431,True,0.4763,0.8783
0.702,0.86112,0,1,2,1,0.0122,-0.0136,35.07,8.89,1.772,1.031,21.85,0.768,False,0.2034,1.2116
0.702,0.86112,0,1,2,1,-0.0463,-0.0023,24.21,3.6,1.228,1.352,20.47,0.748,False,0.0439,5.5927
0.702,0.86112,0,1,2,1,-0.0344,0.0051,22.51,13.08,1.116,1.299,26.74,0.468,False,0.3566,1.9972
0.702,0.86112,0,1,2,1,-0.0355,0.0043,29.45,11.63,1.069,1.324,34.42,0.703,False,0.3462,3.7972
0.702,0.86112,0,1,2,1,-0.0579,0.0064,27.64,9.75,1.393,0.786,32.56,0.482,True,0.8453,0.1353
0.702,0.86112,0,1,2,1,0.0182,-0.014,30.86,9.9,1.562,1.198,25.67,0.45,False,0.269,1.0898
0.702,0.86112,0,1,2,1,0.001,-0.0012,22.08,4.98,1.009,0.729,34.87,0.776,False,0.1268,2.2095
0.702,0.86112,0,1,2,1,-0.0523,-0.0173,20.73,14.51,1.311,1.214,23.38,0.62,True,0.6933,0.9045
0.702,0.86112,0,1,2,1,0.0137,0.0084,38.4,14.88,1.662,1.064,39.98,0.745,True,0.705,0.1941
0.702,0.86112,0,1,2,1,0.0035,-0.0045,39.5,5.05,1.299,0.907,20.71,0.403,False,0.066,5.2386
0.702,0.87984,0,2,3,1,-0.0405,-0.0081,42.97,6.43,1.408,1.078,36.09,0.494,True,0.169,1.3524
0.702,0.87984,0,2,3,1,-0.0508,-0.0196,23.79,11.48,1.619,0.975,33.75,0.669,True,0.2558,0.6097
0.702,0.87984,0,2,3,1,-0.0277,0.0012,29.11,8.26,1.034,1.169,29.45,0.635,False,0.2104,4.1811
0.702,0.87984,0,2,3,1,-0.0416,-0.0122,38.17,6.86,1.175,1.237,31.69,0.458,True,0.8763,1.307
0.702,0.87984,0,2,3,1,-0.0168,-0.0061,27.19,6.19,1.159,0.988,26.35,0.66,False,0.1008,4.1193
0.702,0.87984,0,2,3,1,0.0082,-0.0168,43.47,7.88,0.954,0.763,24.2,0.509,True,0.7123,0.1246
0.702,0.87984,0,2,3,1,-0.0637,-0.0058,44.88,13.84,1.343,1.358,27.87,0.524,True,0.2346,2.5616
0.702,0.87984,0,2,3,1,-0.0292,0.0093,30.36,9.17,1.448,0.869,28.57,0.567,True,0.7877,0.1168
0.702,0.87984,0,2,3,1,-0.0013,0.001,42.04,10.39,1.26,0.83,32.96,0.594,False,0.2764,2.9856
0.702,0.87984,0,2,3,1,-0.0551,-0.0033,40.64,2.5,0.915,1.265,31.29,0.418,True,0.8446,0.4416
0.702,0.87984,0,2,3,1,-0.0072,0.008,32.99,5.61,0.809,1.133,22.79,0.585,False,0.1803,1.5357
0.702,0.87984,0,2,3,1,0.0228,-0.0094,26.25,4.1,1.723,1.152,29.23,0.608,False,0.0876,1.8235
0.702,0.87984,0,2,3,1,-0.0224,0.0021,21.59,10.94,1.491,0.701,39.25,0.711,True,0.7702,0.1843
0.702,0.87984,0,2,3,1,-0.0139,-0.0001,25.24,12.5,0.985,0.859,38.37,0.641,False,0.215,4.8698
0.702,0.87984,0,2,3,1,-0.0062,-0.0108,33.68,12.27,1.519,1.012,35.88,0.537,False,0.142,7.1594
0.702,0.87984,0,2,3,1,-0.0238,-0.018,34.46,3.05,1.756,1.117,30.61,0.687,False,0.146,4.7642
0.702,0.87984,0,2,3,1,-0.0698,-0.0116,37.01,4.56,1.58,0.933,22.55,0.555,True,0.8053,0.6868
0.702,0.87984,0,2,3,1,0.0216,-0.0075,32.1,13.28,1.669,0.803,24.81,0.727,False,0.168,2.2153
0.702,0.87984,0,2,3,1,-0.0115,0.0036,36.44,2.23,0.839,1.379,37.11,0.8,False,0.053,11.7065
0.702,0.87984,0,2,3,1,-0.0626,-0.0153,41.2,7.57,0.876,0.939,37.93,0.431,True,0.4787,0.9394
0.702,0.87984,0,2,3,1,0.0122,-0.0136,35.07,8.89,1.772,1.031,21.85,0.768,False,0.1347,1.8267
0.702,0.87984,0,2,3,1,-0.0463,-0.0023,24.21,3.6,1.228,1.352,20.47,0.748,False,0.0437,6.1049
0.702,0.87984,0,2,3,1,-0.0344,0.0051,22.51,13.08,1.116,1.299,26.74,0.468,True,0.9278,0.6333
0.702,0.87984,0,2,3,1,-0.0355,0.0043,29.45,11.63,1.069,1.324,34.42,0.703,False,0.3041,4.4187
0.702,0.87984,0,2,3,1,-0.0579,0.0064,27.64,9.75,1.393,0.786,32.56,0.482,True,0.7997,0.1412
0.702,0.87984,0,2,3,1,0.0182,-0.014,30.86,9.9,1.562,1.198,25.67,0.45,True,0.8755,0.1932
0.702,0.87984,0,2,3,1,0.001,-0.0012,22.08,4.98,1.009,0.729,34.87,0.776,False,0.1757,1.6576
0.702,0.87984,0,2,3,1,-0.0523,-0.0173,20.73,14.51,1.311,1.214,23.38,0.62,True,0.7834,0.4622
0.702,0.87984,0,2,3,1,0.0137,0.0084,38.4,14.88,1.662,1.064,39.98,0.745,True,0.5449,0.2403
0.702,0.87984,0,2,3,1,0.0035,-0.0045,39.5,5.05,1.299,0.907,20.71,0.403,False,0.1382,2.5527
0.702,0.89856,0,3,4,1,-0.0405,-0.0081,42.97,6.43,1.408,1.078,36.09,0.494,True,0.5746,0.4168
0.702,0.89856,0,3,4,1,-0.0508,-0.0196,23.79,11.48,1.619,0.975,33.75,0.669,True,0.6867,0.3327
0.702,0.89856,0,3,4,1,-0.0277,0.0012,29.11,8.26,1.034,1.169,29.45,0.635,False,0.1778,4.6789
0.702,0.89856,0,3,4,1,-0.0416,-0.0122,38.17,6.86,1.175,1.237,31.69,0.458,True,0.8807,1.2986
0.702,0.89856,0,3,4,1,-0.0168,-0.0061,27.19,6.19,1.159,0.988,26.35,0.66,False,0.1688,2.399
0.702,0.89856,0,3,4,1,0.0082,-0.0168,43.47,7.88,0.954,0.763,24.2,0.509,True,0.8447,0.0326
0.702,0.89856,0,3,4,1,-0.0637,-0.0058,44.88,13.84,1.343,1.358,27.87,0.524,True,0.6722,2.0815
0.702,0.89856,0,3,4,1,-0.0292,0.0093,30.36,9.17,1.448,0.869,28.57,0.567,True,0.7848,0.1201
0.702,0.89856,0,3,4,1,-0.0013,0.001,42.04,10.39,1.26,0.83,32.96,0.594,False,0.2422,3.3289
0.702,0.89856,0,3,4,1,-0.0551,-0.0033,40.64,2.5,0.915,1.265,31.29,0.418,True,1.0377,0.3752
0.702,0.89856,0,3,4,1,-0.0072,0.008,32.99,5.61,0.809,1.133,22.79,0.585,False,0.1353,2.0642
0.702,0.89856,0,3,4,1,0.0228,-0.0094,26.25,4.1,1.723,1.152,29.23,0.608,True,0.8862,0.0694
0.702,0.89856,0,3,4,1,-0.0224,0.0021,21.59,10.94,1.491,0.701,39.25,0.711,True,0.7673,0.1883
0.702,0.89856,0,3,4,1,-0.0139,-0.0001,25.24,12.5,0.985,0.859,38.37,0.641,False,0.2317,4.447
0.702,0.89856,0,3,4,1,-0.0062,-0.0108,33.68,12.27,1.519,1.012,35.88,0.537,False,0.209,4.8531
0.702,0.89856,0,3,4,1,-0.0238,-0.018,34.46,3.05,1.756,1.117,30.61,0.687,False,0.1005,6.488
0.702,0.89856,0,3,4,1,-0.0698,-0.0116,37.01,4.56,1.58,0.933,22.55,0.555,False,0.4213,2.2626
0.702,0.89856,0,3,4,1,0.0216,-0.0075,32.1,13.28,1.669,0.803,24.81,0.727,False,0.0762,5.2944
0.702,0.89856,0,3,4,1,-0.0115,0.0036,36.44,2.23,0.839,1.379,37.11,0.8,False,0.015,42.1215
0.702,0.89856,0,3,4,1,-0.0626,-0.0153,41.2,7.57,0.876,0.939,37.93,0.431,True,0.1247,3.0342
0.702,0.89856,0,3,4,1,0.0122,-0.0136,35.07,8.89,1.772,1.031,21.85,0.768,False,0.1791,1.4709
0.702,0.89856,0,3,4,1,-0.0463,-0.0023,24.21,3.6,1.228,1.352,20.47,0.748,False,0.1506,1.6459
0.702,0.89856,0,3,4,1,-0.0344,0.0051,22.51,13.08,1.116,1.299,26.74,0.468,True,0.94,0.5815
0.702,0.89856,0,3,4,1,-0.0355,0.0043,29.45,11.63,1.069,1.324,34.42,0.703,True,0.6657,0.7962
0.702,0.89856,0,3,4,1,-0.0579,0.0064,27.64,9.75,1.393,0.786,32.56,0.482,True,0.7786,0.1423
0.702,0.89856,0,3,4,1,0.0182,-0.014,30.86,9.9,1.562,1.198,25.67,0.45,True,0.8107,0.1134
0.702,0.89856,0,3,4,1,0.001,-0.0012,22.08,4.98,1.009,0.729,34.87,0.776,False,0.0557,5.0419
0.702,0.89856,0,3,4,1,-0.0523,-0.0173,20.73,14.51,1.311,1.214,23.38,0.62,True,0.8041,0.3232
0.702,0.89856,0,3,4,1,0.0137,0.0084,38.4,14.88,1.662,1.064,39.98,0.745,True,1.2482,0.5904
0.702,0.89856,0,3,4,1,0.0035,-0.0045,39.5,5.05,1.299,0.907,20.71,0.403,False,0.1867,1.8235
0.702,0.91728,0,4,5,1,-0.0405,-0.0081,42.97,6.43,1.408,1.078,36.09,0.494,True,0.4784,0.4879
0.702,0.91728,0,4,5,1,-0.0508,-0.0196,23.79,11.48,1.619,0.975,33.75,0.669,True,0.8039,0.123
0.702,0.91728,0,4,5,1,-0.0277,0.0012,29.11,8.26,1.034,1.169,29.45,0.635,False,0.1979,4.2211
0.702,0.91728,0,4,5,1,-0.0416,-0.0122,38.17,6.86,1.175,1.237,31.69,0.458,True,0.8123,0.6448
0.702,0.91728,0,4,5,1,-0.0168,-0.0061,27.19,6.19,1.159,0.988,26.35,0.66,False,0.0901,4.6769
0.702,0.91728,0,4,5,1,0.0082,-0.0168,43.47,7.88,0.954,0.763,24.2,0.509,True,0.7967,0.0873
0.702,0.91728,0,4,5,1,-0.0637,-0.0058,44.88,13.84,1.343,1.358,27.87,0.524,True,0.7465,0.3702
0.702,0.91728,0,4,5,1,-0.0292,0.0093,30.36,9.17,1.448,0.869,28.57,0.567,True,0.7912,0.1264
0.702,0.91728,0,4,5,1,-0.0013,0.001,42.04,10.39,1.26,0.83,32.96,0.594,False,0.192,4.1889
0.702,0.91728,0,4,5,1,-0.0551,-0.0033,40.64,2.5,0.915,1.265,31.29,0.418,True,1.2202,0.7903
0.702,0.91728,0,4,5,1,-0.0072,0.008,32.99,5.61,0.809,1.133,22.79,0.585,False,0.2267,1.2586
0.702,0.91728,0,4,5,1,0.0228,-0.0094,26.25,4.1,1.723,1.152,29.23,0.608,False,0.0788,2.1643
0.702,0.91728,0,4,5,1,-0.0224,0.0021,21.59,10.94,1.491,0.701,39.25,0.711,True,0.7633,0.1905
0.702,0.91728,0,4,5,1,-0.0139,-0.0001,25.24,12.5,0.985,0.859,38.37,0.641,False,0.1371,7.3568
0.702,0.91728,0,4,5,1,-0.0062,-0.0108,33.68,12.27,1.519,1.012,35.88,0.537,False,0.1153,8.8495
0.702,0.91728,0,4,5,1,-0.0238,-0.018,34.46,3.05,1.756,1.117,30.61,0.687,True,0.6364,0.1993
0.702,0.91728,0,4,5,1,-0.0698,-0.0116,37.01,4.56,1.58,0.933,22.55,0.555,True,0.6402,0.8961
0.702,0.91728,0,4,5,1,0.0216,-0.0075,32.1,13.28,1.669,0.803,24.81,0.727,False,0.1252,3.1035
0.702,0.91728,0,4,5,1,-0.0115,0.0036,36.44,2.23,0.839,1.379,37.11,0.8,False,0.0412,15.8859
0.702,0.91728,0,4,5,1,-0.0626,-0.0153,41.2,7.57,0.876,0.939,37.93,0.431,True,0.7291,1.4317
0.702,0.91728,0,4,5,1,0.0122,-0.0136,35.07,8.89,1.772,1.031,21.85,0.768,False,0.178,1.5303
0.702,0.91728,0,4,5,1,-0.0463,-0.0023,24.21,3.6,1.228,1.352,20.47,0.748,False,0.0848,2.8398
0.702,0.91728,0,4,5,1,-0.0344,0.0051,22.51,13.08,1.116,1.299,26.74,0.468,False,0.2873,2.3098
0.702,0.91728,0,4,5,1,-0.0355,0.0043,29.45,11.63,1.069,1.324,34.42,0.703,False,0.3372,3.9342
0.702,0.91728,0,4,5,1,-0.0579,0.0064,27.64,9.75,1.393,0.786,32.56,0.482,True,0.7727,0.1435
0.702,0.91728,0,4,5,1,0.0182,-0.014,30.86,9.9,1.562,1.198,25.67,0.45,True,0.8588,0.1299
0.702,0.91728,0,4,5,1,0.001,-0.0012,22.08,4.98,1.009,0.729,34.87,0.776,False,0.1908,1.5449
0.702,0.91728,0,4,5,1,-0.0523,-0.0173,20.73,14.51,1.311,1.214,23.38,0.62,True,0.8459,0.5755
0.702,0.91728,0,4,5,1,0.0137,0.0084,38.4,14.88,1.662,1.064,39.98,0.745,True,1.0759,0.6721
0.702,0.91728,0,4,5,1,0.0035,-0.0045,39.5,5.05,1.299,0.907,20.71,0.403,False,0.0288,11.9931
0.702,0.936,0,5,6,1,-0.0405,-0.0081,42.97,6.43,1.408,1.078,36.09,0.494,True,0.498,0.4642
0.702,0.936,0,5,6,1,-0.0508,-0.0196,23.79,11.48,1.619,0.975,33.75,0.669,True,0.297,1.3191
0.702,0.936,0,5,6,1,-0.0277,0.0012,29.11,8.26,1.034,1.169,29.45,0.635,False,0.2086,4.2796
0.702,0.936,0,5,6,1,-0.0416,-0.0122,38.17,6.86,1.175,1.237,31.69,0.458,True,0.802,0.8141
0.702,0.936,0,5,6,1,-0.0168,-0.0061,27.19,6.19,1.159,0.988,26.35,0.66,False,0.0271,14.2351
0.702,0.936,0,5,6,1,0.0082,-0.0168,43.47,7.88,0.954,0.763,24.2,0.509,False,0.1629,2.8272
0.702,0.936,0,5,6,1,-0.0637,-0.0058,44.88,13.84,1.343,1.358,27.87,0.524,False,0.6563,2.7253
0.702,0.936,0,5,6,1,-0.0292,0.0093,30.36,9.17,1.448,0.869,28.57,0.567,False,0.0586,15.6798
0.702,0.936,0,5,6,1,-0.0013,0.001,42.04,10.39,1.26,0.83,32.96,0.594,False,0.1785,4.5171
0.702,0.936,0,5,6,1,-0.0551,-0.0033,40.64,2.5,0.915,1.265,31.29,0.418,True,0.1604,4.4187
0.702,0.936,0,5,6,1,-0.0072,0.008,32.99,5.61,0.809,1.133,22.79,0.585,False,0.2016,1.4572
0.702,0.936,0,5,6,1,0.0228,-0.0094,26.25,4.1,1.723,1.152,29.23,0.608,False,0.1111,1.4904
0.702,0.936,0,5,6,1,-0.0224,0.0021,21.59,10.94,1.491,0.701,39.25,0.711,True,0.7663,0.1925
0.702,0.936,0,5,6,1,-0.0139,-0.0001,25.24,12.5,0.985,0.859,38.37,0.641,False,0.1567,6.8015
0.702,0.936,0,5,6,1,-0.0062,-0.0108,33.68,12.27,1.519,1.012,35.88,0.537,False,0.0866,11.6179
0.702,0.936,0,5,6,1,-0.0238,-0.018,34.46,3.05,1.756,1.117,30.61,0.687,False,0.1388,4.6125
0.702,0.936,0,5,6,1,-0.0698,-0.0116,37.01,4.56,1.58,0.933,22.55,0.555,True,0.6959,0.4392
0.702,0.936,0,5,6,1,0.0216,-0.0075,32.1,13.28,1.669,0.803,24.81,0.727,False,0.1642,2.5182
0.702,0.936,0,5,6,1,-0.0115,0.0036,36.44,2.23,0.839,1.379,37.11,0.8,False,0.0419,15.7399
0.702,0.936,0,5,6,1,-0.0626,-0.0153,41.2,7.57,0.876,0.939,37.93,0.431,True,0.3737,1.0402
0.702,0.936,0,5,6,1,0.0122,-0.0136,35.07,8.89,1.772,1.031,21.85,0.768,False,0.1828,1.466
0.702,0.936,0,5,6,1,-0.0463,-0.0023,24.21,3.6,1.228,1.352,20.47,0.748,False,0.0796,3.189
0.702,0.936,0,5,6,1,-0.0344,0.0051,22.51,13.08,1.116,1.299,26.74,0.468,True,0.9769,0.3927
0.702,0.936,0,5,6,1,-0.0355,0.0043,29.45,11.63,1.069,1.324,34.42,0.703,False,0.2612,5.3435
0.702,0.936,0,5,6,1,-0.0579,0.0064,27.64,9.75,1.393,0.786,32.56,0.482,True,0.7676,0.1444
0.702,0.936,0,5,6,1,0.0182,-0.014,30.86,9.9,1.562,1.198,25.67,0.45,True,0.8203,0.1097
0.702,0.936,0,5,6,1,0.001,-0.0012,22.08,4.98,1.009,0.729,34.87,0.776,False,0.0303,9.7048
0.702,0.936,0,5,6,1,-0.0523,-0.0173,20.73,14.51,1.311,1.214,23.38,0.62,True,0.6266,0.9546
0.702,0.936,0,5,6,1,0.0137,0.0084,38.4,14.88,1.662,1.064,39.98,0.745,True,0.5837,0.4237
0.702,0.936,0,5,6,1,0.0035,-0.0045,39.5,5.05,1.299,0.907,20.71,0.403,False,0.1382,2.7238
0.702,0.95472,0,6,7,1,-0.0405,-0.0081,42.97,6.43,1.408,1.078,36.09,0.494,True,0.5111,0.4535
0.702,0.95472,0,6,7,1,-0.0508,-0.0196,23.79,11.48,1.619,0.975,33.75,0.669,True,0.1968,3.286
0.702,0.95472,0,6,7,1,-0.0277,0.0012,29.11,8.26,1.034,1.169,29.45,0.635,False,0.1877,4.7933
0.702,0.95472,0,6,7,1,-0.0416,-0.0122,38.17,6.86,1.175,1.237,31.69,0.458,True,0.7997,1.0355
0.702,0.95472,0,6,7,1,-0.0168,-0.0061,27.19,6.19,1.159,0.988,26.35,0.66,False,0.1672,2.4288
0.702,0.95472,0,6,7,1,0.0082,-0.0168,43.47,7.88,0.954,0.763,24.2,0.509,True,0.8321,0.0457
0.702,0.95472,0,6,7,1,-0.0637,-0.0058,44.88,13.84,1.343,1.358,27.87,0.524,False,0.7446,2.4815
0.702,0.95472,0,6,7,1,-0.0292,0.0093,30.36,9.17,1.448,0.869,28.57,0.567,True,0.8397,0.2239
0.702,0.95472,0,6,7,1,-0.0013,0.001,42.04,10.39,1.26,0.83,32.96,0.594,False,0.26,3.1114
0.702,0.95472,0,6,7,1,-0.0551,-0.0033,40.64,2.5,0.915,1.265,31.29,0.418,True,1.2868,0.6886
0.702,0.95472,0,6,7,1,-0.0072,0.008,32.99,5.61,0.809,1.133,22.79,0.585,False,0.223,1.2913
0.702,0.95472,0,6,7,1,0.0228,-0.0094,26.25,4.1,1.723,1.152,29.23,0.608,False,0.1189,1.49
0.702,0.95472,0,6,7,1,-0.0224,0.0021,21.59,10.94,1.491,0.701,39.25,0.711,True,0.7689,0.2009
0.702,0.95472,0,6,7,1,-0.0139,-0.0001,25.24,12.5,0.985,0.859,38.37,0.641,False,0.2071,5.1322
0.702,0.95472,0,6,7,1,-0.0062,-0.0108,33.68,12.27,1.519,1.012,35.88,0.537,False,0.1797,5.5289
0.702,0.95472,0,6,7,1,-0.0238,-0.018,34.46,3.05,1.756,1.117,30.61,0.687,True,0.5696,0.6491
0.702,0.95472,0,6,7,1,-0.0698,-0.0116,37.01,4.56,1.58,0.933,22.55,0.555,True,0.8204,0.7468
0.702,0.95472,0,6,7,1,0.0216,-0.0075,32.1,13.28,1.669,0.803,24.81,0.727,False,0.2557,1.6761
0.702,0.95472,0,6,7,1,-0.0115,0.0036,36.44,2.23,0.839,1.379,37.11,0.8,False,0.0622,10.8596
0.702,0.95472,0,6,7,1,-0.0626,-0.0153,41.2,7.57,0.876,0.939,37.93,0.431,True,1.2146,0.6224
0.702,0.95472,0,6,7,1,0.0122,-0.0136,35.07,8.89,1.772,1.031,21.85,0.768,False,0.0918,3.0843
0.702,0.95472,0,6,7,1,-0.0463,-0.0023,24.21,3.6,1.228,1.352,20.47,0.748,False,0.075,3.3936
0.702,0.95472,0,6,7,1,-0.0344,0.0051,22.51,13.08,1.116,1.299,26.74,0.468,True,0.9288,0.6091
0.702,0.95472,0,6,7,1,-0.0355,0.0043,29.45,11.63,1.069,1.324,34.42,0.703,True,0.7489,0.8708
0.702,0.95472,0,6,7,1,-0.0579,0.0064,27.64,9.75,1.393,0.786,32.56,0.482,True,0.7824,0.1436
0.702,0.95472,0,6,7,1,0.0182,-0.014,30.86,9.9,1.562,1.198,25.67,0.45,True,0.8706,0.119
0.702,0.95472,0,6,7,1,0.001,-0.0012,22.08,4.98,1.009,0.729,34.87,0.776,False,0.1843,1.6219
0.702,0.95472,0,6,7,1,-0.0523,-0.0173,20.73,14.51,1.311,1.214,23.38,0.62,True,0.8154,0.3195
0.702,0.95472,0,6,7,1,0.0137,0.0084,38.4,14.88,1.662,1.064,39.98,0.745,True,1.157,0.6832
0.702,0.95472,0,6,7,1,0.0035,-0.0045,39.5,5.05,1.299,0.907,20.71,0.403,False,0.0304,11.6388
0.702,0.97344,0,7,8,1,-0.0405,-0.0081,42.97,6.43,1.408,1.078,36.09,0.494,True,0.4776,0.4842
0.702,0.97344,0,7,8,1,-0.0508,-0.0196,23.79,11.48,1.619,0.975,33.75,0.669,True,0.756,0.4372
0.702,0.97344,0,7,8,1,-0.0277,0.0012,29.11,8.26,1.034,1.169,29.45,0.635,False,0.1741,4.8663
0.702,0.97344,0,7,8,1,-0.0416,-0.0122,38.17,6.86,1.175,1.237,31.69,0.458,True,0.7384,1.411
0.702,0.97344,0,7,8,1,-0.0168,-0.0061,27.19,6.19,1.159,0.988,26.35,0.66,False,0.089,4.5108
0.702,0.97344,0,7,8,1,0.0082,-0.0168,43.47,7.88,0.954,0.763,24.2,0.509,False,0.1865,2.3782
0.702,0.97344,0,7,8,1,-0.0637,-0.0058,44.88,13.84,1.343,1.358,27.87,0.524,False,0.4642,3.7501
0.702,0.97344,0,7,8,1,-0.0292,0.0093,30.36,9.17,1.448,0.869,28.57,0.567,True,0.9256,0.5162
0.702,0.97344,0,7,8,1,-0.0013,0.001,42.04,10.39,1.26,0.83,32.96,0.594,False,0.1798,4.5412
0.702,0.97344,0,7,8,1,-0.0551,-0.0033,40.64,2.5,0.915,1.265,31.29,0.418,True,0.3815,2.2331
0.702,0.97344,0,7,8,1,-0.0072,0.008,32.99,5.61,0.809,1.133,22.79,0.585,False,0.2341,1.2059
0.702,0.97344,0,7,8,1,0.0228,-0.0094,26.25,4.1,1.723,1.152,29.23,0.608,False,0.1062,1.6923
0.702,0.97344,0,7,8,1,-0.0224,0.0021,21.59,10.94,1.491,0.701,39.25,0.711,True,0.7627,0.1988
0.702,0.97344,0,7,8,1,-0.0139,-0.0001,25.24,12.5,0.985,0.859,38.37,0.641,False,0.2797,3.7895
0.702,0.97344,0,7,8,1,-0.0062,-0.0108,33.68,12.27,1.519,1.012,35.88,0.537,False,0.1166,8.0351
0.702,0.97344,0,7,8,1,-0.0238,-0.018,34.46,3.05,1.756,1.117,30.61,0.687,True,0.8256,0.3436
0.702,0.97344,0,7,8,1,-0.0698,-0.0116,37.01,4.56,1.58,0.933,22.55,0.555,True,0.7643,0.7296
0.702,0.97344,0,7,8,1,0.0216,-0.0075,32.1,13.28,1.669,0.803,24.81,0.727,False,0.3541,1.1929
0.702,0.97344,0,7,8,1,-0.0115,0.0036,36.44,2.23,0.839,1.379,37.11,0.8,False,0.0828,8.2109
0.702,0.97344,0,7,8,1,-0.0626,-0.0153,41.2,7.57,0.876,0.939,37.93,0.431,True,0.7012,0.3594
0.702,0.97344,0,7,8,1,0.0122,-0.0136,35.07,8.89,1.772,1.031,21.85,0.768,False,0.0915,2.7806
0.702,0.97344,0,7,8,1,-0.0463,-0.0023,24.21,3.6,1.228,1.352,20.47,0.748,False,0.1087,2.2988
0.702,0.97344,0,7,8,1,-0.0344,0.0051,22.51,13.08,1.116,1.299,26.74,0.468,False,0.3194,2.213
0.702,0.97344,0,7,8,1,-0.0355,0.0043,29.45,11.63,1.069,1.324,34.42,0.703,True,0.7059,0.8301
0.702,0.97344,0,7,8,1,-0.0579,0.0064,27.64,9.75,1.393,0.786,32.56,0.482,True,0.7679,0.1464
0.702,0.97344,0,7,8,1,0.0182,-0.014,30.86,9.9,1.562,1.198,25.67,0.45,False,0.2074,1.3806
0.702,0.97344,0,7,8,1,0.001,-0.0012,22.08,4.98,1.009,0.729,34.87,0.776,False,0.1208,2.4574
0.702,0.97344,0,7,8,1,-0.0523,-0.0173,20.73,14.51,1.311,1.214,23.38,0.62,True,0.798,0.3199
0.702,0.97344,0,7,8,1,0.0137,0.0084,38.4,14.88,1.662,1.064,39.98,0.745,True,1.3385,0.6071
0.702,0.97344,0,7,8,1,0.0035,-0.0045,39.5,5.05,1.299,0.907,20.71,0.403,False,0.0263,14.1026
0.702,0.99216,0,8,9,1,-0.0405,-0.0081,42.97,6.43,1.408,1.078,36.09,0.494,True,0.4304,0.5273
0.702,0.99216,0,8,9,1,-0.0508,-0.0196,23.79,11.48,1.619,0.975,33.75,0.669,True,0.6603,0.197
0.702,0.99216,0,8,9,1,-0.0277,0.0012,29.11,8.26,1.034,1.169,29.45,0.635,False,0.1857,4.8121
0.702,0.99216,0,8,9,1,-0.0416,-0.0122,38.17,6.86,1.175,1.237,31.69,0.458,False,0.1504,7.8482
0.702,0.99216,0,8,9,1,-0.0168,-0.0061,27.19,6.19,1.159,0.988,26.35,0.66,False,0.0919,4.4746
0.702,0.99216,0,8,9,1,0.0082,-0.0168,43.47,7.88,0.954,0.763,24.2,0.509,False,0.2516,1.7906
0.702,0.99216,0,8,9,1,-0.0637,-0.0058,44.88,13.84,1.343,1.358,27.87,0.524,True,0.9118,1.8918
0.702,0.99216,0,8,9,1,-0.0292,0.0093,30.36,9.17,1.448,0.869,28.57,0.567,True,0.811,0.2272
0.702,0.99216,0,8,9,1,-0.0013,0.001,42.04,10.39,1.26,0.83,32.96,0.594,False,0.2261,3.6903
0.702,0.99216,0,8,9,1,-0.0551,-0.0033,40.64,2.5,0.915,1.265,31.29,0.418,True,0.3283,2.1312
0.702,0.99216,0,8,9,1,-0.0072,0.008,32.99,5.61,0.809,1.133,22.79,0.585,False,0.1714,1.6939
0.702,0.99216,0,8,9,1,0.0228,-0.0094,26.25,4.1,1.723,1.152,29.23,0.608,False,0.2084,0.8725
0.702,0.99216,0,8,9,1,-0.0224,0.0021,21.59,10.94,1.491,0.701,39.25,0.711,True,0.7639,0.2014
0.702,0.99216,0,8,9,1,-0.0139,-0.0001,25.24,12.5,0.985,0.859,38.37,0.641,False,0.2037,5.3777
0.702,0.99216,0,8,9,1,-0.0062,-0.0108,33.68,12.27,1.519,1.012,35.88,0.537,False,0.1406,7.344
0.702,0.99216,0,8,9,1,-0.0238,-0.018,34.46,3.05,1.756,1.117,30.61,0.687,True,0.7288,0.3271
0.702,0.99216,0,8,9,1,-0.0698,-0.0116,37.01,4.56,1.58,0.933,22.55,0.555,True,0.8357,1.1008
0.702,0.99216,0,8,9,1,0.0216,-0.0075,32.1,13.28,1.669,0.803,24.81,0.727,False,0.1635,2.4189
0.702,0.99216,0,8,9,1,-0.0115,0.0036,36.44,2.23,0.839,1.379,37.11,0.8,False,0.1224,5.3785
0.702,0.99216,0,8,9,1,-0.0626,-0.0153,41.2,7.57,0.876,0.939,37.93,0.431,True,0.9355,0.4716
0.702,0.99216,0,8,9,1,0.0122,-0.0136,35.07,8.89,1.772,1.031,21.85,0.768,False,0.1098,2.5256
0.702,0.99216,0,8,9,1,-0.0463,-0.0023,24.21,3.6,1.228,1.352,20.47,0.748,False,0.1087,2.2915
0.702,0.99216,0,8,9,1,-0.0344,0.0051,22.51,13.08,1.116,1.299,26.74,0.468,False,0.514,1.2236
0.702,0.99216,0,8,9,1,-0.0355,0.0043,29.45,11.63,1.069,1.324,34.42,0.703,False,0.3514,4.0536
0.702,0.99216,0,8,9,1,-0.0579,0.0064,27.64,9.75,1.393,0.786,32.56,0.482,True,0.7696,0.147
0.702,0.99216,0,8,9,1,0.0182,-0.014,30.86,9.9,1.562,1.198,25.67,0.45,False,0.2643,1.1693
0.702,0.99216,0,8,9,1,0.001,-0.0012,22.08,4.98,1.009,0.729,34.87,0.776,False,0.2264,1.3147
0.702,0.99216,0,8,9,1,-0.0523,-0.0173,20.73,14.51,1.311,1.214,23.38,0.62,False,0.272,3.6959
0.702,0.99216,0,8,9,1,0.0137,0.0084,38.4,14.88,1.662,1.064,39.98,0.745,True,1.3864,0.6437
0.702,0.99216,0,8,9,1,0.0035,-0.0045,39.5,5.05,1.299,0.907,20.71,0.403,False,0.0552,6.7547
0.702,1.01088,0,9,10,1,-0.0405,-0.0081,42.97,6.43,1.408,1.078,36.09,0.494,True,0.4698,0.4941
0.702,1.01088,0,9,10,1,-0.0508,-0.0196,23.79,11.48,1.619,0.975,33.75,0.669,True,0.6732,0.8509
0.702,1.01088,0,9,10,1,-0.0277,0.0012,29.11,8.26,1.034,1.169,29.45,0.635,False,0.1883,4.8382
0.702,1.01088,0,9,10,1,-0.0416,-0.0122,38.17,6.86,1.175,1.237,31.69,0.458,True,0.809,1.2113
0.702,1.01088,0,9,10,1,-0.0168,-0.0061,27.19,6.19,1.159,0.988,26.35,0.66,False,0.0527,7.5994
0.702,1.01088,0,9,10,1,0.0082,-0.0168,43.47,7.88,0.954,0.763,24.2,0.509,False,0.1,5.0396
0.702,1.01088,0,9,10,1,-0.0637,-0.0058,44.88,13.84,1.343,1.358,27.87,0.524,True,0.7201,2.0085
0.702,1.01088,0,9,10,1,-0.0292,0.0093,30.36,9.17,1.448,0.869,28.57,0.567,True,0.9192,0.1851
0.702,1.01088,0,9,10,1,-0.0013,0.001,42.04,10.39,1.26,0.83,32.96,0.594,False,0.1676,5.0573
0.702,1.01088,0,9,10,1,-0.0551,-0.0033,40.64,2.5,0.915,1.265,31.29,0.418,True,0.7758,1.0688
0.702,1.01088,0,9,10,1,-0.0072,0.008,32.99,5.61,0.809,1.133,22.79,0.585,False,0.2139,1.4525
0.702,1.01088,0,9,10,1,0.0228,-0.0094,26.25,4.1,1.723,1.152,29.23,0.608,False,0.1657,1.1331
0.702,1.01088,0,9,10,1,-0.0224,0.0021,21.59,10.94,1.491,0.701,39.25,0.711,True,0.7589,0.1977
0.702,1.01088,0,9,10,1,-0.0139,-0.0001,25.24,12.5,0.985,0.859,38.37,0.641,False,0.179,6.0749
0.702,1.01088,0,9,10,1,-0.0062,-0.0108,33.68,12.27,1.519,1.012,35.88,0.537,False,0.2002,4.7767
0.702,1.01088,0,9,10,1,-0.0238,-0.018,34.46,3.05,1.756,1.117,30.61,0.687,False,0.1573,4.6015
0.702,1.01088,0,9,10,1,-0.0698,-0.0116,37.01,4.56,1.58,0.933,22.55,0.555,True,0.6958,0.6028
0.702,1.01088,0,9,10,1,0.0216,-0.0075,32.1,13.28,1.669,0.803,24.81,0.727,False,0.1457,2.751
0.702,1.01088,0,9,10,1,-0.0115,0.0036,36.44,2.23,0.839,1.379,37.11,0.8,False,0.0349,19.3248
0.702,1.01088,0,9,10,1,-0.0626,-0.0153,41.2,7.57,0.876,0.939,37.93,0.431,True,0.9537,0.3614
0.702,1.01088,0,9,10,1,0.0122,-0.0136,35.07,8.89,1.772,1.031,21.85,0.768,False,0.1701,1.7038
0.702,1.01088,0,9,10,1,-0.0463,-0.0023,24.21,3.6,1.228,1.352,20.47,0.748,False,0.0961,2.71
0.702,1.01088,0,9,10,1,-0.0344,0.0051,22.51,13.08,1.116,1.299,26.74,0.468,True,0.8742,0.682
0.702,1.01088,0,9,10,1,-0.0355,0.0043,29.45,11.63,1.069,1.324,34.42,0.703,False,0.5029,2.738
0.702,1.01088,0,9,10,1,-0.0579,0.0064,27.64,9.75,1.393,0.786,32.56,0.482,True,0.7665,0.1479
0.702,1.01088,0,9,10,1,0.0182,-0.014,30.86,9.9,1.562,1.198,25.67,0.45,False,0.1195,2.5338
0.702,1.01088,0,9,10,1,0.001,-0.0012,22.08,4.98,1.009,0.729,34.87,0.776,False,0.263,1.1578
0.702,1.01088,0,9,10,1,-0.0523,-0.0173,20.73,14.51,1.311,1.214,23.38,0.62,True,0.809,0.6732
0.702,1.01088,0,9,10,1,0.0137,0.0084,38.4,14.88,1.662,1.064,39.98,0.745,True,0.239,2.2109
0.702,1.01088,0,9,10,1,0.0035,-0.0045,39.5,5.05,1.299,0.907,20.71,0.403,False,0.1249,3.037
0.702,1.0296,0,10,11,1,-0.0405,-0.0081,42.97,6.43,1.408,1.078,36.09,0.494,True,0.3683,0.6254
0.702,1.0296,0,10,11,1,-0.0508,-0.0196,23.79,11.48,1.619,0.975,33.75,0.669,True,0.6913,0.1871
0.702,1.0296,0,10,11,1,-0.0277,0.0012,29.11,8.26,1.034,1.169,29.45,0.635,False,0.2059,4.3668
0.702,1.0296,0,10,11,1,-0.0416,-0.0122,38.17,6.86,1.175,1.237,31.69,0.458,True,0.7938,0.9796
0.702,1.0296,0,10,11,1,-0.0168,-0.0061,27.19,6.19,1.159,0.988,26.35,0.66,False,0.0892,4.4118
0.702,1.0296,0,10,11,1,0.0082,-0.0168,43.47,7.88,0.954,0.763,24.2,0.509,True,0.7623,0.37
0.702,1.0296,0,10,11,1,-0.0637,-0.0058,44.88,13.84,1.343,1.358,27.87,0.524,False,0.7138,2.5452
0.702,1.0296,0,10,11,1,-0.0292,0.0093,30.36,9.17,1.448,0.869,28.57,0.567,True,0.8182,0.8247
0.702,1.0296,0,10,11,1,-0.0013,0.001,42.04,10.39,1.26,0.83,32.96,0.594,False,0.336,2.5157
0.702,1.0296,0,10,11,1,-0.0551,-0.0033,40.64,2.5,0.915,1.265,31.29,0.418,True,0.8698,0.5411
0.702,1.0296,0,10,11,1,-0.0072,0.008,32.99,5.61,0.809,1.133,22.79,0.585,False,0.1708,1.7691
0.702,1.0296,0,10,11,1,0.0228,-0.0094,26.25,4.1,1.723,1.152,29.23,0.608,False,0.1426,1.2399
0.702,1.0296,0,10,11,1,-0.0224,0.0021,21.59,10.94,1.491,0.701,39.25,0.711,True,0.7513,0.2061
0.702,1.0296,0,10,11,1,-0.0139,-0.0001,25.24,12.5,0.985,0.859,38.37,0.641,False,0.1476,7.3727
0.702,1.0296,0,10,11,1,-0.0062,-0.0108,33.68,12.27,1.519,1.012,35.88,0.537,False,0.2974,3.3466
0.702,1.0296,0,10,11,1,-0.0238,-0.018,34.46,3.05,1.756,1.117,30.61,0.687,False,0.2347,2.9346
0.702,1.0296,0,10,11,1,-0.0698,-0.0116,37.01,4.56,1.58,0.933,22.55,0.555,True,0.695,0.5051
0.702,1.0296,0,10,11,1,0.0216,-0.0075,32.1,13.28,1.669,0.803,24.81,0.727,False,0.224,1.8424
0.702,1.0296,0,10,11,1,-0.0115,0.0036,36.44,2.23,0.839,1.379,37.11,0.8,False,0.0421,16.5224
0.702,1.0296,0,10,11,1,-0.0626,-0.0153,41.2,7.57,0.876,0.939,37.93,0.431,True,1.0733,0.7434
0.702,1.0296,0,10,11,1,0.0122,-0.0136,35.07,8.89,1.772,1.031,21.85,0.768,False,0.1683,1.7317
0.702,1.0296,0,10,11,1,-0.0463,-0.0023,24.21,3.6,1.228,1.352,20.47,0.748,False,0.0743,3.4395
0.702,1.0296,0,10,11,1,-0.0344,0.0051,22.51,13.08,1.116,1.299,26.74,0.468,False,0.3533,1.6925
0.702,1.0296,0,10,11,1,-0.0355,0.0043,29.45,11.63,1.069,1.324,34.42,0.703,True,0.6432,1.9438
0.702,1.0296,0,10,11,1,-0.0579,0.0064,27.64,9.75,1.393,0.786,32.56,0.482,True,0.7335,0.154
0.702,1.0296,0,10,11,1,0.0182,-0.014,30.86,9.9,1.562,1.198,25.67,0.45,False,0.0791,4.0692
0.702,1.0296,0,10,11,1,0.001,-0.0012,22.08,4.98,1.009,0.729,34.87,0.776,False,0.107,2.83
0.702,1.0296,0,10,11,1,-0.0523,-0.0173,20.73,14.51,1.311,1.214,23.38,0.62,True,0.77,0.8832
0.702,1.0296,0,10,11,1,0.0137,0.0084,38.4,14.88,1.662,1.064,39.98,0.745,True,0.888,0.8383
0.702,1.0296,0,10,11,1,0.0035,-0.0045,39.5,5.05,1.299,0.907,20.71,0.403,False,0.084,4.5566
0.7176,0.8424,1,0,12,1,-0.0405,-0.0081,42.97,6.43,1.408,1.078,36.09,0.494,True,0.1844,1.2478
0.7176,0.8424,1,0,12,1,-0.0508,-0.0196,23.79,11.48,1.619,0.975,33.75,0.669,True,0.5396,0.2981
0.7176,0.8424,1,0,12,1,-0.0277,0.0012,29.11,8.26,1.034,1.169,29.45,0.635,False,0.1986,4.546
0.7176,0.8424,1,0,12,1,-0.0416,-0.0122,38.17,6.86,1.175,1.237,31.69,0.458,True,0.6606,1.8844
0.7176,0.8424,1,0,12,1,-0.0168,-0.0061,27.19,6.19,1.159,0.988,26.35,0.66,False,0.0844,4.9182
0.7176,0.8424,1,0,12,1,0.0082,-0.0168,43.47,7.88,0.954,0.763,24.2,0.509,False,0.073,6.8608
0.7176,0.8424,1,0,12,1,-0.0637,-0.0058,44.88,13.84,1.343,1.358,27.87,0.524,True,0.2823,5.2146
0.7176,0.8424,1,0,12,1,-0.0292,0.0093,30.36,9.17,1.448,0.869,28.57,0.567,True,0.7635,0.1449
0.7176,0.8424,1,0,12,1,-0.0013,0.001,42.04,10.39,1.26,0.83,32.96,0.594,False,0.168,4.8646
0.7176,0.8424,1,0,12,1,-0.0551,-0.0033,40.64,2.5,0.915,1.265,31.29,0.418,True,0.672,0.5852
0.7176,0.8424,1,0,12,1,-0.0072,0.008,32.99,5.61,0.809,1.133,22.79,0.585,False,0.1913,1.6314
0.7176,0.8424,1,0,12,1,0.0228,-0.0094,26.25,4.1,1.723,1.152,29.23,0.608,False,0.0915,1.8466
0.7176,0.8424,1,0,12,1,-0.0224,0.0021,21.59,10.94,1.491,0.701,39.25,0.711,True,0.7568,0.1974
0.7176,0.8424,1,0,12,1,-0.0139,-0.0001,25.24,12.5,0.985,0.859,38.37,0.641,False,0.1694,6.3437
0.7176,0.8424,1,0,12,1,-0.0062,-0.0108,33.68,12.27,1.519,1.012,35.88,0.537,False,0.1819,5.6303
0.7176,0.8424,1,0,12,1,-0.0238,-0.018,34.46,3.05,1.756,1.117,30.61,0.687,False,0.1125,6.0517
0.7176,0.8424,1,0,12,1,-0.0698,-0.0116,37.01,4.56,1.58,0.933,22.55,0.555,True,0.8072,1.0244
0.7176,0.8424,1,0,12,1,0.0216,-0.0075,32.1,13.28,1.669,0.803,24.81,0.727,False,0.1359,3.0813
0.7176,0.8424,1,0,12,1,-0.0115,0.0036,36.44,2.23,0.839,1.379,37.11,0.8,False,0.0444,14.2929
0.7176,0.8424,1,0,12,1,-0.0626,-0.0153,41.2,7.57,0.876,0.939,37.93,0.431,True,0.9443,0.8909
0.7176,0.8424,1,0,12,1,0.0122,-0.0136,35.07,8.89,1.772,1.031,21.85,0.768,False,0.1508,1.6957
0.7176,0.8424,1,0,12,1,-0.0463,-0.0023,24.21,3.6,1.228,1.352,20.47,0.748,False,0.0861,3.2371
0.7176,0.8424,1,0,12,1,-0.0344,0.0051,22.51,13.08,1.116,1.299,26.74,0.468,False,0.3297,2.1634
0.7176,0.8424,1,0,12,1,-0.0355,0.0043,29.45,11.63,1.069,1.324,34.42,0.703,False,0.4446,3.1477
0.7176,0.8424,1,0,12,1,-0.0579,0.0064,27.64,9.75,1.393,0.786,32.56,0.482,True,0.81,0.1501
0.7176,0.8424,1,0,12,1,0.0182,-0.014,30.86,9.9,1.562,1.198,25.67,0.45,False,0.1018,3.1075
0.7176,0.8424,1,0,12,1,0.001,-0.0012,22.08,4.98,1.009,0.729,34.87,0.776,False,0.1186,2.4393
0.7176,0.8424,1,0,12,1,-0.0523,-0.0173,20.73,14.51,1.311,1.214,23.38,0.62,False,0.2897,3.369
0.7176,0.8424,1,0,12,1,0.0137,0.0084,38.4,14.88,1.662,1.064,39.98,0.745,False,0.1173,4.7515
0.7176,0.8424,1,0,12,1,0.0035,-0.0045,39.5,5.05,1.299,0.907,20.71,0.403,False,0.0922,4.0957
0.7176,0.86112,1,1,13,1,-0.0405,-0.0081,42.97,6.43,1.408,1.078,36.09,0.494,True,0.1895,1.2162
0.7176,0.86112,1,1,13,1,-0.0508,-0.0196,23.79,11.48,1.619,0.975,33.75,0.669,True,0.7568,1.6272
0.7176,0.86112,1,1,13,1,-0.0277,0.0012,29.11,8.26,1.034,1.169,29.45,0.635,False,0.1773,5.1518
0.7176,0.86112,1,1,13,1,-0.0416,-0.0122,38.17,6.86,1.175,1.237,31.69,0.458,True,0.5752,1.1646
0.7176,0.86112,1,1,13,1,-0.0168,-0.0061,27.19,6.19,1.159,0.988,26.35,0.66,False,0.0564,7.5464
0.7176,0.86112,1,1,13,1,0.0082,-0.0168,43.47,7.88,0.954,0.763,24.2,0.509,False,0.1317,3.5789
0.7176,0.86112,1,1,13,1,-0.0637,-0.0058,44.88,13.84,1.343,1.358,27.87,0.524,True,1.0026,1.7505
0.7176,0.86112,1,1,13,1,-0.0292,0.0093,30.36,9.17,1.448,0.869,28.57,0.567,True,0.7671,0.1573
0.7176,0.86112,1,1,13,1,-0.0013,0.001,42.04,10.39,1.26,0.83,32.96,0.594,False,0.1572,5.2988
0.7176,0.86112,1,1,13,1,-0.0551,-0.0033,40.64,2.5,0.915,1.265,31.29,0.418,True,0.7836,0.4899
0.7176,0.86112,1,1,13,1,-0.0072,0.008,32.99,5.61,0.809,1.133,22.79,0.585,False,0.3144,0.9799
0.7176,0.86112,1,1,13,1,0.0228,-0.0094,26.25,4.1,1.723,1.152,29.23,0.608,False,0.106,1.6827
0.7176,0.86112,1,1,13,1,-0.0224,0.0021,21.59,10.94,1.491,0.701,39.25,0.711,True,0.7585,0.2013
0.7176,0.86112,1,1,13,1,-0.0139,-0.0001,25.24,12.5,0.985,0.859,38.37,0.641,False,0.1772,6.0991
0.7176,0.86112,1,1,13,1,-0.0062,-0.0108,33.68,12.27,1.519,1.012,35.88,0.537,False,0.1645,6.3043
0.7176,0.86112,1,1,13,1,-0.0238,-0.018,34.46,3.05,1.756,1.117,30.61,0.687,False,0.2191,3.3575
0.7176,0.86112,1,1,13,1,-0.0698,-0.0116,37.01,4.56,1.58,0.933,22.55,0.555,False,0.605,1.5198
0.7176,0.86112,1,1,13,1,0.0216,-0.0075,32.1,13.28,1.669,0.803,24.81,0.727,False,0.2804,1.4227
0.7176,0.86112,1,1,13,1,-0.0115,0.0036,36.44,2.23,0.839,1.379,37.11,0.8,False,0.0756,8.4451
0.7176,0.86112,1,1,13,1,-0.0626,-0.0153,41.2,7.57,0.876,0.939,37.93,0.431,True,0.7341,1.5299
0.7176,0.86112,1,1,13,1,0.0122,-0.0136,35.07,8.89,1.772,1.031,21.85,0.768,False,0.1919,1.4148
0.7176,0.86112,1,1,13,1,-0.0463,-0.0023,24.21,3.6,1.228,1.352,20.47,0.748,False,0.078,3.5651
0.7176,0.86112,1,1,13,1,-0.0344,0.0051,22.51,13.08,1.116,1.299,26.74,0.468,False,0.322,1.9243
0.7176,0.86112,1,1,13,1,-0.0355,0.0043,29.45,11.63,1.069,1.324,34.42,0.703,False,0.4041,3.5222
0.7176,0.86112,1,1,13,1,-0.0579,0.0064,27.64,9.75,1.393,0.786,32.56,0.482,True,0.7967,0.1455
0.7176,0.86112,1,1,13,1,0.0182,-0.014,30.86,9.9,1.562,1.198,25.67,0.45,False,0.1354,2.2049
0.7176,0.86112,1,1,13,1,0.001,-0.0012,22.08,4.98,1.009,0.729,34.87,0.776,False,0.2332,1.2682
0.7176,0.86112,1,1,13,1,-0.0523,-0.0173,20.73,14.51,1.311,1.214,23.38,0.62,True,0.6881,0.6355
0.7176,0.86112,1,1,13,1,0.0137,0.0084,38.4,14.88,1.662,1.064,39.98,0.745,False,0.0985,5.6589
0.7176,0.86112,1,1,13,1,0.0035,-0.0045,39.5,5.05,1.299,0.907,20.71,0.403,False,0.067,5.5762
0.7176,0.87984,1,2,14,1,-0.0405,-0.0081,42.97,6.43,1.408,1.078,36.09,0.494,True,0.4866,0.4787
0.7176,0.87984,1,2,14,1,-0.0508,-0.0196,23.79,11.48,1.619,0.975,33.75,0.669,True,0.387,3.1718
0.7176,0.87984,1,2,14,1,-0.0277,0.0012,29.11,8.26,1.034,1.169,29.45,0.635,False,0.178,5.1505
0.7176,0.87984,1,2,14,1,-0.0416,-0.0122,38.17,6.86,1.175,1.237,31.69,0.458,True,0.8009,1.4237
0.7176,0.87984,1,2,14,1,-0.0168,-0.0061,27.19,6.19,1.159,0.988,26.35,0.66,False,0.1307,3.2261
0.7176,0.87984,1,2,14,1,0.0082,-0.0168,43.47,7.88,0.954,0.763,24.2,0.509,False,0.102,4.8133
0.7176,0.87984,1,2,14,1,-0.0637,-0.0058,44.88,13.84,1.343,1.358,27.87,0.524,False,0.6327,2.9259
0.7176,0.87984,1,2,14,1,-0.0292,0.0093,30.36,9.17,1.448,0.869,28.57,0.567,True,0.7707,0.1706
0.7176,0.87984,1,2,14,1,-0.0013,0.001,42.04,10.39,1.26,0.83,32.96,0.594,False,0.095,8.775
0.7176,0.87984,1,2,14,1,-0.0551,-0.0033,40.64,2.5,0.915,1.265,31.29,0.418,True,0.8518,0.4689
0.7176,0.87984,1,2,14,1,-0.0072,0.008,32.99,5.61,0.809,1.133,22.79,0.585,False,0.2426,1.2621
0.7176,0.87984,1,2,14,1,0.0228,-0.0094,26.25,4.1,1.723,1.152,29.23,0.608,False,0.1192,1.4782
0.7176,0.87984,1,2,14,1,-0.0224,0.0021,21.59,10.94,1.491,0.701,39.25,0.711,True,0.7596,0.2101
0.7176,0.87984,1,2,14,1,-0.0139,-0.0001,25.24,12.5,0.985,0.859,38.37,0.641,False,0.0945,11.2519
0.7176,0.87984,1,2,14,1,-0.0062,-0.0108,33.68,12.27,1.519,1.012,35.88,0.537,False,0.1854,5.5897
0.7176,0.87984,1,2,14,1,-0.0238,-0.018,34.46,3.05,1.756,1.117,30.61,0.687,False,0.2132,3.5276
0.7176,0.87984,1,2,14,1,-0.0698,-0.0116,37.01,4.56,1.58,0.933,22.55,0.555,False,0.5156,1.7965
0.7176,0.87984,1,2,14,1,0.0216,-0.0075,32.1,13.28,1.669,0.803,24.81,0.727,False,0.2655,1.5964
0.7176,0.87984,1,2,14,1,-0.0115,0.0036,36.44,2.23,0.839,1.379,37.11,0.8,False,0.0218,29.9152
0.7176,0.87984,1,2,14,1,-0.0626,-0.0153,41.2,7.57,0.876,0.939,37.93,0.431,True,0.9451,0.5688
0.7176,0.87984,1,2,14,1,0.0122,-0.0136,35.07,8.89,1.772,1.031,21.85,0.768,False,0.1891,1.4093
0.7176,0.87984,1,2,14,1,-0.0463,-0.0023,24.21,3.6,1.228,1.352,20.47,0.748,False,0.0846,3.32
0.7176,0.87984,1,2,14,1,-0.0344,0.0051,22.51,13.08,1.116,1.299,26.74,0.468,False,0.2089,3.5408
0.7176,0.87984,1,2,14,1,-0.0355,0.0043,29.45,11.63,1.069,1.324,34.42,0.703,False,0.3039,4.5375
0.7176,0.87984,1,2,14,1,-0.0579,0.0064,27.64,9.75,1.393,0.786,32.56,0.482,True,0.7895,0.1455
0.7176,0.87984,1,2,14,1,0.0182,-0.014,30.86,9.9,1.562,1.198,25.67,0.45,False,0.0838,3.5734
0.7176,0.87984,1,2,14,1,0.001,-0.0012,22.08,4.98,1.009,0.729,34.87,0.776,False,0.2215,1.3546
0.7176,0.87984,1,2,14,1,-0.0523,-0.0173,20.73,14.51,1.311,1.214,23.38,0.62,True,0.7778,0.5506
0.7176,0.87984,1,2,14,1,0.0137,0.0084,38.4,14.88,1.662,1.064,39.98,0.745,False,0.1258,4.4396
0.7176,0.87984,1,2,14,1,0.0035,-0.0045,39.5,5.05,1.299,0.907,20.71,0.403,False,0.1,3.9208
0.7176,0.89856,1,3,15,1,-0.0405,-0.0081,42.97,6.43,1.408,1.078,36.09,0.494,True,0.4993,0.4664
0.7176,0.89856,1,3,15,1,-0.0508,-0.0196,23.79,11.48,1.619,0.975,33.75,0.669,True,0.4756,0.3557
0.7176,0.89856,1,3,15,1,-0.0277,0.0012,29.11,8.26,1.034,1.169,29.45,0.635,False,0.1944,4.7088
0.7176,0.89856,1,3,15,1,-0.0416,-0.0122,38.17,6.86,1.175,1.237,31.69,0.458,True,0.7049,1.0669
0.7176,0.89856,1,3,15,1,-0.0168,-0.0061,27.19,6.19,1.159,0.988,26.35,0.66,False,0.123,3.4071
0.7176,0.89856,1,3,15,1,0.0082,-0.0168,43.47,7.88,0.954,0.763,24.2,0.509,False,0.1069,4.6143
0.7176,0.89856,1,3,15,1,-0.0637,-0.0058,44.88,13.84,1.343,1.358,27.87,0.524,True,0.7039,1.6863
0.7176,0.89856,1,3,15,1,-0.0292,0.0093,30.36,9.17,1.448,0.869,28.57,0.567,True,0.7601,0.1513
0.7176,0.89856,1,3,15,1,-0.0013,0.001,42.04,10.39,1.26,0.83,32.96,0.594,False,0.1054,8.0234
0.7176,0.89856,1,3,15,1,-0.0551,-0.0033,40.64,2.5,0.915,1.265,31.29,0.418,True,0.9164,0.9614
0.7176,0.89856,1,3,15,1,-0.0072,0.008,32.99,5.61,0.809,1.133,22.79,0.585,False,0.1374,2.2776
0.7176,0.89856,1,3,15,1,0.0228,-0.0094,26.25,4.1,1.723,1.152,29.23,0.608,False,0.0183,8.9928
0.7176,0.89856,1,3,15,1,-0.0224,0.0021,21.59,10.94,1.491,0.701,39.25,0.711,True,0.7585,0.2211
0.7176,0.89856,1,3,15,1,-0.0139,-0.0001,25.24,12.5,0.985,0.859,38.37,0.641,False,0.303,3.561
0.7176,0.89856,1,3,15,1,-0.0062,-0.0108,33.68,12.27,1.519,1.012,35.88,0.537,False,0.2077,5.0726
0.7176,0.89856,1,3,15,1,-0.0238,-0.018,34.46,3.05,1.756,1.117,30.61,0.687,False,0.218,3.3593
0.7176,0.89856,1,3,15,1,-0.0698,-0.0116,37.01,4.56,1.58,0.933,22.55,0.555,True,0.8249,0.8344
0.7176,0.89856,1,3,15,1,0.0216,-0.0075,32.1,13.28,1.669,0.803,24.81,0.727,False,0.267,1.5816
0.7176,0.89856,1,3,15,1,-0.0115,0.0036,36.44,2.23,0.839,1.379,37.11,0.8,False,0.0358,18.492
0.7176,0.89856,1,3,15,1,-0.0626,-0.0153,41.2,7.57,0.876,0.939,37.93,0.431,True,1.4169,0.5727
0.7176,0.89856,1,3,15,1,0.0122,-0.0136,35.07,8.89,1.772,1.031,21.85,0.768,False,0.1033,2.7436
0.7176,0.89856,1,3,15,1,-0.0463,-0.0023,24.21,3.6,1.228,1.352,20.47,0.748,False,0.0162,17.4231
0.7176,0.89856,1,3,15,1,-0.0344,0.0051,22.51,13.08,1.116,1.299,26.74,0.468,False,0.3534,2.0694
0.7176,0.89856,1,3,15,1,-0.0355,0.0043,29.45,11.63,1.069,1.324,34.42,0.703,False,0.3975,3.6069
0.7176,0.89856,1,3,15,1,-0.0579,0.0064,27.64,9.75,1.393,0.786,32.56,0.482,True,0.7926,0.1505
0.7176,0.89856,1,3,15,1,0.0182,-0.014,30.86,9.9,1.562,1.198,25.67,0.45,False,0.0908,3.3486
0.7176,0.89856,1,3,15,1,0.001,-0.0012,22.08,4.98,1.009,0.729,34.87,0.776,False,0.2456,1.2299
0.7176,0.89856,1,3,15,1,-0.0523,-0.0173,20.73,14.51,1.311,1.214,23.38,0.62,True,0.6987,0.7333
0.7176,0.89856,1,3,15,1,0.0137,0.0084,38.4,14.88,1.662,1.064,39.98,0.745,True,1.2258,0.7498
0.7176,0.89856,1,3,15,1,0.0035,-0.0045,39.5,5.05,1.299,0.907,20.71,0.403,False,0.0492,7.7192
0.7176,0.91728,1,4,16,1,-0.0405,-0.0081,42.97,6.43,1.408,1.078,36.09,0.494,True,0.4684,0.496
0.7176,0.91728,1,4,16,1,-0.0508,-0.0196,23.79,11.48,1.619,0.975,33.75,0.669,True,0.4784,2.345
0.7176,0.91728,1,4,16,1,-0.0277,0.0012,29.11,8.26,1.034,1.169,29.45,0.635,False,0.1649,5.4656
0.7176,0.91728,1,4,16,1,-0.0416,-0.0122,38.17,6.86,1.175,1.237,31.69,0.458,False,0.4924,3.0015
0.7176,0.91728,1,4,16,1,-0.0168,-0.0061,27.19,6.19,1.159,0.988,26.35,0.66,False,0.1335,3.1007
0.7176,0.91728,1,4,16,1,0.0082,-0.0168,43.47,7.88,0.954,0.763,24.2,0.509,False,0.1603,3.0512
0.7176,0.91728,1,4,16,1,-0.0637,-0.0058,44.88,13.84,1.343,1.358,27.87,0.524,False,0.6549,2.9244
0.7176,0.91728,1,4,16,1,-0.0292,0.0093,30.36,9.17,1.448,0.869,28.57,0.567,True,0.7789,0.1746
0.7176,0.91728,1,4,16,1,-0.0013,0.001,42.04,10.39,1.26,0.83,32.96,0.594,False,0.2747,3.0652
0.7176,0.91728,1,4,16,1,-0.0551,-0.0033,40.64,2.5,0.915,1.265,31.29,0.418,True,0.8774,0.4341
0.7176,0.91728,1,4,16,1,-0.0072,0.008,32.99,5.61,0.809,1.133,22.79,0.585,False,0.2497,1.2305
0.7176,0.91728,1,4,16,1,0.0228,-0.0094,26.25,4.1,1.723,1.152,29.23,0.608,False,0.1141,1.5982
0.7176,0.91728,1,4,16,1,-0.0224,0.0021,21.59,10.94,1.491,0.701,39.25,0.711,True,0.7559,0.2206
0.7176,0.91728,1,4,16,1,-0.0139,-0.0001,25.24,12.5,0.985,0.859,38.37,0.641,False,0.28,3.8771
0.7176,0.91728,1,4,16,1,-0.0062,-0.0108,33.68,12.27,1.519,1.012,35.88,0.537,False,0.1199,8.5627
0.7176,0.91728,1,4,16,1,-0.0238,-0.018,34.46,3.05,1.756,1.117,30.61,0.687,False,0.2433,2.9769
0.7176,0.91728,1,4,16,1,-0.0698,-0.0116,37.01,4.56,1.58,0.933,22.55,0.555,True,0.8248,0.8814
0.7176,0.91728,1,4,16,1,0.0216,-0.0075,32.1,13.28,1.669,0.803,24.81,0.727,False,0.1469,2.8186
0.7176,0.91728,1,4,16,1,-0.0115,0.0036,36.44,2.23,0.839,1.379,37.11,0.8,False,0.0496,13.133
0.7176,0.91728,1,4,16,1,-0.0626,-0.0153,41.2,7.57,0.876,0.939,37.93,0.431,True,0.4003,1.8702
0.7176,0.91728,1,4,16,1,0.0122,-0.0136,35.07,8.89,1.772,1.031,21.85,0.768,False,0.0967,2.8282
0.7176,0.91728,1,4,16,1,-0.0463,-0.0023,24.21,3.6,1.228,1.352,20.47,0.748,False,0.0144,19.7623
0.7176,0.91728,1,4,16,1,-0.0344,0.0051,22.51,13.08,1.116,1.299,26.74,0.468,False,0.2171,3.3491
0.7176,0.91728,1,4,16,1,-0.0355,0.0043,29.45,11.63,1.069,1.324,34.42,0.703,False,0.3789,3.9061
0.7176,0.91728,1,4,16,1,-0.0579,0.0064,27.64,9.75,1.393,0.786,32.56,0.482,True,0.7854,0.1487
0.7176,0.91728,1,4,16,1,0.0182,-0.014,30.86,9.9,1.562,1.198,25.67,0.45,False,0.0801,3.713
0.7176,0.91728,1,4,16,1,0.001,-0.0012,22.08,4.98,1.009,0.729,34.87,0.776,False,0.2594,1.1849
0.7176,0.91728,1,4,16,1,-0.0523,-0.0173,20.73,14.51,1.311,1.214,23.38,0.62,True,0.5899,1.1284
0.7176,0.91728,1,4,16,1,0.0137,0.0084,38.4,14.88,1.662,1.064,39.98,0.745,True,1.6227,0.6701
0.7176,0.91728,1,4,16,1,0.0035,-0.0045,39.5,5.05,1.299,0.907,20.71,0.403,False,0.0683,5.6617
0.7176,0.936,1,5,17,1,-0.0405,-0.0081,42.97,6.43,1.408,1.078,36.09,0.494,True,0.4624,0.5019
0.7176,0.936,1,5,17,1,-0.0508,-0.0196,23.79,11.48,1.619,0.975,33.75,0.669,True,0.81,1.2533
0.7176,0.936,1,5,17,1,-0.0277,0.0012,29.11,8.26,1.034,1.169,29.45,0.635,False,0.1595,5.68
0.7176,0.936,1,5,17,1,-0.0416,-0.0122,38.17,6.86,1.175,1.237,31.69,0.458,False,0.254,5.663
0.7176,0.936,1,5,17,1,-0.0168,-0.0061,27.19,6.19,1.159,0.988,26.35,0.66,False,0.1216,3.4281
0.7176,0.936,1,5,17,1,0.0082,-0.0168,43.47,7.88,0.954,0.763,24.2,0.509,True,0.8115,0.1713
0.7176,0.936,1,5,17,1,-0.0637,-0.0058,44.88,13.84,1.343,1.358,27.87,0.524,False,0.6471,2.885
0.7176,0.936,1,5,17,1,-0.0292,0.0093,30.36,9.17,1.448,0.869,28.57,0.567,True,0.7364,0.1444
0.7176,0.936,1,5,17,1,-0.0013,0.001,42.04,10.39,1.26,0.83,32.96,0.594,False,0.1092,7.8849
0.7176,0.936,1,5,17,1,-0.0551,-0.0033,40.64,2.5,0.915,1.265,31.29,0.418,True,0.821,0.4547
0.7176,0.936,1,5,17,1,-0.0072,0.008,32.99,5.61,0.809,1.133,22.79,0.585,False,0.1698,1.9068
0.7176,0.936,1,5,17,1,0.0228,-0.0094,26.25,4.1,1.723,1.152,29.23,0.608,False,0.0345,5.4894
0.7176,0.936,1,5,17,1,-0.0224,0.0021,21.59,10.94,1.491,0.701,39.25,0.711,True,0.7431,0.2278
0.7176,0.936,1,5,17,1,-0.0139,-0.0001,25.24,12.5,0.985,0.859,38.37,0.641,False,0.1909,5.6134
0.7176,0.936,1,5,17,1,-0.0062,-0.0108,33.68,12.27,1.519,1.012,35.88,0.537,False,0.1186,8.6175
0.7176,0.936,1,5,17,1,-0.0238,-0.018,34.46,3.05,1.756,1.117,30.61,0.687,False,0.1916,3.5871
0.7176,0.936,1,5,17,1,-0.0698,-0.0116,37.01,4.56,1.58,0.933,22.55,0.555,False,0.2287,4.4327
0.7176,0.936,1,5,17,1,0.0216,-0.0075,32.1,13.28,1.669,0.803,24.81,0.727,False,0.3197,1.3691
0.7176,0.936,1,5,17,1,-0.0115,0.0036,36.44,2.23,0.839,1.379,37.11,0.8,False,0.0366,18.8899
0.7176,0.936,1,5,17,1,-0.0626,-0.0153,41.2,7.57,0.876,0.939,37.93,0.431,True,0.506,0.9158
0.7176,0.936,1,5,17,1,0.0122,-0.0136,35.07,8.89,1.772,1.031,21.85,0.768,False,0.086,3.2083
0.7176,0.936,1,5,17,1,-0.0463,-0.0023,24.21,3.6,1.228,1.352,20.47,0.748,False,0.07,4.0438
0.7176,0.936,1,5,17,1,-0.0344,0.0051,22.51,13.08,1.116,1.299,26.74,0.468,False,0.1717,4.0035
0.7176,0.936,1,5,17,1,-0.0355,0.0043,29.45,11.63,1.069,1.324,34.42,0.703,True,0.8356,0.7244
0.7176,0.936,1,5,17,1,-0.0579,0.0064,27.64,9.75,1.393,0.786,32.56,0.482,True,0.7785,0.1485
0.7176,0.936,1,5,17,1,0.0182,-0.014,30.86,9.9,1.562,1.198,25.67,0.45,False,0.1416,2.3292
0.7176,0.936,1,5,17,1,0.001,-0.0012,22.08,4.98,1.009,0.729,34.87,0.776,False,0.1407,2.209
0.7176,0.936,1,5,17,1,-0.0523,-0.0173,20.73,14.51,1.311,1.214,23.38,0.62,False,0.2389,4.2263
0.7176,0.936,1,5,17,1,0.0137,0.0084,38.4,14.88,1.662,1.064,39.98,0.745,True,0.5365,0.8031
0.7176,0.936,1,5,17,1,0.0035,-0.0045,39.5,5.05,1.299,0.907,20.71,0.403,False,0.0951,3.8818
0.7176,0.95472,1,6,18,1,-0.0405,-0.0081,42.97,6.43,1.408,1.078,36.09,0.494,True,0.2353,0.9559
0.7176,0.95472,1,6,18,1,-0.0508,-0.0196,23.79,11.48,1.619,0.975,33.75,0.669,True,0.6434,1.4916
0.7176,0.95472,1,6,18,1,-0.0277,0.0012,29.11,8.26,1.034,1.169,29.45,0.635,False,0.1882,4.9908
0.7176,0.95472,1,6,18,1,-0.0416,-0.0122,38.17,6.86,1.175,1.237,31.69,0.458,True,0.7173,1.0292
0.7176,0.95472,1,6,18,1,-0.0168,-0.0061,27.19,6.19,1.159,0.988,26.35,0.66,False,0.0752,5.6635
0.7176,0.95472,1,6,18,1,0.0082,-0.0168,43.47,7.88,0.954,0.763,24.2,0.509,False,0.1786,2.7025
0.7176,0.95472,1,6,18,1,-0.0637,-0.0058,44.88,13.84,1.343,1.358,27.87,0.524,False,0.8204,2.3469
0.7176,0.95472,1,6,18,1,-0.0292,0.0093,30.36,9.17,1.448,0.869,28.57,0.567,True,0.7592,0.1693
0.7176,0.95472,1,6,18,1,-0.0013,0.001,42.04,10.39,1.26,0.83,32.96,0.594,False,0.2681,3.2219
0.7176,0.95472,1,6,18,1,-0.0551,-0.0033,40.64,2.5,0.915,1.265,31.29,0.418,True,1.1544,0.7762
0.7176,0.95472,1,6,18,1,-0.0072,0.008,32.99,5.61,0.809,1.133,22.79,0.585,False,0.1999,1.4637
0.7176,0.95472,1,6,18,1,0.0228,-0.0094,26.25,4.1,1.723,1.152,29.23,0.608,False,0.1026,1.7501
0.7176,0.95472,1,6,18,1,-0.0224,0.0021,21.59,10.94,1.491,0.701,39.25,0.711,True,0.7448,0.2336
0.7176,0.95472,1,6,18,1,-0.0139,-0.0001,25.24,12.5,0.985,0.859,38.37,0.641,False,0.2318,4.6615
0.7176,0.95472,1,6,18,1,-0.0062,-0.0108,33.68,12.27,1.519,1.012,35.88,0.537,False,0.1904,5.487
0.7176,0.95472,1,6,18,1,-0.0238,-0.018,34.46,3.05,1.756,1.117,30.61,0.687,False,0.2506,2.7906
0.7176,0.95472,1,6,18,1,-0.0698,-0.0116,37.01,4.56,1.58,0.933,22.55,0.555,False,0.081,11.7528
0.7176,0.95472,1,6,18,1,0.0216,-0.0075,32.1,13.28,1.669,0.803,24.81,0.727,False,0.3246,1.3656
0.7176,0.95472,1,6,18,1,-0.0115,0.0036,36.44,2.23,0.839,1.379,37.11,0.8,False,0.0944,6.8361
0.7176,0.95472,1,6,18,1,-0.0626,-0.0153,41.2,7.57,0.876,0.939,37.93,0.431,True,0.749,0.5402
0.7176,0.95472,1,6,18,1,0.0122,-0.0136,35.07,8.89,1.772,1.031,21.85,0.768,False,0.1515,1.7984
0.7176,0.95472,1,6,18,1,-0.0463,-0.0023,24.21,3.6,1.228,1.352,20.47,0.748,False,0.0956,2.9159
0.7176,0.95472,1,6,18,1,-0.0344,0.0051,22.51,13.08,1.116,1.299,26.74,0.468,False,0.3452,2.2012
0.7176,0.95472,1,6,18,1,-0.0355,0.0043,29.45,11.63,1.069,1.324,34.42,0.703,False,0.3042,4.8737
0.7176,0.95472,1,6,18,1,-0.0579,0.0064,27.64,9.75,1.393,0.786,32.56,0.482,True,0.7664,0.1487
0.7176,0.95472,1,6,18,1,0.0182,-0.014,30.86,9.9,1.562,1.198,25.67,0.45,False,0.0915,3.4692
0.7176,0.95472,1,6,18,1,0.001,-0.0012,22.08,4.98,1.009,0.729,34.87,0.776,False,0.158,1.9176
0.7176,0.95472,1,6,18,1,-0.0523,-0.0173,20.73,14.51,1.311,1.214,23.38,0.62,True,0.7637,1.2906
0.7176,0.95472,1,6,18,1,0.0137,0.0084,38.4,14.88,1.662,1.064,39.98,0.745,False,0.3297,1.8959
0.7176,0.95472,1,6,18,1,0.0035,-0.0045,39.5,5.05,1.299,0.907,20.71,0.403,False,0.0907,4.4099
0.7176,0.97344,1,7,19,1,-0.0405,-0.0081,42.97,6.43,1.408,1.078,36.09,0.494,True,0.443,0.5215
0.7176,0.97344,1,7,19,1,-0.0508,-0.0196,23.79,11.48,1.619,0.975,33.75,0.669,False,0.295,5.8143
0.7176,0.97344,1,7,19,1,-0.0277,0.0012,29.11,8.26,1.034,1.169,29.45,0.635,False,0.1679,5.4355
0.7176,0.97344,1,7,19,1,-0.0416,-0.0122,38.17,6.86,1.175,1.237,31.69,0.458,False,0.4032,3.7173
0.7176,0.97344,1,7,19,1,-0.0168,-0.0061,27.19,6.19,1.159,0.988,26.35,0.66,False,0.1232,3.4528
0.7176,0.97344,1,7,19,1,0.0082,-0.0168,43.47,7.88,0.954,0.763,24.2,0.509,False,0.055,9.0951
0.7176,0.97344,1,7,19,1,-0.0637,-0.0058,44.88,13.84,1.343,1.358,27.87,0.524,False,0.8833,2.1944
0.7176,0.97344,1,7,19,1,-0.0292,0.0093,30.36,9.17,1.448,0.869,28.57,0.567,True,0.7892,0.2039
0.7176,0.97344,1,7,19,1,-0.0013,0.001,42.04,10.39,1.26,0.83,32.96,0.594,False,0.2886,2.956
0.7176,0.97344,1,7,19,1,-0.0551,-0.0033,40.64,2.5,0.915,1.265,31.29,0.418,True,0.1838,2.2297
0.7176,0.97344,1,7,19,1,-0.0072,0.008,32.99,5.61,0.809,1.133,22.79,0.585,False,0.387,0.7816
0.7176,0.97344,1,7,19,1,0.0228,-0.0094,26.25,4.1,1.723,1.152,29.23,0.608,False,0.1479,1.1446
0.7176,0.97344,1,7,19,1,-0.0224,0.0021,21.59,10.94,1.491,0.701,39.25,0.711,True,0.75,0.2576
0.7176,0.97344,1,7,19,1,-0.0139,-0.0001,25.24,12.5,0.985,0.859,38.37,0.641,False,0.1125,9.6824
0.7176,0.97344,1,7,19,1,-0.0062,-0.0108,33.68,12.27,1.519,1.012,35.88,0.537,False,0.153,6.8274
0.7176,0.97344,1,7,19,1,-0.0238,-0.018,34.46,3.05,1.756,1.117,30.61,0.687,False,0.2306,3.1794
0.7176,0.97344,1,7,19,1,-0.0698,-0.0116,37.01,4.56,1.58,0.933,22.55,0.555,False,0.424,2.5012
0.7176,0.97344,1,7,19,1,0.0216,-0.0075,32.1,13.28,1.669,0.803,24.81,0.727,False,0.2558,1.6809
0.7176,0.97344,1,7,19,1,-0.0115,0.0036,36.44,2.23,0.839,1.379,37.11,0.8,False,0.0656,10.4951
0.7176,0.97344,1,7,19,1,-0.0626,-0.0153,41.2,7.57,0.876,0.939,37.93,0.431,True,0.8207,0.8719
0.7176,0.97344,1,7,19,1,0.0122,-0.0136,35.07,8.89,1.772,1.031,21.85,0.768,False,0.2449,1.1908
0.7176,0.97344,1,7,19,1,-0.0463,-0.0023,24.21,3.6,1.228,1.352,20.47,0.748,False,0.0645,4.2178
0.7176,0.97344,1,7,19,1,-0.0344,0.0051,22.51,13.08,1.116,1.299,26.74,0.468,False,0.2978,2.4712
0.7176,0.97344,1,7,19,1,-0.0355,0.0043,29.45,11.63,1.069,1.324,34.42,0.703,False,0.3769,3.8178
0.7176,0.97344,1,7,19,1,-0.0579,0.0064,27.64,9.75,1.393,0.786,32.56,0.482,True,0.7716,0.1504
0.7176,0.97344,1,7,19,1,0.0182,-0.014,30.86,9.9,1.562,1.198,25.67,0.45,False,0.0792,4.1942
0.7176,0.97344,1,7,19,1,0.001,-0.0012,22.08,4.98,1.009,0.729,34.87,0.776,False,0.1033,2.9493
0.7176,0.97344,1,7,19,1,-0.0523,-0.0173,20.73,14.51,1.311,1.214,23.38,0.62,False,0.2004,4.909
0.7176,0.97344,1,7,19,1,0.0137,0.0084,38.4,14.88,1.662,1.064,39.98,0.745,False,0.296,2.1424
0.7176,0.97344,1,7,19,1,0.0035,-0.0045,39.5,5.05,1.299,0.907,20.71,0.403,False,0.0874,4.2571
0.7176,0.99216,1,8,20,1,-0.0405,-0.0081,42.97,6.43,1.408,1.078,36.09,0.494,True,0.4674,0.5056
0.7176,0.99216,1,8,20,1,-0.0508,-0.0196,23.79,11.48,1.619,0.975,33.75,0.669,True,0.5478,2.1083
0.7176,0.99216,1,8,20,1,-0.0277,0.0012,29.11,8.26,1.034,1.169,29.45,0.635,False,0.1877,4.7796
0.7176,0.99216,1,8,20,1,-0.0416,-0.0122,38.17,6.86,1.175,1.237,31.69,0.458,False,0.4386,3.368
0.7176,0.99216,1,8,20,1,-0.0168,-0.0061,27.19,6.19,1.159,0.988,26.35,0.66,False,0.0615,6.905
0.7176,0.99216,1,8,20,1,0.0082,-0.0168,43.47,7.88,0.954,0.763,24.2,0.509,False,0.094,5.0394
0.7176,0.99216,1,8,20,1,-0.0637,-0.0058,44.88,13.84,1.343,1.358,27.87,0.524,False,0.7112,2.6846
0.7176,0.99216,1,8,20,1,-0.0292,0.0093,30.36,9.17,1.448,0.869,28.57,0.567,True,0.7634,0.1492
0.7176,0.99216,1,8,20,1,-0.0013,0.001,42.04,10.39,1.26,0.83,32.96,0.594,False,0.1344,6.3684
0.7176,0.99216,1,8,20,1,-0.0551,-0.0033,40.64,2.5,0.915,1.265,31.29,0.418,True,0.2068,1.209
0.7176,0.99216,1,8,20,1,-0.0072,0.008,32.99,5.61,0.809,1.133,22.79,0.585,False,0.2291,1.4346
0.7176,0.99216,1,8,20,1,0.0228,-0.0094,26.25,4.1,1.723,1.152,29.23,0.608,False,0.1479,1.3094
0.7176,0.99216,1,8,20,1,-0.0224,0.0021,21.59,10.94,1.491,0.701,39.25,0.711,True,0.7271,0.3276
0.7176,0.99216,1,8,20,1,-0.0139,-0.0001,25.24,12.5,0.985,0.859,38.37,0.641,False,0.214,5.0674
0.7176,0.99216,1,8,20,1,-0.0062,-0.0108,33.68,12.27,1.519,1.012,35.88,0.537,False,0.1427,7.3635
0.7176,0.99216,1,8,20,1,-0.0238,-0.018,34.46,3.05,1.756,1.117,30.61,0.687,False,0.1785,3.9708
0.7176,0.99216,1,8,20,1,-0.0698,-0.0116,37.01,4.56,1.58,0.933,22.55,0.555,False,0.3955,2.5285
0.7176,0.99216,1,8,20,1,0.0216,-0.0075,32.1,13.28,1.669,0.803,24.81,0.727,False,0.1663,2.5984
0.7176,0.99216,1,8,20,1,-0.0115,0.0036,36.44,2.23,0.839,1.379,37.11,0.8,False,0.0628,10.5758
0.7176,0.99216,1,8,20,1,-0.0626,-0.0153,41.2,7.57,0.876,0.939,37.93,0.431,True,0.6422,0.7291
0.7176,0.99216,1,8,20,1,0.0122,-0.0136,35.07,8.89,1.772,1.031,21.85,0.768,False,0.1138,2.5346
0.7176,0.99216,1,8,20,1,-0.0463,-0.0023,24.21,3.6,1.228,1.352,20.47,0.748,False,0.045,6.198
0.7176,0.99216,1,8,20,1,-0.0344,0.0051,22.51,13.08,1.116,1.299,26.74,0.468,False,0.3615,2.0361
0.7176,0.99216,1,8,20,1,-0.0355,0.0043,29.45,11.63,1.069,1.324,34.42,0.703,False,0.3796,3.7686
0.7176,0.99216,1,8,20,1,-0.0579,0.0064,27.64,9.75,1.393,0.786,32.56,0.482,True,0.7955,0.1512
0.7176,0.99216,1,8,20,1,0.0182,-0.014,30.86,9.9,1.562,1.198,25.67,0.45,False,0.1146,2.6572
0.7176,0.99216,1,8,20,1,0.001,-0.0012,22.08,4.98,1.009,0.729,34.87,0.776,False,0.1514,2.0545
0.7176,0.99216,1,8,20,1,-0.0523,-0.0173,20.73,14.51,1.311,1.214,23.38,0.62,True,0.7147,1.3146
0.7176,0.99216,1,8,20,1,0.0137,0.0084,38.4,14.88,1.662,1.064,39.98,0.745,False,0.1378,4.5345
0.7176,0.99216,1,8,20,1,0.0035,-0.0045,39.5,5.05,1.299,0.907,20.71,0.403,False,0.0896,4.2356
0.7176,1.01088,1,9,21,1,-0.0405,-0.0081,42.97,6.43,1.408,1.078,36.09,0.494,True,0.4229,0.5499
0.7176,1.01088,1,9,21,1,-0.0508,-0.0196,23.79,11.48,1.619,0.975,33.75,0.669,True,0.6224,1.5538
0.7176,1.01088,1,9,21,1,-0.0277,0.0012,29.11,8.26,1.034,1.169,29.45,0.635,False,0.1925,4.9121
0.7176,1.01088,1,9,21,1,-0.0416,-0.0122,38.17,6.86,1.175,1.237,31.69,0.458,False,0.396,3.5747
0.7176,1.01088,1,9,21,1,-0.0168,-0.0061,27.19,6.19,1.159,0.988,26.35,0.66,False,0.0954,4.565
0.7176,1.01088,1,9,21,1,0.0082,-0.0168,43.47,7.88,0.954,0.763,24.2,0.509,False,0.0612,7.8866
0.7176,1.01088,1,9,21,1,-0.0637,-0.0058,44.88,13.84,1.343,1.358,27.87,0.524,False,0.656,2.933
0.7176,1.01088,1,9,21,1,-0.0292,0.0093,30.36,9.17,1.448,0.869,28.57,0.567,True,0.7977,0.2144
0.7176,1.01088,1,9,21,1,-0.0013,0.001,42.04,10.39,1.26,0.83,32.96,0.594,False,0.3075,2.8641
0.7176,1.01088,1,9,21,1,-0.0551,-0.0033,40.64,2.5,0.915,1.265,31.29,0.418,True,0.8556,0.5079
0.7176,1.01088,1,9,21,1,-0.0072,0.008,32.99,5.61,0.809,1.133,22.79,0.585,False,0.2272,1.4359
0.7176,1.01088,1,9,21,1,0.0228,-0.0094,26.25,4.1,1.723,1.152,29.23,0.608,False,0.1187,1.603
0.7176,1.01088,1,9,21,1,-0.0224,0.0021,21.59,10.94,1.491,0.701,39.25,0.711,True,0.736,0.2418
0.7176,1.01088,1,9,21,1,-0.0139,-0.0001,25.24,12.5,0.985,0.859,38.37,0.641,False,0.1876,5.8565
0.7176,1.01088,1,9,21,1,-0.0062,-0.0108,33.68,12.27,1.519,1.012,35.88,0.537,False,0.1646,6.2584
0.7176,1.01088,1,9,21,1,-0.0238,-0.018,34.46,3.05,1.756,1.117,30.61,0.687,False,0.2405,2.9994
0.7176,1.01088,1,9,21,1,-0.0698,-0.0116,37.01,4.56,1.58,0.933,22.55,0.555,False,0.2202,4.4725
0.7176,1.01088,1,9,21,1,0.0216,-0.0075,32.1,13.28,1.669,0.803,24.81,0.727,False,0.2135,2.0966
0.7176,1.01088,1,9,21,1,-0.0115,0.0036,36.44,2.23,0.839,1.379,37.11,0.8,False,0.0332,20.3187
0.7176,1.01088,1,9,21,1,-0.0626,-0.0153,41.2,7.57,0.876,0.939,37.93,0.431,True,0.8551,0.9841
0.7176,1.01088,1,9,21,1,0.0122,-0.0136,35.07,8.89,1.772,1.031,21.85,0.768,False,0.1609,1.7587
0.7176,1.01088,1,9,21,1,-0.0463,-0.0023,24.21,3.6,1.228,1.352,20.47,0.748,False,0.0181,15.431
0.7176,1.01088,1,9,21,1,-0.0344,0.0051,22.51,13.08,1.116,1.299,26.74,0.468,False,0.2818,2.6786
0.7176,1.01088,1,9,21,1,-0.0355,0.0043,29.45,11.63,1.069,1.324,34.42,0.703,False,0.3418,4.2098
0.7176,1.01088,1,9,21,1,-0.0579,0.0064,27.64,9.75,1.393,0.786,32.56,0.482,True,0.7537,0.1504
0.7176,1.01088,1,9,21,1,0.0182,-0.014,30.86,9.9,1.562,1.198,25.67,0.45,False,0.1654,1.892
0.7176,1.01088,1,9,21,1,0.001,-0.0012,22.08,4.98,1.009,0.729,34.87,0.776,False,0.1279,2.4398
0.7176,1.01088,1,9,21,1,-0.0523,-0.0173,20.73,14.51,1.311,1.214,23.38,0.62,True,0.8116,0.678
0.7176,1.01088,1,9,21,1,0.0137,0.0084,38.4,14.88,1.662,1.064,39.98,0.745,False,0.1389,4.6412
0.7176,1.01088,1,9,21,1,0.0035,-0.0045,39.5,5.05,1.299,0.907,20.71,0.403,False,0.0608,6.4615
0.7176,1.0296,1,10,22,1,-0.0405,-0.0081,42.97,6.43,1.408,1.078,36.09,0.494,True,0.4005,0.5735
0.7176,1.0296,1,10,22,1,-0.0508,-0.0196,23.79,11.48,1.619,0.975,33.75,0.669,True,0.4908,2.3038
0.7176,1.0296,1,10,22,1,-0.0277,0.0012,29.11,8.26,1.034,1.169,29.45,0.635,False,0.1721,5.4723
0.7176,1.0296,1,10,22,1,-0.0416,-0.0122,38.17,6.86,1.175,1.237,31.69,0.458,False,0.837,1.8804
0.7176,1.0296,1,10,22,1,-0.0168,-0.0061,27.19,6.19,1.159,0.988,26.35,0.66,False,0.1323,3.2321
0.7176,1.0296,1,10,22,1,0.0082,-0.0168,43.47,7.88,0.954,0.763,24.2,0.509,False,0.0875,5.6079
0.7176,1.0296,1,10,22,1,-0.0637,-0.0058,44.88,13.84,1.343,1.358,27.87,0.524,False,0.9063,2.1186
0.7176,1.0296,1,10,22,1,-0.0292,0.0093,30.36,9.17,1.448,0.869,28.57,0.567,True,0.9333,0.2181
0.7176,1.0296,1,10,22,1,-0.0013,0.001,42.04,10.39,1.26,0.83,32.96,0.594,False,0.2029,4.2737
0.7176,1.0296,1,10,22,1,-0.0551,-0.0033,40.64,2.5,0.915,1.265,31.29,0.418,True,0.9096,0.8874
0.7176,1.0296,1,10,22,1,-0.0072,0.008,32.99,5.61,0.809,1.133,22.79,0.585,False,0.1782,1.7636
0.7176,1.0296,1,10,22,1,0.0228,-0.0094,26.25,4.1,1.723,1.152,29.23,0.608,False,0.1141,1.7291
0.7176,1.0296,1,10,22,1,-0.0224,0.0021,21.59,10.94,1.491,0.701,39.25,0.711,True,0.7401,0.3017
0.7176,1.0296,1,10,22,1,-0.0139,-0.0001,25.24,12.5,0.985,0.859,38.37,0.641,False,0.1225,9.0069
0.7176,1.0296,1,10,22,1,-0.0062,-0.0108,33.68,12.27,1.519,1.012,35.88,0.537,False,0.1482,7.259
0.7176,1.0296,1,10,22,1,-0.0238,-0.018,34.46,3.05,1.756,1.117,30.61,0.687,False,0.21,3.2865
0.7176,1.0296,1,10,22,1,-0.0698,-0.0116,37.01,4.56,1.58,0.933,22.55,0.555,True,0.7309,0.9195
0.7176,1.0296,1,10,22,1,0.0216,-0.0075,32.1,13.28,1.669,0.803,24.81,0.727,False,0.3512,1.2723
0.7176,1.0296,1,10,22,1,-0.0115,0.0036,36.44,2.23,0.839,1.379,37.11,0.8,False,0.0353,20.28
0.7176,1.0296,1,10,22,1,-0.0626,-0.0153,41.2,7.57,0.876,0.939,37.93,0.431,True,1.0719,0.4981
0.7176,1.0296,1,10,22,1,0.0122,-0.0136,35.07,8.89,1.772,1.031,21.85,0.768,False,0.1596,1.754
0.7176,1.0296,1,10,22,1,-0.0463,-0.0023,24.21,3.6,1.228,1.352,20.47,0.748,False,0.0698,4.065
0.7176,1.0296,1,10,22,1,-0.0344,0.0051,22.51,13.08,1.116,1.299,26.74,0.468,False,0.3588,1.9201
0.7176,1.0296,1,10,22,1,-0.0355,0.0043,29.45,11.63,1.069,1.324,34.42,0.703,False,0.3633,4.0876
0.7176,1.0296,1,10,22,1,-0.0579,0.0064,27.64,9.75,1.393,0.786,32.56,0.482,True,0.7648,0.1529
0.7176,1.0296,1,10,22,1,0.0182,-0.014,30.86,9.9,1.562,1.198,25.67,0.45,False,0.1376,2.4952
0.7176,1.0296,1,10,22,1,0.001,-0.0012,22.08,4.98,1.009,0.729,34.87,0.776,False,0.1234,2.4262
0.7176,1.0296,1,10,22,1,-0.0523,-0.0173,20.73,14.51,1.311,1.214,23.38,0.62,False,0.1525,6.6638
0.7176,1.0296,1,10,22,1,0.0137,0.0084,38.4,14.88,1.662,1.064,39.98,0.745,False,0.0777,8.2866
0.7176,1.0296,1,10,22,1,0.0035,-0.0045,39.5,5.05,1.299,0.907,20.71,0.403,False,0.0935,3.9594
0.7332,0.8424,2,0,23,1,-0.0405,-0.0081,42.97,6.43,1.408,1.078,36.09,0.494,True,0.1974,1.1674
0.7332,0.8424,2,0,23,1,-0.0508,-0.0196,23.79,11.48,1.619,0.975,33.75,0.669,True,0.5365,0.3174
0.7332,0.8424,2,0,23,1,-0.0277,0.0012,29.11,8.26,1.034,1.169,29.45,0.635,False,0.1803,5.2346
0.7332,0.8424,2,0,23,1,-0.0416,-0.0122,38.17,6.86,1.175,1.237,31.69,0.458,False,0.6477,2.3058
0.7332,0.8424,2,0,23,1,-0.0168,-0.0061,27.19,6.19,1.159,0.988,26.35,0.66,False,0.1195,3.5589
0.7332,0.8424,2,0,23,1,0.0082,-0.0168,43.47,7.88,0.954,0.763,24.2,0.509,False,0.0422,11.4417
0.7332,0.8424,2,0,23,1,-0.0637,-0.0058,44.88,13.84,1.343,1.358,27.87,0.524,False,0.3527,5.154
0.7332,0.8424,2,0,23,1,-0.0292,0.0093,30.36,9.17,1.448,0.869,28.57,0.567,True,0.7375,0.1591
0.7332,0.8424,2,0,23,1,-0.0013,0.001,42.04,10.39,1.26,0.83,32.96,0.594,False,0.2483,3.321
0.7332,0.8424,2,0,23,1,-0.0551,-0.0033,40.64,2.5,0.915,1.265,31.29,0.418,True,0.3277,0.7644
0.7332,0.8424,2,0,23,1,-0.0072,0.008,32.99,5.61,0.809,1.133,22.79,0.585,False,0.1225,2.6155
0.7332,0.8424,2,0,23,1,0.0228,-0.0094,26.25,4.1,1.723,1.152,29.23,0.608,False,0.0984,1.8053
0.7332,0.8424,2,0,23,1,-0.0224,0.0021,21.59,10.94,1.491,0.701,39.25,0.711,True,0.7128,0.2067
0.7332,0.8424,2,0,23,1,-0.0139,-0.0001,25.24,12.5,0.985,0.859,38.37,0.641,False,0.1693,6.4692
0.7332,0.8424,2,0,23,1,-0.0062,-0.0108,33.68,12.27,1.519,1.012,35.88,0.537,False,0.2791,3.6539
0.7332,0.8424,2,0,23,1,-0.0238,-0.018,34.46,3.05,1.756,1.117,30.61,0.687,False,0.143,4.8744
0.7332,0.8424,2,0,23,1,-0.0698,-0.0116,37.01,4.56,1.58,0.933,22.55,0.555,False,0.0563,18.3374
0.7332,0.8424,2,0,23,1,0.0216,-0.0075,32.1,13.28,1.669,0.803,24.81,0.727,False,0.1786,2.3831
0.7332,0.8424,2,0,23,1,-0.0115,0.0036,36.44,2.23,0.839,1.379,37.11,0.8,False,0.0947,6.9791
0.7332,0.8424,2,0,23,1,-0.0626,-0.0153,41.2,7.57,0.876,0.939,37.93,0.431,True,0.3058,1.4025
0.7332,0.8424,2,0,23,1,0.0122,-0.0136,35.07,8.89,1.772,1.031,21.85,0.768,False,0.1146,2.5506
0.7332,0.8424,2,0,23,1,-0.0463,-0.0023,24.21,3.6,1.228,1.352,20.47,0.748,False,0.1,2.8299
0.7332,0.8424,2,0,23,1,-0.0344,0.0051,22.51,13.08,1.116,1.299,26.74,0.468,False,0.4887,1.6262
0.7332,0.8424,2,0,23,1,-0.0355,0.0043,29.45,11.63,1.069,1.324,34.42,0.703,False,0.2922,5.2452
0.7332,0.8424,2,0,23,1,-0.0579,0.0064,27.64,9.75,1.393,0.786,32.56,0.482,True,0.7898,0.1531
0.7332,0.8424,2,0,23,1,0.0182,-0.014,30.86,9.9,1.562,1.198,25.67,0.45,False,0.0796,4.1596
0.7332,0.8424,2,0,23,1,0.001,-0.0012,22.08,4.98,1.009,0.729,34.87,0.776,False,0.0431,7.2124
0.7332,0.8424,2,0,23,1,-0.0523,-0.0173,20.73,14.51,1.311,1.214,23.38,0.62,False,0.2119,4.5609
0.7332,0.8424,2,0,23,1,0.0137,0.0084,38.4,14.88,1.662,1.064,39.98,0.745,False,0.231,2.6182
0.7332,0.8424,2,0,23,1,0.0035,-0.0045,39.5,5.05,1.299,0.907,20.71,0.403,False,0.0622,6.372
0.7332,0.86112,2,1,24,1,-0.0405,-0.0081,42.97,6.43,1.408,1.078,36.09,0.494,True,0.6666,0.731
0.7332,0.86112,2,1,24,1,-0.0508,-0.0196,23.79,11.48,1.619,0.975,33.75,0.669,True,0.8385,1.6593
0.7332,0.86112,2,1,24,1,-0.0277,0.0012,29.11,8.26,1.034,1.169,29.45,0.635,False,0.2215,3.702
0.7332,0.86112,2,1,24,1,-0.0416,-0.0122,38.17,6.86,1.175,1.237,31.69,0.458,True,0.3094,1.0469
0.7332,0.86112,2,1,24,1,-0.0168,-0.0061,27.19,6.19,1.159,0.988,26.35,0.66,False,0.0111,34.5533
0.7332,0.86112,2,1,24,1,0.0082,-0.0168,43.47,7.88,0.954,0.763,24.2,0.509,False,0.1218,3.2479
0.7332,0.86112,2,1,24,1,-0.0637,-0.0058,44.88,13.84,1.343,1.358,27.87,0.524,False,0.8603,2.0178
0.7332,0.86112,2,1,24,1,-0.0292,0.0093,30.36,9.17,1.448,0.869,28.57,0.567,True,0.7373,0.1645
0.7332,0.86112,2,1,24,1,-0.0013,0.001,42.04,10.39,1.26,0.83,32.96,0.594,False,0.128,6.3829
0.7332,0.86112,2,1,24,1,-0.0551,-0.0033,40.64,2.5,0.915,1.265,31.29,0.418,True,0.2904,0.8608
0.7332,0.86112,2,1,24,1,-0.0072,0.008,32.99,5.61,0.809,1.133,22.79,0.585,False,0.0885,3.2868
0.7332,0.86112,2,1,24,1,0.0228,-0.0094,26.25,4.1,1.723,1.152,29.23,0.608,False,0.0676,2.5284
0.7332,0.86112,2,1,24,1,-0.0224,0.0021,21.59,10.94,1.491,0.701,39.25,0.711,False,0.3072,3.5221
0.7332,0.86112,2,1,24,1,-0.0139,-0.0001,25.24,12.5,0.985,0.859,38.37,0.641,False,0.0967,10.7415
0.7332,0.86112,2,1,24,1,-0.0062,-0.0108,33.68,12.27,1.519,1.012,35.88,0.537,False,0.0849,10.7515
0.7332,0.86112,2,1,24,1,-0.0238,-0.018,34.46,3.05,1.756,1.117,30.61,0.687,True,0.1339,3.7733
0.7332,0.86112,2,1,24,1,-0.0698,-0.0116,37.01,4.56,1.58,0.933,22.55,0.555,True,0.7112,0.6305
0.7332,0.86112,2,1,24,1,0.0216,-0.0075,32.1,13.28,1.669,0.803,24.81,0.727,False,0.0981,4.4031
0.7332,0.86112,2,1,24,1,-0.0115,0.0036,36.44,2.23,0.839,1.379,37.11,0.8,False,0.034,18.8452
0.7332,0.86112,2,1,24,1,-0.0626,-0.0153,41.2,7.57,0.876,0.939,37.93,0.431,True,0.6227,0.6474
0.7332,0.86112,2,1,24,1,0.0122,-0.0136,35.07,8.89,1.772,1.031,21.85,0.768,False,0.1886,1.4315
0.7332,0.86112,2,1,24,1,-0.0463,-0.0023,24.21,3.6,1.228,1.352,20.47,0.748,False,0.0429,5.773
0.7332,0.86112,2,1,24,1,-0.0344,0.0051,22.51,13.08,1.116,1.299,26.74,0.468,False,0.3247,2.0636
0.7332,0.86112,2,1,24,1,-0.0355,0.0043,29.45,11.63,1.069,1.324,34.42,0.703,False,0.2169,6.4556
0.7332,0.86112,2,1,24,1,-0.0579,0.0064,27.64,9.75,1.393,0.786,32.56,0.482,True,0.7371,0.1505
0.7332,0.86112,2,1,24,1,0.0182,-0.014,30.86,9.9,1.562,1.198,25.67,0.45,False,0.0852,3.352
0.7332,0.86112,2,1,24,1,0.001,-0.0012,22.08,4.98,1.009,0.729,34.87,0.776,False,0.0371,7.8986
0.7332,0.86112,2,1,24,1,-0.0523,-0.0173,20.73,14.51,1.311,1.214,23.38,0.62,False,0.3962,2.4848
0.7332,0.86112,2,1,24,1,0.0137,0.0084,38.4,14.88,1.662,1.064,39.98,0.745,True,0.7177,1.3639
0.7332,0.86112,2,1,24,1,0.0035,-0.0045,39.5,5.05,1.299,0.907,20.71,0.403,False,0.1091,3.0675
0.7332,0.87984,2,2,25,1,-0.0405,-0.0081,42.97,6.43,1.408,1.078,36.09,0.494,True,0.4499,0.4736
0.7332,0.87984,2,2,25,1,-0.0508,-0.0196,23.79,11.48,1.619,0.975,33.75,0.669,True,0.6076,0.3284
0.7332,0.87984,2,2,25,1,-0.0277,0.0012,29.11,8.26,1.034,1.169,29.45,0.635,False,0.1659,4.9041
0.7332,0.87984,2,2,25,1,-0.0416,-0.0122,38.17,6.86,1.175,1.237,31.69,0.458,True,0.7009,0.5089
0.7332,0.87984,2,2,25,1,-0.0168,-0.0061,27.19,6.19,1.159,0.988,26.35,0.66,False,0.1705,2.1235
0.7332,0.87984,2,2,25,1,0.0082,-0.0168,43.47,7.88,0.954,0.763,24.2,0.509,False,0.1378,2.9501
0.7332,0.87984,2,2,25,1,-0.0637,-0.0058,44.88,13.84,1.343,1.358,27.87,0.524,False,0.6633,2.6525
0.7332,0.87984,2,2,25,1,-0.0292,0.0093,30.36,9.17,1.448,0.869,28.57,0.567,True,0.8298,0.2117
0.7332,0.87984,2,2,25,1,-0.0013,0.001,42.04,10.39,1.26,0.83,32.96,0.594,False,0.2479,3.2105
0.7332,0.87984,2,2,25,1,-0.0551,-0.0033,40.64,2.5,0.915,1.265,31.29,0.418,True,0.7369,1.0082
0.7332,0.87984,2,2,25,1,-0.0072,0.008,32.99,5.61,0.809,1.133,22.79,0.585,False,0.1606,1.6266
0.7332,0.87984,2,2,25,1,0.0228,-0.0094,26.25,4.1,1.723,1.152,29.23,0.608,False,0.1812,1.0156
0.7332,0.87984,2,2,25,1,-0.0224,0.0021,21.59,10.94,1.491,0.701,39.25,0.711,True,0.7036,0.3
0.7332,0.87984,2,2,25,1,-0.0139,-0.0001,25.24,12.5,0.985,0.859,38.37,0.641,False,0.2926,2.8287
0.7332,0.87984,2,2,25,1,-0.0062,-0.0108,33.68,12.27,1.519,1.012,35.88,0.537,True,0.7244,1.1562
0.7332,0.87984,2,2,25,1,-0.0238,-0.018,34.46,3.05,1.756,1.117,30.61,0.687,False,0.1586,3.9357
0.7332,0.87984,2,2,25,1,-0.0698,-0.0116,37.01,4.56,1.58,0.933,22.55,0.555,False,0.23,4.0016
0.7332,0.87984,2,2,25,1,0.0216,-0.0075,32.1,13.28,1.669,0.803,24.81,0.727,False,0.0739,5.2282
0.7332,0.87984,2,2,25,1,-0.0115,0.0036,36.44,2.23,0.839,1.379,37.11,0.8,False,0.1171,5.8179
0.7332,0.87984,2,2,25,1,-0.0626,-0.0153,41.2,7.57,0.876,0.939,37.93,0.431,True,0.8766,0.3024
0.7332,0.87984,2,2,25,1,0.0122,-0.0136,35.07,8.89,1.772,1.031,21.85,0.768,False,0.0984,2.6316
0.7332,0.87984,2,2,25,1,-0.0463,-0.0023,24.21,3.6,1.228,1.352,20.47,0.748,False,0.1273,1.7688
0.7332,0.87984,2,2,25,1,-0.0344,0.0051,22.51,13.08,1.116,1.299,26.74,0.468,False,0.3139,2.0379
0.7332,0.87984,2,2,25,1,-0.0355,0.0043,29.45,11.63,1.069,1.324,34.42,0.703,False,0.0338,40.0595
0.7332,0.87984,2,2,25,1,-0.0579,0.0064,27.64,9.75,1.393,0.786,32.56,0.482,True,0.7591,0.1619
0.7332,0.87984,2,2,25,1,0.0182,-0.014,30.86,9.9,1.562,1.198,25.67,0.45,False,0.1489,1.9555
0.7332,0.87984,2,2,25,1,0.001,-0.0012,22.08,4.98,1.009,0.729,34.87,0.776,False,0.1501,1.9011
0.7332,0.87984,2,2,25,1,-0.0523,-0.0173,20.73,14.51,1.311,1.214,23.38,0.62,False,0.2894,3.3322
0.7332,0.87984,2,2,25,1,0.0137,0.0084,38.4,14.88,1.662,1.064,39.98,0.745,True,0.528,1.6353
0.7332,0.87984,2,2,25,1,0.0035,-0.0045,39.5,5.05,1.299,0.907,20.71,0.403,False,0.2184,1.2486
0.7332,0.89856,2,3,26,1,-0.0405,-0.0081,42.97,6.43,1.408,1.078,36.09,0.494,True,0.219,1.0352
0.7332,0.89856,2,3,26,1,-0.0508,-0.0196,23.79,11.48,1.619,0.975,33.75,0.669,True,0.5689,0.3817
0.7332,0.89856,2,3,26,1,-0.0277,0.0012,29.11,8.26,1.034,1.169,29.45,0.635,False,0.1546,5.0084
0.7332,0.89856,2,3,26,1,-0.0416,-0.0122,38.17,6.86,1.175,1.237,31.69,0.458,False,0.7405,2.027
0.7332,0.89856,2,3,26,1,-0.0168,-0.0061,27.19,6.19,1.159,0.988,26.35,0.66,False,0.0589,6.913
0.7332,0.89856,2,3,26,1,0.0082,-0.0168,43.47,7.88,0.954,0.763,24.2,0.509,False,0.0908,4.9329
0.7332,0.89856,2,3,26,1,-0.0637,-0.0058,44.88,13.84,1.343,1.358,27.87,0.524,False,0.6605,2.7726
0.7332,0.89856,2,3,26,1,-0.0292,0.0093,30.36,9.17,1.448,0.869,28.57,0.567,True,0.7472,0.142
0.7332,0.89856,2,3,26,1,-0.0013,0.001,42.04,10.39,1.26,0.83,32.96,0.594,False,0.1382,5.8627
0.7332,0.89856,2,3,26,1,-0.0551,-0.0033,40.64,2.5,0.915,1.265,31.29,0.418,True,0.9612,0.4497
0.7332,0.89856,2,3,26,1,-0.0072,0.008,32.99,5.61,0.809,1.133,22.79,0.585,False,0.1947,1.4313
0.7332,0.89856,2,3,26,1,0.0228,-0.0094,26.25,4.1,1.723,1.152,29.23,0.608,False,0.0276,6.5851
0.7332,0.89856,2,3,26,1,-0.0224,0.0021,21.59,10.94,1.491,0.701,39.25,0.711,False,0.1446,7.6019
0.7332,0.89856,2,3,26,1,-0.0139,-0.0001,25.24,12.5,0.985,0.859,38.37,0.641,False,0.3424,2.0817
0.7332,0.89856,2,3,26,1,-0.0062,-0.0108,33.68,12.27,1.519,1.012,35.88,0.537,False,0.1982,5.1612
0.7332,0.89856,2,3,26,1,-0.0238,-0.018,34.46,3.05,1.756,1.117,30.61,0.687,True,1.4695,0.5594
0.7332,0.89856,2,3,26,1,-0.0698,-0.0116,37.01,4.56,1.58,0.933,22.55,0.555,False,0.3035,2.8885
0.7332,0.89856,2,3,26,1,0.0216,-0.0075,32.1,13.28,1.669,0.803,24.81,0.727,False,0.2592,1.7708
0.7332,0.89856,2,3,26,1,-0.0115,0.0036,36.44,2.23,0.839,1.379,37.11,0.8,False,0.0357,18.8595
0.7332,0.89856,2,3,26,1,-0.0626,-0.0153,41.2,7.57,0.876,0.939,37.93,0.431,True,0.2487,1.0137
0.7332,0.89856,2,3,26,1,0.0122,-0.0136,35.07,8.89,1.772,1.031,21.85,0.768,False,0.0849,3.3868
0.7332,0.89856,2,3,26,1,-0.0463,-0.0023,24.21,3.6,1.228,1.352,20.47,0.748,False,0.0607,3.7999
0.7332,0.89856,2,3,26,1,-0.0344,0.0051,22.51,13.08,1.116,1.299,26.74,0.468,False,0.2657,2.4955
0.7332,0.89856,2,3,26,1,-0.0355,0.0043,29.45,11.63,1.069,1.324,34.42,0.703,True,0.7712,1.6703
0.7332,0.89856,2,3,26,1,-0.0579,0.0064,27.64,9.75,1.393,0.786,32.56,0.482,True,0.7292,0.1691
0.7332,0.89856,2,3,26,1,0.0182,-0.014,30.86,9.9,1.562,1.198,25.67,0.45,False,0.2104,1.285
0.7332,0.89856,2,3,26,1,0.001,-0.0012,22.08,4.98,1.009,0.729,34.87,0.776,False,0.0308,9.7209
0.7332,0.89856,2,3,26,1,-0.0523,-0.0173,20.73,14.51,1.311,1.214,23.38,0.62,False,0.2502,3.7687
0.7332,0.89856,2,3,26,1,0.0137,0.0084,38.4,14.88,1.662,1.064,39.98,0.745,True,1.3534,0.677
0.7332,0.89856,2,3,26,1,0.0035,-0.0045,39.5,5.05,1.299,0.907,20.71,0.403,False,0.0946,3.6014
0.7332,0.91728,2,4,27,1,-0.0405,-0.0081,42.97,6.43,1.408,1.078,36.09,0.494,True,0.5228,0.4624
0.7332,0.91728,2,4,27,1,-0.0508,-0.0196,23.79,11.48,1.619,0.975,33.75,0.669,True,0.4592,0.3459
0.7332,0.91728,2,4,27,1,-0.0277,0.0012,29.11,8.26,1.034,1.169,29.45,0.635,False,0.1856,5.1475
0.7332,0.91728,2,4,27,1,-0.0416,-0.0122,38.17,6.86,1.175,1.237,31.69,0.458,False,0.7953,1.9116
0.7332,0.91728,2,4,27,1,-0.0168,-0.0061,27.19,6.19,1.159,0.988,26.35,0.66,False,0.081,5.3118
0.7332,0.91728,2,4,27,1,0.0082,-0.0168,43.47,7.88,0.954,0.763,24.2,0.509,False,0.1687,3.0769
0.7332,0.91728,2,4,27,1,-0.0637,-0.0058,44.88,13.84,1.343,1.358,27.87,0.524,False,0.8117,2.4039
0.7332,0.91728,2,4,27,1,-0.0292,0.0093,30.36,9.17,1.448,0.869,28.57,0.567,True,0.7293,0.1646
0.7332,0.91728,2,4,27,1,-0.0013,0.001,42.04,10.39,1.26,0.83,32.96,0.594,False,0.1417,6.085
0.7332,0.91728,2,4,27,1,-0.0551,-0.0033,40.64,2.5,0.915,1.265,31.29,0.418,True,0.6757,0.6217
0.7332,0.91728,2,4,27,1,-0.0072,0.008,32.99,5.61,0.809,1.133,22.79,0.585,False,0.1584,2.057
0.7332,0.91728,2,4,27,1,0.0228,-0.0094,26.25,4.1,1.723,1.152,29.23,0.608,False,0.0849,2.0903
0.7332,0.91728,2,4,27,1,-0.0224,0.0021,21.59,10.94,1.491,0.701,39.25,0.711,True,0.7106,0.3627
0.7332,0.91728,2,4,27,1,-0.0139,-0.0001,25.24,12.5,0.985,0.859,38.37,0.641,False,0.1416,7.8068
0.7332,0.91728,2,4,27,1,-0.0062,-0.0108,33.68,12.27,1.519,1.012,35.88,0.537,False,0.3555,3.0422
0.7332,0.91728,2,4,27,1,-0.0238,-0.018,34.46,3.05,1.756,1.117,30.61,0.687,False,0.0602,12.1674
0.7332,0.91728,2,4,27,1,-0.0698,-0.0116,37.01,4.56,1.58,0.933,22.55,0.555,False,0.3469,3.2695
0.7332,0.91728,2,4,27,1,0.0216,-0.0075,32.1,13.28,1.669,0.803,24.81,0.727,False,0.3167,1.33
0.7332,0.91728,2,4,27,1,-0.0115,0.0036,36.44,2.23,0.839,1.379,37.11,0.8,False,0.0638,10.8424
0.7332,0.91728,2,4,27,1,-0.0626,-0.0153,41.2,7.57,0.876,0.939,37.93,0.431,True,0.0641,6.8725
0.7332,0.91728,2,4,27,1,0.0122,-0.0136,35.07,8.89,1.772,1.031,21.85,0.768,False,0.0593,4.725
0.7332,0.91728,2,4,27,1,-0.0463,-0.0023,24.21,3.6,1.228,1.352,20.47,0.748,False,0.0742,3.837
0.7332,0.91728,2,4,27,1,-0.0344,0.0051,22.51,13.08,1.116,1.299,26.74,0.468,False,0.4678,1.7124
0.7332,0.91728,2,4,27,1,-0.0355,0.0043,29.45,11.63,1.069,1.324,34.42,0.703,False,0.3469,4.3199
0.7332,0.91728,2,4,27,1,-0.0579,0.0064,27.64,9.75,1.393,0.786,32.56,0.482,True,0.7816,0.1592
0.7332,0.91728,2,4,27,1,0.0182,-0.014,30.86,9.9,1.562,1.198,25.67,0.45,False,0.095,3.2842
0.7332,0.91728,2,4,27,1,0.001,-0.0012,22.08,4.98,1.009,0.729,34.87,0.776,False,0.1473,2.0823
0.7332,0.91728,2,4,27,1,-0.0523,-0.0173,20.73,14.51,1.311,1.214,23.38,0.62,False,0.1541,7.0255
0.7332,0.91728,2,4,27,1,0.0137,0.0084,38.4,14.88,1.662,1.064,39.98,0.745,False,0.3387,1.8915
0.7332,0.91728,2,4,27,1,0.0035,-0.0045,39.5,5.05,1.299,0.907,20.71,0.403,False,0.0851,4.7741
0.7332,0.936,2,5,28,1,-0.0405,-0.0081,42.97,6.43,1.408,1.078,36.09,0.494,True,0.2121,1.0541
0.7332,0.936,2,5,28,1,-0.0508,-0.0196,23.79,11.48,1.619,0.975,33.75,0.669,True,0.696,1.6791
0.7332,0.936,2,5,28,1,-0.0277,0.0012,29.11,8.26,1.034,1.169,29.45,0.635,False,0.1984,4.3161
0.7332,0.936,2,5,28,1,-0.0416,-0.0122,38.17,6.86,1.175,1.237,31.69,0.458,False,0.8252,1.9389
0.7332,0.936,2,5,28,1,-0.0168,-0.0061,27.19,6.19,1.159,0.988,26.35,0.66,False,0.13,3.1916
0.7332,0.936,2,5,28,1,0.0082,-0.0168,43.47,7.88,0.954,0.763,24.2,0.509,False,0.0269,16.857
0.7332,0.936,2,5,28,1,-0.0637,-0.0058,44.88,13.84,1.343,1.358,27.87,0.524,False,0.8136,2.423
0.7332,0.936,2,5,28,1,-0.0292,0.0093,30.36,9.17,1.448,0.869,28.57,0.567,True,0.7476,0.2468
0.7332,0.936,2,5,28,1,-0.0013,0.001,42.04,10.39,1.26,0.83,32.96,0.594,False,0.2831,2.954
0.7332,0.936,2,5,28,1,-0.0551,-0.0033,40.64,2.5,0.915,1.265,31.29,0.418,True,1.5254,0.2853
0.7332,0.936,2,5,28,1,-0.0072,0.008,32.99,5.61,0.809,1.133,22.79,0.585,False,0.1521,1.824
0.7332,0.936,2,5,28,1,0.0228,-0.0094,26.25,4.1,1.723,1.152,29.23,0.608,False,0.1968,0.9982
0.7332,0.936,2,5,28,1,-0.0224,0.0021,21.59,10.94,1.491,0.701,39.25,0.711,False,0.4497,2.6506
0.7332,0.936,2,5,28,1,-0.0139,-0.0001,25.24,12.5,0.985,0.859,38.37,0.641,False,0.2022,5.6167
0.7332,0.936,2,5,28,1,-0.0062,-0.0108,33.68,12.27,1.519,1.012,35.88,0.537,False,0.214,4.8036
0.7332,0.936,2,5,28,1,-0.0238,-0.018,34.46,3.05,1.756,1.117,30.61,0.687,False,0.2139,3.3195
0.7332,0.936,2,5,28,1,-0.0698,-0.0116,37.01,4.56,1.58,0.933,22.55,0.555,False,0.3691,2.567
0.7332,0.936,2,5,28,1,0.0216,-0.0075,32.1,13.28,1.669,0.803,24.81,0.727,False,0.2263,1.8462
0.7332,0.936,2,5,28,1,-0.0115,0.0036,36.44,2.23,0.839,1.379,37.11,0.8,False,0.0153,45.4924
0.7332,0.936,2,5,28,1,-0.0626,-0.0153,41.2,7.57,0.876,0.939,37.93,0.431,True,1.0344,0.3421
0.7332,0.936,2,5,28,1,0.0122,-0.0136,35.07,8.89,1.772,1.031,21.85,0.768,False,0.1115,2.488
0.7332,0.936,2,5,28,1,-0.0463,-0.0023,24.21,3.6,1.228,1.352,20.47,0.748,False,0.0401,7.1137
0.7332,0.936,2,5,28,1,-0.0344,0.0051,22.51,13.08,1.116,1.299,26.74,0.468,False,0.408,1.8578
0.7332,0.936,2,5,28,1,-0.0355,0.0043,29.45,11.63,1.069,1.324,34.42,0.703,False,0.2322,6.3572
0.7332,0.936,2,5,28,1,-0.0579,0.0064,27.64,9.75,1.393,0.786,32.56,0.482,True,0.7714,0.1601
0.7332,0.936,2,5,28,1,0.0182,-0.014,30.86,9.9,1.562,1.198,25.67,0.45,False,0.1642,1.9607
0.7332,0.936,2,5,28,1,0.001,-0.0012,22.08,4.98,1.009,0.729,34.87,0.776,False,0.264,1.1678
0.7332,0.936,2,5,28,1,-0.0523,-0.0173,20.73,14.51,1.311,1.214,23.38,0.62,False,0.2125,5.2541
0.7332,0.936,2,5,28,1,0.0137,0.0084,38.4,14.88,1.662,1.064,39.98,0.745,True,1.511,0.5983
0.7332,0.936,2,5,28,1,0.0035,-0.0045,39.5,5.05,1.299,0.907,20.71,0.403,False,0.1483,2.3396
0.7332,0.95472,2,6,29,1,-0.0405,-0.0081,42.97,6.43,1.408,1.078,36.09,0.494,True,0.5038,0.4736
0.7332,0.95472,2,6,29,1,-0.0508,-0.0196,23.79,11.48,1.619,0.975,33.75,0.669,True,0.4133,0.3739
0.7332,0.95472,2,6,29,1,-0.0277,0.0012,29.11,8.26,1.034,1.169,29.45,0.635,False,0.024,34.1675
0.7332,0.95472,2,6,29,1,-0.0416,-0.0122,38.17,6.86,1.175,1.237,31.69,0.458,False,0.4184,3.2749
0.7332,0.95472,2,6,29,1,-0.0168,-0.0061,27.19,6.19,1.159,0.988,26.35,0.66,False,0.1766,2.2426
0.7332,0.95472,2,6,29,1,0.0082,-0.0168,43.47,7.88,0.954,0.763,24.2,0.509,False,0.0232,19.3363
0.7332,0.95472,2,6,29,1,-0.0637,-0.0058,44.88,13.84,1.343,1.358,27.87,0.524,False,0.7697,2.391
0.7332,0.95472,2,6,29,1,-0.0292,0.0093,30.36,9.17,1.448,0.869,28.57,0.567,True,0.8028,0.2079
0.7332,0.95472,2,6,29,1,-0.0013,0.001,42.04,10.39,1.26,0.83,32.96,0.594,False,0.2246,3.7065
0.7332,0.95472,2,6,29,1,-0.0551,-0.0033,40.64,2.5,0.915,1.265,31.29,0.418,True,0.5939,0.6171
0.7332,0.95472,2,6,29,1,-0.0072,0.008,32.99,5.61,0.809,1.133,22.79,0.585,False,0.1163,2.415
0.7332,0.95472,2,6,29,1,0.0228,-0.0094,26.25,4.1,1.723,1.152,29.23,0.608,False,0.0467,3.6526
0.7332,0.95472,2,6,29,1,-0.0224,0.0021,21.59,10.94,1.491,0.701,39.25,0.711,False,0.2147,4.4011
0.7332,0.95472,2,6,29,1,-0.0139,-0.0001,25.24,12.5,0.985,0.859,38.37,0.641,False,0.2909,3.3341
0.7332,0.95472,2,6,29,1,-0.0062,-0.0108,33.68,12.27,1.519,1.012,35.88,0.537,False,0.2216,4.2725
0.7332,0.95472,2,6,29,1,-0.0238,-0.018,34.46,3.05,1.756,1.117,30.61,0.687,False,0.1253,5.515
0.7332,0.95472,2,6,29,1,-0.0698,-0.0116,37.01,4.56,1.58,0.933,22.55,0.555,False,0.1656,6.0284
0.7332,0.95472,2,6,29,1,0.0216,-0.0075,32.1,13.28,1.669,0.803,24.81,0.727,False,0.1152,4.0355
0.7332,0.95472,2,6,29,1,-0.0115,0.0036,36.44,2.23,0.839,1.379,37.11,0.8,False,0.0111,63.532
0.7332,0.95472,2,6,29,1,-0.0626,-0.0153,41.2,7.57,0.876,0.939,37.93,0.431,True,0.3304,1.4996
0.7332,0.95472,2,6,29,1,0.0122,-0.0136,35.07,8.89,1.772,1.031,21.85,0.768,False,0.11,2.5767
0.7332,0.95472,2,6,29,1,-0.0463,-0.0023,24.21,3.6,1.228,1.352,20.47,0.748,False,0.0176,16.6116
0.7332,0.95472,2,6,29,1,-0.0344,0.0051,22.51,13.08,1.116,1.299,26.74,0.468,False,0.359,1.8726
0.7332,0.95472,2,6,29,1,-0.0355,0.0043,29.45,11.63,1.069,1.324,34.42,0.703,True,0.2636,3.4311
0.7332,0.95472,2,6,29,1,-0.0579,0.0064,27.64,9.75,1.393,0.786,32.56,0.482,True,0.7104,0.1715
0.7332,0.95472,2,6,29,1,0.0182,-0.014,30.86,9.9,1.562,1.198,25.67,0.45,False,0.1572,1.8811
0.7332,0.95472,2,6,29,1,0.001,-0.0012,22.08,4.98,1.009,0.729,34.87,0.776,False,0.1032,2.9798
0.7332,0.95472,2,6,29,1,-0.0523,-0.0173,20.73,14.51,1.311,1.214,23.38,0.62,False,0.2892,3.3796
0.7332,0.95472,2,6,29,1,0.0137,0.0084,38.4,14.88,1.662,1.064,39.98,0.745,True,1.5353,0.6858
0.7332,0.95472,2,6,29,1,0.0035,-0.0045,39.5,5.05,1.299,0.907,20.71,0.403,False,0.1401,2.1277
0.7332,0.97344,2,7,30,1,-0.0405,-0.0081,42.97,6.43,1.408,1.078,36.09,0.494,True,0.2462,0.8949
0.7332,0.97344,2,7,30,1,-0.0508,-0.0196,23.79,11.48,1.619,0.975,33.75,0.669,True,0.242,0.6837
0.7332,0.97344,2,7,30,1,-0.0277,0.0012,29.11,8.26,1.034,1.169,29.45,0.635,False,0.283,2.8638
0.7332,0.97344,2,7,30,1,-0.0416,-0.0122,38.17,6.86,1.175,1.237,31.69,0.458,False,0.6391,2.2857
0.7332,0.97344,2,7,30,1,-0.0168,-0.0061,27.19,6.19,1.159,0.988,26.35,0.66,False,0.064,5.7187
0.7332,0.97344,2,7,30,1,0.0082,-0.0168,43.47,7.88,0.954,0.763,24.2,0.509,False,0.1552,2.8472
0.7332,0.97344,2,7,30,1,-0.0637,-0.0058,44.88,13.84,1.343,1.358,27.87,0.524,False,0.6588,2.7871
0.7332,0.97344,2,7,30,1,-0.0292,0.0093,30.36,9.17,1.448,0.869,28.57,0.567,True,0.7908,0.2733
0.7332,0.97344,2,7,30,1,-0.0013,0.001,42.04,10.39,1.26,0.83,32.96,0.594,False,0.3046,2.7019
0.7332,0.97344,2,7,30,1,-0.0551,-0.0033,40.64,2.5,0.915,1.265,31.29,0.418,True,0.3998,0.6631
0.7332,0.97344,2,7,30,1,-0.0072,0.008,32.99,5.61,0.809,1.133,22.79,0.585,False,0.2472,1.1062
0.7332,0.97344,2,7,30,1,0.0228,-0.0094,26.25,4.1,1.723,1.152,29.23,0.608,False,0.074,2.352
0.7332,0.97344,2,7,30,1,-0.0224,0.0021,21.59,10.94,1.491,0.701,39.25,0.711,False,0.2718,3.9113
0.7332,0.97344,2,7,30,1,-0.0139,-0.0001,25.24,12.5,0.985,0.859,38.37,0.641,False,0.2528,4.2867
0.7332,0.97344,2,7,30,1,-0.0062,-0.0108,33.68,12.27,1.519,1.012,35.88,0.537,False,0.2381,4.0939
0.7332,0.97344,2,7,30,1,-0.0238,-0.018,34.46,3.05,1.756,1.117,30.61,0.687,False,0.1723,3.6973
0.7332,0.97344,2,7,30,1,-0.0698,-0.0116,37.01,4.56,1.58,0.933,22.55,0.555,False,0.5087,1.7899
0.7332,0.97344,2,7,30,1,0.0216,-0.0075,32.1,13.28,1.669,0.803,24.81,0.727,False,0.295,1.4209
0.7332,0.97344,2,7,30,1,-0.0115,0.0036,36.44,2.23,0.839,1.379,37.11,0.8,False,0.0332,19.1434
0.7332,0.97344,2,7,30,1,-0.0626,-0.0153,41.2,7.57,0.876,0.939,37.93,0.431,True,0.4216,1.9035
0.7332,0.97344,2,7,30,1,0.0122,-0.0136,35.07,8.89,1.772,1.031,21.85,0.768,False,0.1471,1.8567
0.7332,0.97344,2,7,30,1,-0.0463,-0.0023,24.21,3.6,1.228,1.352,20.47,0.748,False,0.1466,1.628
0.7332,0.97344,2,7,30,1,-0.0344,0.0051,22.51,13.08,1.116,1.299,26.74,0.468,False,0.2838,2.1899
0.7332,0.97344,2,7,30,1,-0.0355,0.0043,29.45,11.63,1.069,1.324,34.42,0.703,True,0.7525,0.5221
0.7332,0.97344,2,7,30,1,-0.0579,0.0064,27.64,9.75,1.393,0.786,32.56,0.482,True,0.7017,0.1624
0.7332,0.97344,2,7,30,1,0.0182,-0.014,30.86,9.9,1.562,1.198,25.67,0.45,False,0.1002,2.7672
0.7332,0.97344,2,7,30,1,0.001,-0.0012,22.08,4.98,1.009,0.729,34.87,0.776,False,0.0811,3.7412
0.7332,0.97344,2,7,30,1,-0.0523,-0.0173,20.73,14.51,1.311,1.214,23.38,0.62,False,0.3028,3.3077
0.7332,0.97344,2,7,30,1,0.0137,0.0084,38.4,14.88,1.662,1.064,39.98,0.745,True,1.3781,0.9795
0.7332,0.97344,2,7,30,1,0.0035,-0.0045,39.5,5.05,1.299,0.907,20.71,0.403,False,0.0893,3.5686
0.7332,0.99216,2,8,31,1,-0.0405,-0.0081,42.97,6.43,1.408,1.078,36.09,0.494,True,0.6325,0.7786
0.7332,0.99216,2,8,31,1,-0.0508,-0.0196,23.79,11.48,1.619,0.975,33.75,0.669,True,0.2981,0.5633
0.7332,0.99216,2,8,31,1,-0.0277,0.0012,29.11,8.26,1.034,1.169,29.45,0.635,False,0.2635,3.1195
0.7332,0.99216,2,8,31,1,-0.0416,-0.0122,38.17,6.86,1.175,1.237,31.69,0.458,True,0.7164,1.6115
0.7332,0.99216,2,8,31,1,-0.0168,-0.0061,27.19,6.19,1.159,0.988,26.35,0.66,False,0.0795,4.6925
0.7332,0.99216,2,8,31,1,0.0082,-0.0168,43.47,7.88,0.954,0.763,24.2,0.509,False,0.2147,1.8709
0.7332,0.99216,2,8,31,1,-0.0637,-0.0058,44.88,13.84,1.343,1.358,27.87,0.524,False,0.8322,2.3021
0.7332,0.99216,2,8,31,1,-0.0292,0.0093,30.36,9.17,1.448,0.869,28.57,0.567,True,0.779,0.2162
0.7332,0.99216,2,8,31,1,-0.0013,0.001,42.04,10.39,1.26,0.83,32.96,0.594,False,0.1843,4.2832
0.7332,0.99216,2,8,31,1,-0.0551,-0.0033,40.64,2.5,0.915,1.265,31.29,0.418,False,1.1675,1.3073
0.7332,0.99216,2,8,31,1,-0.0072,0.008,32.99,5.61,0.809,1.133,22.79,0.585,False,0.059,4.5976
0.7332,0.99216,2,8,31,1,0.0228,-0.0094,26.25,4.1,1.723,1.152,29.23,0.608,False,0.0578,2.9054
0.7332,0.99216,2,8,31,1,-0.0224,0.0021,21.59,10.94,1.491,0.701,39.25,0.711,True,0.6928,0.3576
0.7332,0.99216,2,8,31,1,-0.0139,-0.0001,25.24,12.5,0.985,0.859,38.37,0.641,False,0.1231,8.0912
0.7332,0.99216,2,8,31,1,-0.0062,-0.0108,33.68,12.27,1.519,1.012,35.88,0.537,False,0.201,5.0052
0.7332,0.99216,2,8,31,1,-0.0238,-0.018,34.46,3.05,1.756,1.117,30.61,0.687,True,0.6602,1.7963
0.7332,0.99216,2,8,31,1,-0.0698,-0.0116,37.01,4.56,1.58,0.933,22.55,0.555,False,0.3029,3.2436
0.7332,0.99216,2,8,31,1,0.0216,-0.0075,32.1,13.28,1.669,0.803,24.81,0.727,False,0.1767,2.4254
0.7332,0.99216,2,8,31,1,-0.0115,0.0036,36.44,2.23,0.839,1.379,37.11,0.8,False,0.105,6.4868
0.7332,0.99216,2,8,31,1,-0.0626,-0.0153,41.2,7.57,0.876,0.939,37.93,0.431,True,0.8615,0.5427
0.7332,0.99216,2,8,31,1,0.0122,-0.0136,35.07,8.89,1.772,1.031,21.85,0.768,False,0.1923,1.4725
0.7332,0.99216,2,8,31,1,-0.0463,-0.0023,24.21,3.6,1.228,1.352,20.47,0.748,False,0.0267,10.1357
0.7332,0.99216,2,8,31,1,-0.0344,0.0051,22.51,13.08,1.116,1.299,26.74,0.468,False,0.311,2.1191
0.7332,0.99216,2,8,31,1,-0.0355,0.0043,29.45,11.63,1.069,1.324,34.42,0.703,False,0.3139,4.6188
0.7332,0.99216,2,8,31,1,-0.0579,0.0064,27.64,9.75,1.393,0.786,32.56,0.482,True,0.6731,0.167
0.7332,0.99216,2,8,31,1,0.0182,-0.014,30.86,9.9,1.562,1.198,25.67,0.45,False,0.3114,0.9419
0.7332,0.99216,2,8,31,1,0.001,-0.0012,22.08,4.98,1.009,0.729,34.87,0.776,False,0.1482,2.0679
0.7332,0.99216,2,8,31,1,-0.0523,-0.0173,20.73,14.51,1.311,1.214,23.38,0.62,False,0.3359,3.1792
0.7332,0.99216,2,8,31,1,0.0137,0.0084,38.4,14.88,1.662,1.064,39.98,0.745,False,0.2195,2.6826
0.7332,0.99216,2,8,31,1,0.0035,-0.0045,39.5,5.05,1.299,0.907,20.71,0.403,False,0.109,2.7874
0.7332,1.01088,2,9,32,1,-0.0405,-0.0081,42.97,6.43,1.408,1.078,36.09,0.494,True,0.9149,0.8993
0.7332,1.01088,2,9,32,1,-0.0508,-0.0196,23.79,11.48,1.619,0.975,33.75,0.669,False,0.2621,7.1438
0.7332,1.01088,2,9,32,1,-0.0277,0.0012,29.11,8.26,1.034,1.169,29.45,0.635,False,0.1936,4.6574
0.7332,1.01088,2,9,32,1,-0.0416,-0.0122,38.17,6.86,1.175,1.237,31.69,0.458,False,0.8152,1.9126
0.7332,1.01088,2,9,32,1,-0.0168,-0.0061,27.19,6.19,1.159,0.988,26.35,0.66,False,0.1174,3.9495
0.7332,1.01088,2,9,32,1,0.0082,-0.0168,43.47,7.88,0.954,0.763,24.2,0.509,False,0.1106,4.8068
0.7332,1.01088,2,9,32,1,-0.0637,-0.0058,44.88,13.84,1.343,1.358,27.87,0.524,False,1.148,1.7781
0.7332,1.01088,2,9,32,1,-0.0292,0.0093,30.36,9.17,1.448,0.869,28.57,0.567,False,0.1026,9.2024
0.7332,1.01088,2,9,32,1,-0.0013,0.001,42.04,10.39,1.26,0.83,32.96,0.594,False,0.1843,4.7079
0.7332,1.01088,2,9,32,1,-0.0551,-0.0033,40.64,2.5,0.915,1.265,31.29,0.418,True,1.1121,0.2951
0.7332,1.01088,2,9,32,1,-0.0072,0.008,32.99,5.61,0.809,1.133,22.79,0.585,False,0.0859,3.5219
0.7332,1.01088,2,9,32,1,0.0228,-0.0094,26.25,4.1,1.723,1.152,29.23,0.608,False,0.1294,1.4798
0.7332,1.01088,2,9,32,1,-0.0224,0.0021,21.59,10.94,1.491,0.701,39.25,0.711,False,0.1648,7.0955
0.7332,1.01088,2,9,32,1,-0.0139,-0.0001,25.24,12.5,0.985,0.859,38.37,0.641,False,0.1949,5.4528
0.7332,1.01088,2,9,32,1,-0.0062,-0.0108,33.68,12.27,1.519,1.012,35.88,0.537,False,0.3072,3.4244
0.7332,1.01088,2,9,32,1,-0.0238,-0.018,34.46,3.05,1.756,1.117,30.61,0.687,False,0.1978,3.7395
0.7332,1.01088,2,9,32,1,-0.0698,-0.0116,37.01,4.56,1.58,0.933,22.55,0.555,False,0.4283,2.2169
0.7332,1.01088,2,9,32,1,0.0216,-0.0075,32.1,13.28,1.669,0.803,24.81,0.727,False,0.2388,1.762
0.7332,1.01088,2,9,32,1,-0.0115,0.0036,36.44,2.23,0.839,1.379,37.11,0.8,False,0.1291,5.188
0.7332,1.01088,2,9,32,1,-0.0626,-0.0153,41.2,7.57,0.876,0.939,37.93,0.431,True,0.4634,1.54
0.7332,1.01088,2,9,32,1,0.0122,-0.0136,35.07,8.89,1.772,1.031,21.85,0.768,False,0.2391,1.2199
0.7332,1.01088,2,9,32,1,-0.0463,-0.0023,24.21,3.6,1.228,1.352,20.47,0.748,False,0.048,5.838
0.7332,1.01088,2,9,32,1,-0.0344,0.0051,22.51,13.08,1.116,1.299,26.74,0.468,False,0.3493,2.1106
0.7332,1.01088,2,9,32,1,-0.0355,0.0043,29.45,11.63,1.069,1.324,34.42,0.703,False,0.2364,6.5115
0.7332,1.01088,2,9,32,1,-0.0579,0.0064,27.64,9.75,1.393,0.786,32.56,0.482,True,0.7139,0.1823
0.7332,1.01088,2,9,32,1,0.0182,-0.014,30.86,9.9,1.562,1.198,25.67,0.45,False,0.0272,13.4274
0.7332,1.01088,2,9,32,1,0.001,-0.0012,22.08,4.98,1.009,0.729,34.87,0.776,False,0.0486,6.5486
0.7332,1.01088,2,9,32,1,-0.0523,-0.0173,20.73,14.51,1.311,1.214,23.38,0.62,False,0.0499,21.9833
0.7332,1.01088,2,9,32,1,0.0137,0.0084,38.4,14.88,1.662,1.064,39.98,0.745,False,0.219,2.7463
0.7332,1.01088,2,9,32,1,0.0035,-0.0045,39.5,5.05,1.299,0.907,20.71,0.403,False,0.0524,8.1047
0.7332,1.0296,2,10,33,1,-0.0405,-0.0081,42.97,6.43,1.408,1.078,36.09,0.494,True,0.89,1.7874
0.7332,1.0296,2,10,33,1,-0.0508,-0.0196,23.79,11.48,1.619,0.975,33.75,0.669,True,0.3418,0.4838
0.7332,1.0296,2,10,33,1,-0.0277,0.0012,29.11,8.26,1.034,1.169,29.45,0.635,False,0.2025,3.8866
0.7332,1.0296,2,10,33,1,-0.0416,-0.0122,38.17,6.86,1.175,1.237,31.69,0.458,False,0.5131,2.6957
0.7332,1.0296,2,10,33,1,-0.0168,-0.0061,27.19,6.19,1.159,0.988,26.35,0.66,False,0.081,4.8581
0.7332,1.0296,2,10,33,1,0.0082,-0.0168,43.47,7.88,0.954,0.763,24.2,0.509,False,0.3149,1.53
0.7332,1.0296,2,10,33,1,-0.0637,-0.0058,44.88,13.84,1.343,1.358,27.87,0.524,False,0.9967,1.865
0.7332,1.0296,2,10,33,1,-0.0292,0.0093,30.36,9.17,1.448,0.869,28.57,0.567,False,0.2082,4.2376
0.7332,1.0296,2,10,33,1,-0.0013,0.001,42.04,10.39,1.26,0.83,32.96,0.594,False,0.0271,30.2203
0.7332,1.0296,2,10,33,1,-0.0551,-0.0033,40.64,2.5,0.915,1.265,31.29,0.418,True,1.3817,0.4981
0.7332,1.0296,2,10,33,1,-0.0072,0.008,32.99,5.61,0.809,1.133,22.79,0.585,False,0.1701,1.2979
0.7332,1.0296,2,10,33,1,0.0228,-0.0094,26.25,4.1,1.723,1.152,29.23,0.608,False,0.1338,1.2584
0.7332,1.0296,2,10,33,1,-0.0224,0.0021,21.59,10.94,1.491,0.701,39.25,0.711,False,0.2986,3.7786
0.7332,1.0296,2,10,33,1,-0.0139,-0.0001,25.24,12.5,0.985,0.859,38.37,0.641,False,0.2762,3.7308
0.7332,1.0296,2,10,33,1,-0.0062,-0.0108,33.68,12.27,1.519,1.012,35.88,0.537,False,0.2153,4.5233
0.7332,1.0296,2,10,33,1,-0.0238,-0.018,34.46,3.05,1.756,1.117,30.61,0.687,False,0.1834,3.7003
0.7332,1.0296,2,10,33,1,-0.0698,-0.0116,37.01,4.56,1.58,0.933,22.55,0.555,False,0.3329,2.8951
0.7332,1.0296,2,10,33,1,0.0216,-0.0075,32.1,13.28,1.669,0.803,24.81,0.727,False,0.2738,1.7392
0.7332,1.0296,2,10,33,1,-0.0115,0.0036,36.44,2.23,0.839,1.379,37.11,0.8,False,0.0301,22.339
0.7332,1.0296,2,10,33,1,-0.0626,-0.0153,41.2,7.57,0.876,0.939,37.93,0.431,True,0.8776,0.7195
0.7332,1.0296,2,10,33,1,0.0122,-0.0136,35.07,8.89,1.772,1.031,21.85,0.768,False,0.188,1.509
0.7332,1.0296,2,10,33,1,-0.0463,-0.0023,24.21,3.6,1.228,1.352,20.47,0.748,False,0.0939,2.7629
0.7332,1.0296,2,10,33,1,-0.0344,0.0051,22.51,13.08,1.116,1.299,26.74,0.468,False,0.172,3.6793
0.7332,1.0296,2,10,33,1,-0.0355,0.0043,29.45,11.63,1.069,1.324,34.42,0.703,False,0.2295,6.1082
0.7332,1.0296,2,10,33,1,-0.0579,0.0064,27.64,9.75,1.393,0.786,32.56,0.482,True,0.7057,0.1849
0.7332,1.0296,2,10,33,1,0.0182,-0.014,30.86,9.9,1.562,1.198,25.67,0.45,False,0.0867,3.4435
0.7332,1.0296,2,10,33,1,0.001,-0.0012,22.08,4.98,1.009,0.729,34.87,0.776,False,0.0579,5.0943
0.7332,1.0296,2,10,33,1,-0.0523,-0.0173,20.73,14.51,1.311,1.214,23.38,0.62,False,0.2664,3.9049
0.7332,1.0296,2,10,33,1,0.0137,0.0084,38.4,14.88,1.662,1.064,39.98,0.745,False,0.0585,10.9574
0.7332,1.0296,2,10,33,1,0.0035,-0.0045,39.5,5.05,1.299,0.907,20.71,0.403,False,0.2209,1.3774
0.7488,0.8424,3,0,34,1,-0.0405,-0.0081,42.97,6.43,1.408,1.078,36.09,0.494,True,0.4971,0.4391
0.7488,0.8424,3,0,34,1,-0.0508,-0.0196,23.79,11.48,1.619,0.975,33.75,0.669,True,0.6107,0.6788
0.7488,0.8424,3,0,34,1,-0.0277,0.0012,29.11,8.26,1.034,1.169,29.45,0.635,False,0.1707,4.5651
0.7488,0.8424,3,0,34,1,-0.0416,-0.0122,38.17,6.86,1.175,1.237,31.69,0.458,False,0.2197,6.6741
0.7488,0.8424,3,0,34,1,-0.0168,-0.0061,27.19,6.19,1.159,0.988,26.35,0.66,False,0.0751,4.8084
0.7488,0.8424,3,0,34,1,0.0082,-0.0168,43.47,7.88,0.954,0.763,24.2,0.509,False,0.1712,2.1466
0.7488,0.8424,3,0,34,1,-0.0637,-0.0058,44.88,13.84,1.343,1.358,27.87,0.524,False,1.3105,1.5146
0.7488,0.8424,3,0,34,1,-0.0292,0.0093,30.36,9.17,1.448,0.869,28.57,0.567,True,0.7487,0.1778
0.7488,0.8424,3,0,34,1,-0.0013,0.001,42.04,10.39,1.26,0.83,32.96,0.594,False,0.3075,2.5825
0.7488,0.8424,3,0,34,1,-0.0551,-0.0033,40.64,2.5,0.915,1.265,31.29,0.418,True,0.3675,0.8098
0.7488,0.8424,3,0,34,1,-0.0072,0.008,32.99,5.61,0.809,1.133,22.79,0.585,False,0.1412,1.7769
0.7488,0.8424,3,0,34,1,0.0228,-0.0094,26.25,4.1,1.723,1.152,29.23,0.608,False,0.0505,3.5443
0.7488,0.8424,3,0,34,1,-0.0224,0.0021,21.59,10.94,1.491,0.701,39.25,0.711,False,0.1454,7.3271
0.7488,0.8424,3,0,34,1,-0.0139,-0.0001,25.24,12.5,0.985,0.859,38.37,0.641,False,0.1229,8.0785
0.7488,0.8424,3,0,34,1,-0.0062,-0.0108,33.68,12.27,1.519,1.012,35.88,0.537,False,0.2999,3.2678
0.7488,0.8424,3,0,34,1,-0.0238,-0.018,34.46,3.05,1.756,1.117,30.61,0.687,False,0.1301,5.1139
0.7488,0.8424,3,0,34,1,-0.0698,-0.0116,37.01,4.56,1.58,0.933,22.55,0.555,False,0.181,5.5005
0.7488,0.8424,3,0,34,1,0.0216,-0.0075,32.1,13.28,1.669,0.803,24.81,0.727,False,0.1896,2.2936
0.7488,0.8424,3,0,34,1,-0.0115,0.0036,36.44,2.23,0.839,1.379,37.11,0.8,False,0.0867,7.3375
0.7488,0.8424,3,0,34,1,-0.0626,-0.0153,41.2,7.57,0.876,0.939,37.93,0.431,True,1.5287,0.5456
0.7488,0.8424,3,0,34,1,0.0122,-0.0136,35.07,8.89,1.772,1.031,21.85,0.768,False,0.2157,1.1803
0.7488,0.8424,3,0,34,1,-0.0463,-0.0023,24.21,3.6,1.228,1.352,20.47,0.748,False,0.1162,1.8564
0.7488,0.8424,3,0,34,1,-0.0344,0.0051,22.51,13.08,1.116,1.299,26.74,0.468,False,0.5543,1.2631
0.7488,0.8424,3,0,34,1,-0.0355,0.0043,29.45,11.63,1.069,1.324,34.42,0.703,False,0.1542,9.533
0.7488,0.8424,3,0,34,1,-0.0579,0.0064,27.64,9.75,1.393,0.786,32.56,0.482,True,0.7954,0.2648
0.7488,0.8424,3,0,34,1,0.0182,-0.014,30.86,9.9,1.562,1.198,25.67,0.45,False,0.1469,1.8896
0.7488,0.8424,3,0,34,1,0.001,-0.0012,22.08,4.98,1.009,0.729,34.87,0.776,False,0.1846,1.5916
0.7488,0.8424,3,0,34,1,-0.0523,-0.0173,20.73,14.51,1.311,1.214,23.38,0.62,False,0.1819,5.2196
0.7488,0.8424,3,0,34,1,0.0137,0.0084,38.4,14.88,1.662,1.064,39.98,0.745,False,0.0467,12.1184
0.7488,0.8424,3,0,34,1,0.0035,-0.0045,39.5,5.05,1.299,0.907,20.71,0.403,False,0.1376,2.1295
0.7488,0.86112,3,1,35,1,-0.0405,-0.0081,42.97,6.43,1.408,1.078,36.09,0.494,True,0.6048,0.3991
0.7488,0.86112,3,1,35,1,-0.0508,-0.0196,23.79,11.48,1.619,0.975,33.75,0.669,False,0.3109,5.2309
0.7488,0.86112,3,1,35,1,-0.0277,0.0012,29.11,8.26,1.034,1.169,29.45,0.635,False,0.1772,4.705
0.7488,0.86112,3,1,35,1,-0.0416,-0.0122,38.17,6.86,1.175,1.237,31.69,0.458,False,1.3439,1.2196
0.7488,0.86112,3,1,35,1,-0.0168,-0.0061,27.19,6.19,1.159,0.988,26.35,0.66,False,0.0947,4.5796
0.7488,0.86112,3,1,35,1,0.0082,-0.0168,43.47,7.88,0.954,0.763,24.2,0.509,False,0.116,4.3908
0.7488,0.86112,3,1,35,1,-0.0637,-0.0058,44.88,13.84,1.343,1.358,27.87,0.524,True,0.5918,2.3817
0.7488,0.86112,3,1,35,1,-0.0292,0.0093,30.36,9.17,1.448,0.869,28.57,0.567,False,0.3478,2.7567
0.7488,0.86112,3,1,35,1,-0.0013,0.001,42.04,10.39,1.26,0.83,32.96,0.594,False,0.2476,3.4669
0.7488,0.86112,3,1,35,1,-0.0551,-0.0033,40.64,2.5,0.915,1.265,31.29,0.418,True,1.0575,0.4923
0.7488,0.86112,3,1,35,1,-0.0072,0.008,32.99,5.61,0.809,1.133,22.79,0.585,False,0.2241,1.365
0.7488,0.86112,3,1,35,1,0.0228,-0.0094,26.25,4.1,1.723,1.152,29.23,0.608,False,0.0511,3.6443
0.7488,0.86112,3,1,35,1,-0.0224,0.0021,21.59,10.94,1.491,0.701,39.25,0.711,True,0.6899,0.2683
0.7488,0.86112,3,1,35,1,-0.0139,-0.0001,25.24,12.5,0.985,0.859,38.37,0.641,False,0.1281,8.7336
0.7488,0.86112,3,1,35,1,-0.0062,-0.0108,33.68,12.27,1.519,1.012,35.88,0.537,False,0.1723,6.117
0.7488,0.86112,3,1,35,1,-0.0238,-0.018,34.46,3.05,1.756,1.117,30.61,0.687,False,0.1336,5.6058
0.7488,0.86112,3,1,35,1,-0.0698,-0.0116,37.01,4.56,1.58,0.933,22.55,0.555,False,0.4733,1.99
0.7488,0.86112,3,1,35,1,0.0216,-0.0075,32.1,13.28,1.669,0.803,24.81,0.727,False,0.321,1.3218
0.7488,0.86112,3,1,35,1,-0.0115,0.0036,36.44,2.23,0.839,1.379,37.11,0.8,False,0.0862,7.6318
0.7488,0.86112,3,1,35,1,-0.0626,-0.0153,41.2,7.57,0.876,0.939,37.93,0.431,True,0.7135,1.0051
0.7488,0.86112,3,1,35,1,0.0122,-0.0136,35.07,8.89,1.772,1.031,21.85,0.768,False,0.1277,2.1483
0.7488,0.86112,3,1,35,1,-0.0463,-0.0023,24.21,3.6,1.228,1.352,20.47,0.748,False,0.0556,5.3695
0.7488,0.86112,3,1,35,1,-0.0344,0.0051,22.51,13.08,1.116,1.299,26.74,0.468,False,0.3334,2.3381
0.7488,0.86112,3,1,35,1,-0.0355,0.0043,29.45,11.63,1.069,1.324,34.42,0.703,False,0.3672,4.1189
0.7488,0.86112,3,1,35,1,-0.0579,0.0064,27.64,9.75,1.393,0.786,32.56,0.482,True,0.6601,0.1841
0.7488,0.86112,3,1,35,1,0.0182,-0.014,30.86,9.9,1.562,1.198,25.67,0.45,False,0.1421,2.3459
0.7488,0.86112,3,1,35,1,0.001,-0.0012,22.08,4.98,1.009,0.729,34.87,0.776,False,0.1061,2.9963
0.7488,0.86112,3,1,35,1,-0.0523,-0.0173,20.73,14.51,1.311,1.214,23.38,0.62,False,0.1981,5.788
0.7488,0.86112,3,1,35,1,0.0137,0.0084,38.4,14.88,1.662,1.064,39.98,0.745,True,1.0235,0.7931
0.7488,0.86112,3,1,35,1,0.0035,-0.0045,39.5,5.05,1.299,0.907,20.71,0.403,False,0.1085,3.3965
0.7488,0.87984,3,2,36,1,-0.0405,-0.0081,42.97,6.43,1.408,1.078,36.09,0.494,True,0.5565,0.4867
0.7488,0.87984,3,2,36,1,-0.0508,-0.0196,23.79,11.48,1.619,0.975,33.75,0.669,True,0.5444,0.354
0.7488,0.87984,3,2,36,1,-0.0277,0.0012,29.11,8.26,1.034,1.169,29.45,0.635,False,0.1997,4.362
0.7488,0.87984,3,2,36,1,-0.0416,-0.0122,38.17,6.86,1.175,1.237,31.69,0.458,False,0.6321,2.46
0.7488,0.87984,3,2,36,1,-0.0168,-0.0061,27.19,6.19,1.159,0.988,26.35,0.66,False,0.0947,4.4013
0.7488,0.87984,3,2,36,1,0.0082,-0.0168,43.47,7.88,0.954,0.763,24.2,0.509,False,0.0506,8.6241
0.7488,0.87984,3,2,36,1,-0.0637,-0.0058,44.88,13.84,1.343,1.358,27.87,0.524,False,1.0564,1.8535
0.7488,0.87984,3,2,36,1,-0.0292,0.0093,30.36,9.17,1.448,0.869,28.57,0.567,True,0.7259,0.1941
0.7488,0.87984,3,2,36,1,-0.0013,0.001,42.04,10.39,1.26,0.83,32.96,0.594,False,0.2664,3.2261
0.7488,0.87984,3,2,36,1,-0.0551,-0.0033,40.64,2.5,0.915,1.265,31.29,0.418,True,0.8407,0.3574
0.7488,0.87984,3,2,36,1,-0.0072,0.008,32.99,5.61,0.809,1.133,22.79,0.585,False,0.2273,1.1421
0.7488,0.87984,3,2,36,1,0.0228,-0.0094,26.25,4.1,1.723,1.152,29.23,0.608,False,0.0326,5.5118
0.7488,0.87984,3,2,36,1,-0.0224,0.0021,21.59,10.94,1.491,0.701,39.25,0.711,True,0.6567,0.248
0.7488,0.87984,3,2,36,1,-0.0139,-0.0001,25.24,12.5,0.985,0.859,38.37,0.641,False,0.0847,12.3512
0.7488,0.87984,3,2,36,1,-0.0062,-0.0108,33.68,12.27,1.519,1.012,35.88,0.537,False,0.257,3.9377
0.7488,0.87984,3,2,36,1,-0.0238,-0.018,34.46,3.05,1.756,1.117,30.61,0.687,True,0.8215,0.3786
0.7488,0.87984,3,2,36,1,-0.0698,-0.0116,37.01,4.56,1.58,0.933,22.55,0.555,False,0.1957,5.4328
0.7488,0.87984,3,2,36,1,0.0216,-0.0075,32.1,13.28,1.669,0.803,24.81,0.727,False,0.0897,4.5389
0.7488,0.87984,3,2,36,1,-0.0115,0.0036,36.44,2.23,0.839,1.379,37.11,0.8,False,0.097,6.6323
0.7488,0.87984,3,2,36,1,-0.0626,-0.0153,41.2,7.57,0.876,0.939,37.93,0.431,True,1.2892,0.2535
0.7488,0.87984,3,2,36,1,0.0122,-0.0136,35.07,8.89,1.772,1.031,21.85,0.768,False,0.1814,1.4868
0.7488,0.87984,3,2,36,1,-0.0463,-0.0023,24.21,3.6,1.228,1.352,20.47,0.748,False,0.0823,3.6387
0.7488,0.87984,3,2,36,1,-0.0344,0.0051,22.51,13.08,1.116,1.299,26.74,0.468,False,0.5867,1.2965
0.7488,0.87984,3,2,36,1,-0.0355,0.0043,29.45,11.63,1.069,1.324,34.42,0.703,False,0.1755,8.4184
0.7488,0.87984,3,2,36,1,-0.0579,0.0064,27.64,9.75,1.393,0.786,32.56,0.482,True,0.6609,0.1863
0.7488,0.87984,3,2,36,1,0.0182,-0.014,30.86,9.9,1.562,1.198,25.67,0.45,False,0.0987,3.3971
0.7488,0.87984,3,2,36,1,0.001,-0.0012,22.08,4.98,1.009,0.729,34.87,0.776,False,0.0946,3.021
0.7488,0.87984,3,2,36,1,-0.0523,-0.0173,20.73,14.51,1.311,1.214,23.38,0.62,False,0.3393,3.1054
0.7488,0.87984,3,2,36,1,0.0137,0.0084,38.4,14.88,1.662,1.064,39.98,0.745,False,0.8869,1.2175
0.7488,0.87984,3,2,36,1,0.0035,-0.0045,39.5,5.05,1.299,0.907,20.71,0.403,False,0.1524,2.1765
0.7488,0.89856,3,3,37,1,-0.0405,-0.0081,42.97,6.43,1.408,1.078,36.09,0.494,True,0.4417,0.5131
0.7488,0.89856,3,3,37,1,-0.0508,-0.0196,23.79,11.48,1.619,0.975,33.75,0.669,True,0.7397,0.8495
0.7488,0.89856,3,3,37,1,-0.0277,0.0012,29.11,8.26,1.034,1.169,29.45,0.635,False,0.1097,7.5489
0.7488,0.89856,3,3,37,1,-0.0416,-0.0122,38.17,6.86,1.175,1.237,31.69,0.458,False,1.4072,1.0423
0.7488,0.89856,3,3,37,1,-0.0168,-0.0061,27.19,6.19,1.159,0.988,26.35,0.66,False,0.1104,3.5451
0.7488,0.89856,3,3,37,1,0.0082,-0.0168,43.47,7.88,0.954,0.763,24.2,0.509,False,0.1205,3.9921
0.7488,0.89856,3,3,37,1,-0.0637,-0.0058,44.88,13.84,1.343,1.358,27.87,0.524,False,1.2328,1.6243
0.7488,0.89856,3,3,37,1,-0.0292,0.0093,30.36,9.17,1.448,0.869,28.57,0.567,True,0.5263,0.5115
0.7488,0.89856,3,3,37,1,-0.0013,0.001,42.04,10.39,1.26,0.83,32.96,0.594,False,0.1589,4.5533
0.7488,0.89856,3,3,37,1,-0.0551,-0.0033,40.64,2.5,0.915,1.265,31.29,0.418,True,0.1609,5.0939
0.7488,0.89856,3,3,37,1,-0.0072,0.008,32.99,5.61,0.809,1.133,22.79,0.585,False,0.1139,2.5783
0.7488,0.89856,3,3,37,1,0.0228,-0.0094,26.25,4.1,1.723,1.152,29.23,0.608,False,0.1281,1.468
0.7488,0.89856,3,3,37,1,-0.0224,0.0021,21.59,10.94,1.491,0.701,39.25,0.711,False,0.2358,5.0769
0.7488,0.89856,3,3,37,1,-0.0139,-0.0001,25.24,12.5,0.985,0.859,38.37,0.641,False,0.098,10.21
0.7488,0.89856,3,3,37,1,-0.0062,-0.0108,33.68,12.27,1.519,1.012,35.88,0.537,False,0.0857,11.8541
0.7488,0.89856,3,3,37,1,-0.0238,-0.018,34.46,3.05,1.756,1.117,30.61,0.687,False,0.1167,6.0319
0.7488,0.89856,3,3,37,1,-0.0698,-0.0116,37.01,4.56,1.58,0.933,22.55,0.555,False,0.2882,3.8239
0.7488,0.89856,3,3,37,1,0.0216,-0.0075,32.1,13.28,1.669,0.803,24.81,0.727,False,0.4504,0.958
0.7488,0.89856,3,3,37,1,-0.0115,0.0036,36.44,2.23,0.839,1.379,37.11,0.8,False,0.1795,3.5564
0.7488,0.89856,3,3,37,1,-0.0626,-0.0153,41.2,7.57,0.876,0.939,37.93,0.431,True,1.0506,0.4051
0.7488,0.89856,3,3,37,1,0.0122,-0.0136,35.07,8.89,1.772,1.031,21.85,0.768,False,0.0386,7.2352
0.7488,0.89856,3,3,37,1,-0.0463,-0.0023,24.21,3.6,1.228,1.352,20.47,0.748,False,0.0463,5.2791
0.7488,0.89856,3,3,37,1,-0.0344,0.0051,22.51,13.08,1.116,1.299,26.74,0.468,False,0.3555,2.043
0.7488,0.89856,3,3,37,1,-0.0355,0.0043,29.45,11.63,1.069,1.324,34.42,0.703,False,0.275,5.2661
0.7488,0.89856,3,3,37,1,-0.0579,0.0064,27.64,9.75,1.393,0.786,32.56,0.482,True,0.7979,0.2265
0.7488,0.89856,3,3,37,1,0.0182,-0.014,30.86,9.9,1.562,1.198,25.67,0.45,False,0.11,3.2116
0.7488,0.89856,3,3,37,1,0.001,-0.0012,22.08,4.98,1.009,0.729,34.87,0.776,False,0.0985,3.1769
0.7488,0.89856,3,3,37,1,-0.0523,-0.0173,20.73,14.51,1.311,1.214,23.38,0.62,False,0.2154,4.5798
0.7488,0.89856,3,3,37,1,0.0137,0.0084,38.4,14.88,1.662,1.064,39.98,0.745,False,0.2903,2.0882
0.7488,0.89856,3,3,37,1,0.0035,-0.0045,39.5,5.05,1.299,0.907,20.71,0.403,False,0.096,3.4845
0.7488,0.91728,3,4,38,1,-0.0405,-0.0081,42.97,6.43,1.408,1.078,36.09,0.494,True,0.4249,0.5236
0.7488,0.91728,3,4,38,1,-0.0508,-0.0196,23.79,11.48,1.619,0.975,33.75,0.669,False,0.2073,8.5659
0.7488,0.91728,3,4,38,1,-0.0277,0.0012,29.11,8.26,1.034,1.169,29.45,0.635,False,0.1941,4.1513
0.7488,0.91728,3,4,38,1,-0.0416,-0.0122,38.17,6.86,1.175,1.237,31.69,0.458,False,1.0948,1.3817
0.7488,0.91728,3,4,38,1,-0.0168,-0.0061,27.19,6.19,1.159,0.988,26.35,0.66,False,0.043,8.704
0.7488,0.91728,3,4,38,1,0.0082,-0.0168,43.47,7.88,0.954,0.763,24.2,0.509,False,0.0608,7.2101
0.7488,0.91728,3,4,38,1,-0.0637,-0.0058,44.88,13.84,1.343,1.358,27.87,0.524,False,0.9973,1.8239
0.7488,0.91728,3,4,38,1,-0.0292,0.0093,30.36,9.17,1.448,0.869,28.57,0.567,False,0.1511,5.9545
0.7488,0.91728,3,4,38,1,-0.0013,0.001,42.04,10.39,1.26,0.83,32.96,0.594,False,0.1739,4.6012
0.7488,0.91728,3,4,38,1,-0.0551,-0.0033,40.64,2.5,0.915,1.265,31.29,0.418,True,0.7407,0.3859
0.7488,0.91728,3,4,38,1,-0.0072,0.008,32.99,5.61,0.809,1.133,22.79,0.585,False,0.1127,2.3665
0.7488,0.91728,3,4,38,1,0.0228,-0.0094,26.25,4.1,1.723,1.152,29.23,0.608,False,0.2214,0.8367
0.7488,0.91728,3,4,38,1,-0.0224,0.0021,21.59,10.94,1.491,0.701,39.25,0.711,False,0.3458,3.1173
0.7488,0.91728,3,4,38,1,-0.0139,-0.0001,25.24,12.5,0.985,0.859,38.37,0.641,False,0.2402,4.4276
0.7488,0.91728,3,4,38,1,-0.0062,-0.0108,33.68,12.27,1.519,1.012,35.88,0.537,False,0.0946,10.852
0.7488,0.91728,3,4,38,1,-0.0238,-0.018,34.46,3.05,1.756,1.117,30.61,0.687,False,0.2514,2.8071
0.7488,0.91728,3,4,38,1,-0.0698,-0.0116,37.01,4.56,1.58,0.933,22.55,0.555,False,0.3693,2.9228
0.7488,0.91728,3,4,38,1,0.0216,-0.0075,32.1,13.28,1.669,0.803,24.81,0.727,False,0.2061,2.1325
0.7488,0.91728,3,4,38,1,-0.0115,0.0036,36.44,2.23,0.839,1.379,37.11,0.8,False,0.0565,11.3581
0.7488,0.91728,3,4,38,1,-0.0626,-0.0153,41.2,7.57,0.876,0.939,37.93,0.431,True,0.8914,1.0878
0.7488,0.91728,3,4,38,1,0.0122,-0.0136,35.07,8.89,1.772,1.031,21.85,0.768,False,0.1762,1.4883
0.7488,0.91728,3,4,38,1,-0.0463,-0.0023,24.21,3.6,1.228,1.352,20.47,0.748,False,0.0613,3.8868
0.7488,0.91728,3,4,38,1,-0.0344,0.0051,22.51,13.08,1.116,1.299,26.74,0.468,False,0.2242,2.8597
0.7488,0.91728,3,4,38,1,-0.0355,0.0043,29.45,11.63,1.069,1.324,34.42,0.703,False,0.4373,3.2157
0.7488,0.91728,3,4,38,1,-0.0579,0.0064,27.64,9.75,1.393,0.786,32.56,0.482,True,0.6895,0.1736
0.7488,0.91728,3,4,38,1,0.0182,-0.014,30.86,9.9,1.562,1.198,25.67,0.45,False,0.0642,4.5112
0.7488,0.91728,3,4,38,1,0.001,-0.0012,22.08,4.98,1.009,0.729,34.87,0.776,False,0.1219,2.4555
0.7488,0.91728,3,4,38,1,-0.0523,-0.0173,20.73,14.51,1.311,1.214,23.38,0.62,False,0.0721,14.3985
0.7488,0.91728,3,4,38,1,0.0137,0.0084,38.4,14.88,1.662,1.064,39.98,0.745,False,0.1054,6.0369
0.7488,0.91728,3,4,38,1,0.0035,-0.0045,39.5,5.05,1.299,0.907,20.71,0.403,False,0.1418,2.1987
0.7488,0.936,3,5,39,1,-0.0405,-0.0081,42.97,6.43,1.408,1.078,36.09,0.494,True,0.5748,0.3776
0.7488,0.936,3,5,39,1,-0.0508,-0.0196,23.79,11.48,1.619,0.975,33.75,0.669,True,0.4704,1.0983
0.7488,0.936,3,5,39,1,-0.0277,0.0012,29.11,8.26,1.034,1.169,29.45,0.635,False,0.1309,6.4915
0.7488,0.936,3,5,39,1,-0.0416,-0.0122,38.17,6.86,1.175,1.237,31.69,0.458,False,0.3662,3.8662
0.7488,0.936,3,5,39,1,-0.0168,-0.0061,27.19,6.19,1.159,0.988,26.35,0.66,False,0.1211,3.1867
0.7488,0.936,3,5,39,1,0.0082,-0.0168,43.47,7.88,0.954,0.763,24.2,0.509,False,0.0856,4.8045
0.7488,0.936,3,5,39,1,-0.0637,-0.0058,44.88,13.84,1.343,1.358,27.87,0.524,False,1.0715,1.7519
0.7488,0.936,3,5,39,1,-0.0292,0.0093,30.36,9.17,1.448,0.869,28.57,0.567,False,0.0601,14.7524
0.7488,0.936,3,5,39,1,-0.0013,0.001,42.04,10.39,1.26,0.83,32.96,0.594,False,0.1658,4.9081
0.7488,0.936,3,5,39,1,-0.0551,-0.0033,40.64,2.5,0.915,1.265,31.29,0.418,True,0.9727,0.3792
0.7488,0.936,3,5,39,1,-0.0072,0.008,32.99,5.61,0.809,1.133,22.79,0.585,False,0.2002,1.2281
0.7488,0.936,3,5,39,1,0.0228,-0.0094,26.25,4.1,1.723,1.152,29.23,0.608,False,0.0367,4.3819
0.7488,0.936,3,5,39,1,-0.0224,0.0021,21.59,10.94,1.491,0.701,39.25,0.711,False,0.4108,2.7741
0.7488,0.936,3,5,39,1,-0.0139,-0.0001,25.24,12.5,0.985,0.859,38.37,0.641,False,0.119,8.7862
0.7488,0.936,3,5,39,1,-0.0062,-0.0108,33.68,12.27,1.519,1.012,35.88,0.537,False,0.3566,2.7262
0.7488,0.936,3,5,39,1,-0.0238,-0.018,34.46,3.05,1.756,1.117,30.61,0.687,False,0.3436,2.1354
0.7488,0.936,3,5,39,1,-0.0698,-0.0116,37.01,4.56,1.58,0.933,22.55,0.555,False,0.5509,2.1211
0.7488,0.936,3,5,39,1,0.0216,-0.0075,32.1,13.28,1.669,0.803,24.81,0.727,False,0.2083,2.1657
0.7488,0.936,3,5,39,1,-0.0115,0.0036,36.44,2.23,0.839,1.379,37.11,0.8,False,0.043,15.7338
0.7488,0.936,3,5,39,1,-0.0626,-0.0153,41.2,7.57,0.876,0.939,37.93,0.431,True,0.7802,0.4779
0.7488,0.936,3,5,39,1,0.0122,-0.0136,35.07,8.89,1.772,1.031,21.85,0.768,False,0.1088,2.6134
0.7488,0.936,3,5,39,1,-0.0463,-0.0023,24.21,3.6,1.228,1.352,20.47,0.748,False,0.0056,51.1096
0.7488,0.936,3,5,39,1,-0.0344,0.0051,22.51,13.08,1.116,1.299,26.74,0.468,False,0.6344,1.1924
0.7488,0.936,3,5,39,1,-0.0355,0.0043,29.45,11.63,1.069,1.324,34.42,0.703,False,0.3876,3.4938
0.7488,0.936,3,5,39,1,-0.0579,0.0064,27.64,9.75,1.393,0.786,32.56,0.482,True,0.7693,0.1533
0.7488,0.936,3,5,39,1,0.0182,-0.014,30.86,9.9,1.562,1.198,25.67,0.45,False,0.0172,15.7052
0.7488,0.936,3,5,39,1,0.001,-0.0012,22.08,4.98,1.009,0.729,34.87,0.776,False,0.2717,1.121
0.7488,0.936,3,5,39,1,-0.0523,-0.0173,20.73,14.51,1.311,1.214,23.38,0.62,False,0.1217,8.3708
0.7488,0.936,3,5,39,1,0.0137,0.0084,38.4,14.88,1.662,1.064,39.98,0.745,False,0.1928,3.3616
0.7488,0.936,3,5,39,1,0.0035,-0.0045,39.5,5.05,1.299,0.907,20.71,0.403,False,0.0535,5.6813
0.7488,0.95472,3,6,40,1,-0.0405,-0.0081,42.97,6.43,1.408,1.078,36.09,0.494,True,0.4134,0.5447
0.7488,0.95472,3,6,40,1,-0.0508,-0.0196,23.79,11.48,1.619,0.975,33.75,0.669,False,0.243,6.6098
0.7488,0.95472,3,6,40,1,-0.0277,0.0012,29.11,8.26,1.034,1.169,29.45,0.635,False,0.2591,3.2457
0.7488,0.95472,3,6,40,1,-0.0416,-0.0122,38.17,6.86,1.175,1.237,31.69,0.458,False,0.8923,1.6772
0.7488,0.95472,3,6,40,1,-0.0168,-0.0061,27.19,6.19,1.159,0.988,26.35,0.66,False,0.0152,25.159
0.7488,0.95472,3,6,40,1,0.0082,-0.0168,43.47,7.88,0.954,0.763,24.2,0.509,False,0.3543,1.2993
0.7488,0.95472,3,6,40,1,-0.0637,-0.0058,44.88,13.84,1.343,1.358,27.87,0.524,False,1.5844,1.2775
0.7488,0.95472,3,6,40,1,-0.0292,0.0093,30.36,9.17,1.448,0.869,28.57,0.567,False,0.1088,7.8472
0.7488,0.95472,3,6,40,1,-0.0013,0.001,42.04,10.39,1.26,0.83,32.96,0.594,False,0.0917,8.2778
0.7488,0.95472,3,6,40,1,-0.0551,-0.0033,40.64,2.5,0.915,1.265,31.29,0.418,True,1.5466,0.6441
0.7488,0.95472,3,6,40,1,-0.0072,0.008,32.99,5.61,0.809,1.133,22.79,0.585,False,0.2008,1.5889
0.7488,0.95472,3,6,40,1,0.0228,-0.0094,26.25,4.1,1.723,1.152,29.23,0.608,False,0.0788,2.5115
0.7488,0.95472,3,6,40,1,-0.0224,0.0021,21.59,10.94,1.491,0.701,39.25,0.711,False,0.1148,9.9008
0.7488,0.95472,3,6,40,1,-0.0139,-0.0001,25.24,12.5,0.985,0.859,38.37,0.641,False,0.1361,7.6488
0.7488,0.95472,3,6,40,1,-0.0062,-0.0108,33.68,12.27,1.519,1.012,35.88,0.537,False,0.2531,4.0913
0.7488,0.95472,3,6,40,1,-0.0238,-0.018,34.46,3.05,1.756,1.117,30.61,0.687,False,0.1724,4.0746
0.7488,0.95472,3,6,40,1,-0.0698,-0.0116,37.01,4.56,1.58,0.933,22.55,0.555,False,0.3804,2.8769
0.7488,0.95472,3,6,40,1,0.0216,-0.0075,32.1,13.28,1.669,0.803,24.81,0.727,False,0.3029,1.4669
0.7488,0.95472,3,6,40,1,-0.0115,0.0036,36.44,2.23,0.839,1.379,37.11,0.8,False,0.0949,7.066
0.7488,0.95472,3,6,40,1,-0.0626,-0.0153,41.2,7.57,0.876,0.939,37.93,0.431,True,1.3787,0.2565
0.7488,0.95472,3,6,40,1,0.0122,-0.0136,35.07,8.89,1.772,1.031,21.85,0.768,False,0.0682,4.3112
0.7488,0.95472,3,6,40,1,-0.0463,-0.0023,24.21,3.6,1.228,1.352,20.47,0.748,False,0.0539,4.4744
0.7488,0.95472,3,6,40,1,-0.0344,0.0051,22.51,13.08,1.116,1.299,26.74,0.468,False,0.5151,1.4307
0.7488,0.95472,3,6,40,1,-0.0355,0.0043,29.45,11.63,1.069,1.324,34.42,0.703,False,0.3987,3.5329
0.7488,0.95472,3,6,40,1,-0.0579,0.0064,27.64,9.75,1.393,0.786,32.56,0.482,True,0.7318,0.1808
0.7488,0.95472,3,6,40,1,0.0182,-0.014,30.86,9.9,1.562,1.198,25.67,0.45,False,0.1106,3.5039
0.7488,0.95472,3,6,40,1,0.001,-0.0012,22.08,4.98,1.009,0.729,34.87,0.776,False,0.1262,2.3872
0.7488,0.95472,3,6,40,1,-0.0523,-0.0173,20.73,14.51,1.311,1.214,23.38,0.62,False,0.0575,18.9632
0.7488,0.95472,3,6,40,1,0.0137,0.0084,38.4,14.88,1.662,1.064,39.98,0.745,False,1.1028,0.9931
0.7488,0.95472,3,6,40,1,0.0035,-0.0045,39.5,5.05,1.299,0.907,20.71,0.403,False,0.0654,3.686
0.7488,0.97344,3,7,41,1,-0.0405,-0.0081,42.97,6.43,1.408,1.078,36.09,0.494,True,0.441,0.4902
0.7488,0.97344,3,7,41,1,-0.0508,-0.0196,23.79,11.48,1.619,0.975,33.75,0.669,False,0.26,6.9583
0.7488,0.97344,3,7,41,1,-0.0277,0.0012,29.11,8.26,1.034,1.169,29.45,0.635,False,0.2156,3.9134
0.7488,0.97344,3,7,41,1,-0.0416,-0.0122,38.17,6.86,1.175,1.237,31.69,0.458,False,0.8956,1.8062
0.7488,0.97344,3,7,41,1,-0.0168,-0.0061,27.19,6.19,1.159,0.988,26.35,0.66,False,0.0668,6.0056
0.7488,0.97344,3,7,41,1,0.0082,-0.0168,43.47,7.88,0.954,0.763,24.2,0.509,False,0.0904,4.7242
0.7488,0.97344,3,7,41,1,-0.0637,-0.0058,44.88,13.84,1.343,1.358,27.87,0.524,False,1.2473,1.6513
0.7488,0.97344,3,7,41,1,-0.0292,0.0093,30.36,9.17,1.448,0.869,28.57,0.567,False,0.1121,7.6041
0.7488,0.97344,3,7,41,1,-0.0013,0.001,42.04,10.39,1.26,0.83,32.96,0.594,False,0.0721,11.9259
0.7488,0.97344,3,7,41,1,-0.0551,-0.0033,40.64,2.5,0.915,1.265,31.29,0.418,True,1.2632,0.2619
0.7488,0.97344,3,7,41,1,-0.0072,0.008,32.99,5.61,0.809,1.133,22.79,0.585,False,0.1398,2.1859
0.7488,0.97344,3,7,41,1,0.0228,-0.0094,26.25,4.1,1.723,1.152,29.23,0.608,False,0.0871,2.1799
0.7488,0.97344,3,7,41,1,-0.0224,0.0021,21.59,10.94,1.491,0.701,39.25,0.711,False,0.144,8.5728
0.7488,0.97344,3,7,41,1,-0.0139,-0.0001,25.24,12.5,0.985,0.859,38.37,0.641,False,0.0504,22.2534
0.7488,0.97344,3,7,41,1,-0.0062,-0.0108,33.68,12.27,1.519,1.012,35.88,0.537,False,0.1759,5.7337
0.7488,0.97344,3,7,41,1,-0.0238,-0.018,34.46,3.05,1.756,1.117,30.61,0.687,False,0.1474,4.654
0.7488,0.97344,3,7,41,1,-0.0698,-0.0116,37.01,4.56,1.58,0.933,22.55,0.555,False,0.0878,10.5541
0.7488,0.97344,3,7,41,1,0.0216,-0.0075,32.1,13.28,1.669,0.803,24.81,0.727,False,0.2123,2.0657
0.7488,0.97344,3,7,41,1,-0.0115,0.0036,36.44,2.23,0.839,1.379,37.11,0.8,False,0.0829,8.175
0.7488,0.97344,3,7,41,1,-0.0626,-0.0153,41.2,7.57,0.876,0.939,37.93,0.431,True,0.7783,0.4968
0.7488,0.97344,3,7,41,1,0.0122,-0.0136,35.07,8.89,1.772,1.031,21.85,0.768,False,0.0951,2.7815
0.7488,0.97344,3,7,41,1,-0.0463,-0.0023,24.21,3.6,1.228,1.352,20.47,0.748,False,0.0206,11.3688
0.7488,0.97344,3,7,41,1,-0.0344,0.0051,22.51,13.08,1.116,1.299,26.74,0.468,False,0.483,1.531
0.7488,0.97344,3,7,41,1,-0.0355,0.0043,29.45,11.63,1.069,1.324,34.42,0.703,True,1.534,0.7415
0.7488,0.97344,3,7,41,1,-0.0579,0.0064,27.64,9.75,1.393,0.786,32.56,0.482,True,0.6455,0.3985
0.7488,0.97344,3,7,41,1,0.0182,-0.014,30.86,9.9,1.562,1.198,25.67,0.45,False,0.1006,3.3584
0.7488,0.97344,3,7,41,1,0.001,-0.0012,22.08,4.98,1.009,0.729,34.87,0.776,False,0.1466,2.1577
0.7488,0.97344,3,7,41,1,-0.0523,-0.0173,20.73,14.51,1.311,1.214,23.38,0.62,False,0.1157,9.5457
0.7488,0.97344,3,7,41,1,0.0137,0.0084,38.4,14.88,1.662,1.064,39.98,0.745,False,0.2476,2.2938
0.7488,0.97344,3,7,41,1,0.0035,-0.0045,39.5,5.05,1.299,0.907,20.71,0.403,False,0.0465,7.3622
0.7488,0.99216,3,8,42,1,-0.0405,-0.0081,42.97,6.43,1.408,1.078,36.09,0.494,True,0.4038,0.5457
0.7488,0.99216,3,8,42,1,-0.0508,-0.0196,23.79,11.48,1.619,0.975,33.75,0.669,True,0.4206,0.3798
0.7488,0.99216,3,8,42,1,-0.0277,0.0012,29.11,8.26,1.034,1.169,29.45,0.635,False,0.1846,4.21
0.7488,0.99216,3,8,42,1,-0.0416,-0.0122,38.17,6.86,1.175,1.237,31.69,0.458,False,0.6449,2.2342
0.7488,0.99216,3,8,42,1,-0.0168,-0.0061,27.19,6.19,1.159,0.988,26.35,0.66,False,0.0527,6.8323
0.7488,0.99216,3,8,42,1,0.0082,-0.0168,43.47,7.88,0.954,0.763,24.2,0.509,False,0.1028,3.7994
0.7488,0.99216,3,8,42,1,-0.0637,-0.0058,44.88,13.84,1.343,1.358,27.87,0.524,False,1.1957,1.618
0.7488,0.99216,3,8,42,1,-0.0292,0.0093,30.36,9.17,1.448,0.869,28.57,0.567,False,0.2418,3.5313
0.7488,0.99216,3,8,42,1,-0.0013,0.001,42.04,10.39,1.26,0.83,32.96,0.594,False,0.2218,3.6607
0.7488,0.99216,3,8,42,1,-0.0551,-0.0033,40.64,2.5,0.915,1.265,31.29,0.418,True,1.1596,0.4158
0.7488,0.99216,3,8,42,1,-0.0072,0.008,32.99,5.61,0.809,1.133,22.79,0.585,False,0.1236,2.0605
0.7488,0.99216,3,8,42,1,0.0228,-0.0094,26.25,4.1,1.723,1.152,29.23,0.608,False,0.0383,4.4608
0.7488,0.99216,3,8,42,1,-0.0224,0.0021,21.59,10.94,1.491,0.701,39.25,0.711,False,0.2765,4.2327
0.7488,0.99216,3,8,42,1,-0.0139,-0.0001,25.24,12.5,0.985,0.859,38.37,0.641,False,0.1649,6.6075
0.7488,0.99216,3,8,42,1,-0.0062,-0.0108,33.68,12.27,1.519,1.012,35.88,0.537,False,0.2337,4.1962
0.7488,0.99216,3,8,42,1,-0.0238,-0.018,34.46,3.05,1.756,1.117,30.61,0.687,False,0.2527,2.743
0.7488,0.99216,3,8,42,1,-0.0698,-0.0116,37.01,4.56,1.58,0.933,22.55,0.555,False,0.3714,2.7496
0.7488,0.99216,3,8,42,1,0.0216,-0.0075,32.1,13.28,1.669,0.803,24.81,0.727,False,0.1952,2.2656
0.7488,0.99216,3,8,42,1,-0.0115,0.0036,36.44,2.23,0.839,1.379,37.11,0.8,False,0.0962,6.4892
0.7488,0.99216,3,8,42,1,-0.0626,-0.0153,41.2,7.57,0.876,0.939,37.93,0.431,True,0.4511,2.7653
0.7488,0.99216,3,8,42,1,0.0122,-0.0136,35.07,8.89,1.772,1.031,21.85,0.768,False,0.1556,1.8733
0.7488,0.99216,3,8,42,1,-0.0463,-0.0023,24.21,3.6,1.228,1.352,20.47,0.748,False,0.071,3.687
0.7488,0.99216,3,8,42,1,-0.0344,0.0051,22.51,13.08,1.116,1.299,26.74,0.468,False,0.3394,2.0907
0.7488,0.99216,3,8,42,1,-0.0355,0.0043,29.45,11.63,1.069,1.324,34.42,0.703,False,0.5127,2.7725
0.7488,0.99216,3,8,42,1,-0.0579,0.0064,27.64,9.75,1.393,0.786,32.56,0.482,True,0.6877,0.178
0.7488,0.99216,3,8,42,1,0.0182,-0.014,30.86,9.9,1.562,1.198,25.67,0.45,False,0.2723,1.1006
0.7488,0.99216,3,8,42,1,0.001,-0.0012,22.08,4.98,1.009,0.729,34.87,0.776,False,0.0483,6.3382
0.7488,0.99216,3,8,42,1,-0.0523,-0.0173,20.73,14.51,1.311,1.214,23.38,0.62,False,0.358,2.8125
0.7488,0.99216,3,8,42,1,0.0137,0.0084,38.4,14.88,1.662,1.064,39.98,0.745,False,0.0863,6.9467
0.7488,0.99216,3,8,42,1,0.0035,-0.0045,39.5,5.05,1.299,0.907,20.71,0.403,False,0.2545,1.1342
0.7488,1.01088,3,9,43,1,-0.0405,-0.0081,42.97,6.43,1.408,1.078,36.09,0.494,True,0.427,0.5148
0.7488,1.01088,3,9,43,1,-0.0508,-0.0196,23.79,11.48,1.619,0.975,33.75,0.669,True,0.4672,0.3327
0.7488,1.01088,3,9,43,1,-0.0277,0.0012,29.11,8.26,1.034,1.169,29.45,0.635,False,0.1542,5.7226
0.7488,1.01088,3,9,43,1,-0.0416,-0.0122,38.17,6.86,1.175,1.237,31.69,0.458,False,1.1673,1.4196
0.7488,1.01088,3,9,43,1,-0.0168,-0.0061,27.19,6.19,1.159,0.988,26.35,0.66,False,0.1174,3.4898
0.7488,1.01088,3,9,43,1,0.0082,-0.0168,43.47,7.88,0.954,0.763,24.2,0.509,False,0.0917,5.6148
0.7488,1.01088,3,9,43,1,-0.0637,-0.0058,44.88,13.84,1.343,1.358,27.87,0.524,False,1.3549,1.5229
0.7488,1.01088,3,9,43,1,-0.0292,0.0093,30.36,9.17,1.448,0.869,28.57,0.567,False,0.1841,5.5563
0.7488,1.01088,3,9,43,1,-0.0013,0.001,42.04,10.39,1.26,0.83,32.96,0.594,False,0.367,2.3167
0.7488,1.01088,3,9,43,1,-0.0551,-0.0033,40.64,2.5,0.915,1.265,31.29,0.418,True,1.2314,0.2706
0.7488,1.01088,3,9,43,1,-0.0072,0.008,32.99,5.61,0.809,1.133,22.79,0.585,False,0.0748,3.5741
0.7488,1.01088,3,9,43,1,0.0228,-0.0094,26.25,4.1,1.723,1.152,29.23,0.608,False,0.0878,2.3584
0.7488,1.01088,3,9,43,1,-0.0224,0.0021,21.59,10.94,1.491,0.701,39.25,0.711,False,0.1909,6.4823
0.7488,1.01088,3,9,43,1,-0.0139,-0.0001,25.24,12.5,0.985,0.859,38.37,0.641,False,0.1993,5.4837
0.7488,1.01088,3,9,43,1,-0.0062,-0.0108,33.68,12.27,1.519,1.012,35.88,0.537,False,0.2264,4.6703
0.7488,1.01088,3,9,43,1,-0.0238,-0.018,34.46,3.05,1.756,1.117,30.61,0.687,False,0.1759,4.3808
0.7488,1.01088,3,9,43,1,-0.0698,-0.0116,37.01,4.56,1.58,0.933,22.55,0.555,False,0.3156,3.9382
0.7488,1.01088,3,9,43,1,0.0216,-0.0075,32.1,13.28,1.669,0.803,24.81,0.727,False,0.2451,1.7159
0.7488,1.01088,3,9,43,1,-0.0115,0.0036,36.44,2.23,0.839,1.379,37.11,0.8,False,0.1763,3.7818
0.7488,1.01088,3,9,43,1,-0.0626,-0.0153,41.2,7.57,0.876,0.939,37.93,0.431,True,0.3432,1.7007
0.7488,1.01088,3,9,43,1,0.0122,-0.0136,35.07,8.89,1.772,1.031,21.85,0.768,False,0.2133,1.4263
0.7488,1.01088,3,9,43,1,-0.0463,-0.0023,24.21,3.6,1.228,1.352,20.47,0.748,False,0.0485,5.2452
0.7488,1.01088,3,9,43,1,-0.0344,0.0051,22.51,13.08,1.116,1.299,26.74,0.468,False,0.3906,1.9877
0.7488,1.01088,3,9,43,1,-0.0355,0.0043,29.45,11.63,1.069,1.324,34.42,0.703,False,0.3135,4.7339
0.7488,1.01088,3,9,43,1,-0.0579,0.0064,27.64,9.75,1.393,0.786,32.56,0.482,True,0.7051,0.2346
0.7488,1.01088,3,9,43,1,0.0182,-0.014,30.86,9.9,1.562,1.198,25.67,0.45,False,0.0588,6.2754
0.7488,1.01088,3,9,43,1,0.001,-0.0012,22.08,4.98,1.009,0.729,34.87,0.776,False,0.0589,5.1764
0.7488,1.01088,3,9,43,1,-0.0523,-0.0173,20.73,14.51,1.311,1.214,23.38,0.62,False,0.118,9.1086
0.7488,1.01088,3,9,43,1,0.0137,0.0084,38.4,14.88,1.662,1.064,39.98,0.745,False,0.1269,5.0595
0.7488,1.01088,3,9,43,1,0.0035,-0.0045,39.5,5.05,1.299,0.907,20.71,0.403,False,0.08,4.3058
0.7488,1.0296,3,10,44,1,-0.0405,-0.0081,42.97,6.43,1.408,1.078,36.09,0.494,False,0.2176,8.1951
0.7488,1.0296,3,10,44,1,-0.0508,-0.0196,23.79,11.48,1.619,0.975,33.75,0.669,True,0.4375,0.3904
0.7488,1.0296,3,10,44,1,-0.0277,0.0012,29.11,8.26,1.034,1.169,29.45,0.635,False,0.2884,3.0724
0.7488,1.0296,3,10,44,1,-0.0416,-0.0122,38.17,6.86,1.175,1.237,31.69,0.458,False,1.0755,1.4657
0.7488,1.0296,3,10,44,1,-0.0168,-0.0061,27.19,6.19,1.159,0.988,26.35,0.66,False,0.1279,3.246
0.7488,1.0296,3,10,44,1,0.0082,-0.0168,43.47,7.88,0.954,0.763,24.2,0.509,False,0.1703,3.0666
0.7488,1.0296,3,10,44,1,-0.0637,-0.0058,44.88,13.84,1.343,1.358,27.87,0.524,False,0.8054,2.396
0.7488,1.0296,3,10,44,1,-0.0292,0.0093,30.36,9.17,1.448,0.869,28.57,0.567,False,0.127,7.2393
0.7488,1.0296,3,10,44,1,-0.0013,0.001,42.04,10.39,1.26,0.83,32.96,0.594,False,0.0519,17.2323
0.7488,1.0296,3,10,44,1,-0.0551,-0.0033,40.64,2.5,0.915,1.265,31.29,0.418,True,0.6035,0.6845
0.7488,1.0296,3,10,44,1,-0.0072,0.008,32.99,5.61,0.809,1.133,22.79,0.585,False,0.0561,5.062
0.7488,1.0296,3,10,44,1,0.0228,-0.0094,26.25,4.1,1.723,1.152,29.23,0.608,False,0.114,1.5915
0.7488,1.0296,3,10,44,1,-0.0224,0.0021,21.59,10.94,1.491,0.701,39.25,0.711,False,0.3378,3.1907
0.7488,1.0296,3,10,44,1,-0.0139,-0.0001,25.24,12.5,0.985,0.859,38.37,0.641,False,0.0304,32.7136
0.7488,1.0296,3,10,44,1,-0.0062,-0.0108,33.68,12.27,1.519,1.012,35.88,0.537,False,0.1094,9.6538
0.7488,1.0296,3,10,44,1,-0.0238,-0.018,34.46,3.05,1.756,1.117,30.61,0.687,False,0.1944,3.5691
0.7488,1.0296,3,10,44,1,-0.0698,-0.0116,37.01,4.56,1.58,0.933,22.55,0.555,False,0.2068,4.5183
0.7488,1.0296,3,10,44,1,0.0216,-0.0075,32.1,13.28,1.669,0.803,24.81,0.727,False,0.1408,3.4066
0.7488,1.0296,3,10,44,1,-0.0115,0.0036,36.44,2.23,0.839,1.379,37.11,0.8,False,0.0312,21.3653
0.7488,1.0296,3,10,44,1,-0.0626,-0.0153,41.2,7.57,0.876,0.939,37.93,0.431,True,1.281,0.2707
0.7488,1.0296,3,10,44,1,0.0122,-0.0136,35.07,8.89,1.772,1.031,21.85,0.768,False,0.0962,3.1951
0.7488,1.0296,3,10,44,1,-0.0463,-0.0023,24.21,3.6,1.228,1.352,20.47,0.748,False,0.0659,4.3847
0.7488,1.0296,3,10,44,1,-0.0344,0.0051,22.51,13.08,1.116,1.299,26.74,0.468,False,0.5627,1.2528
0.7488,1.0296,3,10,44,1,-0.0355,0.0043,29.45,11.63,1.069,1.324,34.42,0.703,False,0.3408,4.4047
0.7488,1.0296,3,10,44,1,-0.0579,0.0064,27.64,9.75,1.393,0.786,32.56,0.482,True,0.6621,0.2044
0.7488,1.0296,3,10,44,1,0.0182,-0.014,30.86,9.9,1.562,1.198,25.67,0.45,False,0.012,25.722
0.7488,1.0296,3,10,44,1,0.001,-0.0012,22.08,4.98,1.009,0.729,34.87,0.776,False,0.0334,9.7967
0.7488,1.0296,3,10,44,1,-0.0523,-0.0173,20.73,14.51,1.311,1.214,23.38,0.62,False,0.3043,3.4518
0.7488,1.0296,3,10,44,1,0.0137,0.0084,38.4,14.88,1.662,1.064,39.98,0.745,False,0.1247,5.1387
0.7488,1.0296,3,10,44,1,0.0035,-0.0045,39.5,5.05,1.299,0.907,20.71,0.403,False,0.2542,1.2776
0.7644,0.8424,4,0,45,1,-0.0405,-0.0081,42.97,6.43,1.408,1.078,36.09,0.494,True,0.6078,0.3762
0.7644,0.8424,4,0,45,1,-0.0508,-0.0196,23.79,11.48,1.619,0.975,33.75,0.669,False,0.1306,13.1456
0.7644,0.8424,4,0,45,1,-0.0277,0.0012,29.11,8.26,1.034,1.169,29.45,0.635,False,0.0876,8.8854
0.7644,0.8424,4,0,45,1,-0.0416,-0.0122,38.17,6.86,1.175,1.237,31.69,0.458,False,1.3449,1.1992
0.7644,0.8424,4,0,45,1,-0.0168,-0.0061,27.19,6.19,1.159,0.988,26.35,0.66,False,0.1351,2.8086
0.7644,0.8424,4,0,45,1,0.0082,-0.0168,43.47,7.88,0.954,0.763,24.2,0.509,False,0.0723,5.4066
0.7644,0.8424,4,0,45,1,-0.0637,-0.0058,44.88,13.84,1.343,1.358,27.87,0.524,False,1.7154,1.1876
0.7644,0.8424,4,0,45,1,-0.0292,0.0093,30.36,9.17,1.448,0.869,28.57,0.567,False,0.0897,10.071
0.7644,0.8424,4,0,45,1,-0.0013,0.001,42.04,10.39,1.26,0.83,32.96,0.594,False,0.2145,3.5299
0.7644,0.8424,4,0,45,1,-0.0551,-0.0033,40.64,2.5,0.915,1.265,31.29,0.418,True,0.7924,1.8058
0.7644,0.8424,4,0,45,1,-0.0072,0.008,32.99,5.61,0.809,1.133,22.79,0.585,False,0.159,1.5494
0.7644,0.8424,4,0,45,1,0.0228,-0.0094,26.25,4.1,1.723,1.152,29.23,0.608,False,0.0738,2.345
0.7644,0.8424,4,0,45,1,-0.0224,0.0021,21.59,10.94,1.491,0.701,39.25,0.711,False,0.1212,9.3141
0.7644,0.8424,4,0,45,1,-0.0139,-0.0001,25.24,12.5,0.985,0.859,38.37,0.641,False,0.1781,6.0358
0.7644,0.8424,4,0,45,1,-0.0062,-0.0108,33.68,12.27,1.519,1.012,35.88,0.537,False,0.1471,6.4587
0.7644,0.8424,4,0,45,1,-0.0238,-0.018,34.46,3.05,1.756,1.117,30.61,0.687,False,0.2093,3.2622
0.7644,0.8424,4,0,45,1,-0.0698,-0.0116,37.01,4.56,1.58,0.933,22.55,0.555,False,0.2841,3.6236
0.7644,0.8424,4,0,45,1,0.0216,-0.0075,32.1,13.28,1.669,0.803,24.81,0.727,False,0.0853,5.1688
0.7644,0.8424,4,0,45,1,-0.0115,0.0036,36.44,2.23,0.839,1.379,37.11,0.8,False,0.1264,4.9201
0.7644,0.8424,4,0,45,1,-0.0626,-0.0153,41.2,7.57,0.876,0.939,37.93,0.431,True,1.4967,0.2409
0.7644,0.8424,4,0,45,1,0.0122,-0.0136,35.07,8.89,1.772,1.031,21.85,0.768,False,0.2296,1.1802
0.7644,0.8424,4,0,45,1,-0.0463,-0.0023,24.21,3.6,1.228,1.352,20.47,0.748,False,0.0609,3.8973
0.7644,0.8424,4,0,45,1,-0.0344,0.0051,22.51,13.08,1.116,1.299,26.74,0.468,False,0.7078,1.0301
0.7644,0.8424,4,0,45,1,-0.0355,0.0043,29.45,11.63,1.069,1.324,34.42,0.703,False,0.1579,9.3525
0.7644,0.8424,4,0,45,1,-0.0579,0.0064,27.64,9.75,1.393,0.786,32.56,0.482,True,0.5859,1.1552
0.7644,0.8424,4,0,45,1,0.0182,-0.014,30.86,9.9,1.562,1.198,25.67,0.45,False,0.1031,2.5192
0.7644,0.8424,4,0,45,1,0.001,-0.0012,22.08,4.98,1.009,0.729,34.87,0.776,False,0.1251,2.2468
0.7644,0.8424,4,0,45,1,-0.0523,-0.0173,20.73,14.51,1.311,1.214,23.38,0.62,False,0.2425,4.2796
0.7644,0.8424,4,0,45,1,0.0137,0.0084,38.4,14.88,1.662,1.064,39.98,0.745,False,0.1032,11.1798
0.7644,0.8424,4,0,45,1,0.0035,-0.0045,39.5,5.05,1.299,0.907,20.71,0.403,False,0.1157,2.2021
0.7644,0.86112,4,1,46,1,-0.0405,-0.0081,42.97,6.43,1.408,1.078,36.09,0.494,True,0.621,0.4028
0.7644,0.86112,4,1,46,1,-0.0508,-0.0196,23.79,11.48,1.619,0.975,33.75,0.669,True,0.442,0.3711
0.7644,0.86112,4,1,46,1,-0.0277,0.0012,29.11,8.26,1.034,1.169,29.45,0.635,False,0.0861,8.9354
0.7644,0.86112,4,1,46,1,-0.0416,-0.0122,38.17,6.86,1.175,1.237,31.69,0.458,True,1.4338,0.9655
0.7644,0.86112,4,1,46,1,-0.0168,-0.0061,27.19,6.19,1.159,0.988,26.35,0.66,False,0.0603,5.8478
0.7644,0.86112,4,1,46,1,0.0082,-0.0168,43.47,7.88,0.954,0.763,24.2,0.509,False,0.1115,3.4777
0.7644,0.86112,4,1,46,1,-0.0637,-0.0058,44.88,13.84,1.343,1.358,27.87,0.524,False,1.3093,1.5149
0.7644,0.86112,4,1,46,1,-0.0292,0.0093,30.36,9.17,1.448,0.869,28.57,0.567,False,0.1485,5.9672
0.7644,0.86112,4,1,46,1,-0.0013,0.001,42.04,10.39,1.26,0.83,32.96,0.594,False,0.0679,10.7543
0.7644,0.86112,4,1,46,1,-0.0551,-0.0033,40.64,2.5,0.915,1.265,31.29,0.418,True,0.4487,1.145
0.7644,0.86112,4,1,46,1,-0.0072,0.008,32.99,5.61,0.809,1.133,22.79,0.585,False,0.1513,1.7383
0.7644,0.86112,4,1,46,1,0.0228,-0.0094,26.25,4.1,1.723,1.152,29.23,0.608,False,0.0354,4.9257
0.7644,0.86112,4,1,46,1,-0.0224,0.0021,21.59,10.94,1.491,0.701,39.25,0.711,False,0.1321,9.0267
0.7644,0.86112,4,1,46,1,-0.0139,-0.0001,25.24,12.5,0.985,0.859,38.37,0.641,False,0.0601,17.8898
0.7644,0.86112,4,1,46,1,-0.0062,-0.0108,33.68,12.27,1.519,1.012,35.88,0.537,False,0.0253,38.7827
0.7644,0.86112,4,1,46,1,-0.0238,-0.018,34.46,3.05,1.756,1.117,30.61,0.687,False,0.1183,5.6385
0.7644,0.86112,4,1,46,1,-0.0698,-0.0116,37.01,4.56,1.58,0.933,22.55,0.555,False,0.4444,2.2509
0.7644,0.86112,4,1,46,1,0.0216,-0.0075,32.1,13.28,1.669,0.803,24.81,0.727,False,0.0852,5.1899
0.7644,0.86112,4,1,46,1,-0.0115,0.0036,36.44,2.23,0.839,1.379,37.11,0.8,False,0.0696,9.3467
0.7644,0.86112,4,1,46,1,-0.0626,-0.0153,41.2,7.57,0.876,0.939,37.93,0.431,True,0.6624,0.5338
0.7644,0.86112,4,1,46,1,0.0122,-0.0136,35.07,8.89,1.772,1.031,21.85,0.768,False,0.1851,1.5141
0.7644,0.86112,4,1,46,1,-0.0463,-0.0023,24.21,3.6,1.228,1.352,20.47,0.748,False,0.0204,11.7363
0.7644,0.86112,4,1,46,1,-0.0344,0.0051,22.51,13.08,1.116,1.299,26.74,0.468,False,0.4017,1.7625
0.7644,0.86112,4,1,46,1,-0.0355,0.0043,29.45,11.63,1.069,1.324,34.42,0.703,False,0.3682,3.8659
0.7644,0.86112,4,1,46,1,-0.0579,0.0064,27.64,9.75,1.393,0.786,32.56,0.482,True,0.7062,0.3154
0.7644,0.86112,4,1,46,1,0.0182,-0.014,30.86,9.9,1.562,1.198,25.67,0.45,False,0.1056,2.0436
0.7644,0.86112,4,1,46,1,0.001,-0.0012,22.08,4.98,1.009,0.729,34.87,0.776,False,0.0104,28.3616
0.7644,0.86112,4,1,46,1,-0.0523,-0.0173,20.73,14.51,1.311,1.214,23.38,0.62,False,0.1602,5.97
0.7644,0.86112,4,1,46,1,0.0137,0.0084,38.4,14.88,1.662,1.064,39.98,0.745,False,0.121,4.5942
0.7644,0.86112,4,1,46,1,0.0035,-0.0045,39.5,5.05,1.299,0.907,20.71,0.403,False,0.0756,3.9643
0.7644,0.87984,4,2,47,1,-0.0405,-0.0081,42.97,6.43,1.408,1.078,36.09,0.494,True,0.5672,0.4108
0.7644,0.87984,4,2,47,1,-0.0508,-0.0196,23.79,11.48,1.619,0.975,33.75,0.669,False,0.2288,8.1435
0.7644,0.87984,4,2,47,1,-0.0277,0.0012,29.11,8.26,1.034,1.169,29.45,0.635,False,0.2954,3.3359
0.7644,0.87984,4,2,47,1,-0.0416,-0.0122,38.17,6.86,1.175,1.237,31.69,0.458,False,1.3183,1.2443
0.7644,0.87984,4,2,47,1,-0.0168,-0.0061,27.19,6.19,1.159,0.988,26.35,0.66,False,0.1242,3.7473
0.7644,0.87984,4,2,47,1,0.0082,-0.0168,43.47,7.88,0.954,0.763,24.2,0.509,False,0.1473,3.6162
0.7644,0.87984,4,2,47,1,-0.0637,-0.0058,44.88,13.84,1.343,1.358,27.87,0.524,True,1.2979,1.4703
0.7644,0.87984,4,2,47,1,-0.0292,0.0093,30.36,9.17,1.448,0.869,28.57,0.567,False,0.2626,3.5224
0.7644,0.87984,4,2,47,1,-0.0013,0.001,42.04,10.39,1.26,0.83,32.96,0.594,False,0.3122,2.8699
0.7644,0.87984,4,2,47,1,-0.0551,-0.0033,40.64,2.5,0.915,1.265,31.29,0.418,True,0.3706,1.211
0.7644,0.87984,4,2,47,1,-0.0072,0.008,32.99,5.61,0.809,1.133,22.79,0.585,False,0.1378,2.4372
0.7644,0.87984,4,2,47,1,0.0228,-0.0094,26.25,4.1,1.723,1.152,29.23,0.608,False,0.0386,5.0354
0.7644,0.87984,4,2,47,1,-0.0224,0.0021,21.59,10.94,1.491,0.701,39.25,0.711,False,0.189,5.5697
0.7644,0.87984,4,2,47,1,-0.0139,-0.0001,25.24,12.5,0.985,0.859,38.37,0.641,False,0.1987,5.6439
0.7644,0.87984,4,2,47,1,-0.0062,-0.0108,33.68,12.27,1.519,1.012,35.88,0.537,False,0.6861,1.6547
0.7644,0.87984,4,2,47,1,-0.0238,-0.018,34.46,3.05,1.756,1.117,30.61,0.687,False,0.0878,8.9383
0.7644,0.87984,4,2,47,1,-0.0698,-0.0116,37.01,4.56,1.58,0.933,22.55,0.555,False,0.5942,1.8027
0.7644,0.87984,4,2,47,1,0.0216,-0.0075,32.1,13.28,1.669,0.803,24.81,0.727,False,0.2152,1.9903
0.7644,0.87984,4,2,47,1,-0.0115,0.0036,36.44,2.23,0.839,1.379,37.11,0.8,False,0.0435,15.3774
0.7644,0.87984,4,2,47,1,-0.0626,-0.0153,41.2,7.57,0.876,0.939,37.93,0.431,True,1.412,0.2583
0.7644,0.87984,4,2,47,1,0.0122,-0.0136,35.07,8.89,1.772,1.031,21.85,0.768,False,0.1185,2.495
0.7644,0.87984,4,2,47,1,-0.0463,-0.0023,24.21,3.6,1.228,1.352,20.47,0.748,False,0.0686,4.5105
0.7644,0.87984,4,2,47,1,-0.0344,0.0051,22.51,13.08,1.116,1.299,26.74,0.468,False,0.8466,0.9234
0.7644,0.87984,4,2,47,1,-0.0355,0.0043,29.45,11.63,1.069,1.324,34.42,0.703,False,0.2349,6.7753
0.7644,0.87984,4,2,47,1,-0.0579,0.0064,27.64,9.75,1.393,0.786,32.56,0.482,True,0.6401,0.2004
0.7644,0.87984,4,2,47,1,0.0182,-0.014,30.86,9.9,1.562,1.198,25.67,0.45,False,0.0893,3.73
0.7644,0.87984,4,2,47,1,0.001,-0.0012,22.08,4.98,1.009,0.729,34.87,0.776,False,0.1151,2.8205
0.7644,0.87984,4,2,47,1,-0.0523,-0.0173,20.73,14.51,1.311,1.214,23.38,0.62,False,0.3712,3.2039
0.7644,0.87984,4,2,47,1,0.0137,0.0084,38.4,14.88,1.662,1.064,39.98,0.745,False,0.0407,16.1006
0.7644,0.87984,4,2,47,1,0.0035,-0.0045,39.5,5.05,1.299,0.907,20.71,0.403,False,0.0942,4.266
0.7644,0.89856,4,3,48,1,-0.0405,-0.0081,42.97,6.43,1.408,1.078,36.09,0.494,True,0.5921,0.4089
0.7644,0.89856,4,3,48,1,-0.0508,-0.0196,23.79,11.48,1.619,0.975,33.75,0.669,True,0.5377,0.317
0.7644,0.89856,4,3,48,1,-0.0277,0.0012,29.11,8.26,1.034,1.169,29.45,0.635,False,0.156,5.8921
0.7644,0.89856,4,3,48,1,-0.0416,-0.0122,38.17,6.86,1.175,1.237,31.69,0.458,False,1.1261,1.391
0.7644,0.89856,4,3,48,1,-0.0168,-0.0061,27.19,6.19,1.159,0.988,26.35,0.66,False,0.1947,2.0371
0.7644,0.89856,4,3,48,1,0.0082,-0.0168,43.47,7.88,0.954,0.763,24.2,0.509,False,0.1623,2.8088
0.7644,0.89856,4,3,48,1,-0.0637,-0.0058,44.88,13.84,1.343,1.358,27.87,0.524,False,2.1411,0.9708
0.7644,0.89856,4,3,48,1,-0.0292,0.0093,30.36,9.17,1.448,0.869,28.57,0.567,False,0.0725,13.3727
0.7644,0.89856,4,3,48,1,-0.0013,0.001,42.04,10.39,1.26,0.83,32.96,0.594,False,0.15,5.4825
0.7644,0.89856,4,3,48,1,-0.0551,-0.0033,40.64,2.5,0.915,1.265,31.29,0.418,False,1.5788,1.2893
0.7644,0.89856,4,3,48,1,-0.0072,0.008,32.99,5.61,0.809,1.133,22.79,0.585,False,0.2145,1.5262
0.7644,0.89856,4,3,48,1,0.0228,-0.0094,26.25,4.1,1.723,1.152,29.23,0.608,False,0.1574,1.2327
0.7644,0.89856,4,3,48,1,-0.0224,0.0021,21.59,10.94,1.491,0.701,39.25,0.711,False,0.2385,5.0215
0.7644,0.89856,4,3,48,1,-0.0139,-0.0001,25.24,12.5,0.985,0.859,38.37,0.641,False,0.4048,2.7398
0.7644,0.89856,4,3,48,1,-0.0062,-0.0108,33.68,12.27,1.519,1.012,35.88,0.537,False,0.2245,4.7466
0.7644,0.89856,4,3,48,1,-0.0238,-0.018,34.46,3.05,1.756,1.117,30.61,0.687,False,0.0722,10.2999
0.7644,0.89856,4,3,48,1,-0.0698,-0.0116,37.01,4.56,1.58,0.933,22.55,0.555,False,0.5029,2.2915
0.7644,0.89856,4,3,48,1,0.0216,-0.0075,32.1,13.28,1.669,0.803,24.81,0.727,False,0.2699,1.6121
0.7644,0.89856,4,3,48,1,-0.0115,0.0036,36.44,2.23,0.839,1.379,37.11,0.8,False,0.0581,11.7238
0.7644,0.89856,4,3,48,1,-0.0626,-0.0153,41.2,7.57,0.876,0.939,37.93,0.431,True,1.2819,0.2679
0.7644,0.89856,4,3,48,1,0.0122,-0.0136,35.07,8.89,1.772,1.031,21.85,0.768,False,0.1027,2.8446
0.7644,0.89856,4,3,48,1,-0.0463,-0.0023,24.21,3.6,1.228,1.352,20.47,0.748,False,0.0411,6.4238
0.7644,0.89856,4,3,48,1,-0.0344,0.0051,22.51,13.08,1.116,1.299,26.74,0.468,False,0.6431,1.1935
0.7644,0.89856,4,3,48,1,-0.0355,0.0043,29.45,11.63,1.069,1.324,34.42,0.703,False,0.275,5.7275
0.7644,0.89856,4,3,48,1,-0.0579,0.0064,27.64,9.75,1.393,0.786,32.56,0.482,True,0.6578,0.1917
0.7644,0.89856,4,3,48,1,0.0182,-0.014,30.86,9.9,1.562,1.198,25.67,0.45,False,0.1636,2.1349
0.7644,0.89856,4,3,48,1,0.001,-0.0012,22.08,4.98,1.009,0.729,34.87,0.776,False,0.2069,1.471
0.7644,0.89856,4,3,48,1,-0.0523,-0.0173,20.73,14.51,1.311,1.214,23.38,0.62,False,0.1277,8.6844
0.7644,0.89856,4,3,48,1,0.0137,0.0084,38.4,14.88,1.662,1.064,39.98,0.745,False,0.0885,7.5742
0.7644,0.89856,4,3,48,1,0.0035,-0.0045,39.5,5.05,1.299,0.907,20.71,0.403,False,0.3242,1.1502
0.7644,0.91728,4,4,49,1,-0.0405,-0.0081,42.97,6.43,1.408,1.078,36.09,0.494,True,0.5224,0.4266
0.7644,0.91728,4,4,49,1,-0.0508,-0.0196,23.79,11.48,1.619,0.975,33.75,0.669,False,0.2686,6.9
0.7644,0.91728,4,4,49,1,-0.0277,0.0012,29.11,8.26,1.034,1.169,29.45,0.635,False,0.254,3.2135
0.7644,0.91728,4,4,49,1,-0.0416,-0.0122,38.17,6.86,1.175,1.237,31.69,0.458,False,0.6969,1.89
0.7644,0.91728,4,4,49,1,-0.0168,-0.0061,27.19,6.19,1.159,0.988,26.35,0.66,False,0.0862,4.559
0.7644,0.91728,4,4,49,1,0.0082,-0.0168,43.47,7.88,0.954,0.763,24.2,0.509,False,0.1412,3.1724
0.7644,0.91728,4,4,49,1,-0.0637,-0.0058,44.88,13.84,1.343,1.358,27.87,0.524,False,1.5851,1.2696
0.7644,0.91728,4,4,49,1,-0.0292,0.0093,30.36,9.17,1.448,0.869,28.57,0.567,False,0.1611,5.6616
0.7644,0.91728,4,4,49,1,-0.0013,0.001,42.04,10.39,1.26,0.83,32.96,0.594,False,0.4146,1.9785
0.7644,0.91728,4,4,49,1,-0.0551,-0.0033,40.64,2.5,0.915,1.265,31.29,0.418,True,0.3009,1.2915
0.7644,0.91728,4,4,49,1,-0.0072,0.008,32.99,5.61,0.809,1.133,22.79,0.585,False,0.0605,4.1608
0.7644,0.91728,4,4,49,1,0.0228,-0.0094,26.25,4.1,1.723,1.152,29.23,0.608,False,0.1092,1.6918
0.7644,0.91728,4,4,49,1,-0.0224,0.0021,21.59,10.94,1.491,0.701,39.25,0.711,False,0.1795,6.3001
0.7644,0.91728,4,4,49,1,-0.0139,-0.0001,25.24,12.5,0.985,0.859,38.37,0.641,False,0.013,84.8022
0.7644,0.91728,4,4,49,1,-0.0062,-0.0108,33.68,12.27,1.519,1.012,35.88,0.537,False,0.2332,4.4977
0.7644,0.91728,4,4,49,1,-0.0238,-0.018,34.46,3.05,1.756,1.117,30.61,0.687,False,0.1642,4.1922
0.7644,0.91728,4,4,49,1,-0.0698,-0.0116,37.01,4.56,1.58,0.933,22.55,0.555,False,0.5218,2.1545
0.7644,0.91728,4,4,49,1,0.0216,-0.0075,32.1,13.28,1.669,0.803,24.81,0.727,False,0.3078,1.365
0.7644,0.91728,4,4,49,1,-0.0115,0.0036,36.44,2.23,0.839,1.379,37.11,0.8,False,0.1758,3.8024
0.7644,0.91728,4,4,49,1,-0.0626,-0.0153,41.2,7.57,0.876,0.939,37.93,0.431,True,0.7683,0.4589
0.7644,0.91728,4,4,49,1,0.0122,-0.0136,35.07,8.89,1.772,1.031,21.85,0.768,False,0.1848,1.501
0.7644,0.91728,4,4,49,1,-0.0463,-0.0023,24.21,3.6,1.228,1.352,20.47,0.748,False,0.0564,4.4252
0.7644,0.91728,4,4,49,1,-0.0344,0.0051,22.51,13.08,1.116,1.299,26.74,0.468,False,0.7079,1.0287
0.7644,0.91728,4,4,49,1,-0.0355,0.0043,29.45,11.63,1.069,1.324,34.42,0.703,False,0.174,8.5245
0.7644,0.91728,4,4,49,1,-0.0579,0.0064,27.64,9.75,1.393,0.786,32.56,0.482,True,0.7246,0.218
0.7644,0.91728,4,4,49,1,0.0182,-0.014,30.86,9.9,1.562,1.198,25.67,0.45,False,0.1593,1.8408
0.7644,0.91728,4,4,49,1,0.001,-0.0012,22.08,4.98,1.009,0.729,34.87,0.776,False,0.0611,4.9746
0.7644,0.91728,4,4,49,1,-0.0523,-0.0173,20.73,14.51,1.311,1.214,23.38,0.62,False,0.1888,5.6999
0.7644,0.91728,4,4,49,1,0.0137,0.0084,38.4,14.88,1.662,1.064,39.98,0.745,False,0.0792,7.6271
0.7644,0.91728,4,4,49,1,0.0035,-0.0045,39.5,5.05,1.299,0.907,20.71,0.403,False,0.1387,2.2031
0.7644,0.936,4,5,50,1,-0.0405,-0.0081,42.97,6.43,1.408,1.078,36.09,0.494,True,0.5319,0.4373
0.7644,0.936,4,5,50,1,-0.0508,-0.0196,23.79,11.48,1.619,0.975,33.75,0.669,False,0.2931,6.3639
0.7644,0.936,4,5,50,1,-0.0277,0.0012,29.11,8.26,1.034,1.169,29.45,0.635,False,0.2192,4.0646
0.7644,0.936,4,5,50,1,-0.0416,-0.0122,38.17,6.86,1.175,1.237,31.69,0.458,False,1.6581,1.0282
0.7644,0.936,4,5,50,1,-0.0168,-0.0061,27.19,6.19,1.159,0.988,26.35,0.66,False,0.1463,2.7438
0.7644,0.936,4,5,50,1,0.0082,-0.0168,43.47,7.88,0.954,0.763,24.2,0.509,False,0.0732,6.9183
0.7644,0.936,4,5,50,1,-0.0637,-0.0058,44.88,13.84,1.343,1.358,27.87,0.524,False,1.4963,1.2305
0.7644,0.936,4,5,50,1,-0.0292,0.0093,30.36,9.17,1.448,0.869,28.57,0.567,False,0.109,9.4324
0.7644,0.936,4,5,50,1,-0.0013,0.001,42.04,10.39,1.26,0.83,32.96,0.594,False,0.293,2.8246
0.7644,0.936,4,5,50,1,-0.0551,-0.0033,40.64,2.5,0.915,1.265,31.29,0.418,True,0.4542,0.901
0.7644,0.936,4,5,50,1,-0.0072,0.008,32.99,5.61,0.809,1.133,22.79,0.585,False,0.2329,1.2761
0.7644,0.936,4,5,50,1,0.0228,-0.0094,26.25,4.1,1.723,1.152,29.23,0.608,False,0.0599,3.3003
0.7644,0.936,4,5,50,1,-0.0224,0.0021,21.59,10.94,1.491,0.701,39.25,0.711,False,0.2964,4.1168
0.7644,0.936,4,5,50,1,-0.0139,-0.0001,25.24,12.5,0.985,0.859,38.37,0.641,False,0.2277,4.9495
0.7644,0.936,4,5,50,1,-0.0062,-0.0108,33.68,12.27,1.519,1.012,35.88,0.537,False,0.157,6.7106
0.7644,0.936,4,5,50,1,-0.0238,-0.018,34.46,3.05,1.756,1.117,30.61,0.687,False,0.1312,5.5888
0.7644,0.936,4,5,50,1,-0.0698,-0.0116,37.01,4.56,1.58,0.933,22.55,0.555,False,0.4041,2.7505
0.7644,0.936,4,5,50,1,0.0216,-0.0075,32.1,13.28,1.669,0.803,24.81,0.727,False,0.3645,1.2262
0.7644,0.936,4,5,50,1,-0.0115,0.0036,36.44,2.23,0.839,1.379,37.11,0.8,False,0.022,31.6784
0.7644,0.936,4,5,50,1,-0.0626,-0.0153,41.2,7.57,0.876,0.939,37.93,0.431,True,0.875,0.6914
0.7644,0.936,4,5,50,1,0.0122,-0.0136,35.07,8.89,1.772,1.031,21.85,0.768,False,0.0982,2.9937
0.7644,0.936,4,5,50,1,-0.0463,-0.0023,24.21,3.6,1.228,1.352,20.47,0.748,False,0.0502,5.2829
0.7644,0.936,4,5,50,1,-0.0344,0.0051,22.51,13.08,1.116,1.299,26.74,0.468,False,0.5749,1.3857
0.7644,0.936,4,5,50,1,-0.0355,0.0043,29.45,11.63,1.069,1.324,34.42,0.703,False,0.1561,10.061
0.7644,0.936,4,5,50,1,-0.0579,0.0064,27.64,9.75,1.393,0.786,32.56,0.482,True,0.7028,0.2769
0.7644,0.936,4,5,50,1,0.0182,-0.014,30.86,9.9,1.562,1.198,25.67,0.45,False,0.1949,1.9765
0.7644,0.936,4,5,50,1,0.001,-0.0012,22.08,4.98,1.009,0.729,34.87,0.776,False,0.037,8.1613
0.7644,0.936,4,5,50,1,-0.0523,-0.0173,20.73,14.51,1.311,1.214,23.38,0.62,False,0.261,4.13
0.7644,0.936,4,5,50,1,0.0137,0.0084,38.4,14.88,1.662,1.064,39.98,0.745,False,0.2945,2.131
0.7644,0.936,4,5,50,1,0.0035,-0.0045,39.5,5.05,1.299,0.907,20.71,0.403,False,0.0796,4.3574
0.7644,0.95472,4,6,51,1,-0.0405,-0.0081,42.97,6.43,1.408,1.078,36.09,0.494,True,0.5219,0.4183
0.7644,0.95472,4,6,51,1,-0.0508,-0.0196,23.79,11.48,1.619,0.975,33.75,0.669,False,0.286,6.653
0.7644,0.95472,4,6,51,1,-0.0277,0.0012,29.11,8.26,1.034,1.169,29.45,0.635,False,0.1435,5.9168
0.7644,0.95472,4,6,51,1,-0.0416,-0.0122,38.17,6.86,1.175,1.237,31.69,0.458,False,0.8842,1.7389
0.7644,0.95472,4,6,51,1,-0.0168,-0.0061,27.19,6.19,1.159,0.988,26.35,0.66,False,0.1351,3.2465
0.7644,0.95472,4,6,51,1,0.0082,-0.0168,43.47,7.88,0.954,0.763,24.2,0.509,False,0.1577,3.1512
0.7644,0.95472,4,6,51,1,-0.0637,-0.0058,44.88,13.84,1.343,1.358,27.87,0.524,False,1.5599,1.3555
0.7644,0.95472,4,6,51,1,-0.0292,0.0093,30.36,9.17,1.448,0.869,28.57,0.567,False,0.1323,7.4942
0.7644,0.95472,4,6,51,1,-0.0013,0.001,42.04,10.39,1.26,0.83,32.96,0.594,False,0.1894,4.2455
0.7644,0.95472,4,6,51,1,-0.0551,-0.0033,40.64,2.5,0.915,1.265,31.29,0.418,True,1.2878,0.2472
0.7644,0.95472,4,6,51,1,-0.0072,0.008,32.99,5.61,0.809,1.133,22.79,0.585,False,0.1889,1.4512
0.7644,0.95472,4,6,51,1,0.0228,-0.0094,26.25,4.1,1.723,1.152,29.23,0.608,False,0.102,1.9425
0.7644,0.95472,4,6,51,1,-0.0224,0.0021,21.59,10.94,1.491,0.701,39.25,0.711,False,1.8599,0.8239
0.7644,0.95472,4,6,51,1,-0.0139,-0.0001,25.24,12.5,0.985,0.859,38.37,0.641,False,0.0758,14.9113
0.7644,0.95472,4,6,51,1,-0.0062,-0.0108,33.68,12.27,1.519,1.012,35.88,0.537,False,0.3576,2.789
0.7644,0.95472,4,6,51,1,-0.0238,-0.018,34.46,3.05,1.756,1.117,30.61,0.687,False,0.1586,4.6717
0.7644,0.95472,4,6,51,1,-0.0698,-0.0116,37.01,4.56,1.58,0.933,22.55,0.555,False,0.3264,3.1771
0.7644,0.95472,4,6,51,1,0.0216,-0.0075,32.1,13.28,1.669,0.803,24.81,0.727,False,0.299,1.5073
0.7644,0.95472,4,6,51,1,-0.0115,0.0036,36.44,2.23,0.839,1.379,37.11,0.8,False,0.116,6.137
0.7644,0.95472,4,6,51,1,-0.0626,-0.0153,41.2,7.57,0.876,0.939,37.93,0.431,True,0.2687,1.7818
0.7644,0.95472,4,6,51,1,0.0122,-0.0136,35.07,8.89,1.772,1.031,21.85,0.768,False,0.2,1.3904
0.7644,0.95472,4,6,51,1,-0.0463,-0.0023,24.21,3.6,1.228,1.352,20.47,0.748,False,0.0242,9.3233
0.7644,0.95472,4,6,51,1,-0.0344,0.0051,22.51,13.08,1.116,1.299,26.74,0.468,False,0.5371,1.3851
0.7644,0.95472,4,6,51,1,-0.0355,0.0043,29.45,11.63,1.069,1.324,34.42,0.703,False,0.3372,4.6175
0.7644,0.95472,4,6,51,1,-0.0579,0.0064,27.64,9.75,1.393,0.786,32.56,0.482,False,0.6739,1.9556
0.7644,0.95472,4,6,51,1,0.0182,-0.014,30.86,9.9,1.562,1.198,25.67,0.45,False,0.1964,1.8798
0.7644,0.95472,4,6,51,1,0.001,-0.0012,22.08,4.98,1.009,0.729,34.87,0.776,False,0.136,2.2625
0.7644,0.95472,4,6,51,1,-0.0523,-0.0173,20.73,14.51,1.311,1.214,23.38,0.62,False,0.2048,5.1718
0.7644,0.95472,4,6,51,1,0.0137,0.0084,38.4,14.88,1.662,1.064,39.98,0.745,False,0.0777,9.1633
0.7644,0.95472,4,6,51,1,0.0035,-0.0045,39.5,5.05,1.299,0.907,20.71,0.403,False,0.1583,2.2319
0.7644,0.97344,4,7,52,1,-0.0405,-0.0081,42.97,6.43,1.408,1.078,36.09,0.494,False,0.1778,11.5141
0.7644,0.97344,4,7,52,1,-0.0508,-0.0196,23.79,11.48,1.619,0.975,33.75,0.669,False,0.1799,10.4435
0.7644,0.97344,4,7,52,1,-0.0277,0.0012,29.11,8.26,1.034,1.169,29.45,0.635,False,0.3258,3.0459
0.7644,0.97344,4,7,52,1,-0.0416,-0.0122,38.17,6.86,1.175,1.237,31.69,0.458,False,1.1203,1.4403
0.7644,0.97344,4,7,52,1,-0.0168,-0.0061,27.19,6.19,1.159,0.988,26.35,0.66,False,0.1443,3.3315
0.7644,0.97344,4,7,52,1,0.0082,-0.0168,43.47,7.88,0.954,0.763,24.2,0.509,False,0.1302,4.3448
0.7644,0.97344,4,7,52,1,-0.0637,-0.0058,44.88,13.84,1.343,1.358,27.87,0.524,False,0.6514,2.827
0.7644,0.97344,4,7,52,1,-0.0292,0.0093,30.36,9.17,1.448,0.869,28.57,0.567,False,0.2035,5.21
0.7644,0.97344,4,7,52,1,-0.0013,0.001,42.04,10.39,1.26,0.83,32.96,0.594,False,0.2556,3.5202
0.7644,0.97344,4,7,52,1,-0.0551,-0.0033,40.64,2.5,0.915,1.265,31.29,0.418,True,1.2866,0.2584
0.7644,0.97344,4,7,52,1,-0.0072,0.008,32.99,5.61,0.809,1.133,22.79,0.585,False,0.1512,2.1912
0.7644,0.97344,4,7,52,1,0.0228,-0.0094,26.25,4.1,1.723,1.152,29.23,0.608,False,0.1344,1.4947
0.7644,0.97344,4,7,52,1,-0.0224,0.0021,21.59,10.94,1.491,0.701,39.25,0.711,False,0.2191,5.4654
0.7644,0.97344,4,7,52,1,-0.0139,-0.0001,25.24,12.5,0.985,0.859,38.37,0.641,False,0.3415,3.3761
0.7644,0.97344,4,7,52,1,-0.0062,-0.0108,33.68,12.27,1.519,1.012,35.88,0.537,False,0.5306,2.097
0.7644,0.97344,4,7,52,1,-0.0238,-0.018,34.46,3.05,1.756,1.117,30.61,0.687,False,0.16,4.9604
0.7644,0.97344,4,7,52,1,-0.0698,-0.0116,37.01,4.56,1.58,0.933,22.55,0.555,False,0.3886,2.4552
0.7644,0.97344,4,7,52,1,0.0216,-0.0075,32.1,13.28,1.669,0.803,24.81,0.727,False,0.2819,1.5693
0.7644,0.97344,4,7,52,1,-0.0115,0.0036,36.44,2.23,0.839,1.379,37.11,0.8,False,0.0793,8.8248
0.7644,0.97344,4,7,52,1,-0.0626,-0.0153,41.2,7.57,0.876,0.939,37.93,0.431,True,0.2847,1.7364
0.7644,0.97344,4,7,52,1,0.0122,-0.0136,35.07,8.89,1.772,1.031,21.85,0.768,False,0.1642,1.8611
0.7644,0.97344,4,7,52,1,-0.0463,-0.0023,24.21,3.6,1.228,1.352,20.47,0.748,False,0.0287,10.7807
0.7644,0.97344,4,7,52,1,-0.0344,0.0051,22.51,13.08,1.116,1.299,26.74,0.468,False,0.8423,0.9815
0.7644,0.97344,4,7,52,1,-0.0355,0.0043,29.45,11.63,1.069,1.324,34.42,0.703,False,0.2836,5.7765
0.7644,0.97344,4,7,52,1,-0.0579,0.0064,27.64,9.75,1.393,0.786,32.56,0.482,True,0.6419,0.2126
0.7644,0.97344,4,7,52,1,0.0182,-0.014,30.86,9.9,1.562,1.198,25.67,0.45,False,0.1251,3.1298
0.7644,0.97344,4,7,52,1,0.001,-0.0012,22.08,4.98,1.009,0.729,34.87,0.776,False,0.2249,1.4609
0.7644,0.97344,4,7,52,1,-0.0523,-0.0173,20.73,14.51,1.311,1.214,23.38,0.62,False,0.3324,3.574
0.7644,0.97344,4,7,52,1,0.0137,0.0084,38.4,14.88,1.662,1.064,39.98,0.745,False,0.0677,8.86
0.7644,0.97344,4,7,52,1,0.0035,-0.0045,39.5,5.05,1.299,0.907,20.71,0.403,False,0.1333,3.2745
0.7644,0.99216,4,8,53,1,-0.0405,-0.0081,42.97,6.43,1.408,1.078,36.09,0.494,True,0.5346,0.4238
0.7644,0.99216,4,8,53,1,-0.0508,-0.0196,23.79,11.48,1.619,0.975,33.75,0.669,False,0.3529,5.1141
0.7644,0.99216,4,8,53,1,-0.0277,0.0012,29.11,8.26,1.034,1.169,29.45,0.635,False,0.1105,7.1827
0.7644,0.99216,4,8,53,1,-0.0416,-0.0122,38.17,6.86,1.175,1.237,31.69,0.458,False,1.2485,1.2934
0.7644,0.99216,4,8,53,1,-0.0168,-0.0061,27.19,6.19,1.159,0.988,26.35,0.66,False,0.0469,7.9639
0.7644,0.99216,4,8,53,1,0.0082,-0.0168,43.47,7.88,0.954,0.763,24.2,0.509,False,0.1099,3.5819
0.7644,0.99216,4,8,53,1,-0.0637,-0.0058,44.88,13.84,1.343,1.358,27.87,0.524,False,0.4369,4.5737
0.7644,0.99216,4,8,53,1,-0.0292,0.0093,30.36,9.17,1.448,0.869,28.57,0.567,False,0.3433,2.6312
0.7644,0.99216,4,8,53,1,-0.0013,0.001,42.04,10.39,1.26,0.83,32.96,0.594,False,0.3338,2.5071
0.7644,0.99216,4,8,53,1,-0.0551,-0.0033,40.64,2.5,0.915,1.265,31.29,0.418,True,0.3356,1.2721
0.7644,0.99216,4,8,53,1,-0.0072,0.008,32.99,5.61,0.809,1.133,22.79,0.585,False,0.2324,1.1298
0.7644,0.99216,4,8,53,1,0.0228,-0.0094,26.25,4.1,1.723,1.152,29.23,0.608,False,0.0582,3.2999
0.7644,0.99216,4,8,53,1,-0.0224,0.0021,21.59,10.94,1.491,0.701,39.25,0.711,False,0.1613,7.4249
0.7644,0.99216,4,8,53,1,-0.0139,-0.0001,25.24,12.5,0.985,0.859,38.37,0.641,False,0.1328,7.9198
0.7644,0.99216,4,8,53,1,-0.0062,-0.0108,33.68,12.27,1.519,1.012,35.88,0.537,False,0.3196,3.1675
0.7644,0.99216,4,8,53,1,-0.0238,-0.018,34.46,3.05,1.756,1.117,30.61,0.687,False,0.1667,4.1168
0.7644,0.99216,4,8,53,1,-0.0698,-0.0116,37.01,4.56,1.58,0.933,22.55,0.555,False,0.449,2.5265
0.7644,0.99216,4,8,53,1,0.0216,-0.0075,32.1,13.28,1.669,0.803,24.81,0.727,False,0.1043,4.4526
0.7644,0.99216,4,8,53,1,-0.0115,0.0036,36.44,2.23,0.839,1.379,37.11,0.8,False,0.0967,6.9362
0.7644,0.99216,4,8,53,1,-0.0626,-0.0153,41.2,7.57,0.876,0.939,37.93,0.431,True,1.4182,0.2431
0.7644,0.99216,4,8,53,1,0.0122,-0.0136,35.07,8.89,1.772,1.031,21.85,0.768,False,0.2235,1.2213
0.7644,0.99216,4,8,53,1,-0.0463,-0.0023,24.21,3.6,1.228,1.352,20.47,0.748,False,0.0092,25.1416
0.7644,0.99216,4,8,53,1,-0.0344,0.0051,22.51,13.08,1.116,1.299,26.74,0.468,False,0.5559,1.3813
0.7644,0.99216,4,8,53,1,-0.0355,0.0043,29.45,11.63,1.069,1.324,34.42,0.703,False,0.2362,6.072
0.7644,0.99216,4,8,53,1,-0.0579,0.0064,27.64,9.75,1.393,0.786,32.56,0.482,False,0.6082,2.0327
0.7644,0.99216,4,8,53,1,0.0182,-0.014,30.86,9.9,1.562,1.198,25.67,0.45,False,0.2853,0.9757
0.7644,0.99216,4,8,53,1,0.001,-0.0012,22.08,4.98,1.009,0.729,34.87,0.776,False,0.0188,15.5278
0.7644,0.99216,4,8,53,1,-0.0523,-0.0173,20.73,14.51,1.311,1.214,23.38,0.62,False,0.1903,5.5615
0.7644,0.99216,4,8,53,1,0.0137,0.0084,38.4,14.88,1.662,1.064,39.98,0.745,False,0.1108,5.4682
0.7644,0.99216,4,8,53,1,0.0035,-0.0045,39.5,5.05,1.299,0.907,20.71,0.403,False,0.0238,10.8622
0.7644,1.01088,4,9,54,1,-0.0405,-0.0081,42.97,6.43,1.408,1.078,36.09,0.494,True,0.3594,0.9989
0.7644,1.01088,4,9,54,1,-0.0508,-0.0196,23.79,11.48,1.619,0.975,33.75,0.669,False,0.227,8.1488
0.7644,1.01088,4,9,54,1,-0.0277,0.0012,29.11,8.26,1.034,1.169,29.45,0.635,False,0.1561,5.8375
0.7644,1.01088,4,9,54,1,-0.0416,-0.0122,38.17,6.86,1.175,1.237,31.69,0.458,False,0.3141,4.601
0.7644,1.01088,4,9,54,1,-0.0168,-0.0061,27.19,6.19,1.159,0.988,26.35,0.66,False,0.0685,6.3102
0.7644,1.01088,4,9,54,1,0.0082,-0.0168,43.47,7.88,0.954,0.763,24.2,0.509,False,0.4167,1.1207
0.7644,1.01088,4,9,54,1,-0.0637,-0.0058,44.88,13.84,1.343,1.358,27.87,0.524,False,1.9161,1.1118
0.7644,1.01088,4,9,54,1,-0.0292,0.0093,30.36,9.17,1.448,0.869,28.57,0.567,False,0.1498,5.9284
0.7644,1.01088,4,9,54,1,-0.0013,0.001,42.04,10.39,1.26,0.83,32.96,0.594,False,0.0471,17.8231
0.7644,1.01088,4,9,54,1,-0.0551,-0.0033,40.64,2.5,0.915,1.265,31.29,0.418,True,0.3041,1.4438
0.7644,1.01088,4,9,54,1,-0.0072,0.008,32.99,5.61,0.809,1.133,22.79,0.585,False,0.0183,15.1455
0.7644,1.01088,4,9,54,1,0.0228,-0.0094,26.25,4.1,1.723,1.152,29.23,0.608,False,0.1705,1.2025
0.7644,1.01088,4,9,54,1,-0.0224,0.0021,21.59,10.94,1.491,0.701,39.25,0.711,False,0.1601,7.85
0.7644,1.01088,4,9,54,1,-0.0139,-0.0001,25.24,12.5,0.985,0.859,38.37,0.641,False,0.1425,7.9159
0.7644,1.01088,4,9,54,1,-0.0062,-0.0108,33.68,12.27,1.519,1.012,35.88,0.537,False,0.2657,3.8954
0.7644,1.01088,4,9,54,1,-0.0238,-0.018,34.46,3.05,1.756,1.117,30.61,0.687,False,0.2202,3.7084
0.7644,1.01088,4,9,54,1,-0.0698,-0.0116,37.01,4.56,1.58,0.933,22.55,0.555,False,0.3923,3.0205
0.7644,1.01088,4,9,54,1,0.0216,-0.0075,32.1,13.28,1.669,0.803,24.81,0.727,False,0.2239,2.115
0.7644,1.01088,4,9,54,1,-0.0115,0.0036,36.44,2.23,0.839,1.379,37.11,0.8,False,0.103,6.7106
0.7644,1.01088,4,9,54,1,-0.0626,-0.0153,41.2,7.57,0.876,0.939,37.93,0.431,True,1.3963,0.2547
0.7644,1.01088,4,9,54,1,0.0122,-0.0136,35.07,8.89,1.772,1.031,21.85,0.768,False,0.1444,2.223
0.7644,1.01088,4,9,54,1,-0.0463,-0.0023,24.21,3.6,1.228,1.352,20.47,0.748,False,0.0311,7.9647
0.7644,1.01088,4,9,54,1,-0.0344,0.0051,22.51,13.08,1.116,1.299,26.74,0.468,False,0.6485,1.1395
0.7644,1.01088,4,9,54,1,-0.0355,0.0043,29.45,11.63,1.069,1.324,34.42,0.703,False,0.1627,9.555
0.7644,1.01088,4,9,54,1,-0.0579,0.0064,27.64,9.75,1.393,0.786,32.56,0.482,True,0.6909,0.3667
0.7644,1.01088,4,9,54,1,0.0182,-0.014,30.86,9.9,1.562,1.198,25.67,0.45,False,0.1328,2.9208
0.7644,1.01088,4,9,54,1,0.001,-0.0012,22.08,4.98,1.009,0.729,34.87,0.776,False,0.1672,1.8557
0.7644,1.01088,4,9,54,1,-0.0523,-0.0173,20.73,14.51,1.311,1.214,23.38,0.62,False,0.3206,3.3654
0.7644,1.01088,4,9,54,1,0.0137,0.0084,38.4,14.88,1.662,1.064,39.98,0.745,False,0.1468,3.8681
0.7644,1.01088,4,9,54,1,0.0035,-0.0045,39.5,5.05,1.299,0.907,20.71,0.403,False,0.0551,6.7525
0.7644,1.0296,4,10,55,1,-0.0405,-0.0081,42.97,6.43,1.408,1.078,36.09,0.494,True,0.4713,0.4594
0.7644,1.0296,4,10,55,1,-0.0508,-0.0196,23.79,11.48,1.619,0.975,33.75,0.669,False,0.3432,5.4883
0.7644,1.0296,4,10,55,1,-0.0277,0.0012,29.11,8.26,1.034,1.169,29.45,0.635,False,0.1912,4.823
0.7644,1.0296,4,10,55,1,-0.0416,-0.0122,38.17,6.86,1.175,1.237,31.69,0.458,False,1.4343,1.0505
0.7644,1.0296,4,10,55,1,-0.0168,-0.0061,27.19,6.19,1.159,0.988,26.35,0.66,False,0.1703,2.56
0.7644,1.0296,4,10,55,1,0.0082,-0.0168,43.47,7.88,0.954,0.763,24.2,0.509,False,0.1689,3.1122
0.7644,1.0296,4,10,55,1,-0.0637,-0.0058,44.88,13.84,1.343,1.358,27.87,0.524,False,1.9466,1.0725
0.7644,1.0296,4,10,55,1,-0.0292,0.0093,30.36,9.17,1.448,0.869,28.57,0.567,False,0.1347,6.8002
0.7644,1.0296,4,10,55,1,-0.0013,0.001,42.04,10.39,1.26,0.83,32.96,0.594,False,0.3441,2.7017
0.7644,1.0296,4,10,55,1,-0.0551,-0.0033,40.64,2.5,0.915,1.265,31.29,0.418,False,0.9902,2.0745
0.7644,1.0296,4,10,55,1,-0.0072,0.008,32.99,5.61,0.809,1.133,22.79,0.585,False,0.1502,2.2052
0.7644,1.0296,4,10,55,1,0.0228,-0.0094,26.25,4.1,1.723,1.152,29.23,0.608,False,0.0215,9.9633
0.7644,1.0296,4,10,55,1,-0.0224,0.0021,21.59,10.94,1.491,0.701,39.25,0.711,False,0.1861,6.5126
0.7644,1.0296,4,10,55,1,-0.0139,-0.0001,25.24,12.5,0.985,0.859,38.37,0.641,False,0.4647,2.443
0.7644,1.0296,4,10,55,1,-0.0062,-0.0108,33.68,12.27,1.519,1.012,35.88,0.537,False,0.4151,2.7628
0.7644,1.0296,4,10,55,1,-0.0238,-0.018,34.46,3.05,1.756,1.117,30.61,0.687,False,0.1095,7.0459
0.7644,1.0296,4,10,55,1,-0.0698,-0.0116,37.01,4.56,1.58,0.933,22.55,0.555,False,0.1571,7.1502
0.7644,1.0296,4,10,55,1,0.0216,-0.0075,32.1,13.28,1.669,0.803,24.81,0.727,False,0.0718,6.9748
0.7644,1.0296,4,10,55,1,-0.0115,0.0036,36.44,2.23,0.839,1.379,37.11,0.8,False,0.0086,85.6477
0.7644,1.0296,4,10,55,1,-0.0626,-0.0153,41.2,7.57,0.876,0.939,37.93,0.431,True,0.8591,0.4818
0.7644,1.0296,4,10,55,1,0.0122,-0.0136,35.07,8.89,1.772,1.031,21.85,0.768,False,0.1517,2.2307
0.7644,1.0296,4,10,55,1,-0.0463,-0.0023,24.21,3.6,1.228,1.352,20.47,0.748,False,0.0612,4.8524
0.7644,1.0296,4,10,55,1,-0.0344,0.0051,22.51,13.08,1.116,1.299,26.74,0.468,False,0.4534,1.7528
0.7644,1.0296,4,10,55,1,-0.0355,0.0043,29.45,11.63,1.069,1.324,34.42,0.703,False,0.3991,3.8121
0.7644,1.0296,4,10,55,1,-0.0579,0.0064,27.64,9.75,1.393,0.786,32.56,0.482,True,0.6721,0.2087
0.7644,1.0296,4,10,55,1,0.0182,-0.014,30.86,9.9,1.562,1.198,25.67,0.45,False,0.4263,0.7685
0.7644,1.0296,4,10,55,1,0.001,-0.0012,22.08,4.98,1.009,0.729,34.87,0.776,False,0.1472,1.97
0.7644,1.0296,4,10,55,1,-0.0523,-0.0173,20.73,14.51,1.311,1.214,23.38,0.62,False,0.0748,14.9635
0.7644,1.0296,4,10,55,1,0.0137,0.0084,38.4,14.88,1.662,1.064,39.98,0.745,False,0.1781,3.7615
0.7644,1.0296,4,10,55,1,0.0035,-0.0045,39.5,5.05,1.299,0.907,20.71,0.403,False,0.2333,1.6945
0.78,0.8424,5,0,56,1,-0.0405,-0.0081,42.97,6.43,1.408,1.078,36.09,0.494,True,0.6428,0.3451
0.78,0.8424,5,0,56,1,-0.0508,-0.0196,23.79,11.48,1.619,0.975,33.75,0.669,False,0.1389,13.2191
0.78,0.8424,5,0,56,1,-0.0277,0.0012,29.11,8.26,1.034,1.169,29.45,0.635,False,0.0399,20.1438
0.78,0.8424,5,0,56,1,-0.0416,-0.0122,38.17,6.86,1.175,1.237,31.69,0.458,False,1.2534,1.2315
0.78,0.8424,5,0,56,1,-0.0168,-0.0061,27.19,6.19,1.159,0.988,26.35,0.66,False,0.0633,5.8132
0.78,0.8424,5,0,56,1,0.0082,-0.0168,43.47,7.88,0.954,0.763,24.2,0.509,False,0.0684,5.8424
0.78,0.8424,5,0,56,1,-0.0637,-0.0058,44.88,13.84,1.343,1.358,27.87,0.524,True,1.1267,0.8591
0.78,0.8424,5,0,56,1,-0.0292,0.0093,30.36,9.17,1.448,0.869,28.57,0.567,False,0.1206,7.2458
0.78,0.8424,5,0,56,1,-0.0013,0.001,42.04,10.39,1.26,0.83,32.96,0.594,False,0.2097,3.8051
0.78,0.8424,5,0,56,1,-0.0551,-0.0033,40.64,2.5,0.915,1.265,31.29,0.418,True,0.9411,0.6387
0.78,0.8424,5,0,56,1,-0.0072,0.008,32.99,5.61,0.809,1.133,22.79,0.585,False,0.1257,2.1185
0.78,0.8424,5,0,56,1,0.0228,-0.0094,26.25,4.1,1.723,1.152,29.23,0.608,False,0.0371,4.7845
0.78,0.8424,5,0,56,1,-0.0224,0.0021,21.59,10.94,1.491,0.701,39.25,0.711,False,0.1488,8.0726
0.78,0.8424,5,0,56,1,-0.0139,-0.0001,25.24,12.5,0.985,0.859,38.37,0.641,False,0.1861,5.5585
0.78,0.8424,5,0,56,1,-0.0062,-0.0108,33.68,12.27,1.519,1.012,35.88,0.537,False,0.2789,3.6775
0.78,0.8424,5,0,56,1,-0.0238,-0.018,34.46,3.05,1.756,1.117,30.61,0.687,False,0.1668,4.2119
0.78,0.8424,5,0,56,1,-0.0698,-0.0116,37.01,4.56,1.58,0.933,22.55,0.555,False,0.1948,4.9477
0.78,0.8424,5,0,56,1,0.0216,-0.0075,32.1,13.28,1.669,0.803,24.81,0.727,False,0.1288,3.6179
0.78,0.8424,5,0,56,1,-0.0115,0.0036,36.44,2.23,0.839,1.379,37.11,0.8,False,0.1273,4.7771
0.78,0.8424,5,0,56,1,-0.0626,-0.0153,41.2,7.57,0.876,0.939,37.93,0.431,True,1.4871,0.2332
0.78,0.8424,5,0,56,1,0.0122,-0.0136,35.07,8.89,1.772,1.031,21.85,0.768,False,0.1075,2.8164
0.78,0.8424,5,0,56,1,-0.0463,-0.0023,24.21,3.6,1.228,1.352,20.47,0.748,False,0.0391,6.1326
0.78,0.8424,5,0,56,1,-0.0344,0.0051,22.51,13.08,1.116,1.299,26.74,0.468,False,0.7239,0.9906
0.78,0.8424,5,0,56,1,-0.0355,0.0043,29.45,11.63,1.069,1.324,34.42,0.703,False,0.2482,6.0005
0.78,0.8424,5,0,56,1,-0.0579,0.0064,27.64,9.75,1.393,0.786,32.56,0.482,False,0.8523,1.5577
0.78,0.8424,5,0,56,1,0.0182,-0.014,30.86,9.9,1.562,1.198,25.67,0.45,False,0.1248,1.9469
0.78,0.8424,5,0,56,1,0.001,-0.0012,22.08,4.98,1.009,0.729,34.87,0.776,False,0.0896,3.262
0.78,0.8424,5,0,56,1,-0.0523,-0.0173,20.73,14.51,1.311,1.214,23.38,0.62,False,0.1103,9.2031
0.78,0.8424,5,0,56,1,0.0137,0.0084,38.4,14.88,1.662,1.064,39.98,0.745,False,0.1175,4.9192
0.78,0.8424,5,0,56,1,0.0035,-0.0045,39.5,5.05,1.299,0.907,20.71,0.403,False,0.1009,2.8869
0.78,0.86112,5,1,57,1,-0.0405,-0.0081,42.97,6.43,1.408,1.078,36.09,0.494,True,0.7686,0.3591
0.78,0.86112,5,1,57,1,-0.0508,-0.0196,23.79,11.48,1.619,0.975,33.75,0.669,False,0.1221,15.6958
0.78,0.86112,5,1,57,1,-0.0277,0.0012,29.11,8.26,1.034,1.169,29.45,0.635,False,0.4638,2.112
0.78,0.86112,5,1,57,1,-0.0416,-0.0122,38.17,6.86,1.175,1.237,31.69,0.458,False,0.8078,1.7155
0.78,0.86112,5,1,57,1,-0.0168,-0.0061,27.19,6.19,1.159,0.988,26.35,0.66,False,0.1443,3.1996
0.78,0.86112,5,1,57,1,0.0082,-0.0168,43.47,7.88,0.954,0.763,24.2,0.509,False,0.579,0.8766
0.78,0.86112,5,1,57,1,-0.0637,-0.0058,44.88,13.84,1.343,1.358,27.87,0.524,False,0.8932,2.2325
0.78,0.86112,5,1,57,1,-0.0292,0.0093,30.36,9.17,1.448,0.869,28.57,0.567,False,0.2583,4.0533
0.78,0.86112,5,1,57,1,-0.0013,0.001,42.04,10.39,1.26,0.83,32.96,0.594,False,0.2755,3.338
0.78,0.86112,5,1,57,1,-0.0551,-0.0033,40.64,2.5,0.915,1.265,31.29,0.418,True,1.8938,0.6058
0.78,0.86112,5,1,57,1,-0.0072,0.008,32.99,5.61,0.809,1.133,22.79,0.585,False,0.1146,2.9093
0.78,0.86112,5,1,57,1,0.0228,-0.0094,26.25,4.1,1.723,1.152,29.23,0.608,False,0.0293,6.6087
0.78,0.86112,5,1,57,1,-0.0224,0.0021,21.59,10.94,1.491,0.701,39.25,0.711,False,0.3059,3.7724
0.78,0.86112,5,1,57,1,-0.0139,-0.0001,25.24,12.5,0.985,0.859,38.37,0.641,False,0.2193,5.1897
0.78,0.86112,5,1,57,1,-0.0062,-0.0108,33.68,12.27,1.519,1.012,35.88,0.537,False,0.5568,1.9973
0.78,0.86112,5,1,57,1,-0.0238,-0.018,34.46,3.05,1.756,1.117,30.61,0.687,False,0.2834,2.8645
0.78,0.86112,5,1,57,1,-0.0698,-0.0116,37.01,4.56,1.58,0.933,22.55,0.555,False,0.8969,1.2934
0.78,0.86112,5,1,57,1,0.0216,-0.0075,32.1,13.28,1.669,0.803,24.81,0.727,False,0.3033,1.5742
0.78,0.86112,5,1,57,1,-0.0115,0.0036,36.44,2.23,0.839,1.379,37.11,0.8,False,0.0518,12.4432
0.78,0.86112,5,1,57,1,-0.0626,-0.0153,41.2,7.57,0.876,0.939,37.93,0.431,True,0.4261,1.1928
0.78,0.86112,5,1,57,1,0.0122,-0.0136,35.07,8.89,1.772,1.031,21.85,0.768,False,0.0458,7.3292
0.78,0.86112,5,1,57,1,-0.0463,-0.0023,24.21,3.6,1.228,1.352,20.47,0.748,False,0.0658,4.7674
0.78,0.86112,5,1,57,1,-0.0344,0.0051,22.51,13.08,1.116,1.299,26.74,0.468,False,1.2414,0.6052
0.78,0.86112,5,1,57,1,-0.0355,0.0043,29.45,11.63,1.069,1.324,34.42,0.703,False,0.3364,4.7234
0.78,0.86112,5,1,57,1,-0.0579,0.0064,27.64,9.75,1.393,0.786,32.56,0.482,True,0.7031,0.2903
0.78,0.86112,5,1,57,1,0.0182,-0.014,30.86,9.9,1.562,1.198,25.67,0.45,False,0.4924,0.6225
0.78,0.86112,5,1,57,1,0.001,-0.0012,22.08,4.98,1.009,0.729,34.87,0.776,False,0.092,3.4184
0.78,0.86112,5,1,57,1,-0.0523,-0.0173,20.73,14.51,1.311,1.214,23.38,0.62,False,0.1005,11.2917
0.78,0.86112,5,1,57,1,0.0137,0.0084,38.4,14.88,1.662,1.064,39.98,0.745,False,0.0844,7.5072
0.78,0.86112,5,1,57,1,0.0035,-0.0045,39.5,5.05,1.299,0.907,20.71,0.403,False,0.0941,4.4822
0.78,0.87984,5,2,58,1,-0.0405,-0.0081,42.97,6.43,1.408,1.078,36.09,0.494,True,0.6058,0.3898
0.78,0.87984,5,2,58,1,-0.0508,-0.0196,23.79,11.48,1.619,0.975,33.75,0.669,False,0.1205,15.7134
0.78,0.87984,5,2,58,1,-0.0277,0.0012,29.11,8.26,1.034,1.169,29.45,0.635,False,0.0931,9.688
0.78,0.87984,5,2,58,1,-0.0416,-0.0122,38.17,6.86,1.175,1.237,31.69,0.458,False,1.1657,1.3677
0.78,0.87984,5,2,58,1,-0.0168,-0.0061,27.19,6.19,1.159,0.988,26.35,0.66,False,0.061,6.9039
0.78,0.87984,5,2,58,1,0.0082,-0.0168,43.47,7.88,0.954,0.763,24.2,0.509,False,0.1684,2.5829
0.78,0.87984,5,2,58,1,-0.0637,-0.0058,44.88,13.84,1.343,1.358,27.87,0.524,False,1.4651,1.4307
0.78,0.87984,5,2,58,1,-0.0292,0.0093,30.36,9.17,1.448,0.869,28.57,0.567,False,0.1384,7.3791
0.78,0.87984,5,2,58,1,-0.0013,0.001,42.04,10.39,1.26,0.83,32.96,0.594,False,0.1129,7.6253
0.78,0.87984,5,2,58,1,-0.0551,-0.0033,40.64,2.5,0.915,1.265,31.29,0.418,True,1.1768,0.4283
0.78,0.87984,5,2,58,1,-0.0072,0.008,32.99,5.61,0.809,1.133,22.79,0.585,False,0.1998,1.4647
0.78,0.87984,5,2,58,1,0.0228,-0.0094,26.25,4.1,1.723,1.152,29.23,0.608,False,0.0833,2.2804
0.78,0.87984,5,2,58,1,-0.0224,0.0021,21.59,10.94,1.491,0.701,39.25,0.711,False,0.1477,8.4233
0.78,0.87984,5,2,58,1,-0.0139,-0.0001,25.24,12.5,0.985,0.859,38.37,0.641,False,0.7664,1.4282
0.78,0.87984,5,2,58,1,-0.0062,-0.0108,33.68,12.27,1.519,1.012,35.88,0.537,False,0.0822,12.9034
0.78,0.87984,5,2,58,1,-0.0238,-0.018,34.46,3.05,1.756,1.117,30.61,0.687,False,0.0828,8.5461
0.78,0.87984,5,2,58,1,-0.0698,-0.0116,37.01,4.56,1.58,0.933,22.55,0.555,False,0.5756,2.0269
0.78,0.87984,5,2,58,1,0.0216,-0.0075,32.1,13.28,1.669,0.803,24.81,0.727,False,0.4245,1.0649
0.78,0.87984,5,2,58,1,-0.0115,0.0036,36.44,2.23,0.839,1.379,37.11,0.8,False,0.1188,5.8035
0.78,0.87984,5,2,58,1,-0.0626,-0.0153,41.2,7.57,0.876,0.939,37.93,0.431,True,0.9834,0.3837
0.78,0.87984,5,2,58,1,0.0122,-0.0136,35.07,8.89,1.772,1.031,21.85,0.768,False,0.1022,2.7559
0.78,0.87984,5,2,58,1,-0.0463,-0.0023,24.21,3.6,1.228,1.352,20.47,0.748,False,0.0662,3.7687
0.78,0.87984,5,2,58,1,-0.0344,0.0051,22.51,13.08,1.116,1.299,26.74,0.468,False,0.766,0.9696
0.78,0.87984,5,2,58,1,-0.0355,0.0043,29.45,11.63,1.069,1.324,34.42,0.703,False,0.1755,8.8468
0.78,0.87984,5,2,58,1,-0.0579,0.0064,27.64,9.75,1.393,0.786,32.56,0.482,False,0.7281,1.8199
0.78,0.87984,5,2,58,1,0.0182,-0.014,30.86,9.9,1.562,1.198,25.67,0.45,False,0.028,12.9829
0.78,0.87984,5,2,58,1,0.001,-0.0012,22.08,4.98,1.009,0.729,34.87,0.776,False,0.0497,6.3043
0.78,0.87984,5,2,58,1,-0.0523,-0.0173,20.73,14.51,1.311,1.214,23.38,0.62,False,0.1327,8.2139
0.78,0.87984,5,2,58,1,0.0137,0.0084,38.4,14.88,1.662,1.064,39.98,0.745,False,0.0545,11.3075
0.78,0.87984,5,2,58,1,0.0035,-0.0045,39.5,5.05,1.299,0.907,20.71,0.403,False,0.0608,6.1475
0.78,0.89856,5,3,59,1,-0.0405,-0.0081,42.97,6.43,1.408,1.078,36.09,0.494,True,0.6202,0.3925
0.78,0.89856,5,3,59,1,-0.0508,-0.0196,23.79,11.48,1.619,0.975,33.75,0.669,False,0.3958,4.6616
0.78,0.89856,5,3,59,1,-0.0277,0.0012,29.11,8.26,1.034,1.169,29.45,0.635,False,0.3905,2.5947
0.78,0.89856,5,3,59,1,-0.0416,-0.0122,38.17,6.86,1.175,1.237,31.69,0.458,False,0.8048,1.7213
0.78,0.89856,5,3,59,1,-0.0168,-0.0061,27.19,6.19,1.159,0.988,26.35,0.66,False,0.2107,2.2875
0.78,0.89856,5,3,59,1,0.0082,-0.0168,43.47,7.88,0.954,0.763,24.2,0.509,False,0.1384,3.9312
0.78,0.89856,5,3,59,1,-0.0637,-0.0058,44.88,13.84,1.343,1.358,27.87,0.524,False,1.3619,1.5116
0.78,0.89856,5,3,59,1,-0.0292,0.0093,30.36,9.17,1.448,0.869,28.57,0.567,False,0.2741,3.883
0.78,0.89856,5,3,59,1,-0.0013,0.001,42.04,10.39,1.26,0.83,32.96,0.594,False,0.3375,2.7829
0.78,0.89856,5,3,59,1,-0.0551,-0.0033,40.64,2.5,0.915,1.265,31.29,0.418,True,0.7347,0.6639
0.78,0.89856,5,3,59,1,-0.0072,0.008,32.99,5.61,0.809,1.133,22.79,0.585,False,0.1196,2.8473
0.78,0.89856,5,3,59,1,0.0228,-0.0094,26.25,4.1,1.723,1.152,29.23,0.608,False,0.0855,2.2457
0.78,0.89856,5,3,59,1,-0.0224,0.0021,21.59,10.94,1.491,0.701,39.25,0.711,False,0.1893,6.4488
0.78,0.89856,5,3,59,1,-0.0139,-0.0001,25.24,12.5,0.985,0.859,38.37,0.641,False,0.3662,3.1267
0.78,0.89856,5,3,59,1,-0.0062,-0.0108,33.68,12.27,1.519,1.012,35.88,0.537,False,0.5039,2.3051
0.78,0.89856,5,3,59,1,-0.0238,-0.018,34.46,3.05,1.756,1.117,30.61,0.687,False,0.1194,6.8997
0.78,0.89856,5,3,59,1,-0.0698,-0.0116,37.01,4.56,1.58,0.933,22.55,0.555,False,1.0187,1.1908
0.78,0.89856,5,3,59,1,0.0216,-0.0075,32.1,13.28,1.669,0.803,24.81,0.727,False,0.1964,2.3296
0.78,0.89856,5,3,59,1,-0.0115,0.0036,36.44,2.23,0.839,1.379,37.11,0.8,False,0.0424,16.4383
0.78,0.89856,5,3,59,1,-0.0626,-0.0153,41.2,7.57,0.876,0.939,37.93,0.431,True,0.2341,2.1902
0.78,0.89856,5,3,59,1,0.0122,-0.0136,35.07,8.89,1.772,1.031,21.85,0.768,False,0.1378,2.0977
0.78,0.89856,5,3,59,1,-0.0463,-0.0023,24.21,3.6,1.228,1.352,20.47,0.748,False,0.0336,9.1772
0.78,0.89856,5,3,59,1,-0.0344,0.0051,22.51,13.08,1.116,1.299,26.74,0.468,False,1.5281,0.4836
0.78,0.89856,5,3,59,1,-0.0355,0.0043,29.45,11.63,1.069,1.324,34.42,0.703,False,0.2909,5.5967
0.78,0.89856,5,3,59,1,-0.0579,0.0064,27.64,9.75,1.393,0.786,32.56,0.482,True,0.6594,0.2659
0.78,0.89856,5,3,59,1,0.0182,-0.014,30.86,9.9,1.562,1.198,25.67,0.45,False,0.5423,0.705
0.78,0.89856,5,3,59,1,0.001,-0.0012,22.08,4.98,1.009,0.729,34.87,0.776,False,0.1503,2.1197
0.78,0.89856,5,3,59,1,-0.0523,-0.0173,20.73,14.51,1.311,1.214,23.38,0.62,False,0.5563,2.0743
0.78,0.89856,5,3,59,1,0.0137,0.0084,38.4,14.88,1.662,1.064,39.98,0.745,False,0.0221,28.6758
0.78,0.89856,5,3,59,1,0.0035,-0.0045,39.5,5.05,1.299,0.907,20.71,0.403,False,0.1287,3.2586
0.78,0.91728,5,4,60,1,-0.0405,-0.0081,42.97,6.43,1.408,1.078,36.09,0.494,True,0.698,0.3775
0.78,0.91728,5,4,60,1,-0.0508,-0.0196,23.79,11.48,1.619,0.975,33.75,0.669,False,0.406,4.4901
0.78,0.91728,5,4,60,1,-0.0277,0.0012,29.11,8.26,1.034,1.169,29.45,0.635,False,0.1938,4.3678
0.78,0.91728,5,4,60,1,-0.0416,-0.0122,38.17,6.86,1.175,1.237,31.69,0.458,False,1.5071,1.0639
0.78,0.91728,5,4,60,1,-0.0168,-0.0061,27.19,6.19,1.159,0.988,26.35,0.66,False,0.0829,4.5342
0.78,0.91728,5,4,60,1,0.0082,-0.0168,43.47,7.88,0.954,0.763,24.2,0.509,False,0.0827,4.9377
0.78,0.91728,5,4,60,1,-0.0637,-0.0058,44.88,13.84,1.343,1.358,27.87,0.524,False,1.4493,1.4619
0.78,0.91728,5,4,60,1,-0.0292,0.0093,30.36,9.17,1.448,0.869,28.57,0.567,False,0.0146,61.7159
0.78,0.91728,5,4,60,1,-0.0013,0.001,42.04,10.39,1.26,0.83,32.96,0.594,False,0.168,4.8648
0.78,0.91728,5,4,60,1,-0.0551,-0.0033,40.64,2.5,0.915,1.265,31.29,0.418,True,1.2516,0.396
0.78,0.91728,5,4,60,1,-0.0072,0.008,32.99,5.61,0.809,1.133,22.79,0.585,False,0.1949,1.3985
0.78,0.91728,5,4,60,1,0.0228,-0.0094,26.25,4.1,1.723,1.152,29.23,0.608,False,0.0399,4.3885
0.78,0.91728,5,4,60,1,-0.0224,0.0021,21.59,10.94,1.491,0.701,39.25,0.711,False,0.3157,3.7028
0.78,0.91728,5,4,60,1,-0.0139,-0.0001,25.24,12.5,0.985,0.859,38.37,0.641,False,0.1518,6.6912
0.78,0.91728,5,4,60,1,-0.0062,-0.0108,33.68,12.27,1.519,1.012,35.88,0.537,False,0.3169,3.2416
0.78,0.91728,5,4,60,1,-0.0238,-0.018,34.46,3.05,1.756,1.117,30.61,0.687,False,0.0715,9.3654
0.78,0.91728,5,4,60,1,-0.0698,-0.0116,37.01,4.56,1.58,0.933,22.55,0.555,False,0.4473,2.3469
0.78,0.91728,5,4,60,1,0.0216,-0.0075,32.1,13.28,1.669,0.803,24.81,0.727,False,0.2249,1.994
0.78,0.91728,5,4,60,1,-0.0115,0.0036,36.44,2.23,0.839,1.379,37.11,0.8,False,0.0565,11.5599
0.78,0.91728,5,4,60,1,-0.0626,-0.0153,41.2,7.57,0.876,0.939,37.93,0.431,True,1.2871,0.271
0.78,0.91728,5,4,60,1,0.0122,-0.0136,35.07,8.89,1.772,1.031,21.85,0.768,False,0.2101,1.3297
0.78,0.91728,5,4,60,1,-0.0463,-0.0023,24.21,3.6,1.228,1.352,20.47,0.748,False,0.0671,3.8825
0.78,0.91728,5,4,60,1,-0.0344,0.0051,22.51,13.08,1.116,1.299,26.74,0.468,False,0.4563,1.6217
0.78,0.91728,5,4,60,1,-0.0355,0.0043,29.45,11.63,1.069,1.324,34.42,0.703,False,0.4864,2.9122
0.78,0.91728,5,4,60,1,-0.0579,0.0064,27.64,9.75,1.393,0.786,32.56,0.482,False,0.4166,3.1161
0.78,0.91728,5,4,60,1,0.0182,-0.014,30.86,9.9,1.562,1.198,25.67,0.45,False,0.214,1.4174
0.78,0.91728,5,4,60,1,0.001,-0.0012,22.08,4.98,1.009,0.729,34.87,0.776,False,0.1082,2.854
0.78,0.91728,5,4,60,1,-0.0523,-0.0173,20.73,14.51,1.311,1.214,23.38,0.62,False,0.1279,8.321
0.78,0.91728,5,4,60,1,0.0137,0.0084,38.4,14.88,1.662,1.064,39.98,0.745,False,0.0945,6.7086
0.78,0.91728,5,4,60,1,0.0035,-0.0045,39.5,5.05,1.299,0.907,20.71,0.403,False,0.3425,0.7757
0.78,0.936,5,5,61,1,-0.0405,-0.0081,42.97,6.43,1.408,1.078,36.09,0.494,True,0.5988,0.4045
0.78,0.936,5,5,61,1,-0.0508,-0.0196,23.79,11.48,1.619,0.975,33.75,0.669,True,0.4488,0.4603
0.78,0.936,5,5,61,1,-0.0277,0.0012,29.11,8.26,1.034,1.169,29.45,0.635,False,0.294,3.1602
0.78,0.936,5,5,61,1,-0.0416,-0.0122,38.17,6.86,1.175,1.237,31.69,0.458,False,1.5303,1.0268
0.78,0.936,5,5,61,1,-0.0168,-0.0061,27.19,6.19,1.159,0.988,26.35,0.66,False,0.1111,3.776
0.78,0.936,5,5,61,1,0.0082,-0.0168,43.47,7.88,0.954,0.763,24.2,0.509,False,0.0309,15.1254
0.78,0.936,5,5,61,1,-0.0637,-0.0058,44.88,13.84,1.343,1.358,27.87,0.524,False,1.8103,1.1242
0.78,0.936,5,5,61,1,-0.0292,0.0093,30.36,9.17,1.448,0.869,28.57,0.567,False,0.4317,2.2832
0.78,0.936,5,5,61,1,-0.0013,0.001,42.04,10.39,1.26,0.83,32.96,0.594,False,0.2702,3.2059
0.78,0.936,5,5,61,1,-0.0551,-0.0033,40.64,2.5,0.915,1.265,31.29,0.418,True,0.9718,1.0097
0.78,0.936,5,5,61,1,-0.0072,0.008,32.99,5.61,0.809,1.133,22.79,0.585,False,0.0908,3.1815
0.78,0.936,5,5,61,1,0.0228,-0.0094,26.25,4.1,1.723,1.152,29.23,0.608,False,0.0817,1.9572
0.78,0.936,5,5,61,1,-0.0224,0.0021,21.59,10.94,1.491,0.701,39.25,0.711,False,0.1868,6.4647
0.78,0.936,5,5,61,1,-0.0139,-0.0001,25.24,12.5,0.985,0.859,38.37,0.641,False,0.1111,10.4158
0.78,0.936,5,5,61,1,-0.0062,-0.0108,33.68,12.27,1.519,1.012,35.88,0.537,False,0.5298,2.0705
0.78,0.936,5,5,61,1,-0.0238,-0.018,34.46,3.05,1.756,1.117,30.61,0.687,False,0.1344,5.3043
0.78,0.936,5,5,61,1,-0.0698,-0.0116,37.01,4.56,1.58,0.933,22.55,0.555,False,0.4882,2.363
0.78,0.936,5,5,61,1,0.0216,-0.0075,32.1,13.28,1.669,0.803,24.81,0.727,False,0.0138,33.2407
0.78,0.936,5,5,61,1,-0.0115,0.0036,36.44,2.23,0.839,1.379,37.11,0.8,False,0.0669,9.8438
0.78,0.936,5,5,61,1,-0.0626,-0.0153,41.2,7.57,0.876,0.939,37.93,0.431,True,1.3376,0.3529
0.78,0.936,5,5,61,1,0.0122,-0.0136,35.07,8.89,1.772,1.031,21.85,0.768,False,0.0607,4.8521
0.78,0.936,5,5,61,1,-0.0463,-0.0023,24.21,3.6,1.228,1.352,20.47,0.748,False,0.0415,7.4607
0.78,0.936,5,5,61,1,-0.0344,0.0051,22.51,13.08,1.116,1.299,26.74,0.468,False,1.2885,0.6212
0.78,0.936,5,5,61,1,-0.0355,0.0043,29.45,11.63,1.069,1.324,34.42,0.703,False,0.2819,5.5154
0.78,0.936,5,5,61,1,-0.0579,0.0064,27.64,9.75,1.393,0.786,32.56,0.482,True,0.665,0.3624
0.78,0.936,5,5,61,1,0.0182,-0.014,30.86,9.9,1.562,1.198,25.67,0.45,False,0.1126,2.5803
0.78,0.936,5,5,61,1,0.001,-0.0012,22.08,4.98,1.009,0.729,34.87,0.776,False,0.063,5.1479
0.78,0.936,5,5,61,1,-0.0523,-0.0173,20.73,14.51,1.311,1.214,23.38,0.62,False,0.1119,9.5275
0.78,0.936,5,5,61,1,0.0137,0.0084,38.4,14.88,1.662,1.064,39.98,0.745,False,0.038,16.7663
0.78,0.936,5,5,61,1,0.0035,-0.0045,39.5,5.05,1.299,0.907,20.71,0.403,False,0.2178,1.3687
0.78,0.95472,5,6,62,1,-0.0405,-0.0081,42.97,6.43,1.408,1.078,36.09,0.494,True,0.6258,0.4097
0.78,0.95472,5,6,62,1,-0.0508,-0.0196,23.79,11.48,1.619,0.975,33.75,0.669,False,0.0711,27.996
0.78,0.95472,5,6,62,1,-0.0277,0.0012,29.11,8.26,1.034,1.169,29.45,0.635,False,0.4468,2.2778
0.78,0.95472,5,6,62,1,-0.0416,-0.0122,38.17,6.86,1.175,1.237,31.69,0.458,False,0.9697,1.6905
0.78,0.95472,5,6,62,1,-0.0168,-0.0061,27.19,6.19,1.159,0.988,26.35,0.66,False,0.1003,4.7571
0.78,0.95472,5,6,62,1,0.0082,-0.0168,43.47,7.88,0.954,0.763,24.2,0.509,False,0.1336,4.0427
0.78,0.95472,5,6,62,1,-0.0637,-0.0058,44.88,13.84,1.343,1.358,27.87,0.524,False,0.5247,3.674
0.78,0.95472,5,6,62,1,-0.0292,0.0093,30.36,9.17,1.448,0.869,28.57,0.567,False,0.1926,5.1879
0.78,0.95472,5,6,62,1,-0.0013,0.001,42.04,10.39,1.26,0.83,32.96,0.594,False,0.5315,1.7538
0.78,0.95472,5,6,62,1,-0.0551,-0.0033,40.64,2.5,0.915,1.265,31.29,0.418,True,0.3662,1.2543
0.78,0.95472,5,6,62,1,-0.0072,0.008,32.99,5.61,0.809,1.133,22.79,0.585,False,0.2085,1.7456
0.78,0.95472,5,6,62,1,0.0228,-0.0094,26.25,4.1,1.723,1.152,29.23,0.608,False,0.0367,5.1055
0.78,0.95472,5,6,62,1,-0.0224,0.0021,21.59,10.94,1.491,0.701,39.25,0.711,False,0.2097,5.8199
0.78,0.95472,5,6,62,1,-0.0139,-0.0001,25.24,12.5,0.985,0.859,38.37,0.641,False,0.4114,2.8
0.78,0.95472,5,6,62,1,-0.0062,-0.0108,33.68,12.27,1.519,1.012,35.88,0.537,False,0.5895,1.9513
0.78,0.95472,5,6,62,1,-0.0238,-0.018,34.46,3.05,1.756,1.117,30.61,0.687,False,0.1422,5.5509
0.78,0.95472,5,6,62,1,-0.0698,-0.0116,37.01,4.56,1.58,0.933,22.55,0.555,False,0.9229,1.3392
0.78,0.95472,5,6,62,1,0.0216,-0.0075,32.1,13.28,1.669,0.803,24.81,0.727,False,0.1801,2.5549
0.78,0.95472,5,6,62,1,-0.0115,0.0036,36.44,2.23,0.839,1.379,37.11,0.8,False,0.0514,13.6819
0.78,0.95472,5,6,62,1,-0.0626,-0.0153,41.2,7.57,0.876,0.939,37.93,0.431,True,0.4024,1.2565
0.78,0.95472,5,6,62,1,0.0122,-0.0136,35.07,8.89,1.772,1.031,21.85,0.768,False,0.108,2.8725
0.78,0.95472,5,6,62,1,-0.0463,-0.0023,24.21,3.6,1.228,1.352,20.47,0.748,False,0.08,4.1328
0.78,0.95472,5,6,62,1,-0.0344,0.0051,22.51,13.08,1.116,1.299,26.74,0.468,False,1.2306,0.6317
0.78,0.95472,5,6,62,1,-0.0355,0.0043,29.45,11.63,1.069,1.324,34.42,0.703,False,0.4148,4.0056
0.78,0.95472,5,6,62,1,-0.0579,0.0064,27.64,9.75,1.393,0.786,32.56,0.482,True,0.6673,0.2443
0.78,0.95472,5,6,62,1,0.0182,-0.014,30.86,9.9,1.562,1.198,25.67,0.45,False,0.0718,5.4879
0.78,0.95472,5,6,62,1,0.001,-0.0012,22.08,4.98,1.009,0.729,34.87,0.776,False,0.1878,1.7162
0.78,0.95472,5,6,62,1,-0.0523,-0.0173,20.73,14.51,1.311,1.214,23.38,0.62,False,0.2862,4.2945
0.78,0.95472,5,6,62,1,0.0137,0.0084,38.4,14.88,1.662,1.064,39.98,0.745,False,0.0863,7.3614
0.78,0.95472,5,6,62,1,0.0035,-0.0045,39.5,5.05,1.299,0.907,20.71,0.403,False,0.0795,5.6106
0.78,0.97344,5,7,63,1,-0.0405,-0.0081,42.97,6.43,1.408,1.078,36.09,0.494,True,0.5556,0.3908
0.78,0.97344,5,7,63,1,-0.0508,-0.0196,23.79,11.48,1.619,0.975,33.75,0.669,False,0.0795,23.7025
0.78,0.97344,5,7,63,1,-0.0277,0.0012,29.11,8.26,1.034,1.169,29.45,0.635,False,0.125,7.2411
0.78,0.97344,5,7,63,1,-0.0416,-0.0122,38.17,6.86,1.175,1.237,31.69,0.458,False,1.3112,1.2521
0.78,0.97344,5,7,63,1,-0.0168,-0.0061,27.19,6.19,1.159,0.988,26.35,0.66,False,0.1412,2.8602
0.78,0.97344,5,7,63,1,0.0082,-0.0168,43.47,7.88,0.954,0.763,24.2,0.509,False,0.0813,6.455
0.78,0.97344,5,7,63,1,-0.0637,-0.0058,44.88,13.84,1.343,1.358,27.87,0.524,True,1.5829,1.1149
0.78,0.97344,5,7,63,1,-0.0292,0.0093,30.36,9.17,1.448,0.869,28.57,0.567,False,0.1231,8.3441
0.78,0.97344,5,7,63,1,-0.0013,0.001,42.04,10.39,1.26,0.83,32.96,0.594,False,0.288,3.1624
0.78,0.97344,5,7,63,1,-0.0551,-0.0033,40.64,2.5,0.915,1.265,31.29,0.418,True,2.1556,0.6288
0.78,0.97344,5,7,63,1,-0.0072,0.008,32.99,5.61,0.809,1.133,22.79,0.585,False,0.2835,1.0476
0.78,0.97344,5,7,63,1,0.0228,-0.0094,26.25,4.1,1.723,1.152,29.23,0.608,False,0.0394,4.7206
0.78,0.97344,5,7,63,1,-0.0224,0.0021,21.59,10.94,1.491,0.701,39.25,0.711,False,0.3151,3.9342
0.78,0.97344,5,7,63,1,-0.0139,-0.0001,25.24,12.5,0.985,0.859,38.37,0.641,False,0.2149,5.2128
0.78,0.97344,5,7,63,1,-0.0062,-0.0108,33.68,12.27,1.519,1.012,35.88,0.537,False,0.2545,4.2629
0.78,0.97344,5,7,63,1,-0.0238,-0.018,34.46,3.05,1.756,1.117,30.61,0.687,False,0.099,7.2625
0.78,0.97344,5,7,63,1,-0.0698,-0.0116,37.01,4.56,1.58,0.933,22.55,0.555,False,0.3548,2.8135
0.78,0.97344,5,7,63,1,0.0216,-0.0075,32.1,13.28,1.669,0.803,24.81,0.727,False,0.1683,2.6377
0.78,0.97344,5,7,63,1,-0.0115,0.0036,36.44,2.23,0.839,1.379,37.11,0.8,False,0.0625,10.544
0.78,0.97344,5,7,63,1,-0.0626,-0.0153,41.2,7.57,0.876,0.939,37.93,0.431,True,0.8958,0.4641
0.78,0.97344,5,7,63,1,0.0122,-0.0136,35.07,8.89,1.772,1.031,21.85,0.768,False,0.1213,2.5252
0.78,0.97344,5,7,63,1,-0.0463,-0.0023,24.21,3.6,1.228,1.352,20.47,0.748,False,0.1417,1.7372
0.78,0.97344,5,7,63,1,-0.0344,0.0051,22.51,13.08,1.116,1.299,26.74,0.468,False,0.9199,0.8395
0.78,0.97344,5,7,63,1,-0.0355,0.0043,29.45,11.63,1.069,1.324,34.42,0.703,False,0.1579,9.7677
0.78,0.97344,5,7,63,1,-0.0579,0.0064,27.64,9.75,1.393,0.786,32.56,0.482,False,1.3542,0.9675
0.78,0.97344,5,7,63,1,0.0182,-0.014,30.86,9.9,1.562,1.198,25.67,0.45,False,0.1545,2.5899
0.78,0.97344,5,7,63,1,0.001,-0.0012,22.08,4.98,1.009,0.729,34.87,0.776,False,0.0838,3.5879
0.78,0.97344,5,7,63,1,-0.0523,-0.0173,20.73,14.51,1.311,1.214,23.38,0.62,False,0.2445,4.6643
0.78,0.97344,5,7,63,1,0.0137,0.0084,38.4,14.88,1.662,1.064,39.98,0.745,False,0.2686,2.2846
0.78,0.97344,5,7,63,1,0.0035,-0.0045,39.5,5.05,1.299,0.907,20.71,0.403,False,0.1712,1.7657
0.78,0.99216,5,8,64,1,-0.0405,-0.0081,42.97,6.43,1.408,1.078,36.09,0.494,True,0.2971,5.2239
0.78,0.99216,5,8,64,1,-0.0508,-0.0196,23.79,11.48,1.619,0.975,33.75,0.669,False,0.1889,10.634
0.78,0.99216,5,8,64,1,-0.0277,0.0012,29.11,8.26,1.034,1.169,29.45,0.635,False,0.4487,2.3293
0.78,0.99216,5,8,64,1,-0.0416,-0.0122,38.17,6.86,1.175,1.237,31.69,0.458,False,1.4542,1.1839
0.78,0.99216,5,8,64,1,-0.0168,-0.0061,27.19,6.19,1.159,0.988,26.35,0.66,False,0.2632,1.9552
0.78,0.99216,5,8,64,1,0.0082,-0.0168,43.47,7.88,0.954,0.763,24.2,0.509,False,0.1563,3.7055
0.78,0.99216,5,8,64,1,-0.0637,-0.0058,44.88,13.84,1.343,1.358,27.87,0.524,False,2.2939,0.921
0.78,0.99216,5,8,64,1,-0.0292,0.0093,30.36,9.17,1.448,0.869,28.57,0.567,False,0.3204,3.1768
0.78,0.99216,5,8,64,1,-0.0013,0.001,42.04,10.39,1.26,0.83,32.96,0.594,False,0.5645,1.6651
0.78,0.99216,5,8,64,1,-0.0551,-0.0033,40.64,2.5,0.915,1.265,31.29,0.418,True,1.2835,0.2531
0.78,0.99216,5,8,64,1,-0.0072,0.008,32.99,5.61,0.809,1.133,22.79,0.585,False,0.076,4.6057
0.78,0.99216,5,8,64,1,0.0228,-0.0094,26.25,4.1,1.723,1.152,29.23,0.608,False,0.1216,1.5865
0.78,0.99216,5,8,64,1,-0.0224,0.0021,21.59,10.94,1.491,0.701,39.25,0.711,False,0.138,8.1272
0.78,0.99216,5,8,64,1,-0.0139,-0.0001,25.24,12.5,0.985,0.859,38.37,0.641,False,0.2147,5.401
0.78,0.99216,5,8,64,1,-0.0062,-0.0108,33.68,12.27,1.519,1.012,35.88,0.537,False,0.5461,2.0911
0.78,0.99216,5,8,64,1,-0.0238,-0.018,34.46,3.05,1.756,1.117,30.61,0.687,False,0.1452,5.7926
0.78,0.99216,5,8,64,1,-0.0698,-0.0116,37.01,4.56,1.58,0.933,22.55,0.555,False,0.9982,1.3534
0.78,0.99216,5,8,64,1,0.0216,-0.0075,32.1,13.28,1.669,0.803,24.81,0.727,False,0.2603,1.7086
0.78,0.99216,5,8,64,1,-0.0115,0.0036,36.44,2.23,0.839,1.379,37.11,0.8,False,0.1068,7.0002
0.78,0.99216,5,8,64,1,-0.0626,-0.0153,41.2,7.57,0.876,0.939,37.93,0.431,True,1.3899,0.2528
0.78,0.99216,5,8,64,1,0.0122,-0.0136,35.07,8.89,1.772,1.031,21.85,0.768,False,0.1042,2.8788
0.78,0.99216,5,8,64,1,-0.0463,-0.0023,24.21,3.6,1.228,1.352,20.47,0.748,False,0.0076,42.4236
0.78,0.99216,5,8,64,1,-0.0344,0.0051,22.51,13.08,1.116,1.299,26.74,0.468,False,1.1194,0.7089
0.78,0.99216,5,8,64,1,-0.0355,0.0043,29.45,11.63,1.069,1.324,34.42,0.703,False,0.4317,3.876
0.78,0.99216,5,8,64,1,-0.0579,0.0064,27.64,9.75,1.393,0.786,32.56,0.482,True,0.6422,0.3005
0.78,0.99216,5,8,64,1,0.0182,-0.014,30.86,9.9,1.562,1.198,25.67,0.45,False,0.2215,1.6381
0.78,0.99216,5,8,64,1,0.001,-0.0012,22.08,4.98,1.009,0.729,34.87,0.776,False,0.2084,1.6035
0.78,0.99216,5,8,64,1,-0.0523,-0.0173,20.73,14.51,1.311,1.214,23.38,0.62,False,0.2698,4.4625
0.78,0.99216,5,8,64,1,0.0137,0.0084,38.4,14.88,1.662,1.064,39.98,0.745,False,0.0612,10.5528
0.78,0.99216,5,8,64,1,0.0035,-0.0045,39.5,5.05,1.299,0.907,20.71,0.403,False,0.1137,3.688
0.78,1.01088,5,9,65,1,-0.0405,-0.0081,42.97,6.43,1.408,1.078,36.09,0.494,False,0.9238,2.2289
0.78,1.01088,5,9,65,1,-0.0508,-0.0196,23.79,11.48,1.619,0.975,33.75,0.669,False,0.4295,4.6189
0.78,1.01088,5,9,65,1,-0.0277,0.0012,29.11,8.26,1.034,1.169,29.45,0.635,False,0.3061,2.988
0.78,1.01088,5,9,65,1,-0.0416,-0.0122,38.17,6.86,1.175,1.237,31.69,0.458,False,2.1179,0.8218
0.78,1.01088,5,9,65,1,-0.0168,-0.0061,27.19,6.19,1.159,0.988,26.35,0.66,False,0.045,9.2351
0.78,1.01088,5,9,65,1,0.0082,-0.0168,43.47,7.88,0.954,0.763,24.2,0.509,False,0.253,1.8268
0.78,1.01088,5,9,65,1,-0.0637,-0.0058,44.88,13.84,1.343,1.358,27.87,0.524,False,0.9352,2.17
0.78,1.01088,5,9,65,1,-0.0292,0.0093,30.36,9.17,1.448,0.869,28.57,0.567,False,0.1113,8.5928
0.78,1.01088,5,9,65,1,-0.0013,0.001,42.04,10.39,1.26,0.83,32.96,0.594,False,0.4004,2.2411
0.78,1.01088,5,9,65,1,-0.0551,-0.0033,40.64,2.5,0.915,1.265,31.29,0.418,True,1.8765,0.3084
0.78,1.01088,5,9,65,1,-0.0072,0.008,32.99,5.61,0.809,1.133,22.79,0.585,False,0.0552,4.8857
0.78,1.01088,5,9,65,1,0.0228,-0.0094,26.25,4.1,1.723,1.152,29.23,0.608,False,0.3143,0.5642
0.78,1.01088,5,9,65,1,-0.0224,0.0021,21.59,10.94,1.491,0.701,39.25,0.711,False,0.2631,4.8294
0.78,1.01088,5,9,65,1,-0.0139,-0.0001,25.24,12.5,0.985,0.859,38.37,0.641,False,0.2352,4.7071
0.78,1.01088,5,9,65,1,-0.0062,-0.0108,33.68,12.27,1.519,1.012,35.88,0.537,False,0.7391,1.5233
0.78,1.01088,5,9,65,1,-0.0238,-0.018,34.46,3.05,1.756,1.117,30.61,0.687,False,0.1586,4.5156
0.78,1.01088,5,9,65,1,-0.0698,-0.0116,37.01,4.56,1.58,0.933,22.55,0.555,False,0.551,2.0774
0.78,1.01088,5,9,65,1,0.0216,-0.0075,32.1,13.28,1.669,0.803,24.81,0.727,False,0.0341,14.7886
0.78,1.01088,5,9,65,1,-0.0115,0.0036,36.44,2.23,0.839,1.379,37.11,0.8,False,0.1328,5.2394
0.78,1.01088,5,9,65,1,-0.0626,-0.0153,41.2,7.57,0.876,0.939,37.93,0.431,True,1.4047,0.2386
0.78,1.01088,5,9,65,1,0.0122,-0.0136,35.07,8.89,1.772,1.031,21.85,0.768,False,0.1575,1.9139
0.78,1.01088,5,9,65,1,-0.0463,-0.0023,24.21,3.6,1.228,1.352,20.47,0.748,False,0.0413,7.7872
0.78,1.01088,5,9,65,1,-0.0344,0.0051,22.51,13.08,1.116,1.299,26.74,0.468,False,1.3938,0.5365
0.78,1.01088,5,9,65,1,-0.0355,0.0043,29.45,11.63,1.069,1.324,34.42,0.703,False,0.3403,4.4682
0.78,1.01088,5,9,65,1,-0.0579,0.0064,27.64,9.75,1.393,0.786,32.56,0.482,False,1.0895,1.1504
0.78,1.01088,5,9,65,1,0.0182,-0.014,30.86,9.9,1.562,1.198,25.67,0.45,False,0.4021,0.832
0.78,1.01088,5,9,65,1,0.001,-0.0012,22.08,4.98,1.009,0.729,34.87,0.776,False,0.1044,3.2101
0.78,1.01088,5,9,65,1,-0.0523,-0.0173,20.73,14.51,1.311,1.214,23.38,0.62,False,0.2649,4.1326
0.78,1.01088,5,9,65,1,0.0137,0.0084,38.4,14.88,1.662,1.064,39.98,0.745,False,0.1076,6.1208
0.78,1.01088,5,9,65,1,0.0035,-0.0045,39.5,5.05,1.299,0.907,20.71,0.403,False,0.0424,7.5443
0.78,1.0296,5,10,66,1,-0.0405,-0.0081,42.97,6.43,1.408,1.078,36.09,0.494,True,0.5353,0.4317
0.78,1.0296,5,10,66,1,-0.0508,-0.0196,23.79,11.48,1.619,0.975,33.75,0.669,False,0.1096,16.7275
0.78,1.0296,5,10,66,1,-0.0277,0.0012,29.11,8.26,1.034,1.169,29.45,0.635,False,0.1418,6.1787
0.78,1.0296,5,10,66,1,-0.0416,-0.0122,38.17,6.86,1.175,1.237,31.69,0.458,False,1.6197,1.0412
0.78,1.0296,5,10,66,1,-0.0168,-0.0061,27.19,6.19,1.159,0.988,26.35,0.66,False,0.1161,3.2752
0.78,1.0296,5,10,66,1,0.0082,-0.0168,43.47,7.88,0.954,0.763,24.2,0.509,False,0.1204,3.7344
0.78,1.0296,5,10,66,1,-0.0637,-0.0058,44.88,13.84,1.343,1.358,27.87,0.524,False,1.4454,1.4517
0.78,1.0296,5,10,66,1,-0.0292,0.0093,30.36,9.17,1.448,0.869,28.57,0.567,False,0.101,8.8619
0.78,1.0296,5,10,66,1,-0.0013,0.001,42.04,10.39,1.26,0.83,32.96,0.594,False,0.2441,3.4063
0.78,1.0296,5,10,66,1,-0.0551,-0.0033,40.64,2.5,0.915,1.265,31.29,0.418,True,1.3326,0.3599
0.78,1.0296,5,10,66,1,-0.0072,0.008,32.99,5.61,0.809,1.133,22.79,0.585,False,0.0314,8.567
0.78,1.0296,5,10,66,1,0.0228,-0.0094,26.25,4.1,1.723,1.152,29.23,0.608,False,0.1599,1.2801
0.78,1.0296,5,10,66,1,-0.0224,0.0021,21.59,10.94,1.491,0.701,39.25,0.711,False,0.235,5.416
0.78,1.0296,5,10,66,1,-0.0139,-0.0001,25.24,12.5,0.985,0.859,38.37,0.641,False,0.0406,27.1677
0.78,1.0296,5,10,66,1,-0.0062,-0.0108,33.68,12.27,1.519,1.012,35.88,0.537,False,0.1972,5.232
0.78,1.0296,5,10,66,1,-0.0238,-0.018,34.46,3.05,1.756,1.117,30.61,0.687,False,0.1961,3.7197
0.78,1.0296,5,10,66,1,-0.0698,-0.0116,37.01,4.56,1.58,0.933,22.55,0.555,False,0.7387,1.5596
0.78,1.0296,5,10,66,1,0.0216,-0.0075,32.1,13.28,1.669,0.803,24.81,0.727,False,0.0258,18.3594
0.78,1.0296,5,10,66,1,-0.0115,0.0036,36.44,2.23,0.839,1.379,37.11,0.8,False,0.0242,26.6634
0.78,1.0296,5,10,66,1,-0.0626,-0.0153,41.2,7.57,0.876,0.939,37.93,0.431,True,0.4455,3.1963
0.78,1.0296,5,10,66,1,0.0122,-0.0136,35.07,8.89,1.772,1.031,21.85,0.768,False,0.0765,4.4506
0.78,1.0296,5,10,66,1,-0.0463,-0.0023,24.21,3.6,1.228,1.352,20.47,0.748,False,0.0432,6.0282
0.78,1.0296,5,10,66,1,-0.0344,0.0051,22.51,13.08,1.116,1.299,26.74,0.468,False,0.8094,0.8953
0.78,1.0296,5,10,66,1,-0.0355,0.0043,29.45,11.63,1.069,1.324,34.42,0.703,False,0.2066,7.6809
0.78,1.0296,5,10,66,1,-0.0579,0.0064,27.64,9.75,1.393,0.786,32.56,0.482,False,0.6686,1.9441
0.78,1.0296,5,10,66,1,0.0182,-0.014,30.86,9.9,1.562,1.198,25.67,0.45,False,0.4438,0.7702
0.78,1.0296,5,10,66,1,0.001,-0.0012,22.08,4.98,1.009,0.729,34.87,0.776,False,0.0638,5.3227
0.78,1.0296,5,10,66,1,-0.0523,-0.0173,20.73,14.51,1.311,1.214,23.38,0.62,False,0.1229,8.9848
0.78,1.0296,5,10,66,1,0.0137,0.0084,38.4,14.88,1.662,1.064,39.98,0.745,False,0.1045,6.3655
0.78,1.0296,5,10,66,1,0.0035,-0.0045,39.5,5.05,1.299,0.907,20.71,0.403,False,0.051,5.8593
0.7956,0.8424,6,0,67,1,-0.0405,-0.0081,42.97,6.43,1.408,1.078,36.09,0.494,False,1.7373,1.104
0.7956,0.8424,6,0,67,1,-0.0508,-0.0196,23.79,11.48,1.619,0.975,33.75,0.669,False,0.2222,7.8963
0.7956,0.8424,6,0,67,1,-0.0277,0.0012,29.11,8.26,1.034,1.169,29.45,0.635,False,0.1726,5.368
0.7956,0.8424,6,0,67,1,-0.0416,-0.0122,38.17,6.86,1.175,1.237,31.69,0.458,True,0.639,0.6615
0.7956,0.8424,6,0,67,1,-0.0168,-0.0061,27.19,6.19,1.159,0.988,26.35,0.66,False,0.0304,12.7611
0.7956,0.8424,6,0,67,1,0.0082,-0.0168,43.47,7.88,0.954,0.763,24.2,0.509,False,0.0264,15.6017
0.7956,0.8424,6,0,67,1,-0.0637,-0.0058,44.88,13.84,1.343,1.358,27.87,0.524,False,1.4384,1.5
0.7956,0.8424,6,0,67,1,-0.0292,0.0093,30.36,9.17,1.448,0.869,28.57,0.567,False,0.2296,3.7684
0.7956,0.8424,6,0,67,1,-0.0013,0.001,42.04,10.39,1.26,0.83,32.96,0.594,False,0.1947,4.267
0.7956,0.8424,6,0,67,1,-0.0551,-0.0033,40.64,2.5,0.915,1.265,31.29,0.418,True,1.2664,0.3898
0.7956,0.8424,6,0,67,1,-0.0072,0.008,32.99,5.61,0.809,1.133,22.79,0.585,False,0.0729,2.9279
0.7956,0.8424,6,0,67,1,0.0228,-0.0094,26.25,4.1,1.723,1.152,29.23,0.608,False,0.0656,2.8831
0.7956,0.8424,6,0,67,1,-0.0224,0.0021,21.59,10.94,1.491,0.701,39.25,0.711,False,0.2671,4.4792
0.7956,0.8424,6,0,67,1,-0.0139,-0.0001,25.24,12.5,0.985,0.859,38.37,0.641,False,0.1864,5.8769
0.7956,0.8424,6,0,67,1,-0.0062,-0.0108,33.68,12.27,1.519,1.012,35.88,0.537,False,0.2844,3.4836
0.7956,0.8424,6,0,67,1,-0.0238,-0.018,34.46,3.05,1.756,1.117,30.61,0.687,False,0.1093,6.4197
0.7956,0.8424,6,0,67,1,-0.0698,-0.0116,37.01,4.56,1.58,0.933,22.55,0.555,False,0.6858,1.655
0.7956,0.8424,6,0,67,1,0.0216,-0.0075,32.1,13.28,1.669,0.803,24.81,0.727,False,0.028,17.1108
0.7956,0.8424,6,0,67,1,-0.0115,0.0036,36.44,2.23,0.839,1.379,37.11,0.8,False,0.0822,7.8364
0.7956,0.8424,6,0,67,1,-0.0626,-0.0153,41.2,7.57,0.876,0.939,37.93,0.431,True,0.9254,0.3286
0.7956,0.8424,6,0,67,1,0.0122,-0.0136,35.07,8.89,1.772,1.031,21.85,0.768,False,0.1463,1.9032
0.7956,0.8424,6,0,67,1,-0.0463,-0.0023,24.21,3.6,1.228,1.352,20.47,0.748,False,0.0604,4.1426
0.7956,0.8424,6,0,67,1,-0.0344,0.0051,22.51,13.08,1.116,1.299,26.74,0.468,False,1.0725,0.7011
0.7956,0.8424,6,0,67,1,-0.0355,0.0043,29.45,11.63,1.069,1.324,34.42,0.703,False,0.1827,8.4506
0.7956,0.8424,6,0,67,1,-0.0579,0.0064,27.64,9.75,1.393,0.786,32.56,0.482,False,1.1952,1.1062
0.7956,0.8424,6,0,67,1,0.0182,-0.014,30.86,9.9,1.562,1.198,25.67,0.45,False,0.1982,1.261
0.7956,0.8424,6,0,67,1,0.001,-0.0012,22.08,4.98,1.009,0.729,34.87,0.776,False,0.0921,3.2999
0.7956,0.8424,6,0,67,1,-0.0523,-0.0173,20.73,14.51,1.311,1.214,23.38,0.62,False,0.1212,8.9919
0.7956,0.8424,6,0,67,1,0.0137,0.0084,38.4,14.88,1.662,1.064,39.98,0.745,True,0.7984,0.9547
0.7956,0.8424,6,0,67,1,0.0035,-0.0045,39.5,5.05,1.299,0.907,20.71,0.403,False,0.0568,3.8066
0.7956,0.86112,6,1,68,1,-0.0405,-0.0081,42.97,6.43,1.408,1.078,36.09,0.494,True,3.1467,0.2133
0.7956,0.86112,6,1,68,1,-0.0508,-0.0196,23.79,11.48,1.619,0.975,33.75,0.669,False,0.0831,22.724
0.7956,0.86112,6,1,68,1,-0.0277,0.0012,29.11,8.26,1.034,1.169,29.45,0.635,False,0.3682,2.4961
0.7956,0.86112,6,1,68,1,-0.0416,-0.0122,38.17,6.86,1.175,1.237,31.69,0.458,False,1.4923,1.1444
0.7956,0.86112,6,1,68,1,-0.0168,-0.0061,27.19,6.19,1.159,0.988,26.35,0.66,False,0.1801,2.568
0.7956,0.86112,6,1,68,1,0.0082,-0.0168,43.47,7.88,0.954,0.763,24.2,0.509,False,0.602,0.8524
0.7956,0.86112,6,1,68,1,-0.0637,-0.0058,44.88,13.84,1.343,1.358,27.87,0.524,False,1.7092,1.2197
0.7956,0.86112,6,1,68,1,-0.0292,0.0093,30.36,9.17,1.448,0.869,28.57,0.567,False,0.254,4.0746
0.7956,0.86112,6,1,68,1,-0.0013,0.001,42.04,10.39,1.26,0.83,32.96,0.594,False,0.4961,1.8099
0.7956,0.86112,6,1,68,1,-0.0551,-0.0033,40.64,2.5,0.915,1.265,31.29,0.418,True,1.4547,0.37
0.7956,0.86112,6,1,68,1,-0.0072,0.008,32.99,5.61,0.809,1.133,22.79,0.585,False,0.1433,2.2815
0.7956,0.86112,6,1,68,1,0.0228,-0.0094,26.25,4.1,1.723,1.152,29.23,0.608,False,0.0382,5.6121
0.7956,0.86112,6,1,68,1,-0.0224,0.0021,21.59,10.94,1.491,0.701,39.25,0.711,False,0.3083,4.2178
0.7956,0.86112,6,1,68,1,-0.0139,-0.0001,25.24,12.5,0.985,0.859,38.37,0.641,False,0.2297,4.8637
0.7956,0.86112,6,1,68,1,-0.0062,-0.0108,33.68,12.27,1.519,1.012,35.88,0.537,False,0.6007,1.9643
0.7956,0.86112,6,1,68,1,-0.0238,-0.018,34.46,3.05,1.756,1.117,30.61,0.687,False,0.1751,4.7463
0.7956,0.86112,6,1,68,1,-0.0698,-0.0116,37.01,4.56,1.58,0.933,22.55,0.555,False,1.3033,0.9289
0.7956,0.86112,6,1,68,1,0.0216,-0.0075,32.1,13.28,1.669,0.803,24.81,0.727,False,0.2286,1.9885
0.7956,0.86112,6,1,68,1,-0.0115,0.0036,36.44,2.23,0.839,1.379,37.11,0.8,False,0.0235,28.7435
0.7956,0.86112,6,1,68,1,-0.0626,-0.0153,41.2,7.57,0.876,0.939,37.93,0.431,True,0.5885,0.9249
0.7956,0.86112,6,1,68,1,0.0122,-0.0136,35.07,8.89,1.772,1.031,21.85,0.768,False,0.3422,0.9633
0.7956,0.86112,6,1,68,1,-0.0463,-0.0023,24.21,3.6,1.228,1.352,20.47,0.748,False,0.113,3.0523
0.7956,0.86112,6,1,68,1,-0.0344,0.0051,22.51,13.08,1.116,1.299,26.74,0.468,False,1.4386,0.5268
0.7956,0.86112,6,1,68,1,-0.0355,0.0043,29.45,11.63,1.069,1.324,34.42,0.703,False,0.4246,3.7445
0.7956,0.86112,6,1,68,1,-0.0579,0.0064,27.64,9.75,1.393,0.786,32.56,0.482,False,1.8654,0.7299
0.7956,0.86112,6,1,68,1,0.0182,-0.014,30.86,9.9,1.562,1.198,25.67,0.45,False,0.1432,2.4151
0.7956,0.86112,6,1,68,1,0.001,-0.0012,22.08,4.98,1.009,0.729,34.87,0.776,False,0.0203,15.7772
0.7956,0.86112,6,1,68,1,-0.0523,-0.0173,20.73,14.51,1.311,1.214,23.38,0.62,False,0.1172,9.7168
0.7956,0.86112,6,1,68,1,0.0137,0.0084,38.4,14.88,1.662,1.064,39.98,0.745,False,0.2236,3.081
0.7956,0.86112,6,1,68,1,0.0035,-0.0045,39.5,5.05,1.299,0.907,20.71,0.403,False,0.0368,10.3258
0.7956,0.87984,6,2,69,1,-0.0405,-0.0081,42.97,6.43,1.408,1.078,36.09,0.494,True,0.7811,0.3624
0.7956,0.87984,6,2,69,1,-0.0508,-0.0196,23.79,11.48,1.619,0.975,33.75,0.669,False,0.401,4.4777
0.7956,0.87984,6,2,69,1,-0.0277,0.0012,29.11,8.26,1.034,1.169,29.45,0.635,False,0.1318,6.8348
0.7956,0.87984,6,2,69,1,-0.0416,-0.0122,38.17,6.86,1.175,1.237,31.69,0.458,False,0.3446,4.948
0.7956,0.87984,6,2,69,1,-0.0168,-0.0061,27.19,6.19,1.159,0.988,26.35,0.66,False,0.0484,8.3188
0.7956,0.87984,6,2,69,1,0.0082,-0.0168,43.47,7.88,0.954,0.763,24.2,0.509,False,0.1099,3.8348
0.7956,0.87984,6,2,69,1,-0.0637,-0.0058,44.88,13.84,1.343,1.358,27.87,0.524,False,2.5728,0.8222
0.7956,0.87984,6,2,69,1,-0.0292,0.0093,30.36,9.17,1.448,0.869,28.57,0.567,False,0.1651,5.6747
0.7956,0.87984,6,2,69,1,-0.0013,0.001,42.04,10.39,1.26,0.83,32.96,0.594,False,0.0563,15.7664
0.7956,0.87984,6,2,69,1,-0.0551,-0.0033,40.64,2.5,0.915,1.265,31.29,0.418,True,1.488,0.6838
0.7956,0.87984,6,2,69,1,-0.0072,0.008,32.99,5.61,0.809,1.133,22.79,0.585,False,0.1261,2.025
0.7956,0.87984,6,2,69,1,0.0228,-0.0094,26.25,4.1,1.723,1.152,29.23,0.608,False,0.1032,1.7402
0.7956,0.87984,6,2,69,1,-0.0224,0.0021,21.59,10.94,1.491,0.701,39.25,0.711,False,0.1649,7.2108
0.7956,0.87984,6,2,69,1,-0.0139,-0.0001,25.24,12.5,0.985,0.859,38.37,0.641,False,0.221,4.7799
0.7956,0.87984,6,2,69,1,-0.0062,-0.0108,33.68,12.27,1.519,1.012,35.88,0.537,False,0.2598,4.0207
0.7956,0.87984,6,2,69,1,-0.0238,-0.018,34.46,3.05,1.756,1.117,30.61,0.687,False,0.131,5.1549
0.7956,0.87984,6,2,69,1,-0.0698,-0.0116,37.01,4.56,1.58,0.933,22.55,0.555,False,0.5619,1.9719
0.7956,0.87984,6,2,69,1,0.0216,-0.0075,32.1,13.28,1.669,0.803,24.81,0.727,False,0.1647,2.9758
0.7956,0.87984,6,2,69,1,-0.0115,0.0036,36.44,2.23,0.839,1.379,37.11,0.8,False,0.1354,4.7663
0.7956,0.87984,6,2,69,1,-0.0626,-0.0153,41.2,7.57,0.876,0.939,37.93,0.431,True,0.5934,0.7986
0.7956,0.87984,6,2,69,1,0.0122,-0.0136,35.07,8.89,1.772,1.031,21.85,0.768,False,0.0859,3.6892
0.7956,0.87984,6,2,69,1,-0.0463,-0.0023,24.21,3.6,1.228,1.352,20.47,0.748,False,0.0292,8.4522
0.7956,0.87984,6,2,69,1,-0.0344,0.0051,22.51,13.08,1.116,1.299,26.74,0.468,False,1.247,0.5775
0.7956,0.87984,6,2,69,1,-0.0355,0.0043,29.45,11.63,1.069,1.324,34.42,0.703,False,0.0615,26.4525
0.7956,0.87984,6,2,69,1,-0.0579,0.0064,27.64,9.75,1.393,0.786,32.56,0.482,False,1.5382,0.8747
0.7956,0.87984,6,2,69,1,0.0182,-0.014,30.86,9.9,1.562,1.198,25.67,0.45,False,0.4276,0.7274
0.7956,0.87984,6,2,69,1,0.001,-0.0012,22.08,4.98,1.009,0.729,34.87,0.776,False,0.0877,3.4869
0.7956,0.87984,6,2,69,1,-0.0523,-0.0173,20.73,14.51,1.311,1.214,23.38,0.62,False,0.1088,9.6446
0.7956,0.87984,6,2,69,1,0.0137,0.0084,38.4,14.88,1.662,1.064,39.98,0.745,False,0.2084,2.9401
0.7956,0.87984,6,2,69,1,0.0035,-0.0045,39.5,5.05,1.299,0.907,20.71,0.403,False,0.1103,2.988
0.7956,0.89856,6,3,70,1,-0.0405,-0.0081,42.97,6.43,1.408,1.078,36.09,0.494,True,0.6618,2.2356
0.7956,0.89856,6,3,70,1,-0.0508,-0.0196,23.79,11.48,1.619,0.975,33.75,0.669,False,0.1007,19.4237
0.7956,0.89856,6,3,70,1,-0.0277,0.0012,29.11,8.26,1.034,1.169,29.45,0.635,False,0.5603,1.8193
0.7956,0.89856,6,3,70,1,-0.0416,-0.0122,38.17,6.86,1.175,1.237,31.69,0.458,False,2.5096,0.6944
0.7956,0.89856,6,3,70,1,-0.0168,-0.0061,27.19,6.19,1.159,0.988,26.35,0.66,False,0.3416,1.4998
0.7956,0.89856,6,3,70,1,0.0082,-0.0168,43.47,7.88,0.954,0.763,24.2,0.509,False,0.0853,6.4076
0.7956,0.89856,6,3,70,1,-0.0637,-0.0058,44.88,13.84,1.343,1.358,27.87,0.524,False,2.3076,0.9607
0.7956,0.89856,6,3,70,1,-0.0292,0.0093,30.36,9.17,1.448,0.869,28.57,0.567,False,0.2309,4.699
0.7956,0.89856,6,3,70,1,-0.0013,0.001,42.04,10.39,1.26,0.83,32.96,0.594,False,0.4545,2.1226
0.7956,0.89856,6,3,70,1,-0.0551,-0.0033,40.64,2.5,0.915,1.265,31.29,0.418,True,2.674,0.4013
0.7956,0.89856,6,3,70,1,-0.0072,0.008,32.99,5.61,0.809,1.133,22.79,0.585,False,0.1303,2.6211
0.7956,0.89856,6,3,70,1,0.0228,-0.0094,26.25,4.1,1.723,1.152,29.23,0.608,False,0.088,2.2027
0.7956,0.89856,6,3,70,1,-0.0224,0.0021,21.59,10.94,1.491,0.701,39.25,0.711,False,0.4235,3.0981
0.7956,0.89856,6,3,70,1,-0.0139,-0.0001,25.24,12.5,0.985,0.859,38.37,0.641,False,0.441,2.6917
0.7956,0.89856,6,3,70,1,-0.0062,-0.0108,33.68,12.27,1.519,1.012,35.88,0.537,False,0.6327,1.7673
0.7956,0.89856,6,3,70,1,-0.0238,-0.018,34.46,3.05,1.756,1.117,30.61,0.687,False,0.3841,2.1299
0.7956,0.89856,6,3,70,1,-0.0698,-0.0116,37.01,4.56,1.58,0.933,22.55,0.555,False,1.1242,1.0537
0.7956,0.89856,6,3,70,1,0.0216,-0.0075,32.1,13.28,1.669,0.803,24.81,0.727,False,0.4158,1.1017
0.7956,0.89856,6,3,70,1,-0.0115,0.0036,36.44,2.23,0.839,1.379,37.11,0.8,False,0.1148,5.9711
0.7956,0.89856,6,3,70,1,-0.0626,-0.0153,41.2,7.57,0.876,0.939,37.93,0.431,True,1.3446,0.2588
0.7956,0.89856,6,3,70,1,0.0122,-0.0136,35.07,8.89,1.772,1.031,21.85,0.768,False,0.1035,2.9187
0.7956,0.89856,6,3,70,1,-0.0463,-0.0023,24.21,3.6,1.228,1.352,20.47,0.748,False,0.0603,5.5542
0.7956,0.89856,6,3,70,1,-0.0344,0.0051,22.51,13.08,1.116,1.299,26.74,0.468,False,1.6524,0.4442
0.7956,0.89856,6,3,70,1,-0.0355,0.0043,29.45,11.63,1.069,1.324,34.42,0.703,False,0.3688,4.5881
0.7956,0.89856,6,3,70,1,-0.0579,0.0064,27.64,9.75,1.393,0.786,32.56,0.482,False,1.2117,1.1343
0.7956,0.89856,6,3,70,1,0.0182,-0.014,30.86,9.9,1.562,1.198,25.67,0.45,False,0.0454,7.4502
0.7956,0.89856,6,3,70,1,0.001,-0.0012,22.08,4.98,1.009,0.729,34.87,0.776,False,0.1983,1.6932
0.7956,0.89856,6,3,70,1,-0.0523,-0.0173,20.73,14.51,1.311,1.214,23.38,0.62,False,0.7905,1.5162
0.7956,0.89856,6,3,70,1,0.0137,0.0084,38.4,14.88,1.662,1.064,39.98,0.745,False,0.0423,15.6532
0.7956,0.89856,6,3,70,1,0.0035,-0.0045,39.5,5.05,1.299,0.907,20.71,0.403,False,0.0215,19.7146
0.7956,0.91728,6,4,71,1,-0.0405,-0.0081,42.97,6.43,1.408,1.078,36.09,0.494,True,0.7743,0.427
0.7956,0.91728,6,4,71,1,-0.0508,-0.0196,23.79,11.48,1.619,0.975,33.75,0.669,False,0.4787,3.707
0.7956,0.91728,6,4,71,1,-0.0277,0.0012,29.11,8.26,1.034,1.169,29.45,0.635,False,0.405,2.3606
0.7956,0.91728,6,4,71,1,-0.0416,-0.0122,38.17,6.86,1.175,1.237,31.69,0.458,False,2.5218,0.6755
0.7956,0.91728,6,4,71,1,-0.0168,-0.0061,27.19,6.19,1.159,0.988,26.35,0.66,False,0.0656,6.0241
0.7956,0.91728,6,4,71,1,0.0082,-0.0168,43.47,7.88,0.954,0.763,24.2,0.509,False,0.2285,1.8511
0.7956,0.91728,6,4,71,1,-0.0637,-0.0058,44.88,13.84,1.343,1.358,27.87,0.524,False,2.3615,0.9346
0.7956,0.91728,6,4,71,1,-0.0292,0.0093,30.36,9.17,1.448,0.869,28.57,0.567,False,0.1292,7.5024
0.7956,0.91728,6,4,71,1,-0.0013,0.001,42.04,10.39,1.26,0.83,32.96,0.594,False,0.2929,2.9664
0.7956,0.91728,6,4,71,1,-0.0551,-0.0033,40.64,2.5,0.915,1.265,31.29,0.418,True,1.3009,0.379
0.7956,0.91728,6,4,71,1,-0.0072,0.008,32.99,5.61,0.809,1.133,22.79,0.585,False,0.0854,2.9415
0.7956,0.91728,6,4,71,1,0.0228,-0.0094,26.25,4.1,1.723,1.152,29.23,0.608,False,0.0327,5.5211
0.7956,0.91728,6,4,71,1,-0.0224,0.0021,21.59,10.94,1.491,0.701,39.25,0.711,False,0.1874,6.7492
0.7956,0.91728,6,4,71,1,-0.0139,-0.0001,25.24,12.5,0.985,0.859,38.37,0.641,False,0.2857,3.9644
0.7956,0.91728,6,4,71,1,-0.0062,-0.0108,33.68,12.27,1.519,1.012,35.88,0.537,False,0.7748,1.4423
0.7956,0.91728,6,4,71,1,-0.0238,-0.018,34.46,3.05,1.756,1.117,30.61,0.687,False,0.1173,6.3963
0.7956,0.91728,6,4,71,1,-0.0698,-0.0116,37.01,4.56,1.58,0.933,22.55,0.555,False,0.1933,5.5998
0.7956,0.91728,6,4,71,1,0.0216,-0.0075,32.1,13.28,1.669,0.803,24.81,0.727,False,0.0497,9.9411
0.7956,0.91728,6,4,71,1,-0.0115,0.0036,36.44,2.23,0.839,1.379,37.11,0.8,False,0.0897,7.2731
0.7956,0.91728,6,4,71,1,-0.0626,-0.0153,41.2,7.57,0.876,0.939,37.93,0.431,True,0.9033,0.5103
0.7956,0.91728,6,4,71,1,0.0122,-0.0136,35.07,8.89,1.772,1.031,21.85,0.768,False,0.125,2.3239
0.7956,0.91728,6,4,71,1,-0.0463,-0.0023,24.21,3.6,1.228,1.352,20.47,0.748,False,0.0436,6.6455
0.7956,0.91728,6,4,71,1,-0.0344,0.0051,22.51,13.08,1.116,1.299,26.74,0.468,False,0.814,0.9261
0.7956,0.91728,6,4,71,1,-0.0355,0.0043,29.45,11.63,1.069,1.324,34.42,0.703,False,0.2822,5.6204
0.7956,0.91728,6,4,71,1,-0.0579,0.0064,27.64,9.75,1.393,0.786,32.56,0.482,False,1.2886,1.0744
0.7956,0.91728,6,4,71,1,0.0182,-0.014,30.86,9.9,1.562,1.198,25.67,0.45,False,0.2535,1.17
0.7956,0.91728,6,4,71,1,0.001,-0.0012,22.08,4.98,1.009,0.729,34.87,0.776,False,0.1857,1.7295
0.7956,0.91728,6,4,71,1,-0.0523,-0.0173,20.73,14.51,1.311,1.214,23.38,0.62,False,0.4808,2.2686
0.7956,0.91728,6,4,71,1,0.0137,0.0084,38.4,14.88,1.662,1.064,39.98,0.745,False,0.0794,8.0508
0.7956,0.91728,6,4,71,1,0.0035,-0.0045,39.5,5.05,1.299,0.907,20.71,0.403,False,0.1106,2.8799
0.7956,0.936,6,5,72,1,-0.0405,-0.0081,42.97,6.43,1.408,1.078,36.09,0.494,True,0.4491,0.7175
0.7956,0.936,6,5,72,1,-0.0508,-0.0196,23.79,11.48,1.619,0.975,33.75,0.669,False,0.1246,15.7917
0.7956,0.936,6,5,72,1,-0.0277,0.0012,29.11,8.26,1.034,1.169,29.45,0.635,False,0.2994,3.2703
0.7956,0.936,6,5,72,1,-0.0416,-0.0122,38.17,6.86,1.175,1.237,31.69,0.458,False,2.4968,0.7109
0.7956,0.936,6,5,72,1,-0.0168,-0.0061,27.19,6.19,1.159,0.988,26.35,0.66,False,0.0661,6.4282
0.7956,0.936,6,5,72,1,0.0082,-0.0168,43.47,7.88,0.954,0.763,24.2,0.509,False,0.1132,4.0169
0.7956,0.936,6,5,72,1,-0.0637,-0.0058,44.88,13.84,1.343,1.358,27.87,0.524,False,2.52,0.8839
0.7956,0.936,6,5,72,1,-0.0292,0.0093,30.36,9.17,1.448,0.869,28.57,0.567,False,0.2487,4.5226
0.7956,0.936,6,5,72,1,-0.0013,0.001,42.04,10.39,1.26,0.83,32.96,0.594,False,0.2556,3.3745
0.7956,0.936,6,5,72,1,-0.0551,-0.0033,40.64,2.5,0.915,1.265,31.29,0.418,True,1.0281,0.369
0.7956,0.936,6,5,72,1,-0.0072,0.008,32.99,5.61,0.809,1.133,22.79,0.585,False,0.2809,1.158
0.7956,0.936,6,5,72,1,0.0228,-0.0094,26.25,4.1,1.723,1.152,29.23,0.608,False,0.085,2.3357
0.7956,0.936,6,5,72,1,-0.0224,0.0021,21.59,10.94,1.491,0.701,39.25,0.711,False,0.1207,10.4822
0.7956,0.936,6,5,72,1,-0.0139,-0.0001,25.24,12.5,0.985,0.859,38.37,0.641,False,0.1405,8.1954
0.7956,0.936,6,5,72,1,-0.0062,-0.0108,33.68,12.27,1.519,1.012,35.88,0.537,False,0.1763,6.194
0.7956,0.936,6,5,72,1,-0.0238,-0.018,34.46,3.05,1.756,1.117,30.61,0.687,False,0.1517,5.0012
0.7956,0.936,6,5,72,1,-0.0698,-0.0116,37.01,4.56,1.58,0.933,22.55,0.555,False,1.2797,0.9465
0.7956,0.936,6,5,72,1,0.0216,-0.0075,32.1,13.28,1.669,0.803,24.81,0.727,False,0.1695,2.7134
0.7956,0.936,6,5,72,1,-0.0115,0.0036,36.44,2.23,0.839,1.379,37.11,0.8,False,0.0719,9.7033
0.7956,0.936,6,5,72,1,-0.0626,-0.0153,41.2,7.57,0.876,0.939,37.93,0.431,True,0.696,0.9008
0.7956,0.936,6,5,72,1,0.0122,-0.0136,35.07,8.89,1.772,1.031,21.85,0.768,False,0.0638,4.9851
0.7956,0.936,6,5,72,1,-0.0463,-0.0023,24.21,3.6,1.228,1.352,20.47,0.748,False,0.1023,2.6661
0.7956,0.936,6,5,72,1,-0.0344,0.0051,22.51,13.08,1.116,1.299,26.74,0.468,False,1.3584,0.5516
0.7956,0.936,6,5,72,1,-0.0355,0.0043,29.45,11.63,1.069,1.324,34.42,0.703,False,0.3863,4.1603
0.7956,0.936,6,5,72,1,-0.0579,0.0064,27.64,9.75,1.393,0.786,32.56,0.482,False,2.1746,0.647
0.7956,0.936,6,5,72,1,0.0182,-0.014,30.86,9.9,1.562,1.198,25.67,0.45,False,0.1441,2.4857
0.7956,0.936,6,5,72,1,0.001,-0.0012,22.08,4.98,1.009,0.729,34.87,0.776,False,0.1167,2.6853
0.7956,0.936,6,5,72,1,-0.0523,-0.0173,20.73,14.51,1.311,1.214,23.38,0.62,False,0.3742,3.2227
0.7956,0.936,6,5,72,1,0.0137,0.0084,38.4,14.88,1.662,1.064,39.98,0.745,False,0.23,2.6155
0.7956,0.936,6,5,72,1,0.0035,-0.0045,39.5,5.05,1.299,0.907,20.71,0.403,False,0.0188,19.1336
0.7956,0.95472,6,6,73,1,-0.0405,-0.0081,42.97,6.43,1.408,1.078,36.09,0.494,True,0.6774,0.4118
0.7956,0.95472,6,6,73,1,-0.0508,-0.0196,23.79,11.48,1.619,0.975,33.75,0.669,False,0.223,9.0024
0.7956,0.95472,6,6,73,1,-0.0277,0.0012,29.11,8.26,1.034,1.169,29.45,0.635,False,0.1014,9.39
0.7956,0.95472,6,6,73,1,-0.0416,-0.0122,38.17,6.86,1.175,1.237,31.69,0.458,False,2.1618,0.8211
0.7956,0.95472,6,6,73,1,-0.0168,-0.0061,27.19,6.19,1.159,0.988,26.35,0.66,False,0.1192,3.6241
0.7956,0.95472,6,6,73,1,0.0082,-0.0168,43.47,7.88,0.954,0.763,24.2,0.509,False,0.2774,1.7635
0.7956,0.95472,6,6,73,1,-0.0637,-0.0058,44.88,13.84,1.343,1.358,27.87,0.524,False,2.1117,1.0699
0.7956,0.95472,6,6,73,1,-0.0292,0.0093,30.36,9.17,1.448,0.869,28.57,0.567,False,0.2765,4.0847
0.7956,0.95472,6,6,73,1,-0.0013,0.001,42.04,10.39,1.26,0.83,32.96,0.594,False,0.1912,4.4612
0.7956,0.95472,6,6,73,1,-0.0551,-0.0033,40.64,2.5,0.915,1.265,31.29,0.418,True,1.3657,0.358
0.7956,0.95472,6,6,73,1,-0.0072,0.008,32.99,5.61,0.809,1.133,22.79,0.585,False,0.1554,1.7116
0.7956,0.95472,6,6,73,1,0.0228,-0.0094,26.25,4.1,1.723,1.152,29.23,0.608,False,0.1441,1.4204
0.7956,0.95472,6,6,73,1,-0.0224,0.0021,21.59,10.94,1.491,0.701,39.25,0.711,False,0.1663,7.6163
0.7956,0.95472,6,6,73,1,-0.0139,-0.0001,25.24,12.5,0.985,0.859,38.37,0.641,False,0.1925,6.0941
0.7956,0.95472,6,6,73,1,-0.0062,-0.0108,33.68,12.27,1.519,1.012,35.88,0.537,False,0.3279,3.02
0.7956,0.95472,6,6,73,1,-0.0238,-0.018,34.46,3.05,1.756,1.117,30.61,0.687,False,0.1872,4.1964
0.7956,0.95472,6,6,73,1,-0.0698,-0.0116,37.01,4.56,1.58,0.933,22.55,0.555,False,0.6775,1.6585
0.7956,0.95472,6,6,73,1,0.0216,-0.0075,32.1,13.28,1.669,0.803,24.81,0.727,False,0.3793,1.1433
0.7956,0.95472,6,6,73,1,-0.0115,0.0036,36.44,2.23,0.839,1.379,37.11,0.8,False,0.0935,7.4172
0.7956,0.95472,6,6,73,1,-0.0626,-0.0153,41.2,7.57,0.876,0.939,37.93,0.431,True,0.8643,0.524
0.7956,0.95472,6,6,73,1,0.0122,-0.0136,35.07,8.89,1.772,1.031,21.85,0.768,False,0.2867,1.0697
0.7956,0.95472,6,6,73,1,-0.0463,-0.0023,24.21,3.6,1.228,1.352,20.47,0.748,False,0.0133,18.9603
0.7956,0.95472,6,6,73,1,-0.0344,0.0051,22.51,13.08,1.116,1.299,26.74,0.468,False,1.3009,0.5698
0.7956,0.95472,6,6,73,1,-0.0355,0.0043,29.45,11.63,1.069,1.324,34.42,0.703,False,0.1614,10.2012
0.7956,0.95472,6,6,73,1,-0.0579,0.0064,27.64,9.75,1.393,0.786,32.56,0.482,False,1.5397,0.9378
0.7956,0.95472,6,6,73,1,0.0182,-0.014,30.86,9.9,1.562,1.198,25.67,0.45,False,0.0413,8.2231
0.7956,0.95472,6,6,73,1,0.001,-0.0012,22.08,4.98,1.009,0.729,34.87,0.776,False,0.0299,10.1199
0.7956,0.95472,6,6,73,1,-0.0523,-0.0173,20.73,14.51,1.311,1.214,23.38,0.62,False,0.2187,5.1871
0.7956,0.95472,6,6,73,1,0.0137,0.0084,38.4,14.88,1.662,1.064,39.98,0.745,False,0.102,6.4141
0.7956,0.95472,6,6,73,1,0.0035,-0.0045,39.5,5.05,1.299,0.907,20.71,0.403,False,0.1001,3.2924
0.7956,0.97344,6,7,74,1,-0.0405,-0.0081,42.97,6.43,1.408,1.078,36.09,0.494,False,1.282,1.6053
0.7956,0.97344,6,7,74,1,-0.0508,-0.0196,23.79,11.48,1.619,0.975,33.75,0.669,False,0.283,6.5689
0.7956,0.97344,6,7,74,1,-0.0277,0.0012,29.11,8.26,1.034,1.169,29.45,0.635,False,0.1657,5.5561
0.7956,0.97344,6,7,74,1,-0.0416,-0.0122,38.17,6.86,1.175,1.237,31.69,0.458,True,1.9046,0.3994
0.7956,0.97344,6,7,74,1,-0.0168,-0.0061,27.19,6.19,1.159,0.988,26.35,0.66,False,0.0251,15.1583
0.7956,0.97344,6,7,74,1,0.0082,-0.0168,43.47,7.88,0.954,0.763,24.2,0.509,False,0.0262,15.4929
0.7956,0.97344,6,7,74,1,-0.0637,-0.0058,44.88,13.84,1.343,1.358,27.87,0.524,False,1.3388,1.5846
0.7956,0.97344,6,7,74,1,-0.0292,0.0093,30.36,9.17,1.448,0.869,28.57,0.567,False,0.1947,4.7651
0.7956,0.97344,6,7,74,1,-0.0013,0.001,42.04,10.39,1.26,0.83,32.96,0.594,False,0.126,6.0291
0.7956,0.97344,6,7,74,1,-0.0551,-0.0033,40.64,2.5,0.915,1.265,31.29,0.418,True,1.3011,0.3649
0.7956,0.97344,6,7,74,1,-0.0072,0.008,32.99,5.61,0.809,1.133,22.79,0.585,False,0.1399,1.754
0.7956,0.97344,6,7,74,1,0.0228,-0.0094,26.25,4.1,1.723,1.152,29.23,0.608,False,0.067,2.7615
0.7956,0.97344,6,7,74,1,-0.0224,0.0021,21.59,10.94,1.491,0.701,39.25,0.711,False,0.2404,5.179
0.7956,0.97344,6,7,74,1,-0.0139,-0.0001,25.24,12.5,0.985,0.859,38.37,0.641,False,0.0491,22.4161
0.7956,0.97344,6,7,74,1,-0.0062,-0.0108,33.68,12.27,1.519,1.012,35.88,0.537,False,0.2161,4.8703
0.7956,0.97344,6,7,74,1,-0.0238,-0.018,34.46,3.05,1.756,1.117,30.61,0.687,False,0.0738,10.1452
0.7956,0.97344,6,7,74,1,-0.0698,-0.0116,37.01,4.56,1.58,0.933,22.55,0.555,False,0.5801,1.8909
0.7956,0.97344,6,7,74,1,0.0216,-0.0075,32.1,13.28,1.669,0.803,24.81,0.727,False,0.0955,4.9501
0.7956,0.97344,6,7,74,1,-0.0115,0.0036,36.44,2.23,0.839,1.379,37.11,0.8,False,0.0628,9.8402
0.7956,0.97344,6,7,74,1,-0.0626,-0.0153,41.2,7.57,0.876,0.939,37.93,0.431,True,1.3405,0.8981
0.7956,0.97344,6,7,74,1,0.0122,-0.0136,35.07,8.89,1.772,1.031,21.85,0.768,False,0.0456,6.5197
0.7956,0.97344,6,7,74,1,-0.0463,-0.0023,24.21,3.6,1.228,1.352,20.47,0.748,False,0.0288,9.2521
0.7956,0.97344,6,7,74,1,-0.0344,0.0051,22.51,13.08,1.116,1.299,26.74,0.468,False,1.1376,0.6332
0.7956,0.97344,6,7,74,1,-0.0355,0.0043,29.45,11.63,1.069,1.324,34.42,0.703,False,0.4184,3.8429
0.7956,0.97344,6,7,74,1,-0.0579,0.0064,27.64,9.75,1.393,0.786,32.56,0.482,False,1.6568,0.8252
0.7956,0.97344,6,7,74,1,0.0182,-0.014,30.86,9.9,1.562,1.198,25.67,0.45,False,0.0721,4.0404
0.7956,0.97344,6,7,74,1,0.001,-0.0012,22.08,4.98,1.009,0.729,34.87,0.776,False,0.1232,2.3545
0.7956,0.97344,6,7,74,1,-0.0523,-0.0173,20.73,14.51,1.311,1.214,23.38,0.62,False,0.1507,7.0849
0.7956,0.97344,6,7,74,1,0.0137,0.0084,38.4,14.88,1.662,1.064,39.98,0.745,False,0.0641,10.3679
0.7956,0.97344,6,7,74,1,0.0035,-0.0045,39.5,5.05,1.299,0.907,20.71,0.403,False,0.2286,1.4475
0.7956,0.99216,6,8,75,1,-0.0405,-0.0081,42.97,6.43,1.408,1.078,36.09,0.494,True,0.4139,0.7818
0.7956,0.99216,6,8,75,1,-0.0508,-0.0196,23.79,11.48,1.619,0.975,33.75,0.669,False,0.1754,11.3273
0.7956,0.99216,6,8,75,1,-0.0277,0.0012,29.11,8.26,1.034,1.169,29.45,0.635,False,0.3255,3.0256
0.7956,0.99216,6,8,75,1,-0.0416,-0.0122,38.17,6.86,1.175,1.237,31.69,0.458,False,2.699,0.6603
0.7956,0.99216,6,8,75,1,-0.0168,-0.0061,27.19,6.19,1.159,0.988,26.35,0.66,False,0.2261,2.1508
0.7956,0.99216,6,8,75,1,0.0082,-0.0168,43.47,7.88,0.954,0.763,24.2,0.509,False,0.0338,16.1326
0.7956,0.99216,6,8,75,1,-0.0637,-0.0058,44.88,13.84,1.343,1.358,27.87,0.524,False,2.4906,0.8891
0.7956,0.99216,6,8,75,1,-0.0292,0.0093,30.36,9.17,1.448,0.869,28.57,0.567,False,0.2213,4.9375
0.7956,0.99216,6,8,75,1,-0.0013,0.001,42.04,10.39,1.26,0.83,32.96,0.594,False,0.2461,3.7935
0.7956,0.99216,6,8,75,1,-0.0551,-0.0033,40.64,2.5,0.915,1.265,31.29,0.418,True,1.6182,0.3113
0.7956,0.99216,6,8,75,1,-0.0072,0.008,32.99,5.61,0.809,1.133,22.79,0.585,False,0.1419,2.3437
0.7956,0.99216,6,8,75,1,0.0228,-0.0094,26.25,4.1,1.723,1.152,29.23,0.608,False,0.0743,2.6302
0.7956,0.99216,6,8,75,1,-0.0224,0.0021,21.59,10.94,1.491,0.701,39.25,0.711,False,0.1184,10.9539
0.7956,0.99216,6,8,75,1,-0.0139,-0.0001,25.24,12.5,0.985,0.859,38.37,0.641,False,0.2833,4.231
0.7956,0.99216,6,8,75,1,-0.0062,-0.0108,33.68,12.27,1.519,1.012,35.88,0.537,False,0.2385,4.7126
0.7956,0.99216,6,8,75,1,-0.0238,-0.018,34.46,3.05,1.756,1.117,30.61,0.687,False,0.1674,4.8961
0.7956,0.99216,6,8,75,1,-0.0698,-0.0116,37.01,4.56,1.58,0.933,22.55,0.555,False,0.6972,1.6053
0.7956,0.99216,6,8,75,1,0.0216,-0.0075,32.1,13.28,1.669,0.803,24.81,0.727,False,0.055,8.0449
0.7956,0.99216,6,8,75,1,-0.0115,0.0036,36.44,2.23,0.839,1.379,37.11,0.8,False,0.0695,10.2982
0.7956,0.99216,6,8,75,1,-0.0626,-0.0153,41.2,7.57,0.876,0.939,37.93,0.431,True,1.3136,0.2551
0.7956,0.99216,6,8,75,1,0.0122,-0.0136,35.07,8.89,1.772,1.031,21.85,0.768,False,0.1471,2.0991
0.7956,0.99216,6,8,75,1,-0.0463,-0.0023,24.21,3.6,1.228,1.352,20.47,0.748,False,0.0661,4.6281
0.7956,0.99216,6,8,75,1,-0.0344,0.0051,22.51,13.08,1.116,1.299,26.74,0.468,False,1.6719,0.4498
0.7956,0.99216,6,8,75,1,-0.0355,0.0043,29.45,11.63,1.069,1.324,34.42,0.703,False,0.3582,4.7404
0.7956,0.99216,6,8,75,1,-0.0579,0.0064,27.64,9.75,1.393,0.786,32.56,0.482,False,1.1898,1.1671
0.7956,0.99216,6,8,75,1,0.0182,-0.014,30.86,9.9,1.562,1.198,25.67,0.45,False,0.0671,5.6465
0.7956,0.99216,6,8,75,1,0.001,-0.0012,22.08,4.98,1.009,0.729,34.87,0.776,False,0.0999,3.4665
0.7956,0.99216,6,8,75,1,-0.0523,-0.0173,20.73,14.51,1.311,1.214,23.38,0.62,False,0.2357,5.1366
0.7956,0.99216,6,8,75,1,0.0137,0.0084,38.4,14.88,1.662,1.064,39.98,0.745,False,0.1018,6.6535
0.7956,0.99216,6,8,75,1,0.0035,-0.0045,39.5,5.05,1.299,0.907,20.71,0.403,False,0.151,2.5624
0.7956,1.01088,6,9,76,1,-0.0405,-0.0081,42.97,6.43,1.408,1.078,36.09,0.494,False,0.4614,4.6263
0.7956,1.01088,6,9,76,1,-0.0508,-0.0196,23.79,11.48,1.619,0.975,33.75,0.669,False,0.0951,20.8692
0.7956,1.01088,6,9,76,1,-0.0277,0.0012,29.11,8.26,1.034,1.169,29.45,0.635,False,0.4074,2.4412
0.7956,1.01088,6,9,76,1,-0.0416,-0.0122,38.17,6.86,1.175,1.237,31.69,0.458,False,2.4649,0.7137
0.7956,1.01088,6,9,76,1,-0.0168,-0.0061,27.19,6.19,1.159,0.988,26.35,0.66,False,0.1765,2.5531
0.7956,1.01088,6,9,76,1,0.0082,-0.0168,43.47,7.88,0.954,0.763,24.2,0.509,False,0.0469,10.4321
0.7956,1.01088,6,9,76,1,-0.0637,-0.0058,44.88,13.84,1.343,1.358,27.87,0.524,False,2.2696,0.956
0.7956,1.01088,6,9,76,1,-0.0292,0.0093,30.36,9.17,1.448,0.869,28.57,0.567,False,0.2314,4.1203
0.7956,1.01088,6,9,76,1,-0.0013,0.001,42.04,10.39,1.26,0.83,32.96,0.594,False,0.4604,1.9675
0.7956,1.01088,6,9,76,1,-0.0551,-0.0033,40.64,2.5,0.915,1.265,31.29,0.418,True,1.695,0.3115
0.7956,1.01088,6,9,76,1,-0.0072,0.008,32.99,5.61,0.809,1.133,22.79,0.585,False,0.2152,1.2807
0.7956,1.01088,6,9,76,1,0.0228,-0.0094,26.25,4.1,1.723,1.152,29.23,0.608,False,0.1126,1.6255
0.7956,1.01088,6,9,76,1,-0.0224,0.0021,21.59,10.94,1.491,0.701,39.25,0.711,False,0.2999,4.2786
0.7956,1.01088,6,9,76,1,-0.0139,-0.0001,25.24,12.5,0.985,0.859,38.37,0.641,False,0.2819,4.1385
0.7956,1.01088,6,9,76,1,-0.0062,-0.0108,33.68,12.27,1.519,1.012,35.88,0.537,False,0.3766,2.9646
0.7956,1.01088,6,9,76,1,-0.0238,-0.018,34.46,3.05,1.756,1.117,30.61,0.687,False,0.0476,16.9388
0.7956,1.01088,6,9,76,1,-0.0698,-0.0116,37.01,4.56,1.58,0.933,22.55,0.555,False,0.9377,1.283
0.7956,1.01088,6,9,76,1,0.0216,-0.0075,32.1,13.28,1.669,0.803,24.81,0.727,False,0.1865,2.4392
0.7956,1.01088,6,9,76,1,-0.0115,0.0036,36.44,2.23,0.839,1.379,37.11,0.8,False,0.0768,8.5808
0.7956,1.01088,6,9,76,1,-0.0626,-0.0153,41.2,7.57,0.876,0.939,37.93,0.431,True,1.57,0.3702
0.7956,1.01088,6,9,76,1,0.0122,-0.0136,35.07,8.89,1.772,1.031,21.85,0.768,False,0.1536,1.9352
0.7956,1.01088,6,9,76,1,-0.0463,-0.0023,24.21,3.6,1.228,1.352,20.47,0.748,False,0.0701,4.7342
0.7956,1.01088,6,9,76,1,-0.0344,0.0051,22.51,13.08,1.116,1.299,26.74,0.468,False,1.5039,0.4911
0.7956,1.01088,6,9,76,1,-0.0355,0.0043,29.45,11.63,1.069,1.324,34.42,0.703,False,0.4479,3.6898
0.7956,1.01088,6,9,76,1,-0.0579,0.0064,27.64,9.75,1.393,0.786,32.56,0.482,False,1.2848,1.0199
0.7956,1.01088,6,9,76,1,0.0182,-0.014,30.86,9.9,1.562,1.198,25.67,0.45,False,0.0528,6.3433
0.7956,1.01088,6,9,76,1,0.001,-0.0012,22.08,4.98,1.009,0.729,34.87,0.776,False,0.1587,2.0283
0.7956,1.01088,6,9,76,1,-0.0523,-0.0173,20.73,14.51,1.311,1.214,23.38,0.62,False,0.2043,5.4284
0.7956,1.01088,6,9,76,1,0.0137,0.0084,38.4,14.88,1.662,1.064,39.98,0.745,False,0.3768,1.7436
0.7956,1.01088,6,9,76,1,0.0035,-0.0045,39.5,5.05,1.299,0.907,20.71,0.403,False,0.1398,2.4514
0.7956,1.0296,6,10,77,1,-0.0405,-0.0081,42.97,6.43,1.408,1.078,36.09,0.494,False,0.2384,8.847
0.7956,1.0296,6,10,77,1,-0.0508,-0.0196,23.79,11.48,1.619,0.975,33.75,0.669,False,0.1721,11.7995
0.7956,1.0296,6,10,77,1,-0.0277,0.0012,29.11,8.26,1.034,1.169,29.45,0.635,False,0.5861,1.7952
0.7956,1.0296,6,10,77,1,-0.0416,-0.0122,38.17,6.86,1.175,1.237,31.69,0.458,False,2.4288,0.7515
0.7956,1.0296,6,10,77,1,-0.0168,-0.0061,27.19,6.19,1.159,0.988,26.35,0.66,False,0.3494,1.4737
0.7956,1.0296,6,10,77,1,0.0082,-0.0168,43.47,7.88,0.954,0.763,24.2,0.509,False,0.0497,11.1031
0.7956,1.0296,6,10,77,1,-0.0637,-0.0058,44.88,13.84,1.343,1.358,27.87,0.524,False,2.965,0.7524
0.7956,1.0296,6,10,77,1,-0.0292,0.0093,30.36,9.17,1.448,0.869,28.57,0.567,False,0.2322,4.6668
0.7956,1.0296,6,10,77,1,-0.0013,0.001,42.04,10.39,1.26,0.83,32.96,0.594,False,0.484,1.9938
0.7956,1.0296,6,10,77,1,-0.0551,-0.0033,40.64,2.5,0.915,1.265,31.29,0.418,True,1.5058,0.3324
0.7956,1.0296,6,10,77,1,-0.0072,0.008,32.99,5.61,0.809,1.133,22.79,0.585,False,0.1124,3.1603
0.7956,1.0296,6,10,77,1,0.0228,-0.0094,26.25,4.1,1.723,1.152,29.23,0.608,False,0.115,1.6987
0.7956,1.0296,6,10,77,1,-0.0224,0.0021,21.59,10.94,1.491,0.701,39.25,0.711,False,0.3645,3.6179
0.7956,1.0296,6,10,77,1,-0.0139,-0.0001,25.24,12.5,0.985,0.859,38.37,0.641,False,0.4435,2.7106
0.7956,1.0296,6,10,77,1,-0.0062,-0.0108,33.68,12.27,1.519,1.012,35.88,0.537,False,0.706,1.7145
0.7956,1.0296,6,10,77,1,-0.0238,-0.018,34.46,3.05,1.756,1.117,30.61,0.687,False,0.1951,4.4381
0.7956,1.0296,6,10,77,1,-0.0698,-0.0116,37.01,4.56,1.58,0.933,22.55,0.555,False,0.6715,1.695
0.7956,1.0296,6,10,77,1,0.0216,-0.0075,32.1,13.28,1.669,0.803,24.81,0.727,False,0.4483,1.0463
0.7956,1.0296,6,10,77,1,-0.0115,0.0036,36.44,2.23,0.839,1.379,37.11,0.8,False,0.0752,9.4918
0.7956,1.0296,6,10,77,1,-0.0626,-0.0153,41.2,7.57,0.876,0.939,37.93,0.431,True,1.359,0.2515
0.7956,1.0296,6,10,77,1,0.0122,-0.0136,35.07,8.89,1.772,1.031,21.85,0.768,False,0.3217,0.9368
0.7956,1.0296,6,10,77,1,-0.0463,-0.0023,24.21,3.6,1.228,1.352,20.47,0.748,False,0.0696,4.7689
0.7956,1.0296,6,10,77,1,-0.0344,0.0051,22.51,13.08,1.116,1.299,26.74,0.468,False,1.5457,0.518
0.7956,1.0296,6,10,77,1,-0.0355,0.0043,29.45,11.63,1.069,1.324,34.42,0.703,False,0.4896,3.5298
0.7956,1.0296,6,10,77,1,-0.0579,0.0064,27.64,9.75,1.393,0.786,32.56,0.482,False,1.1592,1.2168
0.7956,1.0296,6,10,77,1,0.0182,-0.014,30.86,9.9,1.562,1.198,25.67,0.45,False,0.0563,6.5455
0.7956,1.0296,6,10,77,1,0.001,-0.0012,22.08,4.98,1.009,0.729,34.87,0.776,False,0.2045,1.6315
0.7956,1.0296,6,10,77,1,-0.0523,-0.0173,20.73,14.51,1.311,1.214,23.38,0.62,False,0.401,3.163
0.7956,1.0296,6,10,77,1,0.0137,0.0084,38.4,14.88,1.662,1.064,39.98,0.745,False,0.1904,3.4016
0.7956,1.0296,6,10,77,1,0.0035,-0.0045,39.5,5.05,1.299,0.907,20.71,0.403,False,0.1768,2.2947
0.8112,0.8424,7,0,78,1,-0.0405,-0.0081,42.97,6.43,1.408,1.078,36.09,0.494,False,1.162,1.8458
0.8112,0.8424,7,0,78,1,-0.0508,-0.0196,23.79,11.48,1.619,0.975,33.75,0.669,False,0.2874,6.9757
0.8112,0.8424,7,0,78,1,-0.0277,0.0012,29.11,8.26,1.034,1.169,29.45,0.635,False,0.5428,1.8206
0.8112,0.8424,7,0,78,1,-0.0416,-0.0122,38.17,6.86,1.175,1.237,31.69,0.458,False,0.9793,1.1201
0.8112,0.8424,7,0,78,1,-0.0168,-0.0061,27.19,6.19,1.159,0.988,26.35,0.66,False,0.3549,1.4167
0.8112,0.8424,7,0,78,1,0.0082,-0.0168,43.47,7.88,0.954,0.763,24.2,0.509,False,0.0573,9.1864
0.8112,0.8424,7,0,78,1,-0.0637,-0.0058,44.88,13.84,1.343,1.358,27.87,0.524,False,2.2942,0.9398
0.8112,0.8424,7,0,78,1,-0.0292,0.0093,30.36,9.17,1.448,0.869,28.57,0.567,False,0.3596,2.8347
0.8112,0.8424,7,0,78,1,-0.0013,0.001,42.04,10.39,1.26,0.83,32.96,0.594,False,0.2618,3.6012
0.8112,0.8424,7,0,78,1,-0.0551,-0.0033,40.64,2.5,0.915,1.265,31.29,0.418,True,0.4314,1.9175
0.8112,0.8424,7,0,78,1,-0.0072,0.008,32.99,5.61,0.809,1.133,22.79,0.585,False,0.215,1.506
0.8112,0.8424,7,0,78,1,0.0228,-0.0094,26.25,4.1,1.723,1.152,29.23,0.608,False,0.079,2.3448
0.8112,0.8424,7,0,78,1,-0.0224,0.0021,21.59,10.94,1.491,0.701,39.25,0.711,False,0.3968,3.3269
0.8112,0.8424,7,0,78,1,-0.0139,-0.0001,25.24,12.5,0.985,0.859,38.37,0.641,False,0.3748,3.0653
0.8112,0.8424,7,0,78,1,-0.0062,-0.0108,33.68,12.27,1.519,1.012,35.88,0.537,False,0.4866,2.3093
0.8112,0.8424,7,0,78,1,-0.0238,-0.018,34.46,3.05,1.756,1.117,30.61,0.687,False,0.3602,2.3287
0.8112,0.8424,7,0,78,1,-0.0698,-0.0116,37.01,4.56,1.58,0.933,22.55,0.555,False,1.2284,0.9566
0.8112,0.8424,7,0,78,1,0.0216,-0.0075,32.1,13.28,1.669,0.803,24.81,0.727,False,0.1529,2.6955
0.8112,0.8424,7,0,78,1,-0.0115,0.0036,36.44,2.23,0.839,1.379,37.11,0.8,False,0.1008,6.7879
0.8112,0.8424,7,0,78,1,-0.0626,-0.0153,41.2,7.57,0.876,0.939,37.93,0.431,True,1.4491,0.2455
0.8112,0.8424,7,0,78,1,0.0122,-0.0136,35.07,8.89,1.772,1.031,21.85,0.768,False,0.2317,1.2646
0.8112,0.8424,7,0,78,1,-0.0463,-0.0023,24.21,3.6,1.228,1.352,20.47,0.748,False,0.064,5.2626
0.8112,0.8424,7,0,78,1,-0.0344,0.0051,22.51,13.08,1.116,1.299,26.74,0.468,False,1.478,0.4994
0.8112,0.8424,7,0,78,1,-0.0355,0.0043,29.45,11.63,1.069,1.324,34.42,0.703,False,0.4957,3.3942
0.8112,0.8424,7,0,78,1,-0.0579,0.0064,27.64,9.75,1.393,0.786,32.56,0.482,False,1.6778,0.8407
0.8112,0.8424,7,0,78,1,0.0182,-0.014,30.86,9.9,1.562,1.198,25.67,0.45,False,0.1861,1.9275
0.8112,0.8424,7,0,78,1,0.001,-0.0012,22.08,4.98,1.009,0.729,34.87,0.776,False,0.143,2.347
0.8112,0.8424,7,0,78,1,-0.0523,-0.0173,20.73,14.51,1.311,1.214,23.38,0.62,False,0.658,1.8331
0.8112,0.8424,7,0,78,1,0.0137,0.0084,38.4,14.88,1.662,1.064,39.98,0.745,False,0.2812,2.1674
0.8112,0.8424,7,0,78,1,0.0035,-0.0045,39.5,5.05,1.299,0.907,20.71,0.403,False,0.0558,6.425
0.8112,0.86112,7,1,79,1,-0.0405,-0.0081,42.97,6.43,1.408,1.078,36.09,0.494,True,2.054,0.3877
0.8112,0.86112,7,1,79,1,-0.0508,-0.0196,23.79,11.48,1.619,0.975,33.75,0.669,False,0.2522,7.7542
0.8112,0.86112,7,1,79,1,-0.0277,0.0012,29.11,8.26,1.034,1.169,29.45,0.635,False,0.3048,3.255
0.8112,0.86112,7,1,79,1,-0.0416,-0.0122,38.17,6.86,1.175,1.237,31.69,0.458,True,1.5349,0.5147
0.8112,0.86112,7,1,79,1,-0.0168,-0.0061,27.19,6.19,1.159,0.988,26.35,0.66,False,0.1624,2.5747
0.8112,0.86112,7,1,79,1,0.0082,-0.0168,43.47,7.88,0.954,0.763,24.2,0.509,False,0.0654,7.419
0.8112,0.86112,7,1,79,1,-0.0637,-0.0058,44.88,13.84,1.343,1.358,27.87,0.524,False,1.9595,1.1013
0.8112,0.86112,7,1,79,1,-0.0292,0.0093,30.36,9.17,1.448,0.869,28.57,0.567,False,0.4119,2.2946
0.8112,0.86112,7,1,79,1,-0.0013,0.001,42.04,10.39,1.26,0.83,32.96,0.594,False,0.144,6.1595
0.8112,0.86112,7,1,79,1,-0.0551,-0.0033,40.64,2.5,0.915,1.265,31.29,0.418,True,2.0356,0.3358
0.8112,0.86112,7,1,79,1,-0.0072,0.008,32.99,5.61,0.809,1.133,22.79,0.585,False,0.0428,5.9452
0.8112,0.86112,7,1,79,1,0.0228,-0.0094,26.25,4.1,1.723,1.152,29.23,0.608,False,0.094,1.9012
0.8112,0.86112,7,1,79,1,-0.0224,0.0021,21.59,10.94,1.491,0.701,39.25,0.711,False,0.2438,5.1446
0.8112,0.86112,7,1,79,1,-0.0139,-0.0001,25.24,12.5,0.985,0.859,38.37,0.641,False,0.2367,4.7274
0.8112,0.86112,7,1,79,1,-0.0062,-0.0108,33.68,12.27,1.519,1.012,35.88,0.537,False,0.2027,5.2145
0.8112,0.86112,7,1,79,1,-0.0238,-0.018,34.46,3.05,1.756,1.117,30.61,0.687,False,0.1097,7.0295
0.8112,0.86112,7,1,79,1,-0.0698,-0.0116,37.01,4.56,1.58,0.933,22.55,0.555,False,0.5119,2.0693
0.8112,0.86112,7,1,79,1,0.0216,-0.0075,32.1,13.28,1.669,0.803,24.81,0.727,False,0.1184,3.6033
0.8112,0.86112,7,1,79,1,-0.0115,0.0036,36.44,2.23,0.839,1.379,37.11,0.8,False,0.0982,6.8253
0.8112,0.86112,7,1,79,1,-0.0626,-0.0153,41.2,7.57,0.876,0.939,37.93,0.431,True,0.9848,0.3863
0.8112,0.86112,7,1,79,1,0.0122,-0.0136,35.07,8.89,1.772,1.031,21.85,0.768,False,0.1418,2.1531
0.8112,0.86112,7,1,79,1,-0.0463,-0.0023,24.21,3.6,1.228,1.352,20.47,0.748,False,0.0353,7.6751
0.8112,0.86112,7,1,79,1,-0.0344,0.0051,22.51,13.08,1.116,1.299,26.74,0.468,False,1.2495,0.5687
0.8112,0.86112,7,1,79,1,-0.0355,0.0043,29.45,11.63,1.069,1.324,34.42,0.703,False,0.3172,5.2224
0.8112,0.86112,7,1,79,1,-0.0579,0.0064,27.64,9.75,1.393,0.786,32.56,0.482,False,1.9652,0.71
0.8112,0.86112,7,1,79,1,0.0182,-0.014,30.86,9.9,1.562,1.198,25.67,0.45,False,0.2184,1.6469
0.8112,0.86112,7,1,79,1,0.001,-0.0012,22.08,4.98,1.009,0.729,34.87,0.776,False,0.1444,2.2261
0.8112,0.86112,7,1,79,1,-0.0523,-0.0173,20.73,14.51,1.311,1.214,23.38,0.62,False,0.4375,2.7531
0.8112,0.86112,7,1,79,1,0.0137,0.0084,38.4,14.88,1.662,1.064,39.98,0.745,False,0.2201,2.8345
0.8112,0.86112,7,1,79,1,0.0035,-0.0045,39.5,5.05,1.299,0.907,20.71,0.403,False,0.0795,4.1363
0.8112,0.87984,7,2,80,1,-0.0405,-0.0081,42.97,6.43,1.408,1.078,36.09,0.494,True,0.8468,0.3624
0.8112,0.87984,7,2,80,1,-0.0508,-0.0196,23.79,11.48,1.619,0.975,33.75,0.669,False,0.2895,6.6557
0.8112,0.87984,7,2,80,1,-0.0277,0.0012,29.11,8.26,1.034,1.169,29.45,0.635,False,0.2225,4.4246
0.8112,0.87984,7,2,80,1,-0.0416,-0.0122,38.17,6.86,1.175,1.237,31.69,0.458,False,3.1759,0.5828
0.8112,0.87984,7,2,80,1,-0.0168,-0.0061,27.19,6.19,1.159,0.988,26.35,0.66,False,0.1258,3.3597
0.8112,0.87984,7,2,80,1,0.0082,-0.0168,43.47,7.88,0.954,0.763,24.2,0.509,False,0.0654,6.1938
0.8112,0.87984,7,2,80,1,-0.0637,-0.0058,44.88,13.84,1.343,1.358,27.87,0.524,False,2.1907,0.9774
0.8112,0.87984,7,2,80,1,-0.0292,0.0093,30.36,9.17,1.448,0.869,28.57,0.567,False,0.3045,3.3781
0.8112,0.87984,7,2,80,1,-0.0013,0.001,42.04,10.39,1.26,0.83,32.96,0.594,False,0.2629,3.3739
0.8112,0.87984,7,2,80,1,-0.0551,-0.0033,40.64,2.5,0.915,1.265,31.29,0.418,True,1.069,0.694
0.8112,0.87984,7,2,80,1,-0.0072,0.008,32.99,5.61,0.809,1.133,22.79,0.585,False,0.1737,1.6325
0.8112,0.87984,7,2,80,1,0.0228,-0.0094,26.25,4.1,1.723,1.152,29.23,0.608,False,0.0496,3.6809
0.8112,0.87984,7,2,80,1,-0.0224,0.0021,21.59,10.94,1.491,0.701,39.25,0.711,False,0.199,6.3743
0.8112,0.87984,7,2,80,1,-0.0139,-0.0001,25.24,12.5,0.985,0.859,38.37,0.641,False,0.0911,12.2925
0.8112,0.87984,7,2,80,1,-0.0062,-0.0108,33.68,12.27,1.519,1.012,35.88,0.537,False,0.3653,2.7861
0.8112,0.87984,7,2,80,1,-0.0238,-0.018,34.46,3.05,1.756,1.117,30.61,0.687,False,0.1728,4.0408
0.8112,0.87984,7,2,80,1,-0.0698,-0.0116,37.01,4.56,1.58,0.933,22.55,0.555,False,1.0164,1.2714
0.8112,0.87984,7,2,80,1,0.0216,-0.0075,32.1,13.28,1.669,0.803,24.81,0.727,False,0.1715,2.5154
0.8112,0.87984,7,2,80,1,-0.0115,0.0036,36.44,2.23,0.839,1.379,37.11,0.8,False,0.0721,9.4034
0.8112,0.87984,7,2,80,1,-0.0626,-0.0153,41.2,7.57,0.876,0.939,37.93,0.431,True,0.8953,0.4646
0.8112,0.87984,7,2,80,1,0.0122,-0.0136,35.07,8.89,1.772,1.031,21.85,0.768,False,0.1745,1.7571
0.8112,0.87984,7,2,80,1,-0.0463,-0.0023,24.21,3.6,1.228,1.352,20.47,0.748,False,0.0389,6.7384
0.8112,0.87984,7,2,80,1,-0.0344,0.0051,22.51,13.08,1.116,1.299,26.74,0.468,False,1.2688,0.5689
0.8112,0.87984,7,2,80,1,-0.0355,0.0043,29.45,11.63,1.069,1.324,34.42,0.703,False,0.2569,6.333
0.8112,0.87984,7,2,80,1,-0.0579,0.0064,27.64,9.75,1.393,0.786,32.56,0.482,False,2.2781,0.6198
0.8112,0.87984,7,2,80,1,0.0182,-0.014,30.86,9.9,1.562,1.198,25.67,0.45,False,0.0073,39.5547
0.8112,0.87984,7,2,80,1,0.001,-0.0012,22.08,4.98,1.009,0.729,34.87,0.776,False,0.1259,2.5122
0.8112,0.87984,7,2,80,1,-0.0523,-0.0173,20.73,14.51,1.311,1.214,23.38,0.62,False,0.1562,7.4512
0.8112,0.87984,7,2,80,1,0.0137,0.0084,38.4,14.88,1.662,1.064,39.98,0.745,False,1.0397,1.0352
0.8112,0.87984,7,2,80,1,0.0035,-0.0045,39.5,5.05,1.299,0.907,20.71,0.403,False,0.168,1.8909
0.8112,0.89856,7,3,81,1,-0.0405,-0.0081,42.97,6.43,1.408,1.078,36.09,0.494,False,1.8791,1.1052
0.8112,0.89856,7,3,81,1,-0.0508,-0.0196,23.79,11.48,1.619,0.975,33.75,0.669,False,0.4341,3.5791
0.8112,0.89856,7,3,81,1,-0.0277,0.0012,29.11,8.26,1.034,1.169,29.45,0.635,False,0.2165,3.1929
0.8112,0.89856,7,3,81,1,-0.0416,-0.0122,38.17,6.86,1.175,1.237,31.69,0.458,False,1.5147,1.0594
0.8112,0.89856,7,3,81,1,-0.0168,-0.0061,27.19,6.19,1.159,0.988,26.35,0.66,False,0.1259,1.5987
0.8112,0.89856,7,3,81,1,0.0082,-0.0168,43.47,7.88,0.954,0.763,24.2,0.509,False,0.062,3.2001
0.8112,0.89856,7,3,81,1,-0.0637,-0.0058,44.88,13.84,1.343,1.358,27.87,0.524,False,3.2759,0.6623
0.8112,0.89856,7,3,81,1,-0.0292,0.0093,30.36,9.17,1.448,0.869,28.57,0.567,False,0.6949,1.1346
0.8112,0.89856,7,3,81,1,-0.0013,0.001,42.04,10.39,1.26,0.83,32.96,0.594,False,0.057,12.4221
0.8112,0.89856,7,3,81,1,-0.0551,-0.0033,40.64,2.5,0.915,1.265,31.29,0.418,True,1.5624,0.3015
0.8112,0.89856,7,3,81,1,-0.0072,0.008,32.99,5.61,0.809,1.133,22.79,0.585,False,0.0769,1.5646
0.8112,0.89856,7,3,81,1,0.0228,-0.0094,26.25,4.1,1.723,1.152,29.23,0.608,False,0.0186,4.4927
0.8112,0.89856,7,3,81,1,-0.0224,0.0021,21.59,10.94,1.491,0.701,39.25,0.711,False,0.3867,2.8796
0.8112,0.89856,7,3,81,1,-0.0139,-0.0001,25.24,12.5,0.985,0.859,38.37,0.641,False,0.4097,2.3533
0.8112,0.89856,7,3,81,1,-0.0062,-0.0108,33.68,12.27,1.519,1.012,35.88,0.537,False,0.1055,7.1898
0.8112,0.89856,7,3,81,1,-0.0238,-0.018,34.46,3.05,1.756,1.117,30.61,0.687,False,0.0894,4.489
0.8112,0.89856,7,3,81,1,-0.0698,-0.0116,37.01,4.56,1.58,0.933,22.55,0.555,False,0.5556,1.5523
0.8112,0.89856,7,3,81,1,0.0216,-0.0075,32.1,13.28,1.669,0.803,24.81,0.727,False,0.0117,16.1694
0.8112,0.89856,7,3,81,1,-0.0115,0.0036,36.44,2.23,0.839,1.379,37.11,0.8,False,0.0571,9.5577
0.8112,0.89856,7,3,81,1,-0.0626,-0.0153,41.2,7.57,0.876,0.939,37.93,0.431,True,1.1682,0.4722
0.8112,0.89856,7,3,81,1,0.0122,-0.0136,35.07,8.89,1.772,1.031,21.85,0.768,False,0.0518,4.0493
0.8112,0.89856,7,3,81,1,-0.0463,-0.0023,24.21,3.6,1.228,1.352,20.47,0.748,False,0.0321,2.6143
0.8112,0.89856,7,3,81,1,-0.0344,0.0051,22.51,13.08,1.116,1.299,26.74,0.468,False,0.6877,0.8816
0.8112,0.89856,7,3,81,1,-0.0355,0.0043,29.45,11.63,1.069,1.324,34.42,0.703,False,0.3382,4.2398
0.8112,0.89856,7,3,81,1,-0.0579,0.0064,27.64,9.75,1.393,0.786,32.56,0.482,False,2.4006,0.548
0.8112,0.89856,7,3,81,1,0.0182,-0.014,30.86,9.9,1.562,1.198,25.67,0.45,False,0.1209,1.0906
0.8112,0.89856,7,3,81,1,0.001,-0.0012,22.08,4.98,1.009,0.729,34.87,0.776,False,0.0778,2.9982
0.8112,0.89856,7,3,81,1,-0.0523,-0.0173,20.73,14.51,1.311,1.214,23.38,0.62,False,0.1118,8.1703
0.8112,0.89856,7,3,81,1,0.0137,0.0084,38.4,14.88,1.662,1.064,39.98,0.745,False,0.132,4.9277
0.8112,0.89856,7,3,81,1,0.0035,-0.0045,39.5,5.05,1.299,0.907,20.71,0.403,False,0.1067,0.8704
0.8112,0.91728,7,4,82,1,-0.0405,-0.0081,42.97,6.43,1.408,1.078,36.09,0.494,True,0.7672,2.6048
0.8112,0.91728,7,4,82,1,-0.0508,-0.0196,23.79,11.48,1.619,0.975,33.75,0.669,False,0.3556,4.8718
0.8112,0.91728,7,4,82,1,-0.0277,0.0012,29.11,8.26,1.034,1.169,29.45,0.635,False,0.0134,17.3387
0.8112,0.91728,7,4,82,1,-0.0416,-0.0122,38.17,6.86,1.175,1.237,31.69,0.458,False,0.2829,1.8675
0.8112,0.91728,7,4,82,1,-0.0168,-0.0061,27.19,6.19,1.159,0.988,26.35,0.66,False,0.0224,3.6759
0.8112,0.91728,7,4,82,1,0.0082,-0.0168,43.47,7.88,0.954,0.763,24.2,0.509,False,0.0362,2.4096
0.8112,0.91728,7,4,82,1,-0.0637,-0.0058,44.88,13.84,1.343,1.358,27.87,0.524,True,2.2057,0.7848
0.8112,0.91728,7,4,82,1,-0.0292,0.0093,30.36,9.17,1.448,0.869,28.57,0.567,False,0.0784,5.309
0.8112,0.91728,7,4,82,1,-0.0013,0.001,42.04,10.39,1.26,0.83,32.96,0.594,False,0.0199,10.7128
0.8112,0.91728,7,4,82,1,-0.0551,-0.0033,40.64,2.5,0.915,1.265,31.29,0.418,True,1.9699,0.3967
0.8112,0.91728,7,4,82,1,-0.0072,0.008,32.99,5.61,0.809,1.133,22.79,0.585,False,0.0233,3.1355
0.8112,0.91728,7,4,82,1,0.0228,-0.0094,26.25,4.1,1.723,1.152,29.23,0.608,False,0.0173,2.3782
0.8112,0.91728,7,4,82,1,-0.0224,0.0021,21.59,10.94,1.491,0.701,39.25,0.711,False,0.1698,4.7375
0.8112,0.91728,7,4,82,1,-0.0139,-0.0001,25.24,12.5,0.985,0.859,38.37,0.641,False,0.0154,19.5732
0.8112,0.91728,7,4,82,1,-0.0062,-0.0108,33.68,12.27,1.519,1.012,35.88,0.537,False,0.368,2.1122
0.8112,0.91728,7,4,82,1,-0.0238,-0.018,34.46,3.05,1.756,1.117,30.61,0.687,False,0.0306,6.3456
0.8112,0.91728,7,4,82,1,-0.0698,-0.0116,37.01,4.56,1.58,0.933,22.55,0.555,False,0.041,5.9445
0.8112,0.91728,7,4,82,1,0.0216,-0.0075,32.1,13.28,1.669,0.803,24.81,0.727,False,0.0188,6.7575
0.8112,0.91728,7,4,82,1,-0.0115,0.0036,36.44,2.23,0.839,1.379,37.11,0.8,False,0.0406,4.8364
0.8112,0.91728,7,4,82,1,-0.0626,-0.0153,41.2,7.57,0.876,0.939,37.93,0.431,True,0.7467,0.7025
0.8112,0.91728,7,4,82,1,0.0122,-0.0136,35.07,8.89,1.772,1.031,21.85,0.768,False,0.0128,6.8615
0.8112,0.91728,7,4,82,1,-0.0463,-0.0023,24.21,3.6,1.228,1.352,20.47,0.748,False,0.0133,4.8632
0.8112,0.91728,7,4,82,1,-0.0344,0.0051,22.51,13.08,1.116,1.299,26.74,0.468,False,0.0081,31.3751
0.8112,0.91728,7,4,82,1,-0.0355,0.0043,29.45,11.63,1.069,1.324,34.42,0.703,False,0.6224,2.0281
0.8112,0.91728,7,4,82,1,-0.0579,0.0064,27.64,9.75,1.393,0.786,32.56,0.482,False,2.1603,0.574
0.8112,0.91728,7,4,82,1,0.0182,-0.014,30.86,9.9,1.562,1.198,25.67,0.45,False,0.0112,5.5118
0.8112,0.91728,7,4,82,1,0.001,-0.0012,22.08,4.98,1.009,0.729,34.87,0.776,False,0.0135,6.8497
0.8112,0.91728,7,4,82,1,-0.0523,-0.0173,20.73,14.51,1.311,1.214,23.38,0.62,False,0.0981,6.3439
0.8112,0.91728,7,4,82,1,0.0137,0.0084,38.4,14.88,1.662,1.064,39.98,0.745,False,0.1478,1.976
0.8112,0.91728,7,4,82,1,0.0035,-0.0045,39.5,5.05,1.299,0.907,20.71,0.403,False,0.0154,3.464
0.8112,0.936,7,5,83,1,-0.0405,-0.0081,42.97,6.43,1.408,1.078,36.09,0.494,False,1.1753,1.6424
0.8112,0.936,7,5,83,1,-0.0508,-0.0196,23.79,11.48,1.619,0.975,33.75,0.669,False,0.4489,3.1493
0.8112,0.936,7,5,83,1,-0.0277,0.0012,29.11,8.26,1.034,1.169,29.45,0.635,False,0.0276,7.4457
0.8112,0.936,7,5,83,1,-0.0416,-0.0122,38.17,6.86,1.175,1.237,31.69,0.458,False,0.3302,1.7728
0.8112,0.936,7,5,83,1,-0.0168,-0.0061,27.19,6.19,1.159,0.988,26.35,0.66,False,0.0313,2.8031
0.8112,0.936,7,5,83,1,0.0082,-0.0168,43.47,7.88,0.954,0.763,24.2,0.509,False,0.0144,7.5473
0.8112,0.936,7,5,83,1,-0.0637,-0.0058,44.88,13.84,1.343,1.358,27.87,0.524,False,0.5637,2.9472
0.8112,0.936,7,5,83,1,-0.0292,0.0093,30.36,9.17,1.448,0.869,28.57,0.567,False,0.0317,5.4604
0.8112,0.936,7,5,83,1,-0.0013,0.001,42.04,10.39,1.26,0.83,32.96,0.594,False,0.0166,9.6674
0.8112,0.936,7,5,83,1,-0.0551,-0.0033,40.64,2.5,0.915,1.265,31.29,0.418,False,0.0331,10.9412
0.8112,0.936,7,5,83,1,-0.0072,0.008,32.99,5.61,0.809,1.133,22.79,0.585,False,0.014,2.9279
0.8112,0.936,7,5,83,1,0.0228,-0.0094,26.25,4.1,1.723,1.152,29.23,0.608,False,0.0071,7.6943
0.8112,0.936,7,5,83,1,-0.0224,0.0021,21.59,10.94,1.491,0.701,39.25,0.711,False,0.0757,10.1362
0.8112,0.936,7,5,83,1,-0.0139,-0.0001,25.24,12.5,0.985,0.859,38.37,0.641,False,0.0276,9.0393
0.8112,0.936,7,5,83,1,-0.0062,-0.0108,33.68,12.27,1.519,1.012,35.88,0.537,False,0.0212,12.7133
0.8112,0.936,7,5,83,1,-0.0238,-0.018,34.46,3.05,1.756,1.117,30.61,0.687,False,0.0179,10.6003
0.8112,0.936,7,5,83,1,-0.0698,-0.0116,37.01,4.56,1.58,0.933,22.55,0.555,False,0.0207,16.9273
0.8112,0.936,7,5,83,1,0.0216,-0.0075,32.1,13.28,1.669,0.803,24.81,0.727,False,0.0497,3.9288
0.8112,0.936,7,5,83,1,-0.0115,0.0036,36.44,2.23,0.839,1.379,37.11,0.8,False,0.0272,5.6484
0.8112,0.936,7,5,83,1,-0.0626,-0.0153,41.2,7.57,0.876,0.939,37.93,0.431,True,1.747,0.372
0.8112,0.936,7,5,83,1,0.0122,-0.0136,35.07,8.89,1.772,1.031,21.85,0.768,False,0.0207,4.8791
0.8112,0.936,7,5,83,1,-0.0463,-0.0023,24.21,3.6,1.228,1.352,20.47,0.748,False,0.0102,6.1393
0.8112,0.936,7,5,83,1,-0.0344,0.0051,22.51,13.08,1.116,1.299,26.74,0.468,False,0.0352,6.4558
0.8112,0.936,7,5,83,1,-0.0355,0.0043,29.45,11.63,1.069,1.324,34.42,0.703,False,0.458,2.1603
0.8112,0.936,7,5,83,1,-0.0579,0.0064,27.64,9.75,1.393,0.786,32.56,0.482,False,2.0248,0.586
0.8112,0.936,7,5,83,1,0.0182,-0.014,30.86,9.9,1.562,1.198,25.67,0.45,False,0.004,20.8317
0.8112,0.936,7,5,83,1,0.001,-0.0012,22.08,4.98,1.009,0.729,34.87,0.776,False,0.011,6.3869
0.8112,0.936,7,5,83,1,-0.0523,-0.0173,20.73,14.51,1.311,1.214,23.38,0.62,False,0.1061,5.5299
0.8112,0.936,7,5,83,1,0.0137,0.0084,38.4,14.88,1.662,1.064,39.98,0.745,False,0.0129,10.0572
0.8112,0.936,7,5,83,1,0.0035,-0.0045,39.5,5.05,1.299,0.907,20.71,0.403,False,0.0181,3.2535
0.8112,0.95472,7,6,84,1,-0.0405,-0.0081,42.97,6.43,1.408,1.078,36.09,0.494,False,0.0195,14.2448
0.8112,0.95472,7,6,84,1,-0.0508,-0.0196,23.79,11.48,1.619,0.975,33.75,0.669,False,0.4884,2.1035
0.8112,0.95472,7,6,84,1,-0.0277,0.0012,29.11,8.26,1.034,1.169,29.45,0.635,False,0.0131,8.9207
0.8112,0.95472,7,6,84,1,-0.0416,-0.0122,38.17,6.86,1.175,1.237,31.69,0.458,False,0.0349,5.7389
0.8112,0.95472,7,6,84,1,-0.0168,-0.0061,27.19,6.19,1.159,0.988,26.35,0.66,False,0.003,20.8127
0.8112,0.95472,7,6,84,1,0.0082,-0.0168,43.47,7.88,0.954,0.763,24.2,0.509,False,0.0059,13.0823
0.8112,0.95472,7,6,84,1,-0.0637,-0.0058,44.88,13.84,1.343,1.358,27.87,0.524,False,0.3812,3.9433
0.8112,0.95472,7,6,84,1,-0.0292,0.0093,30.36,9.17,1.448,0.869,28.57,0.567,False,0.0148,7.7704
0.8112,0.95472,7,6,84,1,-0.0013,0.001,42.04,10.39,1.26,0.83,32.96,0.594,False,0.0114,14.0798
0.8112,0.95472,7,6,84,1,-0.0551,-0.0033,40.64,2.5,0.915,1.265,31.29,0.418,False,0.0307,6.8638
0.8112,0.95472,7,6,84,1,-0.0072,0.008,32.99,5.61,0.809,1.133,22.79,0.585,False,0.0113,3.4212
0.8112,0.95472,7,6,84,1,0.0228,-0.0094,26.25,4.1,1.723,1.152,29.23,0.608,False,0.0037,9.9276
0.8112,0.95472,7,6,84,1,-0.0224,0.0021,21.59,10.94,1.491,0.701,39.25,0.711,False,0.0227,10.5166
0.8112,0.95472,7,6,84,1,-0.0139,-0.0001,25.24,12.5,0.985,0.859,38.37,0.641,False,0.0167,13.737
0.8112,0.95472,7,6,84,1,-0.0062,-0.0108,33.68,12.27,1.519,1.012,35.88,0.537,False,0.0125,15.3635
0.8112,0.95472,7,6,84,1,-0.0238,-0.018,34.46,3.05,1.756,1.117,30.61,0.687,False,0.0023,52.2123
0.8112,0.95472,7,6,84,1,-0.0698,-0.0116,37.01,4.56,1.58,0.933,22.55,0.555,False,0.0186,7.7869
0.8112,0.95472,7,6,84,1,0.0216,-0.0075,32.1,13.28,1.669,0.803,24.81,0.727,False,0.0036,30.3201
0.8112,0.95472,7,6,84,1,-0.0115,0.0036,36.44,2.23,0.839,1.379,37.11,0.8,False,0.0069,15.8795
0.8112,0.95472,7,6,84,1,-0.0626,-0.0153,41.2,7.57,0.876,0.939,37.93,0.431,True,1.4238,0.8622
0.8112,0.95472,7,6,84,1,0.0122,-0.0136,35.07,8.89,1.772,1.031,21.85,0.768,False,0.0046,15.9719
0.8112,0.95472,7,6,84,1,-0.0463,-0.0023,24.21,3.6,1.228,1.352,20.47,0.748,False,0.0045,6.312
0.8112,0.95472,7,6,84,1,-0.0344,0.0051,22.51,13.08,1.116,1.299,26.74,0.468,False,0.0162,6.3116
0.8112,0.95472,7,6,84,1,-0.0355,0.0043,29.45,11.63,1.069,1.324,34.42,0.703,False,0.0222,9.2342
0.8112,0.95472,7,6,84,1,-0.0579,0.0064,27.64,9.75,1.393,0.786,32.56,0.482,False,0.0383,5.3723
0.8112,0.95472,7,6,84,1,0.0182,-0.014,30.86,9.9,1.562,1.198,25.67,0.45,False,0.0078,7.3497
0.8112,0.95472,7,6,84,1,0.001,-0.0012,22.08,4.98,1.009,0.729,34.87,0.776,False,0.0082,7.9613
0.8112,0.95472,7,6,84,1,-0.0523,-0.0173,20.73,14.51,1.311,1.214,23.38,0.62,False,0.0046,52.9055
0.8112,0.95472,7,6,84,1,0.0137,0.0084,38.4,14.88,1.662,1.064,39.98,0.745,False,0.0139,10.2857
0.8112,0.95472,7,6,84,1,0.0035,-0.0045,39.5,5.05,1.299,0.907,20.71,0.403,False,0.0079,5.3207
0.8112,0.97344,7,7,85,1,-0.0405,-0.0081,42.97,6.43,1.408,1.078,36.09,0.494,False,0.0199,14.4671
0.8112,0.97344,7,7,85,1,-0.0508,-0.0196,23.79,11.48,1.619,0.975,33.75,0.669,False,0.017,31.3913
0.8112,0.97344,7,7,85,1,-0.0277,0.0012,29.11,8.26,1.034,1.169,29.45,0.635,False,0.0442,3.4432
0.8112,0.97344,7,7,85,1,-0.0416,-0.0122,38.17,6.86,1.175,1.237,31.69,0.458,False,0.0192,12.0244
0.8112,0.97344,7,7,85,1,-0.0168,-0.0061,27.19,6.19,1.159,0.988,26.35,0.66,False,0.0137,5.9142
0.8112,0.97344,7,7,85,1,0.0082,-0.0168,43.47,7.88,0.954,0.763,24.2,0.509,False,0.0126,8.446
0.8112,0.97344,7,7,85,1,-0.0637,-0.0058,44.88,13.84,1.343,1.358,27.87,0.524,False,0.033,15.0998
0.8112,0.97344,7,7,85,1,-0.0292,0.0093,30.36,9.17,1.448,0.869,28.57,0.567,False,0.021,6.6911
0.8112,0.97344,7,7,85,1,-0.0013,0.001,42.04,10.39,1.26,0.83,32.96,0.594,False,0.0328,7.2817
0.8112,0.97344,7,7,85,1,-0.0551,-0.0033,40.64,2.5,0.915,1.265,31.29,0.418,False,0.005,43.6017
0.8112,0.97344,7,7,85,1,-0.0072,0.008,32.99,5.61,0.809,1.133,22.79,0.585,False,0.009,4.9771
0.8112,0.97344,7,7,85,1,0.0228,-0.0094,26.25,4.1,1.723,1.152,29.23,0.608,False,0.0077,6.896
0.8112,0.97344,7,7,85,1,-0.0224,0.0021,21.59,10.94,1.491,0.701,39.25,0.711,False,0.0755,3.647
0.8112,0.97344,7,7,85,1,-0.0139,-0.0001,25.24,12.5,0.985,0.859,38.37,0.641,False,0.0535,5.3437
0.8112,0.97344,7,7,85,1,-0.0062,-0.0108,33.68,12.27,1.519,1.012,35.88,0.537,False,0.0251,10.1055
0.8112,0.97344,7,7,85,1,-0.0238,-0.018,34.46,3.05,1.756,1.117,30.61,0.687,False,0.0099,12.8267
0.8112,0.97344,7,7,85,1,-0.0698,-0.0116,37.01,4.56,1.58,0.933,22.55,0.555,False,0.0093,19.3004
0.8112,0.97344,7,7,85,1,0.0216,-0.0075,32.1,13.28,1.669,0.803,24.81,0.727,False,0.012,15.5251
0.8112,0.97344,7,7,85,1,-0.0115,0.0036,36.44,2.23,0.839,1.379,37.11,0.8,False,0.0313,5.4298
0.8112,0.97344,7,7,85,1,-0.0626,-0.0153,41.2,7.57,0.876,0.939,37.93,0.431,True,0.8611,0.8486
0.8112,0.97344,7,7,85,1,0.0122,-0.0136,35.07,8.89,1.772,1.031,21.85,0.768,False,0.0106,9.8345
0.8112,0.97344,7,7,85,1,-0.0463,-0.0023,24.21,3.6,1.228,1.352,20.47,0.748,False,0.009,6.2541
0.8112,0.97344,7,7,85,1,-0.0344,0.0051,22.51,13.08,1.116,1.299,26.74,0.468,False,0.0364,3.5278
0.8112,0.97344,7,7,85,1,-0.0355,0.0043,29.45,11.63,1.069,1.324,34.42,0.703,False,0.0711,3.9175
0.8112,0.97344,7,7,85,1,-0.0579,0.0064,27.64,9.75,1.393,0.786,32.56,0.482,False,0.0333,6.152
0.8112,0.97344,7,7,85,1,0.0182,-0.014,30.86,9.9,1.562,1.198,25.67,0.45,False,0.0044,17.9486
0.8112,0.97344,7,7,85,1,0.001,-0.0012,22.08,4.98,1.009,0.729,34.87,0.776,False,0.0121,7.3947
0.8112,0.97344,7,7,85,1,-0.0523,-0.0173,20.73,14.51,1.311,1.214,23.38,0.62,False,0.0327,8.9649
0.8112,0.97344,7,7,85,1,0.0137,0.0084,38.4,14.88,1.662,1.064,39.98,0.745,False,0.0349,5.4834
0.8112,0.97344,7,7,85,1,0.0035,-0.0045,39.5,5.05,1.299,0.907,20.71,0.403,False,0.006,8.8612
0.8112,0.99216,7,8,86,1,-0.0405,-0.0081,42.97,6.43,1.408,1.078,36.09,0.494,False,0.0187,12.5438
0.8112,0.99216,7,8,86,1,-0.0508,-0.0196,23.79,11.48,1.619,0.975,33.75,0.669,False,0.0231,8.7876
0.8112,0.99216,7,8,86,1,-0.0277,0.0012,29.11,8.26,1.034,1.169,29.45,0.635,False,0.023,6.1247
0.8112,0.99216,7,8,86,1,-0.0416,-0.0122,38.17,6.86,1.175,1.237,31.69,0.458,False,0.0165,9.7037
0.8112,0.99216,7,8,86,1,-0.0168,-0.0061,27.19,6.19,1.159,0.988,26.35,0.66,False,0.0047,10.2029
0.8112,0.99216,7,8,86,1,0.0082,-0.0168,43.47,7.88,0.954,0.763,24.2,0.509,False,0.004,13.3209
0.8112,0.99216,7,8,86,1,-0.0637,-0.0058,44.88,13.84,1.343,1.358,27.87,0.524,False,0.0084,40.3019
0.8112,0.99216,7,8,86,1,-0.0292,0.0093,30.36,9.17,1.448,0.869,28.57,0.567,False,0.0214,6.0871
0.8112,0.99216,7,8,86,1,-0.0013,0.001,42.04,10.39,1.26,0.83,32.96,0.594,False,0.0119,10.9918
0.8112,0.99216,7,8,86,1,-0.0551,-0.0033,40.64,2.5,0.915,1.265,31.29,0.418,False,0.004,39.8662
0.8112,0.99216,7,8,86,1,-0.0072,0.008,32.99,5.61,0.809,1.133,22.79,0.585,False,0.0059,6.5707
0.8112,0.99216,7,8,86,1,0.0228,-0.0094,26.25,4.1,1.723,1.152,29.23,0.608,False,0.004,6.6373
0.8112,0.99216,7,8,86,1,-0.0224,0.0021,21.59,10.94,1.491,0.701,39.25,0.711,False,0.0444,4.9253
0.8112,0.99216,7,8,86,1,-0.0139,-0.0001,25.24,12.5,0.985,0.859,38.37,0.641,False,0.0071,20.6063
0.8112,0.99216,7,8,86,1,-0.0062,-0.0108,33.68,12.27,1.519,1.012,35.88,0.537,False,0.0142,9.079
0.8112,0.99216,7,8,86,1,-0.0238,-0.018,34.46,3.05,1.756,1.117,30.61,0.687,False,0.0201,4.0955
0.8112,0.99216,7,8,86,1,-0.0698,-0.0116,37.01,4.56,1.58,0.933,22.55,0.555,False,0.0338,3.5229
0.8112,0.99216,7,8,86,1,0.0216,-0.0075,32.1,13.28,1.669,0.803,24.81,0.727,False,0.0059,15.0615
0.8112,0.99216,7,8,86,1,-0.0115,0.0036,36.44,2.23,0.839,1.379,37.11,0.8,False,0.0003,331.8551
0.8112,0.99216,7,8,86,1,-0.0626,-0.0153,41.2,7.57,0.876,0.939,37.93,0.431,True,1.3354,0.6931
0.8112,0.99216,7,8,86,1,0.0122,-0.0136,35.07,8.89,1.772,1.031,21.85,0.768,False,0.0022,25.4338
0.8112,0.99216,7,8,86,1,-0.0463,-0.0023,24.21,3.6,1.228,1.352,20.47,0.748,False,0.0034,8.7433
0.8112,0.99216,7,8,86,1,-0.0344,0.0051,22.51,13.08,1.116,1.299,26.74,0.468,False,0.0166,6.6176
0.8112,0.99216,7,8,86,1,-0.0355,0.0043,29.45,11.63,1.069,1.324,34.42,0.703,False,0.0265,9.9811
0.8112,0.99216,7,8,86,1,-0.0579,0.0064,27.64,9.75,1.393,0.786,32.56,0.482,False,0.0124,17.4273
0.8112,0.99216,7,8,86,1,0.0182,-0.014,30.86,9.9,1.562,1.198,25.67,0.45,False,0.0006,65.3168
0.8112,0.99216,7,8,86,1,0.001,-0.0012,22.08,4.98,1.009,0.729,34.87,0.776,False,0.0079,6.5642
0.8112,0.99216,7,8,86,1,-0.0523,-0.0173,20.73,14.51,1.311,1.214,23.38,0.62,False,0.0139,13.8184
0.8112,0.99216,7,8,86,1,0.0137,0.0084,38.4,14.88,1.662,1.064,39.98,0.745,False,0.0165,10.0963
0.8112,0.99216,7,8,86,1,0.0035,-0.0045,39.5,5.05,1.299,0.907,20.71,0.403,False,0.0061,4.8834
0.8112,1.01088,7,9,87,1,-0.0405,-0.0081,42.97,6.43,1.408,1.078,36.09,0.494,False,0.0127,11.9741
0.8112,1.01088,7,9,87,1,-0.0508,-0.0196,23.79,11.48,1.619,0.975,33.75,0.669,False,0.012,13.5944
0.8112,1.01088,7,9,87,1,-0.0277,0.0012,29.11,8.26,1.034,1.169,29.45,0.635,False,0.0099,10.2299
0.8112,1.01088,7,9,87,1,-0.0416,-0.0122,38.17,6.86,1.175,1.237,31.69,0.458,False,0.0052,20.6061
0.8112,1.01088,7,9,87,1,-0.0168,-0.0061,27.19,6.19,1.159,0.988,26.35,0.66,False,0.0045,6.7602
0.8112,1.01088,7,9,87,1,0.0082,-0.0168,43.47,7.88,0.954,0.763,24.2,0.509,False,0.0054,7.984
0.8112,1.01088,7,9,87,1,-0.0637,-0.0058,44.88,13.84,1.343,1.358,27.87,0.524,False,0.0106,26.4577
0.8112,1.01088,7,9,87,1,-0.0292,0.0093,30.36,9.17,1.448,0.869,28.57,0.567,False,0.0226,4.5977
0.8112,1.01088,7,9,87,1,-0.0013,0.001,42.04,10.39,1.26,0.83,32.96,0.594,False,0.0101,11.081
0.8112,1.01088,7,9,87,1,-0.0551,-0.0033,40.64,2.5,0.915,1.265,31.29,0.418,False,0.0329,3.9209
0.8112,1.01088,7,9,87,1,-0.0072,0.008,32.99,5.61,0.809,1.133,22.79,0.585,False,0.0149,2.5465
0.8112,1.01088,7,9,87,1,0.0228,-0.0094,26.25,4.1,1.723,1.152,29.23,0.608,False,0.003,8.0263
0.8112,1.01088,7,9,87,1,-0.0224,0.0021,21.59,10.94,1.491,0.701,39.25,0.711,False,0.0049,31.3536
0.8112,1.01088,7,9,87,1,-0.0139,-0.0001,25.24,12.5,0.985,0.859,38.37,0.641,False,0.0084,16.5122
0.8112,1.01088,7,9,87,1,-0.0062,-0.0108,33.68,12.27,1.519,1.012,35.88,0.537,False,0.0035,27.0214
0.8112,1.01088,7,9,87,1,-0.0238,-0.018,34.46,3.05,1.756,1.117,30.61,0.687,False,0.0053,8.6639
0.8112,1.01088,7,9,87,1,-0.0698,-0.0116,37.01,4.56,1.58,0.933,22.55,0.555,False,0.0125,6.0177
0.8112,1.01088,7,9,87,1,0.0216,-0.0075,32.1,13.28,1.669,0.803,24.81,0.727,False,0.0021,33.7644
0.8112,1.01088,7,9,87,1,-0.0115,0.0036,36.44,2.23,0.839,1.379,37.11,0.8,False,0.0114,8.6872
0.8112,1.01088,7,9,87,1,-0.0626,-0.0153,41.2,7.57,0.876,0.939,37.93,0.431,False,0.0179,14.4657
0.8112,1.01088,7,9,87,1,0.0122,-0.0136,35.07,8.89,1.772,1.031,21.85,0.768,False,0.0035,12.6657
0.8112,1.01088,7,9,87,1,-0.0463,-0.0023,24.21,3.6,1.228,1.352,20.47,0.748,False,0.0044,5.0622
0.8112,1.01088,7,9,87,1,-0.0344,0.0051,22.51,13.08,1.116,1.299,26.74,0.468,False,0.0108,8.464
0.8112,1.01088,7,9,87,1,-0.0355,0.0043,29.45,11.63,1.069,1.324,34.42,0.703,False,0.0168,11.0405
0.8112,1.01088,7,9,87,1,-0.0579,0.0064,27.64,9.75,1.393,0.786,32.56,0.482,False,0.0265,5.7619
0.8112,1.01088,7,9,87,1,0.0182,-0.014,30.86,9.9,1.562,1.198,25.67,0.45,False,0.0039,9.073
0.8112,1.01088,7,9,87,1,0.001,-0.0012,22.08,4.98,1.009,0.729,34.87,0.776,False,0.0034,10.0132
0.8112,1.01088,7,9,87,1,-0.0523,-0.0173,20.73,14.51,1.311,1.214,23.38,0.62,False,0.0051,23.9267
0.8112,1.01088,7,9,87,1,0.0137,0.0084,38.4,14.88,1.662,1.064,39.98,0.745,False,0.0109,12.5232
0.8112,1.01088,7,9,87,1,0.0035,-0.0045,39.5,5.05,1.299,0.907,20.71,0.403,False,0.0038,5.9946
0.8112,1.0296,7,10,88,1,-0.0405,-0.0081,42.97,6.43,1.408,1.078,36.09,0.494,False,0.0082,15.0168
0.8112,1.0296,7,10,88,1,-0.0508,-0.0196,23.79,11.48,1.619,0.975,33.75,0.669,False,0.0086,15.1545
0.8112,1.0296,7,10,88,1,-0.0277,0.0012,29.11,8.26,1.034,1.169,29.45,0.635,False,0.0033,21.6694
0.8112,1.0296,7,10,88,1,-0.0416,-0.0122,38.17,6.86,1.175,1.237,31.69,0.458,False,0.0052,15.8079
0.8112,1.0296,7,10,88,1,-0.0168,-0.0061,27.19,6.19,1.159,0.988,26.35,0.66,False,0.0031,11.1502
0.8112,1.0296,7,10,88,1,0.0082,-0.0168,43.47,7.88,0.954,0.763,24.2,0.509,False,0.0029,14.085
0.8112,1.0296,7,10,88,1,-0.0637,-0.0058,44.88,13.84,1.343,1.358,27.87,0.524,False,0.0194,8.8287
0.8112,1.0296,7,10,88,1,-0.0292,0.0093,30.36,9.17,1.448,0.869,28.57,0.567,False,0.0046,15.146
0.8112,1.0296,7,10,88,1,-0.0013,0.001,42.04,10.39,1.26,0.83,32.96,0.594,False,0.0091,9.4072
0.8112,1.0296,7,10,88,1,-0.0551,-0.0033,40.64,2.5,0.915,1.265,31.29,0.418,False,0.0042,21.102
0.8112,1.0296,7,10,88,1,-0.0072,0.008,32.99,5.61,0.809,1.133,22.79,0.585,False,0.0014,19.1045
0.8112,1.0296,7,10,88,1,0.0228,-0.0094,26.25,4.1,1.723,1.152,29.23,0.608,False,0.0012,17.8515
0.8112,1.0296,7,10,88,1,-0.0224,0.0021,21.59,10.94,1.491,0.701,39.25,0.711,False,0.0058,18.8309
0.8112,1.0296,7,10,88,1,-0.0139,-0.0001,25.24,12.5,0.985,0.859,38.37,0.641,False,0.0047,21.0159
0.8112,1.0296,7,10,88,1,-0.0062,-0.0108,33.68,12.27,1.519,1.012,35.88,0.537,False,0.0116,7.7106
0.8112,1.0296,7,10,88,1,-0.0238,-0.018,34.46,3.05,1.756,1.117,30.61,0.687,False,0.0024,19.2629
0.8112,1.0296,7,10,88,1,-0.0698,-0.0116,37.01,4.56,1.58,0.933,22.55,0.555,False,0.0066,7.9508
0.8112,1.0296,7,10,88,1,0.0216,-0.0075,32.1,13.28,1.669,0.803,24.81,0.727,False,0.0014,48.6323
0.8112,1.0296,7,10,88,1,-0.0115,0.0036,36.44,2.23,0.839,1.379,37.11,0.8,False,0.0065,11.0713
0.8112,1.0296,7,10,88,1,-0.0626,-0.0153,41.2,7.57,0.876,0.939,37.93,0.431,False,0.0135,12.8586
0.8112,1.0296,7,10,88,1,0.0122,-0.0136,35.07,8.89,1.772,1.031,21.85,0.768,False,0.0007,62.2984
0.8112,1.0296,7,10,88,1,-0.0463,-0.0023,24.21,3.6,1.228,1.352,20.47,0.748,False,0.0014,13.7514
0.8112,1.0296,7,10,88,1,-0.0344,0.0051,22.51,13.08,1.116,1.299,26.74,0.468,False,0.0114,5.7381
0.8112,1.0296,7,10,88,1,-0.0355,0.0043,29.45,11.63,1.069,1.324,34.42,0.703,False,0.0159,8.4875
0.8112,1.0296,7,10,88,1,-0.0579,0.0064,27.64,9.75,1.393,0.786,32.56,0.482,False,0.0052,18.3632
0.8112,1.0296,7,10,88,1,0.0182,-0.014,30.86,9.9,1.562,1.198,25.67,0.45,False,0.0004,78.8378
0.8112,1.0296,7,10,88,1,0.001,-0.0012,22.08,4.98,1.009,0.729,34.87,0.776,False,0.0004,115.0461
0.8112,1.0296,7,10,88,1,-0.0523,-0.0173,20.73,14.51,1.311,1.214,23.38,0.62,False,0.0051,18.1902
0.8112,1.0296,7,10,88,1,0.0137,0.0084,38.4,14.88,1.662,1.064,39.98,0.745,False,0.0117,8.6494
0.8112,1.0296,7,10,88,1,0.0035,-0.0045,39.5,5.05,1.299,0.907,20.71,0.403,False,0.0006,36.712
0.8268,0.8424,8,0,89,1,-0.0405,-0.0081,42.97,6.43,1.408,1.078,36.09,0.494,False,0.0209,8.3438
0.8268,0.8424,8,0,89,1,-0.0508,-0.0196,23.79,11.48,1.619,0.975,33.75,0.669,False,0.0297,6.9361
0.8268,0.8424,8,0,89,1,-0.0277,0.0012,29.11,8.26,1.034,1.169,29.45,0.635,False,0.0102,9.1122
0.8268,0.8424,8,0,89,1,-0.0416,-0.0122,38.17,6.86,1.175,1.237,31.69,0.458,False,0.0126,9.7777
0.8268,0.8424,8,0,89,1,-0.0168,-0.0061,27.19,6.19,1.159,0.988,26.35,0.66,False,0.0018,26.5171
0.8268,0.8424,8,0,89,1,0.0082,-0.0168,43.47,7.88,0.954,0.763,24.2,0.509,False,0.0026,22.6741
0.8268,0.8424,8,0,89,1,-0.0637,-0.0058,44.88,13.84,1.343,1.358,27.87,0.524,False,0.0263,9.2234
0.8268,0.8424,8,0,89,1,-0.0292,0.0093,30.36,9.17,1.448,0.869,28.57,0.567,False,0.0089,10.2611
0.8268,0.8424,8,0,89,1,-0.0013,0.001,42.04,10.39,1.26,0.83,32.96,0.594,False,0.0045,28.0829
0.8268,0.8424,8,0,89,1,-0.0551,-0.0033,40.64,2.5,0.915,1.265,31.29,0.418,False,0.008,15.3968
0.8268,0.8424,8,0,89,1,-0.0072,0.008,32.99,5.61,0.809,1.133,22.79,0.585,False,0.0069,4.6536
0.8268,0.8424,8,0,89,1,0.0228,-0.0094,26.25,4.1,1.723,1.152,29.23,0.608,False,0.001,31.7316
0.8268,0.8424,8,0,89,1,-0.0224,0.0021,21.59,10.94,1.491,0.701,39.25,0.711,False,0.0069,22.5978
0.8268,0.8424,8,0,89,1,-0.0139,-0.0001,25.24,12.5,0.985,0.859,38.37,0.641,False,0.0029,51.0763
0.8268,0.8424,8,0,89,1,-0.0062,-0.0108,33.68,12.27,1.519,1.012,35.88,0.537,False,0.003,41.2816
0.8268,0.8424,8,0,89,1,-0.0238,-0.018,34.46,3.05,1.756,1.117,30.61,0.687,False,0.0011,58.7897
0.8268,0.8424,8,0,89,1,-0.0698,-0.0116,37.01,4.56,1.58,0.933,22.55,0.555,False,0.0088,7.3293
0.8268,0.8424,8,0,89,1,0.0216,-0.0075,32.1,13.28,1.669,0.803,24.81,0.727,False,0.0061,14.9923
0.8268,0.8424,8,0,89,1,-0.0115,0.0036,36.44,2.23,0.839,1.379,37.11,0.8,False,0.0055,17.2775
0.8268,0.8424,8,0,89,1,-0.0626,-0.0153,41.2,7.57,0.876,0.939,37.93,0.431,False,0.0411,6.0615
0.8268,0.8424,8,0,89,1,0.0122,-0.0136,35.07,8.89,1.772,1.031,21.85,0.768,False,0.0063,8.9505
0.8268,0.8424,8,0,89,1,-0.0463,-0.0023,24.21,3.6,1.228,1.352,20.47,0.748,False,0.0045,4.4341
0.8268,0.8424,8,0,89,1,-0.0344,0.0051,22.51,13.08,1.116,1.299,26.74,0.468,False,0.0087,9.1717
0.8268,0.8424,8,0,89,1,-0.0355,0.0043,29.45,11.63,1.069,1.324,34.42,0.703,False,0.0199,8.0719
0.8268,0.8424,8,0,89,1,-0.0579,0.0064,27.64,9.75,1.393,0.786,32.56,0.482,False,0.0087,16.2616
0.8268,0.8424,8,0,89,1,0.0182,-0.014,30.86,9.9,1.562,1.198,25.67,0.45,False,0.007,6.3744
0.8268,0.8424,8,0,89,1,0.001,-0.0012,22.08,4.98,1.009,0.729,34.87,0.776,False,0.007,7.9074
0.8268,0.8424,8,0,89,1,-0.0523,-0.0173,20.73,14.51,1.311,1.214,23.38,0.62,False,0.0257,5.8335
0.8268,0.8424,8,0,89,1,0.0137,0.0084,38.4,14.88,1.662,1.064,39.98,0.745,False,0.0084,13.3915
0.8268,0.8424,8,0,89,1,0.0035,-0.0045,39.5,5.05,1.299,0.907,20.71,0.403,False,0.0036,9.0799
0.8268,0.86112,8,1,90,1,-0.0405,-0.0081,42.97,6.43,1.408,1.078,36.09,0.494,False,0.0065,12.2454
0.8268,0.86112,8,1,90,1,-0.0508,-0.0196,23.79,11.48,1.619,0.975,33.75,0.669,False,0.0074,12.5505
0.8268,0.86112,8,1,90,1,-0.0277,0.0012,29.11,8.26,1.034,1.169,29.45,0.635,False,0.0029,14.4183
0.8268,0.86112,8,1,90,1,-0.0416,-0.0122,38.17,6.86,1.175,1.237,31.69,0.458,False,0.0023,25.8863
0.8268,0.86112,8,1,90,1,-0.0168,-0.0061,27.19,6.19,1.159,0.988,26.35,0.66,False,0.0034,6.3013
0.8268,0.86112,8,1,90,1,0.0082,-0.0168,43.47,7.88,0.954,0.763,24.2,0.509,False,0.0028,10.2678
0.8268,0.86112,8,1,90,1,-0.0637,-0.0058,44.88,13.84,1.343,1.358,27.87,0.524,False,0.0016,67.6442
0.8268,0.86112,8,1,90,1,-0.0292,0.0093,30.36,9.17,1.448,0.869,28.57,0.567,False,0.002,21.4397
0.8268,0.86112,8,1,90,1,-0.0013,0.001,42.04,10.39,1.26,0.83,32.96,0.594,False,0.0008,75.8544
0.8268,0.86112,8,1,90,1,-0.0551,-0.0033,40.64,2.5,0.915,1.265,31.29,0.418,False,0.0028,20.5449
0.8268,0.86112,8,1,90,1,-0.0072,0.008,32.99,5.61,0.809,1.133,22.79,0.585,False,0.0007,25.9988
0.8268,0.86112,8,1,90,1,0.0228,-0.0094,26.25,4.1,1.723,1.152,29.23,0.608,False,0.0029,5.5567
0.8268,0.86112,8,1,90,1,-0.0224,0.0021,21.59,10.94,1.491,0.701,39.25,0.711,False,0.0024,29.8381
0.8268,0.86112,8,1,90,1,-0.0139,-0.0001,25.24,12.5,0.985,0.859,38.37,0.641,False,0.001,68.6594
0.8268,0.86112,8,1,90,1,-0.0062,-0.0108,33.68,12.27,1.519,1.012,35.88,0.537,False,0.0003,217.8944
0.8268,0.86112,8,1,90,1,-0.0238,-0.018,34.46,3.05,1.756,1.117,30.61,0.687,False,0.0021,16.27
0.8268,0.86112,8,1,90,1,-0.0698,-0.0116,37.01,4.56,1.58,0.933,22.55,0.555,False,0.0052,6.4779
0.8268,0.86112,8,1,90,1,0.0216,-0.0075,32.1,13.28,1.669,0.803,24.81,0.727,False,0.0036,13.957
0.8268,0.86112,8,1,90,1,-0.0115,0.0036,36.44,2.23,0.839,1.379,37.11,0.8,False,0.0021,23.007
0.8268,0.86112,8,1,90,1,-0.0626,-0.0153,41.2,7.57,0.876,0.939,37.93,0.431,False,0.0085,12.5646
0.8268,0.86112,8,1,90,1,0.0122,-0.0136,35.07,8.89,1.772,1.031,21.85,0.768,False,0.0031,9.8652
0.8268,0.86112,8,1,90,1,-0.0463,-0.0023,24.21,3.6,1.228,1.352,20.47,0.748,False,0.002,5.0382
0.8268,0.86112,8,1,90,1,-0.0344,0.0051,22.51,13.08,1.116,1.299,26.74,0.468,False,0.0027,14.4671
0.8268,0.86112,8,1,90,1,-0.0355,0.0043,29.45,11.63,1.069,1.324,34.42,0.703,False,0.0031,26.6079
0.8268,0.86112,8,1,90,1,-0.0579,0.0064,27.64,9.75,1.393,0.786,32.56,0.482,False,0.002,31.9639
0.8268,0.86112,8,1,90,1,0.0182,-0.014,30.86,9.9,1.562,1.198,25.67,0.45,False,0.0037,6.3074
0.8268,0.86112,8,1,90,1,0.001,-0.0012,22.08,4.98,1.009,0.729,34.87,0.776,False,0.0015,17.5867
0.8268,0.86112,8,1,90,1,-0.0523,-0.0173,20.73,14.51,1.311,1.214,23.38,0.62,False,0.0007,101.1052
0.8268,0.86112,8,1,90,1,0.0137,0.0084,38.4,14.88,1.662,1.064,39.98,0.745,False,0.0012,55.5447
0.8268,0.86112,8,1,90,1,0.0035,-0.0045,39.5,5.05,1.299,0.907,20.71,0.403,False,0.0017,9.4047
0.8268,0.87984,8,2,91,1,-0.0405,-0.0081,42.97,6.43,1.408,1.078,36.09,0.494,False,0.0044,18.9309
0.8268,0.87984,8,2,91,1,-0.0508,-0.0196,23.79,11.48,1.619,0.975,33.75,0.669,False,0.0044,22.0813
0.8268,0.87984,8,2,91,1,-0.0277,0.0012,29.11,8.26,1.034,1.169,29.45,0.635,False,0.0029,15.9054
0.8268,0.87984,8,2,91,1,-0.0416,-0.0122,38.17,6.86,1.175,1.237,31.69,0.458,False,0.0033,18.2542
0.8268,0.87984,8,2,91,1,-0.0168,-0.0061,27.19,6.19,1.159,0.988,26.35,0.66,False,0.0011,19.9959
0.8268,0.87984,8,2,91,1,0.0082,-0.0168,43.47,7.88,0.954,0.763,24.2,0.509,False,0.0019,15.2614
0.8268,0.87984,8,2,91,1,-0.0637,-0.0058,44.88,13.84,1.343,1.358,27.87,0.524,False,0.002,52.9127
0.8268,0.87984,8,2,91,1,-0.0292,0.0093,30.36,9.17,1.448,0.869,28.57,0.567,False,0.0001,463.8417
0.8268,0.87984,8,2,91,1,-0.0013,0.001,42.04,10.39,1.26,0.83,32.96,0.594,False,0.0018,32.0957
0.8268,0.87984,8,2,91,1,-0.0551,-0.0033,40.64,2.5,0.915,1.265,31.29,0.418,False,0.0012,49.2128
0.8268,0.87984,8,2,91,1,-0.0072,0.008,32.99,5.61,0.809,1.133,22.79,0.585,False,0.0015,10.9856
0.8268,0.87984,8,2,91,1,0.0228,-0.0094,26.25,4.1,1.723,1.152,29.23,0.608,False,0.0006,27.1836
0.8268,0.87984,8,2,91,1,-0.0224,0.0021,21.59,10.94,1.491,0.701,39.25,0.711,False,0.0028,26.2482
0.8268,0.87984,8,2,91,1,-0.0139,-0.0001,25.24,12.5,0.985,0.859,38.37,0.641,False,0.003,21.8469
0.8268,0.87984,8,2,91,1,-0.0062,-0.0108,33.68,12.27,1.519,1.012,35.88,0.537,False,0.0016,37.2643
0.8268,0.87984,8,2,91,1,-0.0238,-0.018,34.46,3.05,1.756,1.117,30.61,0.687,False,0.0039,8.8185
0.8268,0.87984,8,2,91,1,-0.0698,-0.0116,37.01,4.56,1.58,0.933,22.55,0.555,False,0.0035,10.3135
0.8268,0.87984,8,2,91,1,0.0216,-0.0075,32.1,13.28,1.669,0.803,24.81,0.727,False,0.001,49.4512
0.8268,0.87984,8,2,91,1,-0.0115,0.0036,36.44,2.23,0.839,1.379,37.11,0.8,False,0.0021,21.3469
0.8268,0.87984,8,2,91,1,-0.0626,-0.0153,41.2,7.57,0.876,0.939,37.93,0.431,False,0.0063,17.2816
0.8268,0.87984,8,2,91,1,0.0122,-0.0136,35.07,8.89,1.772,1.031,21.85,0.768,False,0.0016,18.7333
0.8268,0.87984,8,2,91,1,-0.0463,-0.0023,24.21,3.6,1.228,1.352,20.47,0.748,False,0.0006,21.6583
0.8268,0.87984,8,2,91,1,-0.0344,0.0051,22.51,13.08,1.116,1.299,26.74,0.468,False,0.0006,66.3497
0.8268,0.87984,8,2,91,1,-0.0355,0.0043,29.45,11.63,1.069,1.324,34.42,0.703,False,0.0004,204.4176
0.8268,0.87984,8,2,91,1,-0.0579,0.0064,27.64,9.75,1.393,0.786,32.56,0.482,False,0.0025,27.0118
0.8268,0.87984,8,2,91,1,0.0182,-0.014,30.86,9.9,1.562,1.198,25.67,0.45,False,0.0032,7.2842
0.8268,0.87984,8,2,91,1,0.001,-0.0012,22.08,4.98,1.009,0.729,34.87,0.776,False,0.0009,29.296
0.8268,0.87984,8,2,91,1,-0.0523,-0.0173,20.73,14.51,1.311,1.214,23.38,0.62,False,0.0008,86.4208
0.8268,0.87984,8,2,91,1,0.0137,0.0084,38.4,14.88,1.662,1.064,39.98,0.745,False,0.0018,36.1492
0.8268,0.87984,8,2,91,1,0.0035,-0.0045,39.5,5.05,1.299,0.907,20.71,0.403,False,0.0012,13.4017
0.8268,0.89856,8,3,92,1,-0.0405,-0.0081,42.97,6.43,1.408,1.078,36.09,0.494,False,0.0035,21.2647
0.8268,0.89856,8,3,92,1,-0.0508,-0.0196,23.79,11.48,1.619,0.975,33.75,0.669,False,0.0038,22.1217
0.8268,0.89856,8,3,92,1,-0.0277,0.0012,29.11,8.26,1.034,1.169,29.45,0.635,False,0.0022,18.4495
0.8268,0.89856,8,3,92,1,-0.0416,-0.0122,38.17,6.86,1.175,1.237,31.69,0.458,False,0.0035,15.5057
0.8268,0.89856,8,3,92,1,-0.0168,-0.0061,27.19,6.19,1.159,0.988,26.35,0.66,False,0.0006,35.6749
0.8268,0.89856,8,3,92,1,0.0082,-0.0168,43.47,7.88,0.954,0.763,24.2,0.509,False,0.002,13.5905
0.8268,0.89856,8,3,92,1,-0.0637,-0.0058,44.88,13.84,1.343,1.358,27.87,0.524,False,0.0024,38.8962
0.8268,0.89856,8,3,92,1,-0.0292,0.0093,30.36,9.17,1.448,0.869,28.57,0.567,False,0.0007,59.8693
0.8268,0.89856,8,3,92,1,-0.0013,0.001,42.04,10.39,1.26,0.83,32.96,0.594,False,0.0024,22.6722
0.8268,0.89856,8,3,92,1,-0.0551,-0.0033,40.64,2.5,0.915,1.265,31.29,0.418,False,0.0006,81.3796
0.8268,0.89856,8,3,92,1,-0.0072,0.008,32.99,5.61,0.809,1.133,22.79,0.585,False,0.0019,8.1991
0.8268,0.89856,8,3,92,1,0.0228,-0.0094,26.25,4.1,1.723,1.152,29.23,0.608,False,0.0012,13.0021
0.8268,0.89856,8,3,92,1,-0.0224,0.0021,21.59,10.94,1.491,0.701,39.25,0.711,False,0.0027,24.5333
0.8268,0.89856,8,3,92,1,-0.0139,-0.0001,25.24,12.5,0.985,0.859,38.37,0.641,False,0.003,21.1918
0.8268,0.89856,8,3,92,1,-0.0062,-0.0108,33.68,12.27,1.519,1.012,35.88,0.537,False,0.001,57.141
0.8268,0.89856,8,3,92,1,-0.0238,-0.018,34.46,3.05,1.756,1.117,30.61,0.687,False,0.0004,70.4494
0.8268,0.89856,8,3,92,1,-0.0698,-0.0116,37.01,4.56,1.58,0.933,22.55,0.555,False,0.0025,12.7477
0.8268,0.89856,8,3,92,1,0.0216,-0.0075,32.1,13.28,1.669,0.803,24.81,0.727,False,0.0013,35.5467
0.8268,0.89856,8,3,92,1,-0.0115,0.0036,36.44,2.23,0.839,1.379,37.11,0.8,False,0.0014,30.2733
0.8268,0.89856,8,3,92,1,-0.0626,-0.0153,41.2,7.57,0.876,0.939,37.93,0.431,False,0.0048,20.516
0.8268,0.89856,8,3,92,1,0.0122,-0.0136,35.07,8.89,1.772,1.031,21.85,0.768,False,0.0019,15.6981
0.8268,0.89856,8,3,92,1,-0.0463,-0.0023,24.21,3.6,1.228,1.352,20.47,0.748,False,0.0019,5.7521
0.8268,0.89856,8,3,92,1,-0.0344,0.0051,22.51,13.08,1.116,1.299,26.74,0.468,False,0.0011,34.5299
0.8268,0.89856,8,3,92,1,-0.0355,0.0043,29.45,11.63,1.069,1.324,34.42,0.703,False,0.0008,88.1732
0.8268,0.89856,8,3,92,1,-0.0579,0.0064,27.64,9.75,1.393,0.786,32.56,0.482,False,0.0041,14.7555
0.8268,0.89856,8,3,92,1,0.0182,-0.014,30.86,9.9,1.562,1.198,25.67,0.45,False,0.0018,13.0963
0.8268,0.89856,8,3,92,1,0.001,-0.0012,22.08,4.98,1.009,0.729,34.87,0.776,False,0.0017,14.3978
0.8268,0.89856,8,3,92,1,-0.0523,-0.0173,20.73,14.51,1.311,1.214,23.38,0.62,False,0.001,60.4355
0.8268,0.89856,8,3,92,1,0.0137,0.0084,38.4,14.88,1.662,1.064,39.98,0.745,False,0.0024,25.4282
0.8268,0.89856,8,3,92,1,0.0035,-0.0045,39.5,5.05,1.299,0.907,20.71,0.403,False,0.0015,10.1865
0.8268,0.91728,8,4,93,1,-0.0405,-0.0081,42.97,6.43,1.408,1.078,36.09,0.494,False,0.003,18.3726
0.8268,0.91728,8,4,93,1,-0.0508,-0.0196,23.79,11.48,1.619,0.975,33.75,0.669,False,0.003,21.0426
0.8268,0.91728,8,4,93,1,-0.0277,0.0012,29.11,8.26,1.034,1.169,29.45,0.635,False,0.0014,23.4197
0.8268,0.91728,8,4,93,1,-0.0416,-0.0122,38.17,6.86,1.175,1.237,31.69,0.458,False,0.0018,22.599
0.8268,0.91728,8,4,93,1,-0.0168,-0.0061,27.19,6.19,1.159,0.988,26.35,0.66,False,0.0006,26.2773
0.8268,0.91728,8,4,93,1,0.0082,-0.0168,43.47,7.88,0.954,0.763,24.2,0.509,False,0.0012,17.0045
0.8268,0.91728,8,4,93,1,-0.0637,-0.0058,44.88,13.84,1.343,1.358,27.87,0.524,False,0.0009,78.9182
0.8268,0.91728,8,4,93,1,-0.0292,0.0093,30.36,9.17,1.448,0.869,28.57,0.567,False,0.0003,125.2973
0.8268,0.91728,8,4,93,1,-0.0013,0.001,42.04,10.39,1.26,0.83,32.96,0.594,False,0.0013,32.4909
0.8268,0.91728,8,4,93,1,-0.0551,-0.0033,40.64,2.5,0.915,1.265,31.29,0.418,False,0.0003,117.2699
0.8268,0.91728,8,4,93,1,-0.0072,0.008,32.99,5.61,0.809,1.133,22.79,0.585,False,0.001,12.2886
0.8268,0.91728,8,4,93,1,0.0228,-0.0094,26.25,4.1,1.723,1.152,29.23,0.608,False,0.0006,18.4783
0.8268,0.91728,8,4,93,1,-0.0224,0.0021,21.59,10.94,1.491,0.701,39.25,0.711,False,0.0016,32.6446
0.8268,0.91728,8,4,93,1,-0.0139,-0.0001,25.24,12.5,0.985,0.859,38.37,0.641,False,0.0018,27.1947
0.8268,0.91728,8,4,93,1,-0.0062,-0.0108,33.68,12.27,1.519,1.012,35.88,0.537,False,0.0005,95.2803
0.8268,0.91728,8,4,93,1,-0.0238,-0.018,34.46,3.05,1.756,1.117,30.61,0.687,False,0.0001,434.8948
0.8268,0.91728,8,4,93,1,-0.0698,-0.0116,37.01,4.56,1.58,0.933,22.55,0.555,False,0.0022,11.2839
0.8268,0.91728,8,4,93,1,0.0216,-0.0075,32.1,13.28,1.669,0.803,24.81,0.727,False,0.0007,46.6896
0.8268,0.91728,8,4,93,1,-0.0115,0.0036,36.44,2.23,0.839,1.379,37.11,0.8,False,0.0004,75.8459
0.8268,0.91728,8,4,93,1,-0.0626,-0.0153,41.2,7.57,0.876,0.939,37.93,0.431,False,0.0043,16.995
0.8268,0.91728,8,4,93,1,0.0122,-0.0136,35.07,8.89,1.772,1.031,21.85,0.768,False,0.0001,164.491
0.8268,0.91728,8,4,93,1,-0.0463,-0.0023,24.21,3.6,1.228,1.352,20.47,0.748,False,0.0007,12.5001
0.8268,0.91728,8,4,93,1,-0.0344,0.0051,22.51,13.08,1.116,1.299,26.74,0.468,False,0.0001,234.0058
0.8268,0.91728,8,4,93,1,-0.0355,0.0043,29.45,11.63,1.069,1.324,34.42,0.703,False,0.0003,198.1741
0.8268,0.91728,8,4,93,1,-0.0579,0.0064,27.64,9.75,1.393,0.786,32.56,0.482,False,0.0011,42.5967
0.8268,0.91728,8,4,93,1,0.0182,-0.014,30.86,9.9,1.562,1.198,25.67,0.45,False,0.0008,20.7363
0.8268,0.91728,8,4,93,1,0.001,-0.0012,22.08,4.98,1.009,0.729,34.87,0.776,False,0.0007,28.8569
0.8268,0.91728,8,4,93,1,-0.0523,-0.0173,20.73,14.51,1.311,1.214,23.38,0.62,False,0.0004,108.4965
0.8268,0.91728,8,4,93,1,0.0137,0.0084,38.4,14.88,1.662,1.064,39.98,0.745,False,0.0012,39.137
0.8268,0.91728,8,4,93,1,0.0035,-0.0045,39.5,5.05,1.299,0.907,20.71,0.403,False,0.0008,14.6158
0.8268,0.936,8,5,94,1,-0.0405,-0.0081,42.97,6.43,1.408,1.078,36.09,0.494,False,0.003,18.542
0.8268,0.936,8,5,94,1,-0.0508,-0.0196,23.79,11.48,1.619,0.975,33.75,0.669,False,0.0028,22.6159
0.8268,0.936,8,5,94,1,-0.0277,0.0012,29.11,8.26,1.034,1.169,29.45,0.635,False,0.0024,13.9672
0.8268,0.936,8,5,94,1,-0.0416,-0.0122,38.17,6.86,1.175,1.237,31.69,0.458,False,0.0017,24.8992
0.8268,0.936,8,5,94,1,-0.0168,-0.0061,27.19,6.19,1.159,0.988,26.35,0.66,False,0.0014,12.3511
0.8268,0.936,8,5,94,1,0.0082,-0.0168,43.47,7.88,0.954,0.763,24.2,0.509,False,0.001,20.9243
0.8268,0.936,8,5,94,1,-0.0637,-0.0058,44.88,13.84,1.343,1.358,27.87,0.524,False,0.001,73.685
0.8268,0.936,8,5,94,1,-0.0292,0.0093,30.36,9.17,1.448,0.869,28.57,0.567,False,0.0016,20.0021
0.8268,0.936,8,5,94,1,-0.0013,0.001,42.04,10.39,1.26,0.83,32.96,0.594,False,0.0017,25.3985
0.8268,0.936,8,5,94,1,-0.0551,-0.0033,40.64,2.5,0.915,1.265,31.29,0.418,False,0.0004,100.5214
0.8268,0.936,8,5,94,1,-0.0072,0.008,32.99,5.61,0.809,1.133,22.79,0.585,False,0.0014,8.5456
0.8268,0.936,8,5,94,1,0.0228,-0.0094,26.25,4.1,1.723,1.152,29.23,0.608,False,0.0003,34.1618
0.8268,0.936,8,5,94,1,-0.0224,0.0021,21.59,10.94,1.491,0.701,39.25,0.711,False,0.0027,19.9291
0.8268,0.936,8,5,94,1,-0.0139,-0.0001,25.24,12.5,0.985,0.859,38.37,0.641,False,0.0025,19.6555
0.8268,0.936,8,5,94,1,-0.0062,-0.0108,33.68,12.27,1.519,1.012,35.88,0.537,False,0.0012,37.2366
0.8268,0.936,8,5,94,1,-0.0238,-0.018,34.46,3.05,1.756,1.117,30.61,0.687,False,0.0009,29.2776
0.8268,0.936,8,5,94,1,-0.0698,-0.0116,37.01,4.56,1.58,0.933,22.55,0.555,False,0.0021,11.6144
0.8268,0.936,8,5,94,1,0.0216,-0.0075,32.1,13.28,1.669,0.803,24.81,0.727,False,0.0005,67.4067
0.8268,0.936,8,5,94,1,-0.0115,0.0036,36.44,2.23,0.839,1.379,37.11,0.8,False,0.0016,20.6346
0.8268,0.936,8,5,94,1,-0.0626,-0.0153,41.2,7.57,0.876,0.939,37.93,0.431,False,0.0038,18.9049
0.8268,0.936,8,5,94,1,0.0122,-0.0136,35.07,8.89,1.772,1.031,21.85,0.768,False,0.0,2370.4414
0.8268,0.936,8,5,94,1,-0.0463,-0.0023,24.21,3.6,1.228,1.352,20.47,0.748,False,0.001,8.5133
0.8268,0.936,8,5,94,1,-0.0344,0.0051,22.51,13.08,1.116,1.299,26.74,0.468,False,0.0008,39.1118
0.8268,0.936,8,5,94,1,-0.0355,0.0043,29.45,11.63,1.069,1.324,34.42,0.703,False,0.0009,67.4343
0.8268,0.936,8,5,94,1,-0.0579,0.0064,27.64,9.75,1.393,0.786,32.56,0.482,False,0.0011,40.3809
0.8268,0.936,8,5,94,1,0.0182,-0.014,30.86,9.9,1.562,1.198,25.67,0.45,False,0.0006,30.1427
0.8268,0.936,8,5,94,1,0.001,-0.0012,22.08,4.98,1.009,0.729,34.87,0.776,False,0.001,19.0107
0.8268,0.936,8,5,94,1,-0.0523,-0.0173,20.73,14.51,1.311,1.214,23.38,0.62,False,0.0005,88.8872
0.8268,0.936,8,5,94,1,0.0137,0.0084,38.4,14.88,1.662,1.064,39.98,0.745,False,0.0016,29.8186
0.8268,0.936,8,5,94,1,0.0035,-0.0045,39.5,5.05,1.299,0.907,20.71,0.403,False,0.0011,10.0975
0.8268,0.95472,8,6,95,1,-0.0405,-0.0081,42.97,6.43,1.408,1.078,36.09,0.494,False,0.0034,15.8446
0.8268,0.95472,8,6,95,1,-0.0508,-0.0196,23.79,11.48,1.619,0.975,33.75,0.669,False,0.0038,15.5195
0.8268,0.95472,8,6,95,1,-0.0277,0.0012,29.11,8.26,1.034,1.169,29.45,0.635,False,0.0011,29.2072
0.8268,0.95472,8,6,95,1,-0.0416,-0.0122,38.17,6.86,1.175,1.237,31.69,0.458,False,0.0013,30.048
0.8268,0.95472,8,6,95,1,-0.0168,-0.0061,27.19,6.19,1.159,0.988,26.35,0.66,False,0.0011,15.4443
0.8268,0.95472,8,6,95,1,0.0082,-0.0168,43.47,7.88,0.954,0.763,24.2,0.509,False,0.0014,15.6495
0.8268,0.95472,8,6,95,1,-0.0637,-0.0058,44.88,13.84,1.343,1.358,27.87,0.524,False,0.0008,85.0038
0.8268,0.95472,8,6,95,1,-0.0292,0.0093,30.36,9.17,1.448,0.869,28.57,0.567,False,0.0006,53.3868
0.8268,0.95472,8,6,95,1,-0.0013,0.001,42.04,10.39,1.26,0.83,32.96,0.594,False,0.0017,23.9456
0.8268,0.95472,8,6,95,1,-0.0551,-0.0033,40.64,2.5,0.915,1.265,31.29,0.418,False,0.0005,80.8866
0.8268,0.95472,8,6,95,1,-0.0072,0.008,32.99,5.61,0.809,1.133,22.79,0.585,False,0.0011,10.8637
0.8268,0.95472,8,6,95,1,0.0228,-0.0094,26.25,4.1,1.723,1.152,29.23,0.608,False,0.0008,13.7146
0.8268,0.95472,8,6,95,1,-0.0224,0.0021,21.59,10.94,1.491,0.701,39.25,0.711,False,0.0011,47.9221
0.8268,0.95472,8,6,95,1,-0.0139,-0.0001,25.24,12.5,0.985,0.859,38.37,0.641,False,0.0018,26.5641
0.8268,0.95472,8,6,95,1,-0.0062,-0.0108,33.68,12.27,1.519,1.012,35.88,0.537,False,0.0013,34.9287
0.8268,0.95472,8,6,95,1,-0.0238,-0.018,34.46,3.05,1.756,1.117,30.61,0.687,False,0.0005,53.1729
0.8268,0.95472,8,6,95,1,-0.0698,-0.0116,37.01,4.56,1.58,0.933,22.55,0.555,False,0.0023,9.8943
0.8268,0.95472,8,6,95,1,0.0216,-0.0075,32.1,13.28,1.669,0.803,24.81,0.727,False,0.0007,46.7078
0.8268,0.95472,8,6,95,1,-0.0115,0.0036,36.44,2.23,0.839,1.379,37.11,0.8,False,0.0011,29.2926
0.8268,0.95472,8,6,95,1,-0.0626,-0.0153,41.2,7.57,0.876,0.939,37.93,0.431,False,0.0041,16.1238
0.8268,0.95472,8,6,95,1,0.0122,-0.0136,35.07,8.89,1.772,1.031,21.85,0.768,False,0.0006,35.5979
0.8268,0.95472,8,6,95,1,-0.0463,-0.0023,24.21,3.6,1.228,1.352,20.47,0.748,False,0.0003,21.4234
0.8268,0.95472,8,6,95,1,-0.0344,0.0051,22.51,13.08,1.116,1.299,26.74,0.468,False,0.0004,79.3257
0.8268,0.95472,8,6,95,1,-0.0355,0.0043,29.45,11.63,1.069,1.324,34.42,0.703,False,0.0003,174.9909
0.8268,0.95472,8,6,95,1,-0.0579,0.0064,27.64,9.75,1.393,0.786,32.56,0.482,False,0.0007,58.3129
0.8268,0.95472,8,6,95,1,0.0182,-0.014,30.86,9.9,1.562,1.198,25.67,0.45,False,0.0005,32.7905
0.8268,0.95472,8,6,95,1,0.001,-0.0012,22.08,4.98,1.009,0.729,34.87,0.776,False,0.0008,23.8603
0.8268,0.95472,8,6,95,1,-0.0523,-0.0173,20.73,14.51,1.311,1.214,23.38,0.62,False,0.0004,103.0984
0.8268,0.95472,8,6,95,1,0.0137,0.0084,38.4,14.88,1.662,1.064,39.98,0.745,False,0.001,46.397
0.8268,0.95472,8,6,95,1,0.0035,-0.0045,39.5,5.05,1.299,0.907,20.71,0.403,False,0.0001,77.7864
0.8268,0.97344,8,7,96,1,-0.0405,-0.0081,42.97,6.43,1.408,1.078,36.09,0.494,False,0.0021,25.0382
0.8268,0.97344,8,7,96,1,-0.0508,-0.0196,23.79,11.48,1.619,0.975,33.75,0.669,False,0.0023,25.4257
0.8268,0.97344,8,7,96,1,-0.0277,0.0012,29.11,8.26,1.034,1.169,29.45,0.635,False,0.0017,17.6197
0.8268,0.97344,8,7,96,1,-0.0416,-0.0122,38.17,6.86,1.175,1.237,31.69,0.458,False,0.0021,18.1665
0.8268,0.97344,8,7,96,1,-0.0168,-0.0061,27.19,6.19,1.159,0.988,26.35,0.66,False,0.0006,27.9109
0.8268,0.97344,8,7,96,1,0.0082,-0.0168,43.47,7.88,0.954,0.763,24.2,0.509,False,0.0011,17.8904
0.8268,0.97344,8,7,96,1,-0.0637,-0.0058,44.88,13.84,1.343,1.358,27.87,0.524,False,0.0014,44.7711
0.8268,0.97344,8,7,96,1,-0.0292,0.0093,30.36,9.17,1.448,0.869,28.57,0.567,False,0.0003,103.3316
0.8268,0.97344,8,7,96,1,-0.0013,0.001,42.04,10.39,1.26,0.83,32.96,0.594,False,0.0013,32.6771
0.8268,0.97344,8,7,96,1,-0.0551,-0.0033,40.64,2.5,0.915,1.265,31.29,0.418,False,0.0005,74.0686
0.8268,0.97344,8,7,96,1,-0.0072,0.008,32.99,5.61,0.809,1.133,22.79,0.585,False,0.001,11.901
0.8268,0.97344,8,7,96,1,0.0228,-0.0094,26.25,4.1,1.723,1.152,29.23,0.608,False,0.0007,14.7245
0.8268,0.97344,8,7,96,1,-0.0224,0.0021,21.59,10.94,1.491,0.701,39.25,0.711,False,0.0018,27.1519
0.8268,0.97344,8,7,96,1,-0.0139,-0.0001,25.24,12.5,0.985,0.859,38.37,0.641,False,0.0018,26.2436
0.8268,0.97344,8,7,96,1,-0.0062,-0.0108,33.68,12.27,1.519,1.012,35.88,0.537,False,0.0006,74.036
0.8268,0.97344,8,7,96,1,-0.0238,-0.018,34.46,3.05,1.756,1.117,30.61,0.687,False,0.0003,83.3409
0.8268,0.97344,8,7,96,1,-0.0698,-0.0116,37.01,4.56,1.58,0.933,22.55,0.555,False,0.0016,13.8497
0.8268,0.97344,8,7,96,1,0.0216,-0.0075,32.1,13.28,1.669,0.803,24.81,0.727,False,0.0009,35.5548
0.8268,0.97344,8,7,96,1,-0.0115,0.0036,36.44,2.23,0.839,1.379,37.11,0.8,False,0.0005,60.5524
0.8268,0.97344,8,7,96,1,-0.0626,-0.0153,41.2,7.57,0.876,0.939,37.93,0.431,False,0.0031,21.121
0.8268,0.97344,8,7,96,1,0.0122,-0.0136,35.07,8.89,1.772,1.031,21.85,0.768,False,0.0005,38.4571
0.8268,0.97344,8,7,96,1,-0.0463,-0.0023,24.21,3.6,1.228,1.352,20.47,0.748,False,0.0011,6.9071
0.8268,0.97344,8,7,96,1,-0.0344,0.0051,22.51,13.08,1.116,1.299,26.74,0.468,False,0.0007,40.5603
0.8268,0.97344,8,7,96,1,-0.0355,0.0043,29.45,11.63,1.069,1.324,34.42,0.703,False,0.0008,68.2799
0.8268,0.97344,8,7,96,1,-0.0579,0.0064,27.64,9.75,1.393,0.786,32.56,0.482,False,0.0016,25.9874
0.8268,0.97344,8,7,96,1,0.0182,-0.014,30.86,9.9,1.562,1.198,25.67,0.45,False,0.0008,19.3172
0.8268,0.97344,8,7,96,1,0.001,-0.0012,22.08,4.98,1.009,0.729,34.87,0.776,False,0.0007,27.0009
0.8268,0.97344,8,7,96,1,-0.0523,-0.0173,20.73,14.51,1.311,1.214,23.38,0.62,False,0.0008,56.8162
0.8268,0.97344,8,7,96,1,0.0137,0.0084,38.4,14.88,1.662,1.064,39.98,0.745,False,0.0014,35.2603
0.8268,0.97344,8,7,96,1,0.0035,-0.0045,39.5,5.05,1.299,0.907,20.71,0.403,False,0.0009,12.4403
0.8268,0.99216,8,8,97,1,-0.0405,-0.0081,42.97,6.43,1.408,1.078,36.09,0.494,False,0.0024,21.3264
0.8268,0.99216,8,8,97,1,-0.0508,-0.0196,23.79,11.48,1.619,0.975,33.75,0.669,False,0.0022,26.8234
0.8268,0.99216,8,8,97,1,-0.0277,0.0012,29.11,8.26,1.034,1.169,29.45,0.635,False,0.0016,19.5723
0.8268,0.99216,8,8,97,1,-0.0416,-0.0122,38.17,6.86,1.175,1.237,31.69,0.458,False,0.0018,21.5105
0.8268,0.99216,8,8,97,1,-0.0168,-0.0061,27.19,6.19,1.159,0.988,26.35,0.66,False,0.0005,31.1172
0.8268,0.99216,8,8,97,1,0.0082,-0.0168,43.47,7.88,0.954,0.763,24.2,0.509,False,0.001,19.6048
0.8268,0.99216,8,8,97,1,-0.0637,-0.0058,44.88,13.84,1.343,1.358,27.87,0.524,False,0.001,66.3979
0.8268,0.99216,8,8,97,1,-0.0292,0.0093,30.36,9.17,1.448,0.869,28.57,0.567,False,0.0005,60.0909
0.8268,0.99216,8,8,97,1,-0.0013,0.001,42.04,10.39,1.26,0.83,32.96,0.594,False,0.0012,34.7057
0.8268,0.99216,8,8,97,1,-0.0551,-0.0033,40.64,2.5,0.915,1.265,31.29,0.418,False,0.0003,111.264
0.8268,0.99216,8,8,97,1,-0.0072,0.008,32.99,5.61,0.809,1.133,22.79,0.585,False,0.001,12.4635
0.8268,0.99216,8,8,97,1,0.0228,-0.0094,26.25,4.1,1.723,1.152,29.23,0.608,False,0.0006,18.5248
0.8268,0.99216,8,8,97,1,-0.0224,0.0021,21.59,10.94,1.491,0.701,39.25,0.711,False,0.0017,28.8235
0.8268,0.99216,8,8,97,1,-0.0139,-0.0001,25.24,12.5,0.985,0.859,38.37,0.641,False,0.0017,27.5527
0.8268,0.99216,8,8,97,1,-0.0062,-0.0108,33.68,12.27,1.519,1.012,35.88,0.537,False,0.0004,105.9458
0.8268,0.99216,8,8,97,1,-0.0238,-0.018,34.46,3.05,1.756,1.117,30.61,0.687,False,0.0001,248.1674
0.8268,0.99216,8,8,97,1,-0.0698,-0.0116,37.01,4.56,1.58,0.933,22.55,0.555,False,0.0016,13.4089
0.8268,0.99216,8,8,97,1,0.0216,-0.0075,32.1,13.28,1.669,0.803,24.81,0.727,False,0.0006,53.3014
0.8268,0.99216,8,8,97,1,-0.0115,0.0036,36.44,2.23,0.839,1.379,37.11,0.8,False,0.0006,59.2902
0.8268,0.99216,8,8,97,1,-0.0626,-0.0153,41.2,7.57,0.876,0.939,37.93,0.431,False,0.0033,20.256
0.8268,0.99216,8,8,97,1,0.0122,-0.0136,35.07,8.89,1.772,1.031,21.85,0.768,False,0.0001,159.6289
0.8268,0.99216,8,8,97,1,-0.0463,-0.0023,24.21,3.6,1.228,1.352,20.47,0.748,False,0.0007,11.0061
0.8268,0.99216,8,8,97,1,-0.0344,0.0051,22.51,13.08,1.116,1.299,26.74,0.468,False,0.0006,49.3178
0.8268,0.99216,8,8,97,1,-0.0355,0.0043,29.45,11.63,1.069,1.324,34.42,0.703,False,0.0005,100.6455
0.8268,0.99216,8,8,97,1,-0.0579,0.0064,27.64,9.75,1.393,0.786,32.56,0.482,False,0.001,40.1747
0.8268,0.99216,8,8,97,1,0.0182,-0.014,30.86,9.9,1.562,1.198,25.67,0.45,False,0.0007,21.9565
0.8268,0.99216,8,8,97,1,0.001,-0.0012,22.08,4.98,1.009,0.729,34.87,0.776,False,0.0006,30.1016
0.8268,0.99216,8,8,97,1,-0.0523,-0.0173,20.73,14.51,1.311,1.214,23.38,0.62,False,0.0006,68.708
0.8268,0.99216,8,8,97,1,0.0137,0.0084,38.4,14.88,1.662,1.064,39.98,0.745,False,0.001,49.1478
0.8268,0.99216,8,8,97,1,0.0035,-0.0045,39.5,5.05,1.299,0.907,20.71,0.403,False,0.0007,15.3324
0.8268,1.01088,8,9,98,1,-0.0405,-0.0081,42.97,6.43,1.408,1.078,36.09,0.494,False,0.0023,24.0569
0.8268,1.01088,8,9,98,1,-0.0508,-0.0196,23.79,11.48,1.619,0.975,33.75,0.669,False,0.0017,35.042
0.8268,1.01088,8,9,98,1,-0.0277,0.0012,29.11,8.26,1.034,1.169,29.45,0.635,False,0.0015,20.6122
0.8268,1.01088,8,9,98,1,-0.0416,-0.0122,38.17,6.86,1.175,1.237,31.69,0.458,False,0.0028,14.4594
0.8268,1.01088,8,9,98,1,-0.0168,-0.0061,27.19,6.19,1.159,0.988,26.35,0.66,False,0.0006,30.891
0.8268,1.01088,8,9,98,1,0.0082,-0.0168,43.47,7.88,0.954,0.763,24.2,0.509,False,0.001,23.1471
0.8268,1.01088,8,9,98,1,-0.0637,-0.0058,44.88,13.84,1.343,1.358,27.87,0.524,False,0.0011,63.2711
0.8268,1.01088,8,9,98,1,-0.0292,0.0093,30.36,9.17,1.448,0.869,28.57,0.567,False,0.0002,133.1357
0.8268,1.01088,8,9,98,1,-0.0013,0.001,42.04,10.39,1.26,0.83,32.96,0.594,False,0.0012,37.046
0.8268,1.01088,8,9,98,1,-0.0551,-0.0033,40.64,2.5,0.915,1.265,31.29,0.418,False,0.0002,213.1138
0.8268,1.01088,8,9,98,1,-0.0072,0.008,32.99,5.61,0.809,1.133,22.79,0.585,False,0.001,12.3897
0.8268,1.01088,8,9,98,1,0.0228,-0.0094,26.25,4.1,1.723,1.152,29.23,0.608,False,0.0003,37.8299
0.8268,1.01088,8,9,98,1,-0.0224,0.0021,21.59,10.94,1.491,0.701,39.25,0.711,False,0.0018,29.8849
0.8268,1.01088,8,9,98,1,-0.0139,-0.0001,25.24,12.5,0.985,0.859,38.37,0.641,False,0.0018,27.7084
0.8268,1.01088,8,9,98,1,-0.0062,-0.0108,33.68,12.27,1.519,1.012,35.88,0.537,False,0.0003,169.4381
0.8268,1.01088,8,9,98,1,-0.0238,-0.018,34.46,3.05,1.756,1.117,30.61,0.687,False,0.0001,273.2032
0.8268,1.01088,8,9,98,1,-0.0698,-0.0116,37.01,4.56,1.58,0.933,22.55,0.555,False,0.0021,11.0944
0.8268,1.01088,8,9,98,1,0.0216,-0.0075,32.1,13.28,1.669,0.803,24.81,0.727,False,0.0005,70.8913
0.8268,1.01088,8,9,98,1,-0.0115,0.0036,36.44,2.23,0.839,1.379,37.11,0.8,False,0.0008,42.0728
0.8268,1.01088,8,9,98,1,-0.0626,-0.0153,41.2,7.57,0.876,0.939,37.93,0.431,False,0.0043,16.6797
0.8268,1.01088,8,9,98,1,0.0122,-0.0136,35.07,8.89,1.772,1.031,21.85,0.768,False,0.0004,59.7967
0.8268,1.01088,8,9,98,1,-0.0463,-0.0023,24.21,3.6,1.228,1.352,20.47,0.748,False,0.0008,9.8964
0.8268,1.01088,8,9,98,1,-0.0344,0.0051,22.51,13.08,1.116,1.299,26.74,0.468,False,0.0006,50.2845
0.8268,1.01088,8,9,98,1,-0.0355,0.0043,29.45,11.63,1.069,1.324,34.42,0.703,False,0.0008,72.2959
0.8268,1.01088,8,9,98,1,-0.0579,0.0064,27.64,9.75,1.393,0.786,32.56,0.482,False,0.0009,51.6983
0.8268,1.01088,8,9,98,1,0.0182,-0.014,30.86,9.9,1.562,1.198,25.67,0.45,False,0.0009,20.3788
0.8268,1.01088,8,9,98,1,0.001,-0.0012,22.08,4.98,1.009,0.729,34.87,0.776,False,0.0006,33.383
0.8268,1.01088,8,9,98,1,-0.0523,-0.0173,20.73,14.51,1.311,1.214,23.38,0.62,False,0.0019,23.4532
0.8268,1.01088,8,9,98,1,0.0137,0.0084,38.4,14.88,1.662,1.064,39.98,0.745,False,0.0009,52.3259
0.8268,1.01088,8,9,98,1,0.0035,-0.0045,39.5,5.05,1.299,0.907,20.71,0.403,False,0.0008,15.6514
0.8268,1.0296,8,10,99,1,-0.0405,-0.0081,42.97,6.43,1.408,1.078,36.09,0.494,False,0.0025,21.3255
0.8268,1.0296,8,10,99,1,-0.0508,-0.0196,23.79,11.48,1.619,0.975,33.75,0.669,False,0.0022,26.6196
0.8268,1.0296,8,10,99,1,-0.0277,0.0012,29.11,8.26,1.034,1.169,29.45,0.635,False,0.001,30.9788
0.8268,1.0296,8,10,99,1,-0.0416,-0.0122,38.17,6.86,1.175,1.237,31.69,0.458,False,0.0014,28.5546
0.8268,1.0296,8,10,99,1,-0.0168,-0.0061,27.19,6.19,1.159,0.988,26.35,0.66,False,0.0006,28.3897
0.8268,1.0296,8,10,99,1,0.0082,-0.0168,43.47,7.88,0.954,0.763,24.2,0.509,False,0.0011,20.3495
0.8268,1.0296,8,10,99,1,-0.0637,-0.0058,44.88,13.84,1.343,1.358,27.87,0.524,False,0.0006,117.8314
0.8268,1.0296,8,10,99,1,-0.0292,0.0093,30.36,9.17,1.448,0.869,28.57,0.567,False,0.0004,80.6615
0.8268,1.0296,8,10,99,1,-0.0013,0.001,42.04,10.39,1.26,0.83,32.96,0.594,False,0.001,43.8194
0.8268,1.0296,8,10,99,1,-0.0551,-0.0033,40.64,2.5,0.915,1.265,31.29,0.418,False,0.0003,106.6721
0.8268,1.0296,8,10,99,1,-0.0072,0.008,32.99,5.61,0.809,1.133,22.79,0.585,False,0.0007,17.8627
0.8268,1.0296,8,10,99,1,0.0228,-0.0094,26.25,4.1,1.723,1.152,29.23,0.608,False,0.0005,21.7081
0.8268,1.0296,8,10,99,1,-0.0224,0.0021,21.59,10.94,1.491,0.701,39.25,0.711,False,0.0012,43.7378
0.8268,1.0296,8,10,99,1,-0.0139,-0.0001,25.24,12.5,0.985,0.859,38.37,0.641,False,0.0014,35.2504
0.8268,1.0296,8,10,99,1,-0.0062,-0.0108,33.68,12.27,1.519,1.012,35.88,0.537,False,0.0005,94.9791
0.8268,1.0296,8,10,99,1,-0.0238,-0.018,34.46,3.05,1.756,1.117,30.61,0.687,False,0.0003,94.4802
0.8268,1.0296,8,10,99,1,-0.0698,-0.0116,37.01,4.56,1.58,0.933,22.55,0.555,False,0.0017,13.2915
0.8268,1.0296,8,10,99,1,0.0216,-0.0075,32.1,13.28,1.669,0.803,24.81,0.727,False,0.0006,55.2399
0.8268,1.0296,8,10,99,1,-0.0115,0.0036,36.44,2.23,0.839,1.379,37.11,0.8,False,0.0002,136.6759
0.8268,1.0296,8,10,99,1,-0.0626,-0.0153,41.2,7.57,0.876,0.939,37.93,0.431,False,0.0034,19.8571
0.8268,1.0296,8,10,99,1,0.0122,-0.0136,35.07,8.89,1.772,1.031,21.85,0.768,False,0.0001,241.6358
0.8268,1.0296,8,10,99,1,-0.0463,-0.0023,24.21,3.6,1.228,1.352,20.47,0.748,False,0.0003,28.8161
0.8268,1.0296,8,10,99,1,-0.0344,0.0051,22.51,13.08,1.116,1.299,26.74,0.468,False,0.0002,175.9441
0.8268,1.0296,8,10,99,1,-0.0355,0.0043,29.45,11.63,1.069,1.324,34.42,0.703,False,0.0001,519.9338
0.8268,1.0296,8,10,99,1,-0.0579,0.0064,27.64,9.75,1.393,0.786,32.56,0.482,False,0.0005,93.6045
0.8268,1.0296,8,10,99,1,0.0182,-0.014,30.86,9.9,1.562,1.198,25.67,0.45,False,0.0007,26.3981
0.8268,1.0296,8,10,99,1,0.001,-0.0012,22.08,4.98,1.009,0.729,34.87,0.776,False,0.0005,38.6281
0.8268,1.0296,8,10,99,1,-0.0523,-0.0173,20.73,14.51,1.311,1.214,23.38,0.62,False,0.0003,138.4162
0.8268,1.0296,8,10,99,1,0.0137,0.0084,38.4,14.88,1.662,1.064,39.98,0.745,False,0.0009,51.0707
0.8268,1.0296,8,10,99,1,0.0035,-0.0045,39.5,5.05,1.299,0.907,20.71,0.403,False,0.0007,17.6021
0.8424,0.8424,9,0,100,1,-0.0405,-0.0081,42.97,6.43,1.408,1.078,36.09,0.494,False,0.0029,17.8184
0.8424,0.8424,9,0,100,1,-0.0508,-0.0196,23.79,11.48,1.619,0.975,33.75,0.669,False,0.0025,23.4425
0.8424,0.8424,9,0,100,1,-0.0277,0.0012,29.11,8.26,1.034,1.169,29.45,0.635,False,0.0017,17.8819
0.8424,0.8424,9,0,100,1,-0.0416,-0.0122,38.17,6.86,1.175,1.237,31.69,0.458,False,0.0017,22.9919
0.8424,0.8424,9,0,100,1,-0.0168,-0.0061,27.19,6.19,1.159,0.988,26.35,0.66,False,0.0009,18.1279
0.8424,0.8424,9,0,100,1,0.0082,-0.0168,43.47,7.88,0.954,0.763,24.2,0.509,False,0.0013,16.082
0.8424,0.8424,9,0,100,1,-0.0637,-0.0058,44.88,13.84,1.343,1.358,27.87,0.524,False,0.0011,58.3323
0.8424,0.8424,9,0,100,1,-0.0292,0.0093,30.36,9.17,1.448,0.869,28.57,0.567,False,0.0006,52.6368
0.8424,0.8424,9,0,100,1,-0.0013,0.001,42.04,10.39,1.26,0.83,32.96,0.594,False,0.0016,27.1917
0.8424,0.8424,9,0,100,1,-0.0551,-0.0033,40.64,2.5,0.915,1.265,31.29,0.418,False,0.0,3227.7053
0.8424,0.8424,9,0,100,1,-0.0072,0.008,32.99,5.61,0.809,1.133,22.79,0.585,False,0.0011,11.3489
0.8424,0.8424,9,0,100,1,0.0228,-0.0094,26.25,4.1,1.723,1.152,29.23,0.608,False,0.0003,37.5756
0.8424,0.8424,9,0,100,1,-0.0224,0.0021,21.59,10.94,1.491,0.701,39.25,0.711,False,0.0022,23.5697
0.8424,0.8424,9,0,100,1,-0.0139,-0.0001,25.24,12.5,0.985,0.859,38.37,0.641,False,0.0023,21.7684
0.8424,0.8424,9,0,100,1,-0.0062,-0.0108,33.68,12.27,1.519,1.012,35.88,0.537,False,0.0006,81.2012
0.8424,0.8424,9,0,100,1,-0.0238,-0.018,34.46,3.05,1.756,1.117,30.61,0.687,False,0.0001,158.4454
0.8424,0.8424,9,0,100,1,-0.0698,-0.0116,37.01,4.56,1.58,0.933,22.55,0.555,False,0.0018,12.0322
0.8424,0.8424,9,0,100,1,0.0216,-0.0075,32.1,13.28,1.669,0.803,24.81,0.727,False,0.0011,31.073
0.8424,0.8424,9,0,100,1,-0.0115,0.0036,36.44,2.23,0.839,1.379,37.11,0.8,False,0.0012,28.4933
0.8424,0.8424,9,0,100,1,-0.0626,-0.0153,41.2,7.57,0.876,0.939,37.93,0.431,False,0.0037,17.9292
0.8424,0.8424,9,0,100,1,0.0122,-0.0136,35.07,8.89,1.772,1.031,21.85,0.768,False,0.0005,41.9023
0.8424,0.8424,9,0,100,1,-0.0463,-0.0023,24.21,3.6,1.228,1.352,20.47,0.748,False,0.0006,11.778
0.8424,0.8424,9,0,100,1,-0.0344,0.0051,22.51,13.08,1.116,1.299,26.74,0.468,False,0.0008,34.4139
0.8424,0.8424,9,0,100,1,-0.0355,0.0043,29.45,11.63,1.069,1.324,34.42,0.703,False,0.0014,38.6916
0.8424,0.8424,9,0,100,1,-0.0579,0.0064,27.64,9.75,1.393,0.786,32.56,0.482,False,0.001,42.8794
0.8424,0.8424,9,0,100,1,0.0182,-0.014,30.86,9.9,1.562,1.198,25.67,0.45,False,0.001,17.2552
0.8424,0.8424,9,0,100,1,0.001,-0.0012,22.08,4.98,1.009,0.729,34.87,0.776,False,0.0008,23.4693
0.8424,0.8424,9,0,100,1,-0.0523,-0.0173,20.73,14.51,1.311,1.214,23.38,0.62,False,0.0006,71.0985
0.8424,0.8424,9,0,100,1,0.0137,0.0084,38.4,14.88,1.662,1.064,39.98,0.745,False,0.0023,20.7151
0.8424,0.8424,9,0,100,1,0.0035,-0.0045,39.5,5.05,1.299,0.907,20.71,0.403,False,0.0013,8.7949
0.8424,0.86112,9,1,101,1,-0.0405,-0.0081,42.97,6.43,1.408,1.078,36.09,0.494,False,0.0032,18.1423
0.8424,0.86112,9,1,101,1,-0.0508,-0.0196,23.79,11.48,1.619,0.975,33.75,0.669,False,0.0032,20.6212
0.8424,0.86112,9,1,101,1,-0.0277,0.0012,29.11,8.26,1.034,1.169,29.45,0.635,False,0.0009,35.8539
0.8424,0.86112,9,1,101,1,-0.0416,-0.0122,38.17,6.86,1.175,1.237,31.69,0.458,False,0.0013,32.0156
0.8424,0.86112,9,1,101,1,-0.0168,-0.0061,27.19,6.19,1.159,0.988,26.35,0.66,False,0.0011,16.8159
0.8424,0.86112,9,1,101,1,0.0082,-0.0168,43.47,7.88,0.954,0.763,24.2,0.509,False,0.001,21.1256
0.8424,0.86112,9,1,101,1,-0.0637,-0.0058,44.88,13.84,1.343,1.358,27.87,0.524,False,0.0007,107.064
0.8424,0.86112,9,1,101,1,-0.0292,0.0093,30.36,9.17,1.448,0.869,28.57,0.567,False,0.0006,54.9118
0.8424,0.86112,9,1,101,1,-0.0013,0.001,42.04,10.39,1.26,0.83,32.96,0.594,False,0.0032,13.5733
0.8424,0.86112,9,1,101,1,-0.0551,-0.0033,40.64,2.5,0.915,1.265,31.29,0.418,False,0.0003,142.6398
0.8424,0.86112,9,1,101,1,-0.0072,0.008,32.99,5.61,0.809,1.133,22.79,0.585,False,0.0013,9.2668
0.8424,0.86112,9,1,101,1,0.0228,-0.0094,26.25,4.1,1.723,1.152,29.23,0.608,False,0.0003,35.0576
0.8424,0.86112,9,1,101,1,-0.0224,0.0021,21.59,10.94,1.491,0.701,39.25,0.711,False,0.0011,50.9852
0.8424,0.86112,9,1,101,1,-0.0139,-0.0001,25.24,12.5,0.985,0.859,38.37,0.641,False,0.0012,41.7763
0.8424,0.86112,9,1,101,1,-0.0062,-0.0108,33.68,12.27,1.519,1.012,35.88,0.537,False,0.0012,37.2259
0.8424,0.86112,9,1,101,1,-0.0238,-0.018,34.46,3.05,1.756,1.117,30.61,0.687,False,0.0002,155.9317
0.8424,0.86112,9,1,101,1,-0.0698,-0.0116,37.01,4.56,1.58,0.933,22.55,0.555,False,0.0023,10.6278
0.8424,0.86112,9,1,101,1,0.0216,-0.0075,32.1,13.28,1.669,0.803,24.81,0.727,False,0.0006,58.2015
0.8424,0.86112,9,1,101,1,-0.0115,0.0036,36.44,2.23,0.839,1.379,37.11,0.8,False,0.0005,71.721
0.8424,0.86112,9,1,101,1,-0.0626,-0.0153,41.2,7.57,0.876,0.939,37.93,0.431,False,0.004,18.2061
0.8424,0.86112,9,1,101,1,0.0122,-0.0136,35.07,8.89,1.772,1.031,21.85,0.768,False,0.0003,76.3765
0.8424,0.86112,9,1,101,1,-0.0463,-0.0023,24.21,3.6,1.228,1.352,20.47,0.748,False,0.0002,36.4782
0.8424,0.86112,9,1,101,1,-0.0344,0.0051,22.51,13.08,1.116,1.299,26.74,0.468,False,0.0002,157.0872
0.8424,0.86112,9,1,101,1,-0.0355,0.0043,29.45,11.63,1.069,1.324,34.42,0.703,False,0.0002,398.4927
0.8424,0.86112,9,1,101,1,-0.0579,0.0064,27.64,9.75,1.393,0.786,32.56,0.482,False,0.0006,77.5105
0.8424,0.86112,9,1,101,1,0.0182,-0.014,30.86,9.9,1.562,1.198,25.67,0.45,False,0.0013,13.4403
0.8424,0.86112,9,1,101,1,0.001,-0.0012,22.08,4.98,1.009,0.729,34.87,0.776,False,0.0018,11.1775
0.8424,0.86112,9,1,101,1,-0.0523,-0.0173,20.73,14.51,1.311,1.214,23.38,0.62,False,0.0004,133.1492
0.8424,0.86112,9,1,101,1,0.0137,0.0084,38.4,14.88,1.662,1.064,39.98,0.745,False,0.0009,51.7758
0.8424,0.86112,9,1,101,1,0.0035,-0.0045,39.5,5.05,1.299,0.907,20.71,0.403,False,0.0006,18.749
0.8424,0.87984,9,2,102,1,-0.0405,-0.0081,42.97,6.43,1.408,1.078,36.09,0.494,False,0.002,26.5462
0.8424,0.87984,9,2,102,1,-0.0508,-0.0196,23.79,11.48,1.619,0.975,33.75,0.669,False,0.0023,25.6185
0.8424,0.87984,9,2,102,1,-0.0277,0.0012,29.11,8.26,1.034,1.169,29.45,0.635,False,0.001,32.1274
0.8424,0.87984,9,2,102,1,-0.0416,-0.0122,38.17,6.86,1.175,1.237,31.69,0.458,False,0.0009,45.6314
0.8424,0.87984,9,2,102,1,-0.0168,-0.0061,27.19,6.19,1.159,0.988,26.35,0.66,False,0.0004,43.2515
0.8424,0.87984,9,2,102,1,0.0082,-0.0168,43.47,7.88,0.954,0.763,24.2,0.509,False,0.0009,25.308
0.8424,0.87984,9,2,102,1,-0.0637,-0.0058,44.88,13.84,1.343,1.358,27.87,0.524,False,0.0002,302.7438
0.8424,0.87984,9,2,102,1,-0.0292,0.0093,30.36,9.17,1.448,0.869,28.57,0.567,False,0.0006,52.4352
0.8424,0.87984,9,2,102,1,-0.0013,0.001,42.04,10.39,1.26,0.83,32.96,0.594,False,0.0009,48.1792
0.8424,0.87984,9,2,102,1,-0.0551,-0.0033,40.64,2.5,0.915,1.265,31.29,0.418,False,0.0003,115.7483
0.8424,0.87984,9,2,102,1,-0.0072,0.008,32.99,5.61,0.809,1.133,22.79,0.585,False,0.0005,25.9247
0.8424,0.87984,9,2,102,1,0.0228,-0.0094,26.25,4.1,1.723,1.152,29.23,0.608,False,0.0003,33.2263
0.8424,0.87984,9,2,102,1,-0.0224,0.0021,21.59,10.94,1.491,0.701,39.25,0.711,False,0.0014,38.7177
0.8424,0.87984,9,2,102,1,-0.0139,-0.0001,25.24,12.5,0.985,0.859,38.37,0.641,False,0.0012,39.9796
0.8424,0.87984,9,2,102,1,-0.0062,-0.0108,33.68,12.27,1.519,1.012,35.88,0.537,False,0.0004,129.4373
0.8424,0.87984,9,2,102,1,-0.0238,-0.018,34.46,3.05,1.756,1.117,30.61,0.687,False,0.0003,77.1773
0.8424,0.87984,9,2,102,1,-0.0698,-0.0116,37.01,4.56,1.58,0.933,22.55,0.555,False,0.0017,13.006
0.8424,0.87984,9,2,102,1,0.0216,-0.0075,32.1,13.28,1.669,0.803,24.81,0.727,False,0.0014,24.0467
0.8424,0.87984,9,2,102,1,-0.0115,0.0036,36.44,2.23,0.839,1.379,37.11,0.8,False,0.0007,49.5172
0.8424,0.87984,9,2,102,1,-0.0626,-0.0153,41.2,7.57,0.876,0.939,37.93,0.431,False,0.0031,21.1747
0.8424,0.87984,9,2,102,1,0.0122,-0.0136,35.07,8.89,1.772,1.031,21.85,0.768,False,0.001,22.373
0.8424,0.87984,9,2,102,1,-0.0463,-0.0023,24.21,3.6,1.228,1.352,20.47,0.748,False,0.0003,21.5313
0.8424,0.87984,9,2,102,1,-0.0344,0.0051,22.51,13.08,1.116,1.299,26.74,0.468,False,0.0003,91.7385
0.8424,0.87984,9,2,102,1,-0.0355,0.0043,29.45,11.63,1.069,1.324,34.42,0.703,False,0.0007,82.93
0.8424,0.87984,9,2,102,1,-0.0579,0.0064,27.64,9.75,1.393,0.786,32.56,0.482,False,0.0005,85.7103
0.8424,0.87984,9,2,102,1,0.0182,-0.014,30.86,9.9,1.562,1.198,25.67,0.45,False,0.0016,10.6563
0.8424,0.87984,9,2,102,1,0.001,-0.0012,22.08,4.98,1.009,0.729,34.87,0.776,False,0.0004,53.2025
0.8424,0.87984,9,2,102,1,-0.0523,-0.0173,20.73,14.51,1.311,1.214,23.38,0.62,False,0.0001,380.5725
0.8424,0.87984,9,2,102,1,0.0137,0.0084,38.4,14.88,1.662,1.064,39.98,0.745,False,0.0019,24.5197
0.8424,0.87984,9,2,102,1,0.0035,-0.0045,39.5,5.05,1.299,0.907,20.71,0.403,False,0.0005,22.761
0.8424,0.89856,9,3,103,1,-0.0405,-0.0081,42.97,6.43,1.408,1.078,36.09,0.494,False,0.0021,24.5883
0.8424,0.89856,9,3,103,1,-0.0508,-0.0196,23.79,11.48,1.619,0.975,33.75,0.669,False,0.0017,32.1916
0.8424,0.89856,9,3,103,1,-0.0277,0.0012,29.11,8.26,1.034,1.169,29.45,0.635,False,0.0013,23.513
0.8424,0.89856,9,3,103,1,-0.0416,-0.0122,38.17,6.86,1.175,1.237,31.69,0.458,False,0.0017,22.0296
0.8424,0.89856,9,3,103,1,-0.0168,-0.0061,27.19,6.19,1.159,0.988,26.35,0.66,False,0.0007,23.6789
0.8424,0.89856,9,3,103,1,0.0082,-0.0168,43.47,7.88,0.954,0.763,24.2,0.509,False,0.0012,16.8428
0.8424,0.89856,9,3,103,1,-0.0637,-0.0058,44.88,13.84,1.343,1.358,27.87,0.524,False,0.0011,57.7711
0.8424,0.89856,9,3,103,1,-0.0292,0.0093,30.36,9.17,1.448,0.869,28.57,0.567,False,0.0005,67.4251
0.8424,0.89856,9,3,103,1,-0.0013,0.001,42.04,10.39,1.26,0.83,32.96,0.594,False,0.0012,35.9007
0.8424,0.89856,9,3,103,1,-0.0551,-0.0033,40.64,2.5,0.915,1.265,31.29,0.418,False,0.0004,98.2368
0.8424,0.89856,9,3,103,1,-0.0072,0.008,32.99,5.61,0.809,1.133,22.79,0.585,False,0.0009,14.213
0.8424,0.89856,9,3,103,1,0.0228,-0.0094,26.25,4.1,1.723,1.152,29.23,0.608,False,0.0007,14.798
0.8424,0.89856,9,3,103,1,-0.0224,0.0021,21.59,10.94,1.491,0.701,39.25,0.711,False,0.0015,34.1424
0.8424,0.89856,9,3,103,1,-0.0139,-0.0001,25.24,12.5,0.985,0.859,38.37,0.641,False,0.0017,28.9821
0.8424,0.89856,9,3,103,1,-0.0062,-0.0108,33.68,12.27,1.519,1.012,35.88,0.537,False,0.0006,74.1396
0.8424,0.89856,9,3,103,1,-0.0238,-0.018,34.46,3.05,1.756,1.117,30.61,0.687,False,0.0002,147.0896
0.8424,0.89856,9,3,103,1,-0.0698,-0.0116,37.01,4.56,1.58,0.933,22.55,0.555,False,0.0014,14.4462
0.8424,0.89856,9,3,103,1,0.0216,-0.0075,32.1,13.28,1.669,0.803,24.81,0.727,False,0.001,35.3802
0.8424,0.89856,9,3,103,1,-0.0115,0.0036,36.44,2.23,0.839,1.379,37.11,0.8,False,0.0006,58.1135
0.8424,0.89856,9,3,103,1,-0.0626,-0.0153,41.2,7.57,0.876,0.939,37.93,0.431,False,0.003,21.0233
0.8424,0.89856,9,3,103,1,0.0122,-0.0136,35.07,8.89,1.772,1.031,21.85,0.768,False,0.0004,53.6947
0.8424,0.89856,9,3,103,1,-0.0463,-0.0023,24.21,3.6,1.228,1.352,20.47,0.748,False,0.0006,13.0465
0.8424,0.89856,9,3,103,1,-0.0344,0.0051,22.51,13.08,1.116,1.299,26.74,0.468,False,0.0004,69.4467
0.8424,0.89856,9,3,103,1,-0.0355,0.0043,29.45,11.63,1.069,1.324,34.42,0.703,False,0.0003,185.0624
0.8424,0.89856,9,3,103,1,-0.0579,0.0064,27.64,9.75,1.393,0.786,32.56,0.482,False,0.0009,44.6784
0.8424,0.89856,9,3,103,1,0.0182,-0.014,30.86,9.9,1.562,1.198,25.67,0.45,False,0.0007,22.8044
0.8424,0.89856,9,3,103,1,0.001,-0.0012,22.08,4.98,1.009,0.729,34.87,0.776,False,0.0004,51.7049
0.8424,0.89856,9,3,103,1,-0.0523,-0.0173,20.73,14.51,1.311,1.214,23.38,0.62,False,0.0008,52.0427
0.8424,0.89856,9,3,103,1,0.0137,0.0084,38.4,14.88,1.662,1.064,39.98,0.745,False,0.0012,40.9259
0.8424,0.89856,9,3,103,1,0.0035,-0.0045,39.5,5.05,1.299,0.907,20.71,0.403,False,0.0007,16.2468
0.8424,0.91728,9,4,104,1,-0.0405,-0.0081,42.97,6.43,1.408,1.078,36.09,0.494,False,0.0017,27.8049
0.8424,0.91728,9,4,104,1,-0.0508,-0.0196,23.79,11.48,1.619,0.975,33.75,0.669,False,0.0017,31.3532
0.8424,0.91728,9,4,104,1,-0.0277,0.0012,29.11,8.26,1.034,1.169,29.45,0.635,False,0.0012,22.202
0.8424,0.91728,9,4,104,1,-0.0416,-0.0122,38.17,6.86,1.175,1.237,31.69,0.458,False,0.0016,21.3543
0.8424,0.91728,9,4,104,1,-0.0168,-0.0061,27.19,6.19,1.159,0.988,26.35,0.66,False,0.0003,43.0975
0.8424,0.91728,9,4,104,1,0.0082,-0.0168,43.47,7.88,0.954,0.763,24.2,0.509,False,0.0008,21.0165
0.8424,0.91728,9,4,104,1,-0.0637,-0.0058,44.88,13.84,1.343,1.358,27.87,0.524,False,0.0007,78.8632
0.8424,0.91728,9,4,104,1,-0.0292,0.0093,30.36,9.17,1.448,0.869,28.57,0.567,False,0.0003,88.1707
0.8424,0.91728,9,4,104,1,-0.0013,0.001,42.04,10.39,1.26,0.83,32.96,0.594,False,0.0009,39.0515
0.8424,0.91728,9,4,104,1,-0.0551,-0.0033,40.64,2.5,0.915,1.265,31.29,0.418,False,0.0001,332.2779
0.8424,0.91728,9,4,104,1,-0.0072,0.008,32.99,5.61,0.809,1.133,22.79,0.585,False,0.0007,15.9189
0.8424,0.91728,9,4,104,1,0.0228,-0.0094,26.25,4.1,1.723,1.152,29.23,0.608,False,0.0004,24.24
0.8424,0.91728,9,4,104,1,-0.0224,0.0021,21.59,10.94,1.491,0.701,39.25,0.711,False,0.0012,34.238
0.8424,0.91728,9,4,104,1,-0.0139,-0.0001,25.24,12.5,0.985,0.859,38.37,0.641,False,0.0014,29.9941
0.8424,0.91728,9,4,104,1,-0.0062,-0.0108,33.68,12.27,1.519,1.012,35.88,0.537,False,0.0003,119.1472
0.8424,0.91728,9,4,104,1,-0.0238,-0.018,34.46,3.05,1.756,1.117,30.61,0.687,False,0.0003,57.5284
0.8424,0.91728,9,4,104,1,-0.0698,-0.0116,37.01,4.56,1.58,0.933,22.55,0.555,False,0.0013,15.1254
0.8424,0.91728,9,4,104,1,0.0216,-0.0075,32.1,13.28,1.669,0.803,24.81,0.727,False,0.0007,48.7374
0.8424,0.91728,9,4,104,1,-0.0115,0.0036,36.44,2.23,0.839,1.379,37.11,0.8,False,0.0006,47.2346
0.8424,0.91728,9,4,104,1,-0.0626,-0.0153,41.2,7.57,0.876,0.939,37.93,0.431,False,0.0026,23.1937
0.8424,0.91728,9,4,104,1,0.0122,-0.0136,35.07,8.89,1.772,1.031,21.85,0.768,False,0.0,524.0348
0.8424,0.91728,9,4,104,1,-0.0463,-0.0023,24.21,3.6,1.228,1.352,20.47,0.748,False,0.0005,13.659
0.8424,0.91728,9,4,104,1,-0.0344,0.0051,22.51,13.08,1.116,1.299,26.74,0.468,False,0.0002,132.2567
0.8424,0.91728,9,4,104,1,-0.0355,0.0043,29.45,11.63,1.069,1.324,34.42,0.703,False,0.0002,239.8791
0.8424,0.91728,9,4,104,1,-0.0579,0.0064,27.64,9.75,1.393,0.786,32.56,0.482,False,0.0008,46.2972
0.8424,0.91728,9,4,104,1,0.0182,-0.014,30.86,9.9,1.562,1.198,25.67,0.45,False,0.0007,22.5497
0.8424,0.91728,9,4,104,1,0.001,-0.0012,22.08,4.98,1.009,0.729,34.87,0.776,False,0.0006,30.886
0.8424,0.91728,9,4,104,1,-0.0523,-0.0173,20.73,14.51,1.311,1.214,23.38,0.62,False,0.0006,61.706
0.8424,0.91728,9,4,104,1,0.0137,0.0084,38.4,14.88,1.662,1.064,39.98,0.745,False,0.0009,49.3793
0.8424,0.91728,9,4,104,1,0.0035,-0.0045,39.5,5.05,1.299,0.907,20.71,0.403,False,0.0007,14.4041
0.8424,0.936,9,5,105,1,-0.0405,-0.0081,42.97,6.43,1.408,1.078,36.09,0.494,False,0.0017,25.5229
0.8424,0.936,9,5,105,1,-0.0508,-0.0196,23.79,11.48,1.619,0.975,33.75,0.669,False,0.0016,31.7024
0.8424,0.936,9,5,105,1,-0.0277,0.0012,29.11,8.26,1.034,1.169,29.45,0.635,False,0.0012,21.0935
0.8424,0.936,9,5,105,1,-0.0416,-0.0122,38.17,6.86,1.175,1.237,31.69,0.458,False,0.0013,24.2313
0.8424,0.936,9,5,105,1,-0.0168,-0.0061,27.19,6.19,1.159,0.988,26.35,0.66,False,0.0004,37.1193
0.8424,0.936,9,5,105,1,0.0082,-0.0168,43.47,7.88,0.954,0.763,24.2,0.509,False,0.0008,22.6084
0.8424,0.936,9,5,105,1,-0.0637,-0.0058,44.88,13.84,1.343,1.358,27.87,0.524,False,0.0007,81.1427
0.8424,0.936,9,5,105,1,-0.0292,0.0093,30.36,9.17,1.448,0.869,28.57,0.567,False,0.0002,110.3561
0.8424,0.936,9,5,105,1,-0.0013,0.001,42.04,10.39,1.26,0.83,32.96,0.594,False,0.0009,40.2747
0.8424,0.936,9,5,105,1,-0.0551,-0.0033,40.64,2.5,0.915,1.265,31.29,0.418,False,0.0001,309.3328
0.8424,0.936,9,5,105,1,-0.0072,0.008,32.99,5.61,0.809,1.133,22.79,0.585,False,0.0006,16.68
0.8424,0.936,9,5,105,1,0.0228,-0.0094,26.25,4.1,1.723,1.152,29.23,0.608,False,0.0,207.4804
0.8424,0.936,9,5,105,1,-0.0224,0.0021,21.59,10.94,1.491,0.701,39.25,0.711,False,0.0012,34.0933
0.8424,0.936,9,5,105,1,-0.0139,-0.0001,25.24,12.5,0.985,0.859,38.37,0.641,False,0.0013,31.0186
0.8424,0.936,9,5,105,1,-0.0062,-0.0108,33.68,12.27,1.519,1.012,35.88,0.537,False,0.0004,99.2388
0.8424,0.936,9,5,105,1,-0.0238,-0.018,34.46,3.05,1.756,1.117,30.61,0.687,False,0.0004,51.4859
0.8424,0.936,9,5,105,1,-0.0698,-0.0116,37.01,4.56,1.58,0.933,22.55,0.555,False,0.0011,17.0248
0.8424,0.936,9,5,105,1,0.0216,-0.0075,32.1,13.28,1.669,0.803,24.81,0.727,False,0.0003,92.0241
0.8424,0.936,9,5,105,1,-0.0115,0.0036,36.44,2.23,0.839,1.379,37.11,0.8,False,0.0005,53.3887
0.8424,0.936,9,5,105,1,-0.0626,-0.0153,41.2,7.57,0.876,0.939,37.93,0.431,False,0.0021,26.6753
0.8424,0.936,9,5,105,1,0.0122,-0.0136,35.07,8.89,1.772,1.031,21.85,0.768,False,0.0001,149.6017
0.8424,0.936,9,5,105,1,-0.0463,-0.0023,24.21,3.6,1.228,1.352,20.47,0.748,False,0.0004,16.4339
0.8424,0.936,9,5,105,1,-0.0344,0.0051,22.51,13.08,1.116,1.299,26.74,0.468,False,0.0008,29.2806
0.8424,0.936,9,5,105,1,-0.0355,0.0043,29.45,11.63,1.069,1.324,34.42,0.703,False,0.0005,90.899
0.8424,0.936,9,5,105,1,-0.0579,0.0064,27.64,9.75,1.393,0.786,32.56,0.482,False,0.0009,40.2264
0.8424,0.936,9,5,105,1,0.0182,-0.014,30.86,9.9,1.562,1.198,25.67,0.45,False,0.0005,28.5817
0.8424,0.936,9,5,105,1,0.001,-0.0012,22.08,4.98,1.009,0.729,34.87,0.776,False,0.0005,34.5723
0.8424,0.936,9,5,105,1,-0.0523,-0.0173,20.73,14.51,1.311,1.214,23.38,0.62,False,0.0004,88.1113
0.8424,0.936,9,5,105,1,0.0137,0.0084,38.4,14.88,1.662,1.064,39.98,0.745,False,0.0008,52.0683
0.8424,0.936,9,5,105,1,0.0035,-0.0045,39.5,5.05,1.299,0.907,20.71,0.403,False,0.0006,16.2639
0.8424,0.95472,9,6,106,1,-0.0405,-0.0081,42.97,6.43,1.408,1.078,36.09,0.494,False,0.0023,22.093
0.8424,0.95472,9,6,106,1,-0.0508,-0.0196,23.79,11.48,1.619,0.975,33.75,0.669,False,0.0028,20.4715
0.8424,0.95472,9,6,106,1,-0.0277,0.0012,29.11,8.26,1.034,1.169,29.45,0.635,False,0.0009,32.5702
0.8424,0.95472,9,6,106,1,-0.0416,-0.0122,38.17,6.86,1.175,1.237,31.69,0.458,False,0.0013,28.4063
0.8424,0.95472,9,6,106,1,-0.0168,-0.0061,27.19,6.19,1.159,0.988,26.35,0.66,False,0.0007,21.9812
0.8424,0.95472,9,6,106,1,0.0082,-0.0168,43.47,7.88,0.954,0.763,24.2,0.509,False,0.0003,59.6978
0.8424,0.95472,9,6,106,1,-0.0637,-0.0058,44.88,13.84,1.343,1.358,27.87,0.524,False,0.0004,167.2088
0.8424,0.95472,9,6,106,1,-0.0292,0.0093,30.36,9.17,1.448,0.869,28.57,0.567,False,0.0005,57.9293
0.8424,0.95472,9,6,106,1,-0.0013,0.001,42.04,10.39,1.26,0.83,32.96,0.594,False,0.001,39.3829
0.8424,0.95472,9,6,106,1,-0.0551,-0.0033,40.64,2.5,0.915,1.265,31.29,0.418,False,0.0004,84.4852
0.8424,0.95472,9,6,106,1,-0.0072,0.008,32.99,5.61,0.809,1.133,22.79,0.585,False,0.0012,9.3318
0.8424,0.95472,9,6,106,1,0.0228,-0.0094,26.25,4.1,1.723,1.152,29.23,0.608,False,0.0002,66.4506
0.8424,0.95472,9,6,106,1,-0.0224,0.0021,21.59,10.94,1.491,0.701,39.25,0.711,False,0.0011,43.3392
0.8424,0.95472,9,6,106,1,-0.0139,-0.0001,25.24,12.5,0.985,0.859,38.37,0.641,False,0.0046,9.8765
0.8424,0.95472,9,6,106,1,-0.0062,-0.0108,33.68,12.27,1.519,1.012,35.88,0.537,False,0.0025,16.719
0.8424,0.95472,9,6,106,1,-0.0238,-0.018,34.46,3.05,1.756,1.117,30.61,0.687,False,0.0003,84.6859
0.8424,0.95472,9,6,106,1,-0.0698,-0.0116,37.01,4.56,1.58,0.933,22.55,0.555,False,0.0018,11.9692
0.8424,0.95472,9,6,106,1,0.0216,-0.0075,32.1,13.28,1.669,0.803,24.81,0.727,False,0.0002,190.4775
0.8424,0.95472,9,6,106,1,-0.0115,0.0036,36.44,2.23,0.839,1.379,37.11,0.8,False,0.0005,61.8399
0.8424,0.95472,9,6,106,1,-0.0626,-0.0153,41.2,7.57,0.876,0.939,37.93,0.431,False,0.0033,19.146
0.8424,0.95472,9,6,106,1,0.0122,-0.0136,35.07,8.89,1.772,1.031,21.85,0.768,False,0.0003,70.5449
0.8424,0.95472,9,6,106,1,-0.0463,-0.0023,24.21,3.6,1.228,1.352,20.47,0.748,False,0.0002,32.4789
0.8424,0.95472,9,6,106,1,-0.0344,0.0051,22.51,13.08,1.116,1.299,26.74,0.468,False,0.0003,89.7733
0.8424,0.95472,9,6,106,1,-0.0355,0.0043,29.45,11.63,1.069,1.324,34.42,0.703,False,0.0004,143.5412
0.8424,0.95472,9,6,106,1,-0.0579,0.0064,27.64,9.75,1.393,0.786,32.56,0.482,False,0.0005,79.0808
0.8424,0.95472,9,6,106,1,0.0182,-0.014,30.86,9.9,1.562,1.198,25.67,0.45,False,0.0006,26.0899
0.8424,0.95472,9,6,106,1,0.001,-0.0012,22.08,4.98,1.009,0.729,34.87,0.776,False,0.0006,31.8981
0.8424,0.95472,9,6,106,1,-0.0523,-0.0173,20.73,14.51,1.311,1.214,23.38,0.62,False,0.0005,79.9105
0.8424,0.95472,9,6,106,1,0.0137,0.0084,38.4,14.88,1.662,1.064,39.98,0.745,False,0.0013,33.3829
0.8424,0.95472,9,6,106,1,0.0035,-0.0045,39.5,5.05,1.299,0.907,20.71,0.403,False,0.0006,16.8454
0.8424,0.97344,9,7,107,1,-0.0405,-0.0081,42.97,6.43,1.408,1.078,36.09,0.494,False,0.0021,22.3405
0.8424,0.97344,9,7,107,1,-0.0508,-0.0196,23.79,11.48,1.619,0.975,33.75,0.669,False,0.0019,27.4463
0.8424,0.97344,9,7,107,1,-0.0277,0.0012,29.11,8.26,1.034,1.169,29.45,0.635,False,0.0009,32.1258
0.8424,0.97344,9,7,107,1,-0.0416,-0.0122,38.17,6.86,1.175,1.237,31.69,0.458,False,0.0013,27.4837
0.8424,0.97344,9,7,107,1,-0.0168,-0.0061,27.19,6.19,1.159,0.988,26.35,0.66,False,0.0005,28.6072
0.8424,0.97344,9,7,107,1,0.0082,-0.0168,43.47,7.88,0.954,0.763,24.2,0.509,False,0.0008,24.1965
0.8424,0.97344,9,7,107,1,-0.0637,-0.0058,44.88,13.84,1.343,1.358,27.87,0.524,False,0.001,59.1009
0.8424,0.97344,9,7,107,1,-0.0292,0.0093,30.36,9.17,1.448,0.869,28.57,0.567,False,0.0002,132.8323
0.8424,0.97344,9,7,107,1,-0.0013,0.001,42.04,10.39,1.26,0.83,32.96,0.594,False,0.0009,41.8485
0.8424,0.97344,9,7,107,1,-0.0551,-0.0033,40.64,2.5,0.915,1.265,31.29,0.418,False,0.0003,106.6887
0.8424,0.97344,9,7,107,1,-0.0072,0.008,32.99,5.61,0.809,1.133,22.79,0.585,False,0.0009,12.6484
0.8424,0.97344,9,7,107,1,0.0228,-0.0094,26.25,4.1,1.723,1.152,29.23,0.608,False,0.0006,17.5334
0.8424,0.97344,9,7,107,1,-0.0224,0.0021,21.59,10.94,1.491,0.701,39.25,0.711,False,0.001,44.6878
0.8424,0.97344,9,7,107,1,-0.0139,-0.0001,25.24,12.5,0.985,0.859,38.37,0.641,False,0.0017,28.0946
0.8424,0.97344,9,7,107,1,-0.0062,-0.0108,33.68,12.27,1.519,1.012,35.88,0.537,False,0.0006,72.1894
0.8424,0.97344,9,7,107,1,-0.0238,-0.018,34.46,3.05,1.756,1.117,30.61,0.687,False,0.0001,155.2791
0.8424,0.97344,9,7,107,1,-0.0698,-0.0116,37.01,4.56,1.58,0.933,22.55,0.555,False,0.0014,14.2826
0.8424,0.97344,9,7,107,1,0.0216,-0.0075,32.1,13.28,1.669,0.803,24.81,0.727,False,0.0006,52.8769
0.8424,0.97344,9,7,107,1,-0.0115,0.0036,36.44,2.23,0.839,1.379,37.11,0.8,False,0.0006,48.5984
0.8424,0.97344,9,7,107,1,-0.0626,-0.0153,41.2,7.57,0.876,0.939,37.93,0.431,False,0.0027,22.1584
0.8424,0.97344,9,7,107,1,0.0122,-0.0136,35.07,8.89,1.772,1.031,21.85,0.768,False,0.0002,105.5045
0.8424,0.97344,9,7,107,1,-0.0463,-0.0023,24.21,3.6,1.228,1.352,20.47,0.748,False,0.0007,9.3693
0.8424,0.97344,9,7,107,1,-0.0344,0.0051,22.51,13.08,1.116,1.299,26.74,0.468,False,0.0001,182.5578
0.8424,0.97344,9,7,107,1,-0.0355,0.0043,29.45,11.63,1.069,1.324,34.42,0.703,False,0.0004,129.7379
0.8424,0.97344,9,7,107,1,-0.0579,0.0064,27.64,9.75,1.393,0.786,32.56,0.482,False,0.0006,60.0655
0.8424,0.97344,9,7,107,1,0.0182,-0.014,30.86,9.9,1.562,1.198,25.67,0.45,False,0.0008,19.7097
0.8424,0.97344,9,7,107,1,0.001,-0.0012,22.08,4.98,1.009,0.729,34.87,0.776,False,0.0006,32.1665
0.8424,0.97344,9,7,107,1,-0.0523,-0.0173,20.73,14.51,1.311,1.214,23.38,0.62,False,0.0006,68.089
0.8424,0.97344,9,7,107,1,0.0137,0.0084,38.4,14.88,1.662,1.064,39.98,0.745,False,0.001,44.4733
0.8424,0.97344,9,7,107,1,0.0035,-0.0045,39.5,5.05,1.299,0.907,20.71,0.403,False,0.0008,12.6691
0.8424,0.99216,9,8,108,1,-0.0405,-0.0081,42.97,6.43,1.408,1.078,36.09,0.494,False,0.002,23.5214
0.8424,0.99216,9,8,108,1,-0.0508,-0.0196,23.79,11.48,1.619,0.975,33.75,0.669,False,0.0018,29.0251
0.8424,0.99216,9,8,108,1,-0.0277,0.0012,29.11,8.26,1.034,1.169,29.45,0.635,False,0.0009,30.5118
0.8424,0.99216,9,8,108,1,-0.0416,-0.0122,38.17,6.86,1.175,1.237,31.69,0.458,False,0.0012,28.9506
0.8424,0.99216,9,8,108,1,-0.0168,-0.0061,27.19,6.19,1.159,0.988,26.35,0.66,False,0.0006,26.1002
0.8424,0.99216,9,8,108,1,0.0082,-0.0168,43.47,7.88,0.954,0.763,24.2,0.509,False,0.0011,19.047
0.8424,0.99216,9,8,108,1,-0.0637,-0.0058,44.88,13.84,1.343,1.358,27.87,0.524,False,0.0005,117.0442
0.8424,0.99216,9,8,108,1,-0.0292,0.0093,30.36,9.17,1.448,0.869,28.57,0.567,False,0.0002,147.8287
0.8424,0.99216,9,8,108,1,-0.0013,0.001,42.04,10.39,1.26,0.83,32.96,0.594,False,0.0009,41.3081
0.8424,0.99216,9,8,108,1,-0.0551,-0.0033,40.64,2.5,0.915,1.265,31.29,0.418,False,0.0004,91.2409
0.8424,0.99216,9,8,108,1,-0.0072,0.008,32.99,5.61,0.809,1.133,22.79,0.585,False,0.0006,16.6666
0.8424,0.99216,9,8,108,1,0.0228,-0.0094,26.25,4.1,1.723,1.152,29.23,0.608,False,0.0005,25.1011
0.8424,0.99216,9,8,108,1,-0.0224,0.0021,21.59,10.94,1.491,0.701,39.25,0.711,False,0.001,45.4235
0.8424,0.99216,9,8,108,1,-0.0139,-0.0001,25.24,12.5,0.985,0.859,38.37,0.641,False,0.0011,38.8411
0.8424,0.99216,9,8,108,1,-0.0062,-0.0108,33.68,12.27,1.519,1.012,35.88,0.537,False,0.0005,70.5982
0.8424,0.99216,9,8,108,1,-0.0238,-0.018,34.46,3.05,1.756,1.117,30.61,0.687,False,0.0003,85.1311
0.8424,0.99216,9,8,108,1,-0.0698,-0.0116,37.01,4.56,1.58,0.933,22.55,0.555,False,0.0013,14.6598
0.8424,0.99216,9,8,108,1,0.0216,-0.0075,32.1,13.28,1.669,0.803,24.81,0.727,False,0.0005,67.0478
0.8424,0.99216,9,8,108,1,-0.0115,0.0036,36.44,2.23,0.839,1.379,37.11,0.8,False,0.0005,61.8723
0.8424,0.99216,9,8,108,1,-0.0626,-0.0153,41.2,7.57,0.876,0.939,37.93,0.431,False,0.0024,23.9588
0.8424,0.99216,9,8,108,1,0.0122,-0.0136,35.07,8.89,1.772,1.031,21.85,0.768,False,0.0002,104.2191
0.8424,0.99216,9,8,108,1,-0.0463,-0.0023,24.21,3.6,1.228,1.352,20.47,0.748,False,0.0004,15.7633
0.8424,0.99216,9,8,108,1,-0.0344,0.0051,22.51,13.08,1.116,1.299,26.74,0.468,False,0.0002,128.1762
0.8424,0.99216,9,8,108,1,-0.0355,0.0043,29.45,11.63,1.069,1.324,34.42,0.703,False,0.0001,367.252
0.8424,0.99216,9,8,108,1,-0.0579,0.0064,27.64,9.75,1.393,0.786,32.56,0.482,False,0.0004,88.1816
0.8424,0.99216,9,8,108,1,0.0182,-0.014,30.86,9.9,1.562,1.198,25.67,0.45,False,0.0006,28.9662
0.8424,0.99216,9,8,108,1,0.001,-0.0012,22.08,4.98,1.009,0.729,34.87,0.776,False,0.001,18.596
0.8424,0.99216,9,8,108,1,-0.0523,-0.0173,20.73,14.51,1.311,1.214,23.38,0.62,False,0.0005,87.5035
0.8424,0.99216,9,8,108,1,0.0137,0.0084,38.4,14.88,1.662,1.064,39.98,0.745,False,0.0007,68.2978
0.8424,0.99216,9,8,108,1,0.0035,-0.0045,39.5,5.05,1.299,0.907,20.71,0.403,False,0.0005,23.2816
0.8424,1.01088,9,9,109,1,-0.0405,-0.0081,42.97,6.43,1.408,1.078,36.09,0.494,False,0.0019,26.2914
0.8424,1.01088,9,9,109,1,-0.0508,-0.0196,23.79,11.48,1.619,0.975,33.75,0.669,False,0.0016,33.9486
0.8424,1.01088,9,9,109,1,-0.0277,0.0012,29.11,8.26,1.034,1.169,29.45,0.635,False,0.001,29.12
0.8424,1.01088,9,9,109,1,-0.0416,-0.0122,38.17,6.86,1.175,1.237,31.69,0.458,False,0.0013,27.6267
0.8424,1.01088,9,9,109,1,-0.0168,-0.0061,27.19,6.19,1.159,0.988,26.35,0.66,False,0.0004,37.4804
0.8424,1.01088,9,9,109,1,0.0082,-0.0168,43.47,7.88,0.954,0.763,24.2,0.509,False,0.001,18.492
0.8424,1.01088,9,9,109,1,-0.0637,-0.0058,44.88,13.84,1.343,1.358,27.87,0.524,False,0.0006,100.0087
0.8424,1.01088,9,9,109,1,-0.0292,0.0093,30.36,9.17,1.448,0.869,28.57,0.567,False,0.0,1549.3549
0.8424,1.01088,9,9,109,1,-0.0013,0.001,42.04,10.39,1.26,0.83,32.96,0.594,False,0.0009,38.6063
0.8424,1.01088,9,9,109,1,-0.0551,-0.0033,40.64,2.5,0.915,1.265,31.29,0.418,False,0.0002,165.7067
0.8424,1.01088,9,9,109,1,-0.0072,0.008,32.99,5.61,0.809,1.133,22.79,0.585,False,0.0005,21.0101
0.8424,1.01088,9,9,109,1,0.0228,-0.0094,26.25,4.1,1.723,1.152,29.23,0.608,False,0.0006,17.4612
0.8424,1.01088,9,9,109,1,-0.0224,0.0021,21.59,10.94,1.491,0.701,39.25,0.711,False,0.001,43.7885
0.8424,1.01088,9,9,109,1,-0.0139,-0.0001,25.24,12.5,0.985,0.859,38.37,0.641,False,0.0011,38.4706
0.8424,1.01088,9,9,109,1,-0.0062,-0.0108,33.68,12.27,1.519,1.012,35.88,0.537,False,0.0006,66.7922
0.8424,1.01088,9,9,109,1,-0.0238,-0.018,34.46,3.05,1.756,1.117,30.61,0.687,False,0.0005,42.5848
0.8424,1.01088,9,9,109,1,-0.0698,-0.0116,37.01,4.56,1.58,0.933,22.55,0.555,False,0.0013,16.1423
0.8424,1.01088,9,9,109,1,0.0216,-0.0075,32.1,13.28,1.669,0.803,24.81,0.727,False,0.0008,41.1585
0.8424,1.01088,9,9,109,1,-0.0115,0.0036,36.44,2.23,0.839,1.379,37.11,0.8,False,0.0005,63.05
0.8424,1.01088,9,9,109,1,-0.0626,-0.0153,41.2,7.57,0.876,0.939,37.93,0.431,False,0.0024,24.7919
0.8424,1.01088,9,9,109,1,0.0122,-0.0136,35.07,8.89,1.772,1.031,21.85,0.768,False,0.0,543.7623
0.8424,1.01088,9,9,109,1,-0.0463,-0.0023,24.21,3.6,1.228,1.352,20.47,0.748,False,0.0004,17.2258
0.8424,1.01088,9,9,109,1,-0.0344,0.0051,22.51,13.08,1.116,1.299,26.74,0.468,False,0.0002,169.1992
0.8424,1.01088,9,9,109,1,-0.0355,0.0043,29.45,11.63,1.069,1.324,34.42,0.703,False,0.0003,179.5625
0.8424,1.01088,9,9,109,1,-0.0579,0.0064,27.64,9.75,1.393,0.786,32.56,0.482,False,0.0005,74.0825
0.8424,1.01088,9,9,109,1,0.0182,-0.014,30.86,9.9,1.562,1.198,25.67,0.45,False,0.0005,30.9093
0.8424,1.01088,9,9,109,1,0.001,-0.0012,22.08,4.98,1.009,0.729,34.87,0.776,False,0.0004,41.4665
0.8424,1.01088,9,9,109,1,-0.0523,-0.0173,20.73,14.51,1.311,1.214,23.38,0.62,False,0.0006,67.772
0.8424,1.01088,9,9,109,1,0.0137,0.0084,38.4,14.88,1.662,1.064,39.98,0.745,False,0.0006,65.8771
0.8424,1.01088,9,9,109,1,0.0035,-0.0045,39.5,5.05,1.299,0.907,20.71,0.403,False,0.0006,16.2646
0.8424,1.0296,9,10,110,1,-0.0405,-0.0081,42.97,6.43,1.408,1.078,36.09,0.494,False,0.0014,28.8709
0.8424,1.0296,9,10,110,1,-0.0508,-0.0196,23.79,11.48,1.619,0.975,33.75,0.669,False,0.0015,32.0736
0.8424,1.0296,9,10,110,1,-0.0277,0.0012,29.11,8.26,1.034,1.169,29.45,0.635,False,0.0009,27.7922
0.8424,1.0296,9,10,110,1,-0.0416,-0.0122,38.17,6.86,1.175,1.237,31.69,0.458,False,0.0013,24.1279
0.8424,1.0296,9,10,110,1,-0.0168,-0.0061,27.19,6.19,1.159,0.988,26.35,0.66,False,0.0004,31.7593
0.8424,1.0296,9,10,110,1,0.0082,-0.0168,43.47,7.88,0.954,0.763,24.2,0.509,False,0.0007,25.1863
0.8424,1.0296,9,10,110,1,-0.0637,-0.0058,44.88,13.84,1.343,1.358,27.87,0.524,False,0.0006,86.7517
0.8424,1.0296,9,10,110,1,-0.0292,0.0093,30.36,9.17,1.448,0.869,28.57,0.567,False,0.0001,294.2058
0.8424,1.0296,9,10,110,1,-0.0013,0.001,42.04,10.39,1.26,0.83,32.96,0.594,False,0.0008,45.4276
0.8424,1.0296,9,10,110,1,-0.0551,-0.0033,40.64,2.5,0.915,1.265,31.29,0.418,False,0.0003,117.2518
0.8424,1.0296,9,10,110,1,-0.0072,0.008,32.99,5.61,0.809,1.133,22.79,0.585,False,0.0006,17.9532
0.8424,1.0296,9,10,110,1,0.0228,-0.0094,26.25,4.1,1.723,1.152,29.23,0.608,False,0.0005,20.4062
0.8424,1.0296,9,10,110,1,-0.0224,0.0021,21.59,10.94,1.491,0.701,39.25,0.711,False,0.0011,39.5401
0.8424,1.0296,9,10,110,1,-0.0139,-0.0001,25.24,12.5,0.985,0.859,38.37,0.641,False,0.0012,34.7693
0.8424,1.0296,9,10,110,1,-0.0062,-0.0108,33.68,12.27,1.519,1.012,35.88,0.537,False,0.0003,106.354
0.8424,1.0296,9,10,110,1,-0.0238,-0.018,34.46,3.05,1.756,1.117,30.61,0.687,False,0.0002,114.6821
0.8424,1.0296,9,10,110,1,-0.0698,-0.0116,37.01,4.56,1.58,0.933,22.55,0.555,False,0.0011,16.4765
0.8424,1.0296,9,10,110,1,0.0216,-0.0075,32.1,13.28,1.669,0.803,24.81,0.727,False,0.0004,73.4358
0.8424,1.0296,9,10,110,1,-0.0115,0.0036,36.44,2.23,0.839,1.379,37.11,0.8,False,0.0004,71.4191
0.8424,1.0296,9,10,110,1,-0.0626,-0.0153,41.2,7.57,0.876,0.939,37.93,0.431,False,0.0019,28.1699
0.8424,1.0296,9,10,110,1,0.0122,-0.0136,35.07,8.89,1.772,1.031,21.85,0.768,False,0.0002,115.1674
0.8424,1.0296,9,10,110,1,-0.0463,-0.0023,24.21,3.6,1.228,1.352,20.47,0.748,False,0.0004,14.7089
0.8424,1.0296,9,10,110,1,-0.0344,0.0051,22.51,13.08,1.116,1.299,26.74,0.468,False,0.0001,349.9644
0.8424,1.0296,9,10,110,1,-0.0355,0.0043,29.45,11.63,1.069,1.324,34.42,0.703,False,0.0002,295.1676
0.8424,1.0296,9,10,110,1,-0.0579,0.0064,27.64,9.75,1.393,0.786,32.56,0.482,False,0.0008,42.6024
0.8424,1.0296,9,10,110,1,0.0182,-0.014,30.86,9.9,1.562,1.198,25.67,0.45,False,0.0006,24.9665
0.8424,1.0296,9,10,110,1,0.001,-0.0012,22.08,4.98,1.009,0.729,34.87,0.776,False,0.0003,50.2551
0.8424,1.0296,9,10,110,1,-0.0523,-0.0173,20.73,14.51,1.311,1.214,23.38,0.62,False,0.0005,80.9686
0.8424,1.0296,9,10,110,1,0.0137,0.0084,38.4,14.88,1.662,1.064,39.98,0.745,False,0.0007,56.9458
0.8424,1.0296,9,10,110,1,0.0035,-0.0045,39.5,5.05,1.299,0.907,20.71,0.403,False,0.0006,16.3416
0.858,0.8424,10,0,111,1,-0.0405,-0.0081,42.97,6.43,1.408,1.078,36.09,0.494,False,0.0015,28.0058
0.858,0.8424,10,0,111,1,-0.0508,-0.0196,23.79,11.48,1.619,0.975,33.75,0.669,False,0.001,49.3397
0.858,0.8424,10,0,111,1,-0.0277,0.0012,29.11,8.26,1.034,1.169,29.45,0.635,False,0.0009,28.1301
0.858,0.8424,10,0,111,1,-0.0416,-0.0122,38.17,6.86,1.175,1.237,31.69,0.458,False,0.0017,17.8473
0.858,0.8424,10,0,111,1,-0.0168,-0.0061,27.19,6.19,1.159,0.988,26.35,0.66,False,0.0004,38.0507
0.858,0.8424,10,0,111,1,0.0082,-0.0168,43.47,7.88,0.954,0.763,24.2,0.509,False,0.0005,39.1402
0.858,0.8424,10,0,111,1,-0.0637,-0.0058,44.88,13.84,1.343,1.358,27.87,0.524,False,0.0006,92.8461
0.858,0.8424,10,0,111,1,-0.0292,0.0093,30.36,9.17,1.448,0.869,28.57,0.567,False,0.0002,118.758
0.858,0.8424,10,0,111,1,-0.0013,0.001,42.04,10.39,1.26,0.83,32.96,0.594,False,0.0011,36.7289
0.858,0.8424,10,0,111,1,-0.0551,-0.0033,40.64,2.5,0.915,1.265,31.29,0.418,False,0.0002,141.9686
0.858,0.8424,10,0,111,1,-0.0072,0.008,32.99,5.61,0.809,1.133,22.79,0.585,False,0.0008,14.0299
0.858,0.8424,10,0,111,1,0.0228,-0.0094,26.25,4.1,1.723,1.152,29.23,0.608,False,0.0002,46.4102
0.858,0.8424,10,0,111,1,-0.0224,0.0021,21.59,10.94,1.491,0.701,39.25,0.711,False,0.0011,39.5525
0.858,0.8424,10,0,111,1,-0.0139,-0.0001,25.24,12.5,0.985,0.859,38.37,0.641,False,0.0015,28.9583
0.858,0.8424,10,0,111,1,-0.0062,-0.0108,33.68,12.27,1.519,1.012,35.88,0.537,False,0.0002,216.86
0.858,0.8424,10,0,111,1,-0.0238,-0.018,34.46,3.05,1.756,1.117,30.61,0.687,False,0.0005,40.2468
0.858,0.8424,10,0,111,1,-0.0698,-0.0116,37.01,4.56,1.58,0.933,22.55,0.555,False,0.0011,17.7298
0.858,0.8424,10,0,111,1,0.0216,-0.0075,32.1,13.28,1.669,0.803,24.81,0.727,False,0.0003,122.4668
0.858,0.8424,10,0,111,1,-0.0115,0.0036,36.44,2.23,0.839,1.379,37.11,0.8,False,0.0007,43.5029
0.858,0.8424,10,0,111,1,-0.0626,-0.0153,41.2,7.57,0.876,0.939,37.93,0.431,False,0.002,27.8914
0.858,0.8424,10,0,111,1,0.0122,-0.0136,35.07,8.89,1.772,1.031,21.85,0.768,False,0.0001,213.0864
0.858,0.8424,10,0,111,1,-0.0463,-0.0023,24.21,3.6,1.228,1.352,20.47,0.748,False,0.0005,12.8691
0.858,0.8424,10,0,111,1,-0.0344,0.0051,22.51,13.08,1.116,1.299,26.74,0.468,False,0.0001,228.8477
0.858,0.8424,10,0,111,1,-0.0355,0.0043,29.45,11.63,1.069,1.324,34.42,0.703,False,0.0003,136.547
0.858,0.8424,10,0,111,1,-0.0579,0.0064,27.64,9.75,1.393,0.786,32.56,0.482,False,0.0004,86.3071
0.858,0.8424,10,0,111,1,0.0182,-0.014,30.86,9.9,1.562,1.198,25.67,0.45,False,0.0007,22.9852
0.858,0.8424,10,0,111,1,0.001,-0.0012,22.08,4.98,1.009,0.729,34.87,0.776,False,0.0005,34.5532
0.858,0.8424,10,0,111,1,-0.0523,-0.0173,20.73,14.51,1.311,1.214,23.38,0.62,False,0.0006,65.9371
0.858,0.8424,10,0,111,1,0.0137,0.0084,38.4,14.88,1.662,1.064,39.98,0.745,False,0.001,44.2152
0.858,0.8424,10,0,111,1,0.0035,-0.0045,39.5,5.05,1.299,0.907,20.71,0.403,False,0.0007,14.6679
0.858,0.86112,10,1,112,1,-0.0405,-0.0081,42.97,6.43,1.408,1.078,36.09,0.494,False,0.0022,20.7593
0.858,0.86112,10,1,112,1,-0.0508,-0.0196,23.79,11.48,1.619,0.975,33.75,0.669,False,0.0019,27.387
0.858,0.86112,10,1,112,1,-0.0277,0.0012,29.11,8.26,1.034,1.169,29.45,0.635,False,0.0009,28.557
0.858,0.86112,10,1,112,1,-0.0416,-0.0122,38.17,6.86,1.175,1.237,31.69,0.458,False,0.0012,27.8488
0.858,0.86112,10,1,112,1,-0.0168,-0.0061,27.19,6.19,1.159,0.988,26.35,0.66,False,0.0006,24.624
0.858,0.86112,10,1,112,1,0.0082,-0.0168,43.47,7.88,0.954,0.763,24.2,0.509,False,0.0009,20.5587
0.858,0.86112,10,1,112,1,-0.0637,-0.0058,44.88,13.84,1.343,1.358,27.87,0.524,False,0.0005,109.2648
0.858,0.86112,10,1,112,1,-0.0292,0.0093,30.36,9.17,1.448,0.869,28.57,0.567,False,0.0004,61.0759
0.858,0.86112,10,1,112,1,-0.0013,0.001,42.04,10.39,1.26,0.83,32.96,0.594,False,0.001,36.9775
0.858,0.86112,10,1,112,1,-0.0551,-0.0033,40.64,2.5,0.915,1.265,31.29,0.418,False,0.0002,203.3677
0.858,0.86112,10,1,112,1,-0.0072,0.008,32.99,5.61,0.809,1.133,22.79,0.585,False,0.0004,23.5525
0.858,0.86112,10,1,112,1,0.0228,-0.0094,26.25,4.1,1.723,1.152,29.23,0.608,False,0.0007,14.2322
0.858,0.86112,10,1,112,1,-0.0224,0.0021,21.59,10.94,1.491,0.701,39.25,0.711,False,0.001,46.9546
0.858,0.86112,10,1,112,1,-0.0139,-0.0001,25.24,12.5,0.985,0.859,38.37,0.641,False,0.001,41.5986
0.858,0.86112,10,1,112,1,-0.0062,-0.0108,33.68,12.27,1.519,1.012,35.88,0.537,False,0.0005,69.1524
0.858,0.86112,10,1,112,1,-0.0238,-0.018,34.46,3.05,1.756,1.117,30.61,0.687,False,0.0001,156.0006
0.858,0.86112,10,1,112,1,-0.0698,-0.0116,37.01,4.56,1.58,0.933,22.55,0.555,False,0.0013,14.3141
0.858,0.86112,10,1,112,1,0.0216,-0.0075,32.1,13.28,1.669,0.803,24.81,0.727,False,0.0013,23.0496
0.858,0.86112,10,1,112,1,-0.0115,0.0036,36.44,2.23,0.839,1.379,37.11,0.8,False,0.0005,59.8318
0.858,0.86112,10,1,112,1,-0.0626,-0.0153,41.2,7.57,0.876,0.939,37.93,0.431,False,0.0026,21.8494
0.858,0.86112,10,1,112,1,0.0122,-0.0136,35.07,8.89,1.772,1.031,21.85,0.768,False,0.0001,366.1332
0.858,0.86112,10,1,112,1,-0.0463,-0.0023,24.21,3.6,1.228,1.352,20.47,0.748,False,0.0004,14.9693
0.858,0.86112,10,1,112,1,-0.0344,0.0051,22.51,13.08,1.116,1.299,26.74,0.468,False,0.0004,54.1618
0.858,0.86112,10,1,112,1,-0.0355,0.0043,29.45,11.63,1.069,1.324,34.42,0.703,False,0.0008,61.8811
0.858,0.86112,10,1,112,1,-0.0579,0.0064,27.64,9.75,1.393,0.786,32.56,0.482,False,0.0004,88.7714
0.858,0.86112,10,1,112,1,0.0182,-0.014,30.86,9.9,1.562,1.198,25.67,0.45,False,0.0005,31.8812
0.858,0.86112,10,1,112,1,0.001,-0.0012,22.08,4.98,1.009,0.729,34.87,0.776,False,0.0007,25.0799
0.858,0.86112,10,1,112,1,-0.0523,-0.0173,20.73,14.51,1.311,1.214,23.38,0.62,False,0.0006,62.1732
0.858,0.86112,10,1,112,1,0.0137,0.0084,38.4,14.88,1.662,1.064,39.98,0.745,False,0.0006,66.814
0.858,0.86112,10,1,112,1,0.0035,-0.0045,39.5,5.05,1.299,0.907,20.71,0.403,False,0.0007,14.116
0.858,0.87984,10,2,113,1,-0.0405,-0.0081,42.97,6.43,1.408,1.078,36.09,0.494,False,0.0018,25.2813
0.858,0.87984,10,2,113,1,-0.0508,-0.0196,23.79,11.48,1.619,0.975,33.75,0.669,False,0.0015,33.9934
0.858,0.87984,10,2,113,1,-0.0277,0.0012,29.11,8.26,1.034,1.169,29.45,0.635,False,0.0008,31.6912
0.858,0.87984,10,2,113,1,-0.0416,-0.0122,38.17,6.86,1.175,1.237,31.69,0.458,False,0.0013,25.9079
0.858,0.87984,10,2,113,1,-0.0168,-0.0061,27.19,6.19,1.159,0.988,26.35,0.66,False,0.0004,34.171
0.858,0.87984,10,2,113,1,0.0082,-0.0168,43.47,7.88,0.954,0.763,24.2,0.509,False,0.0007,24.6383
0.858,0.87984,10,2,113,1,-0.0637,-0.0058,44.88,13.84,1.343,1.358,27.87,0.524,False,0.0005,112.7565
0.858,0.87984,10,2,113,1,-0.0292,0.0093,30.36,9.17,1.448,0.869,28.57,0.567,False,0.0002,130.3538
0.858,0.87984,10,2,113,1,-0.0013,0.001,42.04,10.39,1.26,0.83,32.96,0.594,False,0.0007,50.4091
0.858,0.87984,10,2,113,1,-0.0551,-0.0033,40.64,2.5,0.915,1.265,31.29,0.418,False,0.0003,102.4772
0.858,0.87984,10,2,113,1,-0.0072,0.008,32.99,5.61,0.809,1.133,22.79,0.585,False,0.0005,19.2348
0.858,0.87984,10,2,113,1,0.0228,-0.0094,26.25,4.1,1.723,1.152,29.23,0.608,False,0.0005,21.3553
0.858,0.87984,10,2,113,1,-0.0224,0.0021,21.59,10.94,1.491,0.701,39.25,0.711,False,0.0009,46.9843
0.858,0.87984,10,2,113,1,-0.0139,-0.0001,25.24,12.5,0.985,0.859,38.37,0.641,False,0.001,38.7814
0.858,0.87984,10,2,113,1,-0.0062,-0.0108,33.68,12.27,1.519,1.012,35.88,0.537,False,0.0004,102.7917
0.858,0.87984,10,2,113,1,-0.0238,-0.018,34.46,3.05,1.756,1.117,30.61,0.687,False,0.0002,109.0484
0.858,0.87984,10,2,113,1,-0.0698,-0.0116,37.01,4.56,1.58,0.933,22.55,0.555,False,0.0011,17.4582
0.858,0.87984,10,2,113,1,0.0216,-0.0075,32.1,13.28,1.669,0.803,24.81,0.727,False,0.0006,47.5391
0.858,0.87984,10,2,113,1,-0.0115,0.0036,36.44,2.23,0.839,1.379,37.11,0.8,False,0.0003,105.2455
0.858,0.87984,10,2,113,1,-0.0626,-0.0153,41.2,7.57,0.876,0.939,37.93,0.431,False,0.0022,25.0605
0.858,0.87984,10,2,113,1,0.0122,-0.0136,35.07,8.89,1.772,1.031,21.85,0.768,False,0.0001,220.1556
0.858,0.87984,10,2,113,1,-0.0463,-0.0023,24.21,3.6,1.228,1.352,20.47,0.748,False,0.0006,11.4899
0.858,0.87984,10,2,113,1,-0.0344,0.0051,22.51,13.08,1.116,1.299,26.74,0.468,False,0.0002,117.2259
0.858,0.87984,10,2,113,1,-0.0355,0.0043,29.45,11.63,1.069,1.324,34.42,0.703,False,0.0001,491.6531
0.858,0.87984,10,2,113,1,-0.0579,0.0064,27.64,9.75,1.393,0.786,32.56,0.482,False,0.0005,70.4678
0.858,0.87984,10,2,113,1,0.0182,-0.014,30.86,9.9,1.562,1.198,25.67,0.45,False,0.0006,24.2896
0.858,0.87984,10,2,113,1,0.001,-0.0012,22.08,4.98,1.009,0.729,34.87,0.776,False,0.0004,43.1328
0.858,0.87984,10,2,113,1,-0.0523,-0.0173,20.73,14.51,1.311,1.214,23.38,0.62,False,0.0009,40.3571
0.858,0.87984,10,2,113,1,0.0137,0.0084,38.4,14.88,1.662,1.064,39.98,0.745,False,0.0008,56.2506
0.858,0.87984,10,2,113,1,0.0035,-0.0045,39.5,5.05,1.299,0.907,20.71,0.403,False,0.0006,16.71
0.858,0.89856,10,3,114,1,-0.0405,-0.0081,42.97,6.43,1.408,1.078,36.09,0.494,False,0.0018,24.6152
0.858,0.89856,10,3,114,1,-0.0508,-0.0196,23.79,11.48,1.619,0.975,33.75,0.669,False,0.0017,29.3928
0.858,0.89856,10,3,114,1,-0.0277,0.0012,29.11,8.26,1.034,1.169,29.45,0.635,False,0.0006,39.9008
0.858,0.89856,10,3,114,1,-0.0416,-0.0122,38.17,6.86,1.175,1.237,31.69,0.458,False,0.001,33.6447
0.858,0.89856,10,3,114,1,-0.0168,-0.0061,27.19,6.19,1.159,0.988,26.35,0.66,False,0.0005,29.6878
0.858,0.89856,10,3,114,1,0.0082,-0.0168,43.47,7.88,0.954,0.763,24.2,0.509,False,0.0009,20.6377
0.858,0.89856,10,3,114,1,-0.0637,-0.0058,44.88,13.84,1.343,1.358,27.87,0.524,False,0.0002,234.8239
0.858,0.89856,10,3,114,1,-0.0292,0.0093,30.36,9.17,1.448,0.869,28.57,0.567,False,0.0003,86.912
0.858,0.89856,10,3,114,1,-0.0013,0.001,42.04,10.39,1.26,0.83,32.96,0.594,False,0.0006,58.9988
0.858,0.89856,10,3,114,1,-0.0551,-0.0033,40.64,2.5,0.915,1.265,31.29,0.418,False,0.0003,105.7131
0.858,0.89856,10,3,114,1,-0.0072,0.008,32.99,5.61,0.809,1.133,22.79,0.585,False,0.0004,26.8634
0.858,0.89856,10,3,114,1,0.0228,-0.0094,26.25,4.1,1.723,1.152,29.23,0.608,False,0.0006,18.1354
0.858,0.89856,10,3,114,1,-0.0224,0.0021,21.59,10.94,1.491,0.701,39.25,0.711,False,0.0008,55.7385
0.858,0.89856,10,3,114,1,-0.0139,-0.0001,25.24,12.5,0.985,0.859,38.37,0.641,False,0.0009,44.6887
0.858,0.89856,10,3,114,1,-0.0062,-0.0108,33.68,12.27,1.519,1.012,35.88,0.537,False,0.0005,77.6956
0.858,0.89856,10,3,114,1,-0.0238,-0.018,34.46,3.05,1.756,1.117,30.61,0.687,False,0.0001,143.6016
0.858,0.89856,10,3,114,1,-0.0698,-0.0116,37.01,4.56,1.58,0.933,22.55,0.555,False,0.0013,15.0677
0.858,0.89856,10,3,114,1,0.0216,-0.0075,32.1,13.28,1.669,0.803,24.81,0.727,False,0.0009,37.3627
0.858,0.89856,10,3,114,1,-0.0115,0.0036,36.44,2.23,0.839,1.379,37.11,0.8,False,0.0002,157.9361
0.858,0.89856,10,3,114,1,-0.0626,-0.0153,41.2,7.57,0.876,0.939,37.93,0.431,False,0.0024,23.1835
0.858,0.89856,10,3,114,1,0.0122,-0.0136,35.07,8.89,1.772,1.031,21.85,0.768,False,0.0002,113.2832
0.858,0.89856,10,3,114,1,-0.0463,-0.0023,24.21,3.6,1.228,1.352,20.47,0.748,False,0.0003,24.048
0.858,0.89856,10,3,114,1,-0.0344,0.0051,22.51,13.08,1.116,1.299,26.74,0.468,False,0.0003,72.936
0.858,0.89856,10,3,114,1,-0.0355,0.0043,29.45,11.63,1.069,1.324,34.42,0.703,False,0.0005,88.9027
0.858,0.89856,10,3,114,1,-0.0579,0.0064,27.64,9.75,1.393,0.786,32.56,0.482,False,0.0004,95.136
0.858,0.89856,10,3,114,1,0.0182,-0.014,30.86,9.9,1.562,1.198,25.67,0.45,False,0.0004,44.7142
0.858,0.89856,10,3,114,1,0.001,-0.0012,22.08,4.98,1.009,0.729,34.87,0.776,False,0.0003,61.621
0.858,0.89856,10,3,114,1,-0.0523,-0.0173,20.73,14.51,1.311,1.214,23.38,0.62,False,0.0003,106.3486
0.858,0.89856,10,3,114,1,0.0137,0.0084,38.4,14.88,1.662,1.064,39.98,0.745,False,0.0005,88.9147
0.858,0.89856,10,3,114,1,0.0035,-0.0045,39.5,5.05,1.299,0.907,20.71,0.403,False,0.0004,24.1434
0.858,0.91728,10,4,115,1,-0.0405,-0.0081,42.97,6.43,1.408,1.078,36.09,0.494,False,0.0015,29.6503
0.858,0.91728,10,4,115,1,-0.0508,-0.0196,23.79,11.48,1.619,0.975,33.75,0.669,False,0.0014,33.657
0.858,0.91728,10,4,115,1,-0.0277,0.0012,29.11,8.26,1.034,1.169,29.45,0.635,False,0.0009,30.6537
0.858,0.91728,10,4,115,1,-0.0416,-0.0122,38.17,6.86,1.175,1.237,31.69,0.458,False,0.001,31.4242
0.858,0.91728,10,4,115,1,-0.0168,-0.0061,27.19,6.19,1.159,0.988,26.35,0.66,False,0.0004,33.299
0.858,0.91728,10,4,115,1,0.0082,-0.0168,43.47,7.88,0.954,0.763,24.2,0.509,False,0.0007,27.8161
0.858,0.91728,10,4,115,1,-0.0637,-0.0058,44.88,13.84,1.343,1.358,27.87,0.524,False,0.0002,331.9534
0.858,0.91728,10,4,115,1,-0.0292,0.0093,30.36,9.17,1.448,0.869,28.57,0.567,False,0.0003,81.3556
0.858,0.91728,10,4,115,1,-0.0013,0.001,42.04,10.39,1.26,0.83,32.96,0.594,False,0.0008,48.5741
0.858,0.91728,10,4,115,1,-0.0551,-0.0033,40.64,2.5,0.915,1.265,31.29,0.418,False,0.0001,201.0881
0.858,0.91728,10,4,115,1,-0.0072,0.008,32.99,5.61,0.809,1.133,22.79,0.585,False,0.0006,18.6854
0.858,0.91728,10,4,115,1,0.0228,-0.0094,26.25,4.1,1.723,1.152,29.23,0.608,False,0.0002,47.9138
0.858,0.91728,10,4,115,1,-0.0224,0.0021,21.59,10.94,1.491,0.701,39.25,0.711,False,0.001,43.2313
0.858,0.91728,10,4,115,1,-0.0139,-0.0001,25.24,12.5,0.985,0.859,38.37,0.641,False,0.0011,40.6984
0.858,0.91728,10,4,115,1,-0.0062,-0.0108,33.68,12.27,1.519,1.012,35.88,0.537,False,0.0003,154.0572
0.858,0.91728,10,4,115,1,-0.0238,-0.018,34.46,3.05,1.756,1.117,30.61,0.687,False,0.0004,58.0736
0.858,0.91728,10,4,115,1,-0.0698,-0.0116,37.01,4.56,1.58,0.933,22.55,0.555,False,0.0011,15.4606
0.858,0.91728,10,4,115,1,0.0216,-0.0075,32.1,13.28,1.669,0.803,24.81,0.727,False,0.0004,81.6069
0.858,0.91728,10,4,115,1,-0.0115,0.0036,36.44,2.23,0.839,1.379,37.11,0.8,False,0.0003,87.3091
0.858,0.91728,10,4,115,1,-0.0626,-0.0153,41.2,7.57,0.876,0.939,37.93,0.431,False,0.002,25.6815
0.858,0.91728,10,4,115,1,0.0122,-0.0136,35.07,8.89,1.772,1.031,21.85,0.768,False,0.0002,107.7237
0.858,0.91728,10,4,115,1,-0.0463,-0.0023,24.21,3.6,1.228,1.352,20.47,0.748,False,0.0004,15.0026
0.858,0.91728,10,4,115,1,-0.0344,0.0051,22.51,13.08,1.116,1.299,26.74,0.468,False,0.0003,78.8785
0.858,0.91728,10,4,115,1,-0.0355,0.0043,29.45,11.63,1.069,1.324,34.42,0.703,False,0.0005,86.7287
0.858,0.91728,10,4,115,1,-0.0579,0.0064,27.64,9.75,1.393,0.786,32.56,0.482,False,0.0004,80.8772
0.858,0.91728,10,4,115,1,0.0182,-0.014,30.86,9.9,1.562,1.198,25.67,0.45,False,0.0004,36.9095
0.858,0.91728,10,4,115,1,0.001,-0.0012,22.08,4.98,1.009,0.729,34.87,0.776,False,0.0003,51.3808
0.858,0.91728,10,4,115,1,-0.0523,-0.0173,20.73,14.51,1.311,1.214,23.38,0.62,False,0.0006,63.8548
0.858,0.91728,10,4,115,1,0.0137,0.0084,38.4,14.88,1.662,1.064,39.98,0.745,False,0.0007,63.2821
0.858,0.91728,10,4,115,1,0.0035,-0.0045,39.5,5.05,1.299,0.907,20.71,0.403,False,0.0005,21.2577
0.858,0.936,10,5,116,1,-0.0405,-0.0081,42.97,6.43,1.408,1.078,36.09,0.494,False,0.0019,23.631
0.858,0.936,10,5,116,1,-0.0508,-0.0196,23.79,11.48,1.619,0.975,33.75,0.669,False,0.0017,30.2451
0.858,0.936,10,5,116,1,-0.0277,0.0012,29.11,8.26,1.034,1.169,29.45,0.635,False,0.0007,36.0881
0.858,0.936,10,5,116,1,-0.0416,-0.0122,38.17,6.86,1.175,1.237,31.69,0.458,False,0.001,33.2195
0.858,0.936,10,5,116,1,-0.0168,-0.0061,27.19,6.19,1.159,0.988,26.35,0.66,False,0.0005,31.1967
0.858,0.936,10,5,116,1,0.0082,-0.0168,43.47,7.88,0.954,0.763,24.2,0.509,False,0.0008,23.5292
0.858,0.936,10,5,116,1,-0.0637,-0.0058,44.88,13.84,1.343,1.358,27.87,0.524,False,0.0003,198.1878
0.858,0.936,10,5,116,1,-0.0292,0.0093,30.36,9.17,1.448,0.869,28.57,0.567,False,0.0003,102.3652
0.858,0.936,10,5,116,1,-0.0013,0.001,42.04,10.39,1.26,0.83,32.96,0.594,False,0.0006,62.275
0.858,0.936,10,5,116,1,-0.0551,-0.0033,40.64,2.5,0.915,1.265,31.29,0.418,False,0.0004,72.6121
0.858,0.936,10,5,116,1,-0.0072,0.008,32.99,5.61,0.809,1.133,22.79,0.585,False,0.0004,23.4696
0.858,0.936,10,5,116,1,0.0228,-0.0094,26.25,4.1,1.723,1.152,29.23,0.608,False,0.0005,22.2983
0.858,0.936,10,5,116,1,-0.0224,0.0021,21.59,10.94,1.491,0.701,39.25,0.711,False,0.0009,51.1101
0.858,0.936,10,5,116,1,-0.0139,-0.0001,25.24,12.5,0.985,0.859,38.37,0.641,False,0.001,41.1817
0.858,0.936,10,5,116,1,-0.0062,-0.0108,33.68,12.27,1.519,1.012,35.88,0.537,False,0.0005,74.6873
0.858,0.936,10,5,116,1,-0.0238,-0.018,34.46,3.05,1.756,1.117,30.61,0.687,False,0.0001,182.9489
0.858,0.936,10,5,116,1,-0.0698,-0.0116,37.01,4.56,1.58,0.933,22.55,0.555,False,0.0012,15.2986
0.858,0.936,10,5,116,1,0.0216,-0.0075,32.1,13.28,1.669,0.803,24.81,0.727,False,0.0006,50.2744
0.858,0.936,10,5,116,1,-0.0115,0.0036,36.44,2.23,0.839,1.379,37.11,0.8,False,0.0004,72.1555
0.858,0.936,10,5,116,1,-0.0626,-0.0153,41.2,7.57,0.876,0.939,37.93,0.431,False,0.0026,21.7705
0.858,0.936,10,5,116,1,0.0122,-0.0136,35.07,8.89,1.772,1.031,21.85,0.768,False,0.0001,210.3857
0.858,0.936,10,5,116,1,-0.0463,-0.0023,24.21,3.6,1.228,1.352,20.47,0.748,False,0.0003,19.9895
0.858,0.936,10,5,116,1,-0.0344,0.0051,22.51,13.08,1.116,1.299,26.74,0.468,False,0.0002,141.8398
0.858,0.936,10,5,116,1,-0.0355,0.0043,29.45,11.63,1.069,1.324,34.42,0.703,False,0.0006,80.4798
0.858,0.936,10,5,116,1,-0.0579,0.0064,27.64,9.75,1.393,0.786,32.56,0.482,False,0.0003,104.9096
0.858,0.936,10,5,116,1,0.0182,-0.014,30.86,9.9,1.562,1.198,25.67,0.45,False,0.0006,23.8967
0.858,0.936,10,5,116,1,0.001,-0.0012,22.08,4.98,1.009,0.729,34.87,0.776,False,0.0003,60.1273
0.858,0.936,10,5,116,1,-0.0523,-0.0173,20.73,14.51,1.311,1.214,23.38,0.62,False,0.0004,101.8172
0.858,0.936,10,5,116,1,0.0137,0.0084,38.4,14.88,1.662,1.064,39.98,0.745,False,0.0007,61.1313
0.858,0.936,10,5,116,1,0.0035,-0.0045,39.5,5.05,1.299,0.907,20.71,0.403,False,0.0005,18.3585
0.858,0.95472,10,6,117,1,-0.0405,-0.0081,42.97,6.43,1.408,1.078,36.09,0.494,False,0.002,22.8511
0.858,0.95472,10,6,117,1,-0.0508,-0.0196,23.79,11.48,1.619,0.975,33.75,0.669,False,0.0017,29.6087
0.858,0.95472,10,6,117,1,-0.0277,0.0012,29.11,8.26,1.034,1.169,29.45,0.635,False,0.0008,35.5825
0.858,0.95472,10,6,117,1,-0.0416,-0.0122,38.17,6.86,1.175,1.237,31.69,0.458,False,0.001,32.8469
0.858,0.95472,10,6,117,1,-0.0168,-0.0061,27.19,6.19,1.159,0.988,26.35,0.66,False,0.0006,23.3965
0.858,0.95472,10,6,117,1,0.0082,-0.0168,43.47,7.88,0.954,0.763,24.2,0.509,False,0.0007,25.435
0.858,0.95472,10,6,117,1,-0.0637,-0.0058,44.88,13.84,1.343,1.358,27.87,0.524,False,0.0003,178.5151
0.858,0.95472,10,6,117,1,-0.0292,0.0093,30.36,9.17,1.448,0.869,28.57,0.567,False,0.0002,160.4616
0.858,0.95472,10,6,117,1,-0.0013,0.001,42.04,10.39,1.26,0.83,32.96,0.594,False,0.0007,51.2029
0.858,0.95472,10,6,117,1,-0.0551,-0.0033,40.64,2.5,0.915,1.265,31.29,0.418,False,0.0004,70.9867
0.858,0.95472,10,6,117,1,-0.0072,0.008,32.99,5.61,0.809,1.133,22.79,0.585,False,0.0006,18.5576
0.858,0.95472,10,6,117,1,0.0228,-0.0094,26.25,4.1,1.723,1.152,29.23,0.608,False,0.0005,22.649
0.858,0.95472,10,6,117,1,-0.0224,0.0021,21.59,10.94,1.491,0.701,39.25,0.711,False,0.0011,41.8327
0.858,0.95472,10,6,117,1,-0.0139,-0.0001,25.24,12.5,0.985,0.859,38.37,0.641,False,0.001,42.5631
0.858,0.95472,10,6,117,1,-0.0062,-0.0108,33.68,12.27,1.519,1.012,35.88,0.537,False,0.0005,73.08
0.858,0.95472,10,6,117,1,-0.0238,-0.018,34.46,3.05,1.756,1.117,30.61,0.687,False,0.0001,421.6651
0.858,0.95472,10,6,117,1,-0.0698,-0.0116,37.01,4.56,1.58,0.933,22.55,0.555,False,0.0012,14.83
0.858,0.95472,10,6,117,1,0.0216,-0.0075,32.1,13.28,1.669,0.803,24.81,0.727,False,0.0006,54.7652
0.858,0.95472,10,6,117,1,-0.0115,0.0036,36.44,2.23,0.839,1.379,37.11,0.8,False,0.0006,48.5054
0.858,0.95472,10,6,117,1,-0.0626,-0.0153,41.2,7.57,0.876,0.939,37.93,0.431,False,0.0029,19.1838
0.858,0.95472,10,6,117,1,0.0122,-0.0136,35.07,8.89,1.772,1.031,21.85,0.768,False,0.0001,186.5684
0.858,0.95472,10,6,117,1,-0.0463,-0.0023,24.21,3.6,1.228,1.352,20.47,0.748,False,0.0003,24.5304
0.858,0.95472,10,6,117,1,-0.0344,0.0051,22.51,13.08,1.116,1.299,26.74,0.468,False,0.0002,95.9324
0.858,0.95472,10,6,117,1,-0.0355,0.0043,29.45,11.63,1.069,1.324,34.42,0.703,False,0.0007,68.3155
0.858,0.95472,10,6,117,1,-0.0579,0.0064,27.64,9.75,1.393,0.786,32.56,0.482,False,0.0003,126.1591
0.858,0.95472,10,6,117,1,0.0182,-0.014,30.86,9.9,1.562,1.198,25.67,0.45,False,0.0007,22.3736
0.858,0.95472,10,6,117,1,0.001,-0.0012,22.08,4.98,1.009,0.729,34.87,0.776,False,0.0005,40.0832
0.858,0.95472,10,6,117,1,-0.0523,-0.0173,20.73,14.51,1.311,1.214,23.38,0.62,False,0.0004,100.0754
0.858,0.95472,10,6,117,1,0.0137,0.0084,38.4,14.88,1.662,1.064,39.98,0.745,False,0.0009,49.4538
0.858,0.95472,10,6,117,1,0.0035,-0.0045,39.5,5.05,1.299,0.907,20.71,0.403,False,0.0007,14.3404
0.858,0.97344,10,7,118,1,-0.0405,-0.0081,42.97,6.43,1.408,1.078,36.09,0.494,False,0.0016,27.4303
0.858,0.97344,10,7,118,1,-0.0508,-0.0196,23.79,11.48,1.619,0.975,33.75,0.669,False,0.0015,33.6033
0.858,0.97344,10,7,118,1,-0.0277,0.0012,29.11,8.26,1.034,1.169,29.45,0.635,False,0.0005,52.1122
0.858,0.97344,10,7,118,1,-0.0416,-0.0122,38.17,6.86,1.175,1.237,31.69,0.458,False,0.0006,50.47
0.858,0.97344,10,7,118,1,-0.0168,-0.0061,27.19,6.19,1.159,0.988,26.35,0.66,False,0.0023,6.395
0.858,0.97344,10,7,118,1,0.0082,-0.0168,43.47,7.88,0.954,0.763,24.2,0.509,False,0.0011,16.6646
0.858,0.97344,10,7,118,1,-0.0637,-0.0058,44.88,13.84,1.343,1.358,27.87,0.524,False,0.0001,408.2103
0.858,0.97344,10,7,118,1,-0.0292,0.0093,30.36,9.17,1.448,0.869,28.57,0.567,False,0.0004,68.2602
0.858,0.97344,10,7,118,1,-0.0013,0.001,42.04,10.39,1.26,0.83,32.96,0.594,False,0.0033,11.672
0.858,0.97344,10,7,118,1,-0.0551,-0.0033,40.64,2.5,0.915,1.265,31.29,0.418,False,0.0003,92.4478
0.858,0.97344,10,7,118,1,-0.0072,0.008,32.99,5.61,0.809,1.133,22.79,0.585,False,0.0004,26.8964
0.858,0.97344,10,7,118,1,0.0228,-0.0094,26.25,4.1,1.723,1.152,29.23,0.608,False,0.0004,25.0235
0.858,0.97344,10,7,118,1,-0.0224,0.0021,21.59,10.94,1.491,0.701,39.25,0.711,False,0.0005,90.0909
0.858,0.97344,10,7,118,1,-0.0139,-0.0001,25.24,12.5,0.985,0.859,38.37,0.641,False,0.0022,19.9763
0.858,0.97344,10,7,118,1,-0.0062,-0.0108,33.68,12.27,1.519,1.012,35.88,0.537,False,0.0031,13.1249
0.858,0.97344,10,7,118,1,-0.0238,-0.018,34.46,3.05,1.756,1.117,30.61,0.687,False,0.0005,39.0067
0.858,0.97344,10,7,118,1,-0.0698,-0.0116,37.01,4.56,1.58,0.933,22.55,0.555,False,0.0012,15.184
0.858,0.97344,10,7,118,1,0.0216,-0.0075,32.1,13.28,1.669,0.803,24.81,0.727,False,0.0007,44.1944
0.858,0.97344,10,7,118,1,-0.0115,0.0036,36.44,2.23,0.839,1.379,37.11,0.8,False,0.0019,15.3223
0.858,0.97344,10,7,118,1,-0.0626,-0.0153,41.2,7.57,0.876,0.939,37.93,0.431,False,0.0022,24.6788
0.858,0.97344,10,7,118,1,0.0122,-0.0136,35.07,8.89,1.772,1.031,21.85,0.768,False,0.0011,17.787
0.858,0.97344,10,7,118,1,-0.0463,-0.0023,24.21,3.6,1.228,1.352,20.47,0.748,False,0.0002,33.9455
0.858,0.97344,10,7,118,1,-0.0344,0.0051,22.51,13.08,1.116,1.299,26.74,0.468,False,0.0002,102.7501
0.858,0.97344,10,7,118,1,-0.0355,0.0043,29.45,11.63,1.069,1.324,34.42,0.703,False,0.0002,196.7152
0.858,0.97344,10,7,118,1,-0.0579,0.0064,27.64,9.75,1.393,0.786,32.56,0.482,False,0.0003,96.9351
0.858,0.97344,10,7,118,1,0.0182,-0.014,30.86,9.9,1.562,1.198,25.67,0.45,False,0.0006,26.1904
0.858,0.97344,10,7,118,1,0.001,-0.0012,22.08,4.98,1.009,0.729,34.87,0.776,False,0.0003,58.954
0.858,0.97344,10,7,118,1,-0.0523,-0.0173,20.73,14.51,1.311,1.214,23.38,0.62,False,0.0005,75.0737
0.858,0.97344,10,7,118,1,0.0137,0.0084,38.4,14.88,1.662,1.064,39.98,0.745,False,0.0007,64.4377
0.858,0.97344,10,7,118,1,0.0035,-0.0045,39.5,5.05,1.299,0.907,20.71,0.403,False,0.0006,16.6493
0.858,0.99216,10,8,119,1,-0.0405,-0.0081,42.97,6.43,1.408,1.078,36.09,0.494,False,0.0016,29.592
0.858,0.99216,10,8,119,1,-0.0508,-0.0196,23.79,11.48,1.619,0.975,33.75,0.669,False,0.0013,38.1677
0.858,0.99216,10,8,119,1,-0.0277,0.0012,29.11,8.26,1.034,1.169,29.45,0.635,False,0.0009,31.0805
0.858,0.99216,10,8,119,1,-0.0416,-0.0122,38.17,6.86,1.175,1.237,31.69,0.458,False,0.0012,27.5109
0.858,0.99216,10,8,119,1,-0.0168,-0.0061,27.19,6.19,1.159,0.988,26.35,0.66,False,0.0004,36.5045
0.858,0.99216,10,8,119,1,0.0082,-0.0168,43.47,7.88,0.954,0.763,24.2,0.509,False,0.0007,24.3861
0.858,0.99216,10,8,119,1,-0.0637,-0.0058,44.88,13.84,1.343,1.358,27.87,0.524,False,0.0006,94.2699
0.858,0.99216,10,8,119,1,-0.0292,0.0093,30.36,9.17,1.448,0.869,28.57,0.567,False,0.0002,109.924
0.858,0.99216,10,8,119,1,-0.0013,0.001,42.04,10.39,1.26,0.83,32.96,0.594,False,0.0006,55.2413
0.858,0.99216,10,8,119,1,-0.0551,-0.0033,40.64,2.5,0.915,1.265,31.29,0.418,False,0.0001,291.4022
0.858,0.99216,10,8,119,1,-0.0072,0.008,32.99,5.61,0.809,1.133,22.79,0.585,False,0.0004,24.4053
0.858,0.99216,10,8,119,1,0.0228,-0.0094,26.25,4.1,1.723,1.152,29.23,0.608,False,0.0005,21.1544
0.858,0.99216,10,8,119,1,-0.0224,0.0021,21.59,10.94,1.491,0.701,39.25,0.711,False,0.001,47.7222
0.858,0.99216,10,8,119,1,-0.0139,-0.0001,25.24,12.5,0.985,0.859,38.37,0.641,False,0.001,40.8823
0.858,0.99216,10,8,119,1,-0.0062,-0.0108,33.68,12.27,1.519,1.012,35.88,0.537,False,0.0005,71.1409
0.858,0.99216,10,8,119,1,-0.0238,-0.018,34.46,3.05,1.756,1.117,30.61,0.687,False,0.0007,32.0885
0.858,0.99216,10,8,119,1,-0.0698,-0.0116,37.01,4.56,1.58,0.933,22.55,0.555,False,0.001,18.1831
0.858,0.99216,10,8,119,1,0.0216,-0.0075,32.1,13.28,1.669,0.803,24.81,0.727,False,0.0006,50.2997
0.858,0.99216,10,8,119,1,-0.0115,0.0036,36.44,2.23,0.839,1.379,37.11,0.8,False,0.0002,118.114
0.858,0.99216,10,8,119,1,-0.0626,-0.0153,41.2,7.57,0.876,0.939,37.93,0.431,False,0.0019,28.8595
0.858,0.99216,10,8,119,1,0.0122,-0.0136,35.07,8.89,1.772,1.031,21.85,0.768,False,0.0003,59.3502
0.858,0.99216,10,8,119,1,-0.0463,-0.0023,24.21,3.6,1.228,1.352,20.47,0.748,False,0.0005,14.456
0.858,0.99216,10,8,119,1,-0.0344,0.0051,22.51,13.08,1.116,1.299,26.74,0.468,False,0.0004,69.3139
0.858,0.99216,10,8,119,1,-0.0355,0.0043,29.45,11.63,1.069,1.324,34.42,0.703,False,0.0006,83.9386
0.858,0.99216,10,8,119,1,-0.0579,0.0064,27.64,9.75,1.393,0.786,32.56,0.482,False,0.0005,76.7335
0.858,0.99216,10,8,119,1,0.0182,-0.014,30.86,9.9,1.562,1.198,25.67,0.45,False,0.0004,40.1942
0.858,0.99216,10,8,119,1,0.001,-0.0012,22.08,4.98,1.009,0.729,34.87,0.776,False,0.0003,51.4931
0.858,0.99216,10,8,119,1,-0.0523,-0.0173,20.73,14.51,1.311,1.214,23.38,0.62,False,0.0006,61.996
0.858,0.99216,10,8,119,1,0.0137,0.0084,38.4,14.88,1.662,1.064,39.98,0.745,False,0.0005,93.3304
0.858,0.99216,10,8,119,1,0.0035,-0.0045,39.5,5.05,1.299,0.907,20.71,0.403,False,0.0004,22.0606
0.858,1.01088,10,9,120,1,-0.0405,-0.0081,42.97,6.43,1.408,1.078,36.09,0.494,False,0.0016,27.9756
0.858,1.01088,10,9,120,1,-0.0508,-0.0196,23.79,11.48,1.619,0.975,33.75,0.669,False,0.0015,33.401
0.858,1.01088,10,9,120,1,-0.0277,0.0012,29.11,8.26,1.034,1.169,29.45,0.635,False,0.0008,34.9186
0.858,1.01088,10,9,120,1,-0.0416,-0.0122,38.17,6.86,1.175,1.237,31.69,0.458,False,0.001,33.262
0.858,1.01088,10,9,120,1,-0.0168,-0.0061,27.19,6.19,1.159,0.988,26.35,0.66,False,0.0004,34.1012
0.858,1.01088,10,9,120,1,0.0082,-0.0168,43.47,7.88,0.954,0.763,24.2,0.509,False,0.0008,23.2636
0.858,1.01088,10,9,120,1,-0.0637,-0.0058,44.88,13.84,1.343,1.358,27.87,0.524,False,0.0004,142.3646
0.858,1.01088,10,9,120,1,-0.0292,0.0093,30.36,9.17,1.448,0.869,28.57,0.567,False,0.0002,114.7575
0.858,1.01088,10,9,120,1,-0.0013,0.001,42.04,10.39,1.26,0.83,32.96,0.594,False,0.0005,65.0664
0.858,1.01088,10,9,120,1,-0.0551,-0.0033,40.64,2.5,0.915,1.265,31.29,0.418,False,0.0003,109.2287
0.858,1.01088,10,9,120,1,-0.0072,0.008,32.99,5.61,0.809,1.133,22.79,0.585,False,0.0004,23.6012
0.858,1.01088,10,9,120,1,0.0228,-0.0094,26.25,4.1,1.723,1.152,29.23,0.608,False,0.0005,18.6727
0.858,1.01088,10,9,120,1,-0.0224,0.0021,21.59,10.94,1.491,0.701,39.25,0.711,False,0.0008,53.7933
0.858,1.01088,10,9,120,1,-0.0139,-0.0001,25.24,12.5,0.985,0.859,38.37,0.641,False,0.0009,42.8661
0.858,1.01088,10,9,120,1,-0.0062,-0.0108,33.68,12.27,1.519,1.012,35.88,0.537,False,0.0004,98.1819
0.858,1.01088,10,9,120,1,-0.0238,-0.018,34.46,3.05,1.756,1.117,30.61,0.687,False,0.0001,146.013
0.858,1.01088,10,9,120,1,-0.0698,-0.0116,37.01,4.56,1.58,0.933,22.55,0.555,False,0.0011,15.3541
0.858,1.01088,10,9,120,1,0.0216,-0.0075,32.1,13.28,1.669,0.803,24.81,0.727,False,0.0006,48.7354
0.858,1.01088,10,9,120,1,-0.0115,0.0036,36.44,2.23,0.839,1.379,37.11,0.8,False,0.0002,136.3139
0.858,1.01088,10,9,120,1,-0.0626,-0.0153,41.2,7.57,0.876,0.939,37.93,0.431,False,0.0021,25.137
0.858,1.01088,10,9,120,1,0.0122,-0.0136,35.07,8.89,1.772,1.031,21.85,0.768,False,0.0002,81.8197
0.858,1.01088,10,9,120,1,-0.0463,-0.0023,24.21,3.6,1.228,1.352,20.47,0.748,False,0.0003,21.4134
0.858,1.01088,10,9,120,1,-0.0344,0.0051,22.51,13.08,1.116,1.299,26.74,0.468,False,0.0001,374.5547
0.858,1.01088,10,9,120,1,-0.0355,0.0043,29.45,11.63,1.069,1.324,34.42,0.703,False,0.0002,281.8978
0.858,1.01088,10,9,120,1,-0.0579,0.0064,27.64,9.75,1.393,0.786,32.56,0.482,False,0.0003,100.0971
0.858,1.01088,10,9,120,1,0.0182,-0.014,30.86,9.9,1.562,1.198,25.67,0.45,False,0.0004,34.6602
0.858,1.01088,10,9,120,1,0.001,-0.0012,22.08,4.98,1.009,0.729,34.87,0.776,False,0.0003,62.3706
0.858,1.01088,10,9,120,1,-0.0523,-0.0173,20.73,14.51,1.311,1.214,23.38,0.62,False,0.0005,74.2989
0.858,1.01088,10,9,120,1,0.0137,0.0084,38.4,14.88,1.662,1.064,39.98,0.745,False,0.0004,90.8383
0.858,1.01088,10,9,120,1,0.0035,-0.0045,39.5,5.05,1.299,0.907,20.71,0.403,False,0.0004,20.5651
0.858,1.0296,10,10,121,1,-0.0405,-0.0081,42.97,6.43,1.408,1.078,36.09,0.494,False,0.0017,30.273
0.858,1.0296,10,10,121,1,-0.0508,-0.0196,23.79,11.48,1.619,0.975,33.75,0.669,False,0.0013,40.8374
0.858,1.0296,10,10,121,1,-0.0277,0.0012,29.11,8.26,1.034,1.169,29.45,0.635,False,0.001,30.6809
0.858,1.0296,10,10,121,1,-0.0416,-0.0122,38.17,6.86,1.175,1.237,31.69,0.458,False,0.0012,31.3926
0.858,1.0296,10,10,121,1,-0.0168,-0.0061,27.19,6.19,1.159,0.988,26.35,0.66,False,0.0003,62.3874
0.858,1.0296,10,10,121,1,0.0082,-0.0168,43.47,7.88,0.954,0.763,24.2,0.509,False,0.0006,36.0177
0.858,1.0296,10,10,121,1,-0.0637,-0.0058,44.88,13.84,1.343,1.358,27.87,0.524,False,0.0005,114.0403
0.858,1.0296,10,10,121,1,-0.0292,0.0093,30.36,9.17,1.448,0.869,28.57,0.567,False,0.0007,43.1705
0.858,1.0296,10,10,121,1,-0.0013,0.001,42.04,10.39,1.26,0.83,32.96,0.594,False,0.0007,63.8151
0.858,1.0296,10,10,121,1,-0.0551,-0.0033,40.64,2.5,0.915,1.265,31.29,0.418,False,0.0002,183.8007
0.858,1.0296,10,10,121,1,-0.0072,0.008,32.99,5.61,0.809,1.133,22.79,0.585,False,0.0005,26.3908
0.858,1.0296,10,10,121,1,0.0228,-0.0094,26.25,4.1,1.723,1.152,29.23,0.608,False,0.0003,44.5781
0.858,1.0296,10,10,121,1,-0.0224,0.0021,21.59,10.94,1.491,0.701,39.25,0.711,False,0.0012,42.0668
0.858,1.0296,10,10,121,1,-0.0139,-0.0001,25.24,12.5,0.985,0.859,38.37,0.641,False,0.0011,45.6858
0.858,1.0296,10,10,121,1,-0.0062,-0.0108,33.68,12.27,1.519,1.012,35.88,0.537,False,0.0003,161.9096
0.858,1.0296,10,10,121,1,-0.0238,-0.018,34.46,3.05,1.756,1.117,30.61,0.687,False,0.0003,81.0828
0.858,1.0296,10,10,121,1,-0.0698,-0.0116,37.01,4.56,1.58,0.933,22.55,0.555,False,0.0014,13.9119
0.858,1.0296,10,10,121,1,0.0216,-0.0075,32.1,13.28,1.669,0.803,24.81,0.727,False,0.0004,107.9709
0.858,1.0296,10,10,121,1,-0.0115,0.0036,36.44,2.23,0.839,1.379,37.11,0.8,False,0.0004,86.9352
0.858,1.0296,10,10,121,1,-0.0626,-0.0153,41.2,7.57,0.876,0.939,37.93,0.431,False,0.0021,27.6568
0.858,1.0296,10,10,121,1,0.0122,-0.0136,35.07,8.89,1.772,1.031,21.85,0.768,False,0.0003,70.4842
0.858,1.0296,10,10,121,1,-0.0463,-0.0023,24.21,3.6,1.228,1.352,20.47,0.748,False,0.0008,9.0949
0.858,1.0296,10,10,121,1,-0.0344,0.0051,22.51,13.08,1.116,1.299,26.74,0.468,False,0.0006,42.9863
0.858,1.0296,10,10,121,1,-0.0355,0.0043,29.45,11.63,1.069,1.324,34.42,0.703,False,0.0008,70.1955
0.858,1.0296,10,10,121,1,-0.0579,0.0064,27.64,9.75,1.393,0.786,32.56,0.482,False,0.0004,91.0748
0.858,1.0296,10,10,121,1,0.0182,-0.014,30.86,9.9,1.562,1.198,25.67,0.45,False,0.0007,27.0217
0.858,1.0296,10,10,121,1,0.001,-0.0012,22.08,4.98,1.009,0.729,34.87,0.776,False,0.0004,46.6389
0.858,1.0296,10,10,121,1,-0.0523,-0.0173,20.73,14.51,1.311,1.214,23.38,0.62,False,0.0005,74.6735
0.858,1.0296,10,10,121,1,0.0137,0.0084,38.4,14.88,1.662,1.064,39.98,0.745,False,0.0008,66.5153
0.858,1.0296,10,10,121,1,0.0035,-0.0045,39.5,5.05,1.299,0.907,20.71,0.403,False,0.0006,19.7819
