solid OpenSCAD_Model
  facet normal 0.0132011 0.413824 -0.910261
    outer loop
      vertex 0 0.0492105 -0.0141717
      vertex 0.000919631 0.0540991 -0.0119359
      vertex 0.00304699 0.0491133 -0.0141717
    endloop
  endfacet
  facet normal 0.0131645 0.41383 -0.910259
    outer loop
      vertex 0.000919631 0.0540991 -0.0119359
      vertex 0 0.0492105 -0.0141717
      vertex 0 0.0540991 -0.0119492
    endloop
  endfacet
  facet normal 0.435713 0.186137 -0.880629
    outer loop
      vertex 0.0502996 0.0239421 -0.0109227
      vertex 0.0502014 0.0239515 -0.0109693
      vertex 0.0502996 0.0239984 -0.0109108
    endloop
  endfacet
  facet normal -0.357346 0.0558076 -0.932303
    outer loop
      vertex -0.0406637 0.00786495 -0.0169403
      vertex -0.048152 0.00616741 -0.0141717
      vertex -0.0476751 0.00922108 -0.0141717
    endloop
  endfacet
  facet normal 0.384578 0.430209 -0.816713
    outer loop
      vertex 0.0470228 0.0507708 -0.00331703
      vertex 0.0457044 0.0540991 -0.00218464
      vertex 0.050105 0.0540991 -0.000112461
    endloop
  endfacet
  facet normal 0.384565 0.430207 -0.81672
    outer loop
      vertex 0.0457044 0.0540991 -0.00218464
      vertex 0.0470228 0.0507708 -0.00331703
      vertex 0.043786 0.0536642 -0.00331703
    endloop
  endfacet
  facet normal 0.423433 0.21202 -0.880768
    outer loop
      vertex 0.0502996 0.0239984 -0.0109108
      vertex 0.0502014 0.0239515 -0.0109693
      vertex 0.0502996 0.0240981 -0.0108868
    endloop
  endfacet
  facet normal 0.0395027 0.412211 -0.910232
    outer loop
      vertex 0.00304699 0.0491133 -0.0141717
      vertex 0.00420861 0.0540991 -0.0118634
      vertex 0.00608253 0.0488224 -0.0141717
    endloop
  endfacet
  facet normal 0.0395057 0.41221 -0.910232
    outer loop
      vertex 0.00420861 0.0540991 -0.0118634
      vertex 0.00304699 0.0491133 -0.0141717
      vertex 0.00335611 0.0540991 -0.0119004
    endloop
  endfacet
  facet normal -0.0172769 0.180451 -0.983432
    outer loop
      vertex -0.00119972 0.0193453 -0.0225431
      vertex -0.00239563 0.0192308 -0.0225431
      vertex -0.0016737 0.0269766 -0.0211345
    endloop
  endfacet
  facet normal -0.0487953 0.111178 -0.992602
    outer loop
      vertex -0.00489616 0.0105505 -0.0234853
      vertex -0.00813961 0.017539 -0.0225431
      vertex -0.00423336 0.0108414 -0.0234853
    endloop
  endfacet
  facet normal -0.303148 0.00931555 -0.952898
    outer loop
      vertex -0.0340948 0 -0.0192634
      vertex -0.0413971 0 -0.0169403
      vertex -0.0340281 0.00217056 -0.0192634
    endloop
  endfacet
  facet normal -0.0789999 0.348791 -0.933865
    outer loop
      vertex -0.00775623 0.0412292 -0.0169403
      vertex -0.0102949 0.0406542 -0.0169403
      vertex -0.00909424 0.0483389 -0.0141717
    endloop
  endfacet
  facet normal 0.00384595 0.121104 -0.992632
    outer loop
      vertex 0.000721931 0.0116377 -0.0234853
      vertex 0 0.0193834 -0.0225431
      vertex 0.00119972 0.0193453 -0.0225431
    endloop
  endfacet
  facet normal -0.0132625 0.413846 -0.91025
    outer loop
      vertex -0.00304699 0.0491133 -0.0141717
      vertex -0.00335611 0.0540991 -0.0119004
      vertex -0.000919631 0.0540991 -0.0119359
    endloop
  endfacet
  facet normal -0.122715 0.33627 -0.933736
    outer loop
      vertex -0.0127916 0.0399189 -0.0169403
      vertex -0.0178671 0.0457544 -0.0141717
      vertex -0.0149975 0.0468016 -0.0141717
    endloop
  endfacet
  facet normal -0.0680458 0.2314 -0.970476
    outer loop
      vertex -0.00823784 0.0257072 -0.0211345
      vertex -0.00847912 0.0334835 -0.0192634
      vertex -0.00662899 0.0261803 -0.0211345
    endloop
  endfacet
  facet normal 0.203548 0.295494 -0.933408
    outer loop
      vertex 0.0285282 0.0398121 -0.0141717
      vertex 0.0221815 0.0354385 -0.0169403
      vertex 0.0260057 0.0415497 -0.0141717
    endloop
  endfacet
  facet normal -0.137814 0.266832 -0.953839
    outer loop
      vertex -0.0145168 0.0312796 -0.0192634
      vertex -0.0199432 0.0367813 -0.0169403
      vertex -0.0176258 0.0379782 -0.0169403
    endloop
  endfacet
  facet normal -0.277337 0.310262 -0.909297
    outer loop
      vertex -0.0309372 0.0379171 -0.0141717
      vertex -0.0379801 0.041007 -0.0109693
      vertex -0.0353651 0.0433445 -0.0109693
    endloop
  endfacet
  facet normal -0.411085 0.405463 -0.816461
    outer loop
      vertex -0.0500746 0.047677 -0.00331703
      vertex -0.0502996 0.0478914 -0.00309727
      vertex -0.0502996 0.0491187 -0.00248778
    endloop
  endfacet
  facet normal -0.213538 0.356168 -0.909696
    outer loop
      vertex -0.0260057 0.0415497 -0.0141717
      vertex -0.0297289 0.0474968 -0.0109693
      vertex -0.0233812 0.0431232 -0.0141717
    endloop
  endfacet
  facet normal -0.200793 0.224506 -0.953561
    outer loop
      vertex -0.0233393 0.0251999 -0.0192634
      vertex -0.0283375 0.0305967 -0.0169403
      vertex -0.0263872 0.032341 -0.0169403
    endloop
  endfacet
  facet normal -0.170663 0.247645 -0.953701
    outer loop
      vertex -0.0200405 0.0279675 -0.0192634
      vertex -0.024332 0.0339565 -0.0169403
      vertex -0.0221815 0.0354385 -0.0169403
    endloop
  endfacet
  facet normal 0.291299 0.37033 -0.882043
    outer loop
      vertex 0.0396538 0.0486002 -0.0073463
      vertex 0.0353651 0.0433445 -0.0109693
      vertex 0.0365658 0.0510292 -0.0073463
    endloop
  endfacet
  facet normal -0.0601555 0.0133314 -0.9981
    outer loop
      vertex -0.00371742 0.000967026 -0.0239584
      vertex -0.0112972 0.00218487 -0.0234853
      vertex -0.0111389 0.00289917 -0.0234853
    endloop
  endfacet
  facet normal 0.224056 0.0956451 -0.969872
    outer loop
      vertex 0.0247869 0.00994968 -0.0211345
      vertex 0.0241213 0.0115089 -0.0211345
      vertex 0.0308504 0.014719 -0.0192634
    endloop
  endfacet
  facet normal 0.314214 0.351517 -0.881876
    outer loop
      vertex 0.0379801 0.041007 -0.0109693
      vertex 0.0353651 0.0433445 -0.0109693
      vertex 0.0396538 0.0486002 -0.0073463
    endloop
  endfacet
  facet normal -0.120557 0.274857 -0.953897
    outer loop
      vertex -0.0145168 0.0312796 -0.0192634
      vertex -0.0152388 0.0390253 -0.0169403
      vertex -0.0125513 0.0321417 -0.0192634
    endloop
  endfacet
  facet normal -0.0341024 0.355859 -0.933917
    outer loop
      vertex -0.00518799 0.0416422 -0.0169403
      vertex -0.00608253 0.0488224 -0.0141717
      vertex -0.00304699 0.0491133 -0.0141717
    endloop
  endfacet
  facet normal -0.0285408 0.298191 -0.95408
    outer loop
      vertex -0.00214005 0.0345011 -0.0192634
      vertex -0.00427246 0.034297 -0.0192634
      vertex -0.00259876 0.0418901 -0.0169403
    endloop
  endfacet
  facet normal -0.101162 0.343202 -0.933798
    outer loop
      vertex -0.0127916 0.0399189 -0.0169403
      vertex -0.0149975 0.0468016 -0.0141717
      vertex -0.0120697 0.0476646 -0.0141717
    endloop
  endfacet
  facet normal -0.213524 0.356186 -0.909692
    outer loop
      vertex -0.0233812 0.0431232 -0.0141717
      vertex -0.0297289 0.0474968 -0.0109693
      vertex -0.0267286 0.0492954 -0.0109693
    endloop
  endfacet
  facet normal -0.0662119 0.292331 -0.954022
    outer loop
      vertex -0.00638866 0.0339575 -0.0192634
      vertex -0.0102949 0.0406542 -0.0169403
      vertex -0.00775623 0.0412292 -0.0169403
    endloop
  endfacet
  facet normal -0.235728 0.34221 -0.909574
    outer loop
      vertex -0.0285282 0.0398121 -0.0141717
      vertex -0.0297289 0.0474968 -0.0109693
      vertex -0.0260057 0.0415497 -0.0141717
    endloop
  endfacet
  facet normal -0.124339 0.207382 -0.970326
    outer loop
      vertex -0.0128431 0.0236864 -0.0211345
      vertex -0.0182686 0.0291882 -0.0192634
      vertex -0.0164251 0.0302935 -0.0192634
    endloop
  endfacet
  facet normal -0.347426 0.0995898 -0.932404
    outer loop
      vertex -0.0400963 0.010438 -0.0169403
      vertex -0.0461597 0.0152063 -0.0141717
      vertex -0.0393705 0.01297 -0.0169403
    endloop
  endfacet
  facet normal -0.314233 0.351511 -0.881872
    outer loop
      vertex -0.0379801 0.041007 -0.0109693
      vertex -0.0425854 0.0459795 -0.0073463
      vertex -0.0396538 0.0486002 -0.0073463
    endloop
  endfacet
  facet normal -0.375192 0.287024 -0.88139
    outer loop
      vertex -0.0448856 0.0330648 -0.0109693
      vertex -0.0479336 0.040206 -0.0073463
      vertex -0.0427494 0.0358572 -0.0109693
    endloop
  endfacet
  facet normal -0.384492 0.164142 -0.908418
    outer loop
      vertex -0.0502996 0.0237215 -0.0109693
      vertex -0.0439157 0.0209522 -0.0141717
      vertex -0.0502996 0.020749 -0.0115064
    endloop
  endfacet
  facet normal -0.384485 0.164158 -0.908418
    outer loop
      vertex -0.0439157 0.0209522 -0.0141717
      vertex -0.0502996 0.0237215 -0.0109693
      vertex -0.0502014 0.0239515 -0.0109693
    endloop
  endfacet
  facet normal -0.360688 0.210473 -0.908628
    outer loop
      vertex -0.042532 0.0237074 -0.0141717
      vertex -0.0486193 0.0271006 -0.0109693
      vertex -0.0409794 0.0263681 -0.0141717
    endloop
  endfacet
  facet normal -0.278446 0.118859 -0.953069
    outer loop
      vertex -0.0308504 0.014719 -0.0192634
      vertex -0.0384893 0.0154514 -0.0169403
      vertex -0.0374565 0.0178709 -0.0169403
    endloop
  endfacet
  facet normal -0.299603 0.0467382 -0.952918
    outer loop
      vertex -0.0338259 0.00433254 -0.0192634
      vertex -0.04107 0.00526047 -0.0169403
      vertex -0.0406637 0.00786495 -0.0169403
    endloop
  endfacet
  facet normal 0.394161 0.139903 -0.908331
    outer loop
      vertex 0.0461597 0.0152063 -0.0141717
      vertex 0.0502996 0.0176198 -0.0120035
      vertex 0.0502996 0.0165706 -0.0121651
    endloop
  endfacet
  facet normal 0.394137 0.139947 -0.908334
    outer loop
      vertex 0.0502996 0.0176198 -0.0120035
      vertex 0.0461597 0.0152063 -0.0141717
      vertex 0.0451269 0.018115 -0.0141717
    endloop
  endfacet
  facet normal 0.270367 0.135834 -0.953127
    outer loop
      vertex 0.0374565 0.0178709 -0.0169403
      vertex 0.0308504 0.014719 -0.0192634
      vertex 0.0362759 0.0202208 -0.0169403
    endloop
  endfacet
  facet normal 0.257069 0.326909 -0.909421
    outer loop
      vertex 0.0353651 0.0433445 -0.0109693
      vertex 0.0285282 0.0398121 -0.0141717
      vertex 0.0326109 0.0455103 -0.0109693
    endloop
  endfacet
  facet normal -0.0690464 0.100207 -0.992568
    outer loop
      vertex -0.00675964 0.00943375 -0.0234853
      vertex -0.0112371 0.0156813 -0.0225431
      vertex -0.0102434 0.016366 -0.0225431
    endloop
  endfacet
  facet normal -0.243041 0.0227305 -0.96975
    outer loop
      vertex -0.0266066 0.00169659 -0.0211345
      vertex -0.0340281 0.00217056 -0.0192634
      vertex -0.0338259 0.00433254 -0.0192634
    endloop
  endfacet
  facet normal -0.122761 0.00375276 -0.992429
    outer loop
      vertex -0.0115004 0 -0.0234853
      vertex -0.0191174 0 -0.0225431
      vertex -0.0190802 0.00121689 -0.0225431
    endloop
  endfacet
  facet normal -0.149791 0.190248 -0.970241
    outer loop
      vertex -0.0169926 0.0208263 -0.0211345
      vertex -0.0217333 0.0266361 -0.0192634
      vertex -0.0156698 0.0218678 -0.0211345
    endloop
  endfacet
  facet normal 0.335909 0.331297 -0.881707
    outer loop
      vertex 0.0404444 0.0385084 -0.0109693
      vertex 0.0379801 0.041007 -0.0109693
      vertex 0.0453491 0.0431776 -0.0073463
    endloop
  endfacet
  facet normal 0.224066 0.0956318 -0.969871
    outer loop
      vertex 0.0317011 0.0127258 -0.0192634
      vertex 0.0247869 0.00994968 -0.0211345
      vertex 0.0308504 0.014719 -0.0192634
    endloop
  endfacet
  facet normal 0.16369 0.082256 -0.983077
    outer loop
      vertex 0.0241213 0.0115089 -0.0211345
      vertex 0.0172977 0.0082531 -0.0225431
      vertex 0.0233612 0.0130215 -0.0211345
    endloop
  endfacet
  facet normal -0.161174 0.441312 -0.882761
    outer loop
      vertex -0.0204239 0.0523033 -0.0109693
      vertex -0.0178132 0.0540991 -0.0105482
      vertex -0.0171442 0.0535011 -0.0109693
    endloop
  endfacet
  facet normal -0.161159 0.441293 -0.882773
    outer loop
      vertex -0.0178132 0.0540991 -0.0105482
      vertex -0.0204239 0.0523033 -0.0109693
      vertex -0.0211251 0.0540991 -0.00994358
    endloop
  endfacet
  facet normal 0.132943 0.450489 -0.882828
    outer loop
      vertex 0.0171442 0.0535011 -0.0109693
      vertex 0.0170124 0.0540991 -0.010684
      vertex 0.0173358 0.0540991 -0.0106353
    endloop
  endfacet
  facet normal -0.190576 0.36869 -0.909807
    outer loop
      vertex -0.0233812 0.0431232 -0.0141717
      vertex -0.0267286 0.0492954 -0.0109693
      vertex -0.0206652 0.0445271 -0.0141717
    endloop
  endfacet
  facet normal -0.105762 0.0616051 -0.992481
    outer loop
      vertex -0.0100775 0.00561714 -0.0234853
      vertex -0.0167522 0.00933743 -0.0225431
      vertex -0.00971031 0.00624752 -0.0234853
    endloop
  endfacet
  facet normal -0.06565 0.408932 -0.9102
    outer loop
      vertex -0.00909424 0.0483389 -0.0141717
      vertex -0.00961935 0.0540991 -0.0115459
      vertex -0.00608253 0.0488224 -0.0141717
    endloop
  endfacet
  facet normal -0.0656602 0.408931 -0.9102
    outer loop
      vertex -0.00961935 0.0540991 -0.0115459
      vertex -0.00909424 0.0483389 -0.0141717
      vertex -0.010178 0.0540991 -0.0115056
    endloop
  endfacet
  facet normal -0.0395524 0.412225 -0.910223
    outer loop
      vertex -0.00608253 0.0488224 -0.0141717
      vertex -0.00674005 0.0540991 -0.0117534
      vertex -0.00420861 0.0540991 -0.0118634
    endloop
  endfacet
  facet normal -0.193018 0.147546 -0.970038
    outer loop
      vertex -0.0215673 0.0158873 -0.0211345
      vertex -0.0275831 0.020319 -0.0192634
      vertex -0.0262709 0.0220356 -0.0192634
    endloop
  endfacet
  facet normal -0.137861 0.266788 -0.953844
    outer loop
      vertex -0.0164251 0.0302935 -0.0192634
      vertex -0.0199432 0.0367813 -0.0169403
      vertex -0.0145168 0.0312796 -0.0192634
    endloop
  endfacet
  facet normal -0.163638 0.0823224 -0.98308
    outer loop
      vertex -0.0172977 0.0082531 -0.0225431
      vertex -0.0233612 0.0130215 -0.0211345
      vertex -0.0167522 0.00933743 -0.0225431
    endloop
  endfacet
  facet normal -0.122773 0.336224 -0.933745
    outer loop
      vertex -0.0152388 0.0390253 -0.0169403
      vertex -0.0178671 0.0457544 -0.0141717
      vertex -0.0127916 0.0399189 -0.0169403
    endloop
  endfacet
  facet normal -0.374101 0.369022 -0.850806
    outer loop
      vertex -0.0425854 0.0459795 -0.0073463
      vertex -0.0500746 0.047677 -0.00331703
      vertex -0.0470228 0.0507708 -0.00331703
    endloop
  endfacet
  facet normal -0.241967 0.403608 -0.882356
    outer loop
      vertex -0.0267286 0.0492954 -0.0109693
      vertex -0.0319275 0.0540991 -0.0073463
      vertex -0.0293328 0.0540991 -0.00805784
    endloop
  endfacet
  facet normal -0.241969 0.403607 -0.882356
    outer loop
      vertex -0.0319275 0.0540991 -0.0073463
      vertex -0.0267286 0.0492954 -0.0109693
      vertex -0.0333338 0.053256 -0.0073463
    endloop
  endfacet
  facet normal -0.314214 0.351517 -0.881876
    outer loop
      vertex -0.0379801 0.041007 -0.0109693
      vertex -0.0396538 0.0486002 -0.0073463
      vertex -0.0353651 0.0433445 -0.0109693
    endloop
  endfacet
  facet normal -0.349991 0.391529 -0.851006
    outer loop
      vertex -0.0396538 0.0486002 -0.0073463
      vertex -0.0470228 0.0507708 -0.00331703
      vertex -0.043786 0.0536642 -0.00331703
    endloop
  endfacet
  facet normal -0.436005 0.379062 -0.816218
    outer loop
      vertex -0.0500746 0.047677 -0.00331703
      vertex -0.0502996 0.0474182 -0.00331703
      vertex -0.0502996 0.0478914 -0.00309727
    endloop
  endfacet
  facet normal -0.285454 0.101237 -0.95303
    outer loop
      vertex -0.0324259 0.0106821 -0.0192634
      vertex -0.0393705 0.01297 -0.0169403
      vertex -0.0317011 0.0127258 -0.0192634
    endloop
  endfacet
  facet normal -0.291282 0.0835016 -0.952986
    outer loop
      vertex -0.0330238 0.00859642 -0.0192634
      vertex -0.0393705 0.01297 -0.0169403
      vertex -0.0324259 0.0106821 -0.0192634
    endloop
  endfacet
  facet normal -0.238268 0.0525285 -0.969778
    outer loop
      vertex -0.0261869 0.00506496 -0.0211345
      vertex -0.0334911 0.00647736 -0.0192634
      vertex -0.0258217 0.0067215 -0.0211345
    endloop
  endfacet
  facet normal -0.416965 0.0388851 -0.90809
    outer loop
      vertex -0.048439 0.0030899 -0.0141717
      vertex -0.0502996 0.0032084 -0.0133123
      vertex -0.0502996 0.00420558 -0.0132696
    endloop
  endfacet
  facet normal 0.3359 0.33132 -0.881702
    outer loop
      vertex 0.0453491 0.0431776 -0.0073463
      vertex 0.0379801 0.041007 -0.0109693
      vertex 0.0425854 0.0459795 -0.0073463
    endloop
  endfacet
  facet normal 0.356257 0.309736 -0.881558
    outer loop
      vertex 0.0427494 0.0358572 -0.0109693
      vertex 0.0404444 0.0385084 -0.0109693
      vertex 0.0479336 0.040206 -0.0073463
    endloop
  endfacet
  facet normal 0.373384 0.187587 -0.908513
    outer loop
      vertex 0.0502014 0.0239515 -0.0109693
      vertex 0.042532 0.0237074 -0.0141717
      vertex 0.0486193 0.0271006 -0.0109693
    endloop
  endfacet
  facet normal 0.299358 0.200657 -0.932803
    outer loop
      vertex 0.0409794 0.0263681 -0.0141717
      vertex 0.0349522 0.0224895 -0.0169403
      vertex 0.0392656 0.0289249 -0.0141717
    endloop
  endfacet
  facet normal 0.314512 0.273442 -0.909017
    outer loop
      vertex 0.0427494 0.0358572 -0.0109693
      vertex 0.0373964 0.0313683 -0.0141717
      vertex 0.0404444 0.0385084 -0.0109693
    endloop
  endfacet
  facet normal 0.296018 0.0652768 -0.952949
    outer loop
      vertex 0.0406637 0.00786495 -0.0169403
      vertex 0.0330238 0.00859642 -0.0192634
      vertex 0.0400963 0.010438 -0.0169403
    endloop
  endfacet
  facet normal 0.222015 0.282235 -0.933302
    outer loop
      vertex 0.0309372 0.0379171 -0.0141717
      vertex 0.0263872 0.032341 -0.0169403
      vertex 0.0285282 0.0398121 -0.0141717
    endloop
  endfacet
  facet normal 0.250987 0.168238 -0.953258
    outer loop
      vertex 0.0349522 0.0224895 -0.0169403
      vertex 0.0287876 0.0185232 -0.0192634
      vertex 0.0334902 0.0246706 -0.0169403
    endloop
  endfacet
  facet normal 0.179265 0.0395207 -0.983007
    outer loop
      vertex 0.0261869 0.00506496 -0.0211345
      vertex 0.0187788 0.00363159 -0.0225431
      vertex 0.0258217 0.0067215 -0.0211345
    endloop
  endfacet
  facet normal 0.0827439 0.226714 -0.97044
    outer loop
      vertex 0.00981331 0.0251322 -0.0211345
      vertex 0.00823784 0.0257072 -0.0211345
      vertex 0.0105352 0.0328779 -0.0192634
    endloop
  endfacet
  facet normal 0.26118 0.152318 -0.953197
    outer loop
      vertex 0.0298777 0.016654 -0.0192634
      vertex 0.0287876 0.0185232 -0.0192634
      vertex 0.0362759 0.0202208 -0.0169403
    endloop
  endfacet
  facet normal 0.311481 0.181738 -0.932712
    outer loop
      vertex 0.0362759 0.0202208 -0.0169403
      vertex 0.0349522 0.0224895 -0.0169403
      vertex 0.042532 0.0237074 -0.0141717
    endloop
  endfacet
  facet normal 0.112561 0.143229 -0.983268
    outer loop
      vertex 0.0121861 0.0149355 -0.0225431
      vertex 0.0112371 0.0156813 -0.0225431
      vertex 0.0156698 0.0218678 -0.0211345
    endloop
  endfacet
  facet normal 0.0487953 0.111178 -0.992602
    outer loop
      vertex 0.00489616 0.0105505 -0.0234853
      vertex 0.00423336 0.0108414 -0.0234853
      vertex 0.00813961 0.017539 -0.0225431
    endloop
  endfacet
  facet normal -0.137277 0.199272 -0.970281
    outer loop
      vertex -0.0156698 0.0218678 -0.0211345
      vertex -0.0200405 0.0279675 -0.0192634
      vertex -0.0142841 0.0228224 -0.0211345
    endloop
  endfacet
  facet normal -0.137809 0.119865 -0.983179
    outer loop
      vertex -0.0147305 0.0123558 -0.0225431
      vertex -0.0205412 0.0172291 -0.0211345
      vertex -0.019433 0.0185032 -0.0211345
    endloop
  endfacet
  facet normal -0.112561 0.143229 -0.983268
    outer loop
      vertex -0.0121861 0.0149355 -0.0225431
      vertex -0.0156698 0.0218678 -0.0211345
      vertex -0.0112371 0.0156813 -0.0225431
    endloop
  endfacet
  facet normal -0.0970796 0.07421 -0.992506
    outer loop
      vertex -0.00930405 0.00685406 -0.0234853
      vertex -0.0154667 0.0113935 -0.0225431
      vertex -0.00886154 0.00743294 -0.0234853
    endloop
  endfacet
  facet normal -0.142235 0.389455 -0.909996
    outer loop
      vertex -0.0178671 0.0457544 -0.0141717
      vertex -0.0204239 0.0523033 -0.0109693
      vertex -0.0171442 0.0535011 -0.0109693
    endloop
  endfacet
  facet normal 0.166609 0.379894 -0.909902
    outer loop
      vertex 0.0236225 0.0509005 -0.0109693
      vertex 0.0178671 0.0457544 -0.0141717
      vertex 0.0204239 0.0523033 -0.0109693
    endloop
  endfacet
  facet normal 0.117049 0.397576 -0.910073
    outer loop
      vertex 0.0120697 0.0476646 -0.0141717
      vertex 0.015113 0.0540991 -0.0109693
      vertex 0.0171442 0.0535011 -0.0109693
    endloop
  endfacet
  facet normal 0.117067 0.397568 -0.910074
    outer loop
      vertex 0.015113 0.0540991 -0.0109693
      vertex 0.0120697 0.0476646 -0.0141717
      vertex 0.0136997 0.0540991 -0.0111511
    endloop
  endfacet
  facet normal -0.413693 0.0645739 -0.908124
    outer loop
      vertex -0.0502996 0.00844802 -0.0130312
      vertex -0.048152 0.00616741 -0.0141717
      vertex -0.0502996 0.00644259 -0.0131738
    endloop
  endfacet
  facet normal -0.413667 0.0646035 -0.908133
    outer loop
      vertex -0.048152 0.00616741 -0.0141717
      vertex -0.0502996 0.00844802 -0.0130312
      vertex -0.0476751 0.00922108 -0.0141717
    endloop
  endfacet
  facet normal -0.172746 0.170271 -0.970137
    outer loop
      vertex -0.019433 0.0185032 -0.0211345
      vertex -0.0248537 0.0236645 -0.0192634
      vertex -0.0182495 0.0197039 -0.0211345
    endloop
  endfacet
  facet normal -0.164557 0.318353 -0.93358
    outer loop
      vertex -0.0199432 0.0367813 -0.0169403
      vertex -0.0233812 0.0431232 -0.0141717
      vertex -0.0206652 0.0445271 -0.0141717
    endloop
  endfacet
  facet normal -0.166623 0.37988 -0.909905
    outer loop
      vertex -0.0206652 0.0445271 -0.0141717
      vertex -0.0236225 0.0509005 -0.0109693
      vertex -0.0178671 0.0457544 -0.0141717
    endloop
  endfacet
  facet normal -0.203548 0.295494 -0.933408
    outer loop
      vertex -0.0221815 0.0354385 -0.0169403
      vertex -0.0285282 0.0398121 -0.0141717
      vertex -0.0260057 0.0415497 -0.0141717
    endloop
  endfacet
  facet normal -0.0533193 0.235152 -0.970495
    outer loop
      vertex -0.00499535 0.0265512 -0.0211345
      vertex -0.00847912 0.0334835 -0.0192634
      vertex -0.00638866 0.0339575 -0.0192634
    endloop
  endfacet
  facet normal -0.0622382 0.170529 -0.983385
    outer loop
      vertex -0.00703716 0.0180225 -0.0225431
      vertex -0.00981331 0.0251322 -0.0211345
      vertex -0.00823784 0.0257072 -0.0211345
    endloop
  endfacet
  facet normal -0.0729524 0.166342 -0.983366
    outer loop
      vertex -0.00813961 0.017539 -0.0225431
      vertex -0.00981331 0.0251322 -0.0211345
      vertex -0.00703716 0.0180225 -0.0225431
    endloop
  endfacet
  facet normal -0.117067 0.397568 -0.910074
    outer loop
      vertex -0.0120697 0.0476646 -0.0141717
      vertex -0.015113 0.0540991 -0.0109693
      vertex -0.0136997 0.0540991 -0.0111511
    endloop
  endfacet
  facet normal -0.117049 0.397576 -0.910073
    outer loop
      vertex -0.015113 0.0540991 -0.0109693
      vertex -0.0120697 0.0476646 -0.0141717
      vertex -0.0171442 0.0535011 -0.0109693
    endloop
  endfacet
  facet normal -0.190543 0.368727 -0.909799
    outer loop
      vertex -0.0206652 0.0445271 -0.0141717
      vertex -0.0267286 0.0492954 -0.0109693
      vertex -0.0236225 0.0509005 -0.0109693
    endloop
  endfacet
  facet normal -0.0285498 0.298192 -0.954079
    outer loop
      vertex -0.00427246 0.034297 -0.0192634
      vertex -0.00518799 0.0416422 -0.0169403
      vertex -0.00259876 0.0418901 -0.0169403
    endloop
  endfacet
  facet normal 0.16105 0.441427 -0.882726
    outer loop
      vertex 0.0178132 0.0540991 -0.0105482
      vertex 0.0171442 0.0535011 -0.0109693
      vertex 0.0173358 0.0540991 -0.0106353
    endloop
  endfacet
  facet normal -0.0113969 0.357267 -0.933933
    outer loop
      vertex 0 0.0419731 -0.0169403
      vertex -0.00304699 0.0491133 -0.0141717
      vertex 0 0.0492105 -0.0141717
    endloop
  endfacet
  facet normal -0.0969993 0.221148 -0.970404
    outer loop
      vertex -0.00981331 0.0251322 -0.0211345
      vertex -0.0145168 0.0312796 -0.0192634
      vertex -0.0125513 0.0321417 -0.0192634
    endloop
  endfacet
  facet normal -0.0475749 0.295845 -0.954051
    outer loop
      vertex -0.00638866 0.0339575 -0.0192634
      vertex -0.00775623 0.0412292 -0.0169403
      vertex -0.00518799 0.0416422 -0.0169403
    endloop
  endfacet
  facet normal -0.349996 0.391517 -0.85101
    outer loop
      vertex -0.0425854 0.0459795 -0.0073463
      vertex -0.0470228 0.0507708 -0.00331703
      vertex -0.0396538 0.0486002 -0.0073463
    endloop
  endfacet
  facet normal -0.314512 0.273442 -0.909017
    outer loop
      vertex -0.0373964 0.0313683 -0.0141717
      vertex -0.0427494 0.0358572 -0.0109693
      vertex -0.0404444 0.0385084 -0.0109693
    endloop
  endfacet
  facet normal -0.324476 0.412508 -0.851206
    outer loop
      vertex -0.0396538 0.0486002 -0.0073463
      vertex -0.043786 0.0536642 -0.00331703
      vertex -0.0365658 0.0510292 -0.0073463
    endloop
  endfacet
  facet normal -0.291299 0.37033 -0.882043
    outer loop
      vertex -0.0353651 0.0433445 -0.0109693
      vertex -0.0396538 0.0486002 -0.0073463
      vertex -0.0365658 0.0510292 -0.0073463
    endloop
  endfacet
  facet normal -0.269518 0.449559 -0.85162
    outer loop
      vertex -0.0319275 0.0540991 -0.0073463
      vertex -0.0333338 0.053256 -0.0073463
      vertex -0.0333076 0.0540991 -0.00690953
    endloop
  endfacet
  facet normal -0.356465 0.453265 -0.816997
    outer loop
      vertex -0.043786 0.0536642 -0.00331703
      vertex -0.0437995 0.0540991 -0.00306986
      vertex -0.043233 0.0540991 -0.00331703
    endloop
  endfacet
  facet normal -0.235857 0.34218 -0.909551
    outer loop
      vertex -0.0285282 0.0398121 -0.0141717
      vertex -0.0326109 0.0455103 -0.0109693
      vertex -0.0297289 0.0474968 -0.0109693
    endloop
  endfacet
  facet normal -0.291229 0.370349 -0.882059
    outer loop
      vertex -0.0353651 0.0433445 -0.0109693
      vertex -0.0365658 0.0510292 -0.0073463
      vertex -0.0326109 0.0455103 -0.0109693
    endloop
  endfacet
  facet normal 0.0592548 0.0167913 -0.998102
    outer loop
      vertex 0.00371742 0.000967026 -0.0239584
      vertex 0.00365067 0.00120258 -0.0239584
      vertex 0.0111389 0.00289917 -0.0234853
    endloop
  endfacet
  facet normal -0.168593 0.0719692 -0.983055
    outer loop
      vertex -0.0172977 0.0082531 -0.0225431
      vertex -0.0247869 0.00994968 -0.0211345
      vertex -0.0241213 0.0115089 -0.0211345
    endloop
  endfacet
  facet normal -0.224056 0.0956451 -0.969872
    outer loop
      vertex -0.0247869 0.00994968 -0.0211345
      vertex -0.0308504 0.014719 -0.0192634
      vertex -0.0241213 0.0115089 -0.0211345
    endloop
  endfacet
  facet normal -0.239552 0.267843 -0.933207
    outer loop
      vertex -0.0283375 0.0305967 -0.0169403
      vertex -0.0332241 0.0358725 -0.0141717
      vertex -0.0263872 0.032341 -0.0169403
    endloop
  endfacet
  facet normal -0.151947 0.101886 -0.983123
    outer loop
      vertex -0.0154667 0.0113935 -0.0225431
      vertex -0.0225086 0.0144835 -0.0211345
      vertex -0.0215673 0.0158873 -0.0211345
    endloop
  endfacet
  facet normal -0.179246 0.0395665 -0.983008
    outer loop
      vertex -0.0187788 0.00363159 -0.0225431
      vertex -0.0258217 0.0067215 -0.0211345
      vertex -0.0185165 0.00481987 -0.0225431
    endloop
  endfacet
  facet normal -0.210178 0.122574 -0.969949
    outer loop
      vertex -0.0233612 0.0130215 -0.0211345
      vertex -0.0298777 0.016654 -0.0192634
      vertex -0.0287876 0.0185232 -0.0192634
    endloop
  endfacet
  facet normal -0.29959 0.0467651 -0.952921
    outer loop
      vertex -0.0338259 0.00433254 -0.0192634
      vertex -0.0406637 0.00786495 -0.0169403
      vertex -0.0334911 0.00647736 -0.0192634
    endloop
  endfacet
  facet normal -0.241142 0.0376416 -0.969759
    outer loop
      vertex -0.0261869 0.00506496 -0.0211345
      vertex -0.0338259 0.00433254 -0.0192634
      vertex -0.0334911 0.00647736 -0.0192634
    endloop
  endfacet
  facet normal -0.257108 0.326845 -0.909433
    outer loop
      vertex -0.0309372 0.0379171 -0.0141717
      vertex -0.0353651 0.0433445 -0.0109693
      vertex -0.0285282 0.0398121 -0.0141717
    endloop
  endfacet
  facet normal -0.375241 0.286996 -0.881378
    outer loop
      vertex -0.0502996 0.037054 -0.00736535
      vertex -0.0479336 0.040206 -0.0073463
      vertex -0.0448856 0.0330648 -0.0109693
    endloop
  endfacet
  facet normal -0.375768 0.287389 -0.881025
    outer loop
      vertex -0.0479336 0.040206 -0.0073463
      vertex -0.0502996 0.037054 -0.00736535
      vertex -0.0502996 0.0371124 -0.0073463
    endloop
  endfacet
  facet normal -0.417943 0.319645 -0.850383
    outer loop
      vertex -0.0479336 0.040206 -0.0073463
      vertex -0.0502996 0.0371124 -0.0073463
      vertex -0.0502996 0.0421907 -0.00543745
    endloop
  endfacet
  facet normal 0.340437 0.12088 -0.932465
    outer loop
      vertex 0.0461597 0.0152063 -0.0141717
      vertex 0.0393705 0.01297 -0.0169403
      vertex 0.0451269 0.018115 -0.0141717
    endloop
  endfacet
  facet normal 0.373391 0.187522 -0.908524
    outer loop
      vertex 0.0439157 0.0209522 -0.0141717
      vertex 0.042532 0.0237074 -0.0141717
      vertex 0.0502014 0.0239515 -0.0109693
    endloop
  endfacet
  facet normal 0.384505 0.164115 -0.908418
    outer loop
      vertex 0.0451269 0.018115 -0.0141717
      vertex 0.0502996 0.020749 -0.0115064
      vertex 0.0502996 0.0201916 -0.0116071
    endloop
  endfacet
  facet normal 0.384492 0.16414 -0.908418
    outer loop
      vertex 0.0502996 0.020749 -0.0115064
      vertex 0.0451269 0.018115 -0.0141717
      vertex 0.0439157 0.0209522 -0.0141717
    endloop
  endfacet
  facet normal -0.0609036 0.00947411 -0.998099
    outer loop
      vertex -0.00380802 0.000487328 -0.0239584
      vertex -0.0114098 0.00146103 -0.0234853
      vertex -0.0112972 0.00218487 -0.0234853
    endloop
  endfacet
  facet normal 0.217544 0.109318 -0.969909
    outer loop
      vertex 0.0241213 0.0115089 -0.0211345
      vertex 0.0233612 0.0130215 -0.0211345
      vertex 0.0308504 0.014719 -0.0192634
    endloop
  endfacet
  facet normal 0.402284 0.115186 -0.90824
    outer loop
      vertex 0.0502996 0.013094 -0.0126062
      vertex 0.0470104 0.0122375 -0.0141717
      vertex 0.0502996 0.015178 -0.0123419
    endloop
  endfacet
  facet normal 0.278448 0.118842 -0.95307
    outer loop
      vertex 0.0317011 0.0127258 -0.0192634
      vertex 0.0308504 0.014719 -0.0192634
      vertex 0.0384893 0.0154514 -0.0169403
    endloop
  endfacet
  facet normal 0.186053 0.236556 -0.953638
    outer loop
      vertex 0.0217333 0.0266361 -0.0192634
      vertex 0.0200405 0.0279675 -0.0192634
      vertex 0.0263872 0.032341 -0.0169403
    endloop
  endfacet
  facet normal 0.271573 0.236161 -0.932993
    outer loop
      vertex 0.0373964 0.0313683 -0.0141717
      vertex 0.0301771 0.0287323 -0.0169403
      vertex 0.0353804 0.0336866 -0.0141717
    endloop
  endfacet
  facet normal 0.192981 0.147576 -0.970041
    outer loop
      vertex 0.0215673 0.0158873 -0.0211345
      vertex 0.0205412 0.0172291 -0.0211345
      vertex 0.0262709 0.0220356 -0.0192634
    endloop
  endfacet
  facet normal 0.200776 0.224514 -0.953563
    outer loop
      vertex 0.0233393 0.0251999 -0.0192634
      vertex 0.0217333 0.0266361 -0.0192634
      vertex 0.0263872 0.032341 -0.0169403
    endloop
  endfacet
  facet normal 0.091632 0.404042 -0.910139
    outer loop
      vertex 0.0120697 0.0476646 -0.0141717
      vertex 0.0106514 0.0540991 -0.011458
      vertex 0.0136997 0.0540991 -0.0111511
    endloop
  endfacet
  facet normal 0.101162 0.343202 -0.933798
    outer loop
      vertex 0.0127916 0.0399189 -0.0169403
      vertex 0.0120697 0.0476646 -0.0141717
      vertex 0.0149975 0.0468016 -0.0141717
    endloop
  endfacet
  facet normal -0.00956172 0.299381 -0.954086
    outer loop
      vertex 0 0.0345697 -0.0192634
      vertex -0.00259876 0.0418901 -0.0169403
      vertex 0 0.0419731 -0.0169403
    endloop
  endfacet
  facet normal 0.0681555 0.231396 -0.970469
    outer loop
      vertex 0.0105352 0.0328779 -0.0192634
      vertex 0.00823784 0.0257072 -0.0211345
      vertex 0.00847912 0.0334835 -0.0192634
    endloop
  endfacet
  facet normal 0.0513857 0.174001 -0.983404
    outer loop
      vertex 0.00590706 0.0184345 -0.0225431
      vertex 0.00475407 0.018775 -0.0225431
      vertex 0.00823784 0.0257072 -0.0211345
    endloop
  endfacet
  facet normal 0.291282 0.0835016 -0.952986
    outer loop
      vertex 0.0330238 0.00859642 -0.0192634
      vertex 0.0324259 0.0106821 -0.0192634
      vertex 0.0393705 0.01297 -0.0169403
    endloop
  endfacet
  facet normal 0.291229 0.370349 -0.882059
    outer loop
      vertex 0.0353651 0.0433445 -0.0109693
      vertex 0.0326109 0.0455103 -0.0109693
      vertex 0.0365658 0.0510292 -0.0073463
    endloop
  endfacet
  facet normal 0.241967 0.403604 -0.882358
    outer loop
      vertex 0.0333338 0.053256 -0.0073463
      vertex 0.0293328 0.0540991 -0.00805784
      vertex 0.0319275 0.0540991 -0.0073463
    endloop
  endfacet
  facet normal 0.241968 0.403608 -0.882356
    outer loop
      vertex 0.0293328 0.0540991 -0.00805784
      vertex 0.0333338 0.053256 -0.0073463
      vertex 0.0267286 0.0492954 -0.0109693
    endloop
  endfacet
  facet normal -0.00578015 0.181165 -0.983436
    outer loop
      vertex -0.00119972 0.0193453 -0.0225431
      vertex -0.0016737 0.0269766 -0.0211345
      vertex 0 0.02703 -0.0211345
    endloop
  endfacet
  facet normal 0.168593 0.0719692 -0.983055
    outer loop
      vertex 0.0247869 0.00994968 -0.0211345
      vertex 0.0172977 0.0082531 -0.0225431
      vertex 0.0241213 0.0115089 -0.0211345
    endloop
  endfacet
  facet normal -0.0730501 0.16632 -0.983362
    outer loop
      vertex -0.00813961 0.017539 -0.0225431
      vertex -0.0113506 0.024457 -0.0211345
      vertex -0.00981331 0.0251322 -0.0211345
    endloop
  endfacet
  facet normal -0.0230528 0.239884 -0.970528
    outer loop
      vertex -0.00334072 0.0268164 -0.0211345
      vertex -0.00427246 0.034297 -0.0192634
      vertex -0.0016737 0.0269766 -0.0211345
    endloop
  endfacet
  facet normal -0.0173418 0.180456 -0.98343
    outer loop
      vertex -0.00239563 0.0192308 -0.0225431
      vertex -0.00334072 0.0268164 -0.0211345
      vertex -0.0016737 0.0269766 -0.0211345
    endloop
  endfacet
  facet normal -0.0920976 0.0801704 -0.992517
    outer loop
      vertex -0.00838375 0.00798225 -0.0234853
      vertex -0.0147305 0.0123558 -0.0225431
      vertex -0.013936 0.0132685 -0.0225431
    endloop
  endfacet
  facet normal -0.234462 0.067213 -0.969799
    outer loop
      vertex -0.0253544 0.00835228 -0.0211345
      vertex -0.0330238 0.00859642 -0.0192634
      vertex -0.0324259 0.0106821 -0.0192634
    endloop
  endfacet
  facet normal 0.0970796 0.07421 -0.992506
    outer loop
      vertex 0.00930405 0.00685406 -0.0234853
      vertex 0.00886154 0.00743294 -0.0234853
      vertex 0.0154667 0.0113935 -0.0225431
    endloop
  endfacet
  facet normal -0.215904 0.417808 -0.882509
    outer loop
      vertex -0.0236225 0.0509005 -0.0109693
      vertex -0.0265796 0.0540991 -0.00873153
      vertex -0.0251072 0.0540991 -0.00909175
    endloop
  endfacet
  facet normal -0.215905 0.417807 -0.882509
    outer loop
      vertex -0.0265796 0.0540991 -0.00873153
      vertex -0.0236225 0.0509005 -0.0109693
      vertex -0.0267286 0.0492954 -0.0109693
    endloop
  endfacet
  facet normal -0.188841 0.430448 -0.88264
    outer loop
      vertex -0.0236225 0.0509005 -0.0109693
      vertex -0.0251072 0.0540991 -0.00909175
      vertex -0.0233244 0.0540991 -0.00947318
    endloop
  endfacet
  facet normal -0.356627 0.45323 -0.816945
    outer loop
      vertex -0.043786 0.0536642 -0.00331703
      vertex -0.0441408 0.0540991 -0.00292087
      vertex -0.0437995 0.0540991 -0.00306986
    endloop
  endfacet
  facet normal -0.384553 0.430234 -0.816711
    outer loop
      vertex -0.043786 0.0536642 -0.00331703
      vertex -0.0457044 0.0540991 -0.00218464
      vertex -0.0441408 0.0540991 -0.00292087
    endloop
  endfacet
  facet normal 0.213524 0.356186 -0.909692
    outer loop
      vertex 0.0297289 0.0474968 -0.0109693
      vertex 0.0233812 0.0431232 -0.0141717
      vertex 0.0267286 0.0492954 -0.0109693
    endloop
  endfacet
  facet normal 0.164433 0.31837 -0.933596
    outer loop
      vertex 0.0199432 0.0367813 -0.0169403
      vertex 0.0176258 0.0379782 -0.0169403
      vertex 0.0206652 0.0445271 -0.0141717
    endloop
  endfacet
  facet normal 0.0915617 0.404031 -0.910151
    outer loop
      vertex 0.00909424 0.0483389 -0.0141717
      vertex 0.0106514 0.0540991 -0.011458
      vertex 0.0120697 0.0476646 -0.0141717
    endloop
  endfacet
  facet normal 0.0915149 0.404044 -0.91015
    outer loop
      vertex 0.0106514 0.0540991 -0.011458
      vertex 0.00909424 0.0483389 -0.0141717
      vertex 0.010178 0.0540991 -0.0115056
    endloop
  endfacet
  facet normal 0.0656602 0.408931 -0.9102
    outer loop
      vertex 0.00909424 0.0483389 -0.0141717
      vertex 0.00961935 0.0540991 -0.0115459
      vertex 0.010178 0.0540991 -0.0115056
    endloop
  endfacet
  facet normal 0.06565 0.408932 -0.9102
    outer loop
      vertex 0.00961935 0.0540991 -0.0115459
      vertex 0.00909424 0.0483389 -0.0141717
      vertex 0.00608253 0.0488224 -0.0141717
    endloop
  endfacet
  facet normal -0.0567645 0.35299 -0.933904
    outer loop
      vertex -0.00775623 0.0412292 -0.0169403
      vertex -0.00909424 0.0483389 -0.0141717
      vertex -0.00518799 0.0416422 -0.0169403
    endloop
  endfacet
  facet normal -0.0474597 0.29583 -0.954061
    outer loop
      vertex -0.00427246 0.034297 -0.0192634
      vertex -0.00638866 0.0339575 -0.0192634
      vertex -0.00518799 0.0416422 -0.0169403
    endloop
  endfacet
  facet normal -0.110927 0.214665 -0.970368
    outer loop
      vertex -0.0128431 0.0236864 -0.0211345
      vertex -0.0164251 0.0302935 -0.0192634
      vertex -0.0145168 0.0312796 -0.0192634
    endloop
  endfacet
  facet normal -0.097099 0.221074 -0.970411
    outer loop
      vertex -0.0113506 0.024457 -0.0211345
      vertex -0.0145168 0.0312796 -0.0192634
      vertex -0.00981331 0.0251322 -0.0211345
    endloop
  endfacet
  facet normal -0.311477 0.181757 -0.932709
    outer loop
      vertex -0.0349522 0.0224895 -0.0169403
      vertex -0.042532 0.0237074 -0.0141717
      vertex -0.0409794 0.0263681 -0.0141717
    endloop
  endfacet
  facet normal -0.261165 0.15238 -0.953191
    outer loop
      vertex -0.0287876 0.0185232 -0.0192634
      vertex -0.0362759 0.0202208 -0.0169403
      vertex -0.0349522 0.0224895 -0.0169403
    endloop
  endfacet
  facet normal -0.184395 0.30756 -0.933491
    outer loop
      vertex -0.0199432 0.0367813 -0.0169403
      vertex -0.0260057 0.0415497 -0.0141717
      vertex -0.0233812 0.0431232 -0.0141717
    endloop
  endfacet
  facet normal -0.26721 0.387667 -0.882221
    outer loop
      vertex -0.0326109 0.0455103 -0.0109693
      vertex -0.0365658 0.0510292 -0.0073463
      vertex -0.0297289 0.0474968 -0.0109693
    endloop
  endfacet
  facet normal -0.164433 0.31837 -0.933596
    outer loop
      vertex -0.0199432 0.0367813 -0.0169403
      vertex -0.0206652 0.0445271 -0.0141717
      vertex -0.0176258 0.0379782 -0.0169403
    endloop
  endfacet
  facet normal -0.102892 0.281771 -0.953949
    outer loop
      vertex -0.0125513 0.0321417 -0.0192634
      vertex -0.0152388 0.0390253 -0.0169403
      vertex -0.0105352 0.0328779 -0.0192634
    endloop
  endfacet
  facet normal -0.142123 0.389453 -0.910015
    outer loop
      vertex -0.0149975 0.0468016 -0.0141717
      vertex -0.0178671 0.0457544 -0.0141717
      vertex -0.0171442 0.0535011 -0.0109693
    endloop
  endfacet
  facet normal -0.117164 0.397489 -0.910096
    outer loop
      vertex -0.0149975 0.0468016 -0.0141717
      vertex -0.0171442 0.0535011 -0.0109693
      vertex -0.0120697 0.0476646 -0.0141717
    endloop
  endfacet
  facet normal -0.0340702 0.355851 -0.933921
    outer loop
      vertex -0.00259876 0.0418901 -0.0169403
      vertex -0.00518799 0.0416422 -0.0169403
      vertex -0.00304699 0.0491133 -0.0141717
    endloop
  endfacet
  facet normal -0.0566765 0.353036 -0.933891
    outer loop
      vertex -0.00518799 0.0416422 -0.0169403
      vertex -0.00909424 0.0483389 -0.0141717
      vertex -0.00608253 0.0488224 -0.0141717
    endloop
  endfacet
  facet normal -0.0114104 0.357262 -0.933934
    outer loop
      vertex -0.00259876 0.0418901 -0.0169403
      vertex -0.00304699 0.0491133 -0.0141717
      vertex 0 0.0419731 -0.0169403
    endloop
  endfacet
  facet normal 0.0113969 0.357267 -0.933933
    outer loop
      vertex 0.00304699 0.0491133 -0.0141717
      vertex 0 0.0419731 -0.0169403
      vertex 0 0.0492105 -0.0141717
    endloop
  endfacet
  facet normal -0.0915149 0.404044 -0.91015
    outer loop
      vertex -0.00909424 0.0483389 -0.0141717
      vertex -0.0106514 0.0540991 -0.011458
      vertex -0.010178 0.0540991 -0.0115056
    endloop
  endfacet
  facet normal -0.0915617 0.404031 -0.910151
    outer loop
      vertex -0.0106514 0.0540991 -0.011458
      vertex -0.00909424 0.0483389 -0.0141717
      vertex -0.0120697 0.0476646 -0.0141717
    endloop
  endfacet
  facet normal -0.091632 0.404042 -0.910139
    outer loop
      vertex -0.0120697 0.0476646 -0.0141717
      vertex -0.0136997 0.0540991 -0.0111511
      vertex -0.0106514 0.0540991 -0.011458
    endloop
  endfacet
  facet normal -0.411054 0.405474 -0.816471
    outer loop
      vertex -0.0502996 0.0491187 -0.00248778
      vertex -0.0470228 0.0507708 -0.00331703
      vertex -0.0500746 0.047677 -0.00331703
    endloop
  endfacet
  facet normal -0.411052 0.405466 -0.816477
    outer loop
      vertex -0.0470228 0.0507708 -0.00331703
      vertex -0.0502996 0.0491187 -0.00248778
      vertex -0.050105 0.0540991 -0.000112461
    endloop
  endfacet
  facet normal -0.411105 0.405457 -0.816454
    outer loop
      vertex -0.050105 0.0540991 -0.000112461
      vertex -0.0502996 0.0491187 -0.00248778
      vertex -0.0502996 0.0540991 -1.44749e-05
    endloop
  endfacet
  facet normal -0.384565 0.430207 -0.81672
    outer loop
      vertex -0.0470228 0.0507708 -0.00331703
      vertex -0.0457044 0.0540991 -0.00218464
      vertex -0.043786 0.0536642 -0.00331703
    endloop
  endfacet
  facet normal -0.384578 0.430209 -0.816713
    outer loop
      vertex -0.0457044 0.0540991 -0.00218464
      vertex -0.0470228 0.0507708 -0.00331703
      vertex -0.050105 0.0540991 -0.000112461
    endloop
  endfacet
  facet normal -0.215942 0.417805 -0.882501
    outer loop
      vertex -0.0267286 0.0492954 -0.0109693
      vertex -0.0293328 0.0540991 -0.00805784
      vertex -0.0265796 0.0540991 -0.00873153
    endloop
  endfacet
  facet normal -0.297588 0.431923 -0.851401
    outer loop
      vertex -0.036661 0.0540991 -0.00575564
      vertex -0.0333338 0.053256 -0.0073463
      vertex -0.0365658 0.0510292 -0.0073463
    endloop
  endfacet
  facet normal -0.297594 0.43191 -0.851406
    outer loop
      vertex -0.0333338 0.053256 -0.0073463
      vertex -0.036661 0.0540991 -0.00575564
      vertex -0.0338614 0.0540991 -0.00673419
    endloop
  endfacet
  facet normal -0.269625 0.449548 -0.851592
    outer loop
      vertex -0.0333338 0.053256 -0.0073463
      vertex -0.0338614 0.0540991 -0.00673419
      vertex -0.0333076 0.0540991 -0.00690953
    endloop
  endfacet
  facet normal -0.257069 0.326909 -0.909421
    outer loop
      vertex -0.0285282 0.0398121 -0.0141717
      vertex -0.0353651 0.0433445 -0.0109693
      vertex -0.0326109 0.0455103 -0.0109693
    endloop
  endfacet
  facet normal -0.222015 0.282235 -0.933302
    outer loop
      vertex -0.0263872 0.032341 -0.0169403
      vertex -0.0309372 0.0379171 -0.0141717
      vertex -0.0285282 0.0398121 -0.0141717
    endloop
  endfacet
  facet normal -0.347447 0.0995598 -0.932399
    outer loop
      vertex -0.0400963 0.010438 -0.0169403
      vertex -0.0470104 0.0122375 -0.0141717
      vertex -0.0461597 0.0152063 -0.0141717
    endloop
  endfacet
  facet normal -0.353075 0.0778589 -0.93235
    outer loop
      vertex -0.0406637 0.00786495 -0.0169403
      vertex -0.0470104 0.0122375 -0.0141717
      vertex -0.0400963 0.010438 -0.0169403
    endloop
  endfacet
  facet normal -0.286063 0.218769 -0.932903
    outer loop
      vertex -0.0334902 0.0246706 -0.0169403
      vertex -0.0392656 0.0289249 -0.0141717
      vertex -0.0318966 0.0267544 -0.0169403
    endloop
  endfacet
  facet normal -0.101609 0.0680579 -0.992494
    outer loop
      vertex -0.00971031 0.00624752 -0.0234853
      vertex -0.0154667 0.0113935 -0.0225431
      vertex -0.00930405 0.00685406 -0.0234853
    endloop
  endfacet
  facet normal -0.119867 0.0264593 -0.992437
    outer loop
      vertex -0.0112972 0.00218487 -0.0234853
      vertex -0.0187788 0.00363159 -0.0225431
      vertex -0.0185165 0.00481987 -0.0225431
    endloop
  endfacet
  facet normal -0.181425 0.0283472 -0.982996
    outer loop
      vertex -0.0189667 0.00242901 -0.0225431
      vertex -0.0261869 0.00506496 -0.0211345
      vertex -0.0187788 0.00363159 -0.0225431
    endloop
  endfacet
  facet normal -0.234463 0.0671854 -0.969801
    outer loop
      vertex -0.0258217 0.0067215 -0.0211345
      vertex -0.0330238 0.00859642 -0.0192634
      vertex -0.0253544 0.00835228 -0.0211345
    endloop
  endfacet
  facet normal -0.296018 0.0652785 -0.952949
    outer loop
      vertex -0.0334911 0.00647736 -0.0192634
      vertex -0.0406637 0.00786495 -0.0169403
      vertex -0.0330238 0.00859642 -0.0192634
    endloop
  endfacet
  facet normal -0.183599 0.00561258 -0.982985
    outer loop
      vertex -0.0191174 0 -0.0225431
      vertex -0.026659 0 -0.0211345
      vertex -0.0190802 0.00121689 -0.0225431
    endloop
  endfacet
  facet normal -0.418604 0.0130463 -0.908075
    outer loop
      vertex -0.0502996 0.000911312 -0.0133453
      vertex -0.048439 0.0030899 -0.0141717
      vertex -0.0485353 0 -0.0141717
    endloop
  endfacet
  facet normal -0.418604 0.0130454 -0.908075
    outer loop
      vertex -0.048439 0.0030899 -0.0141717
      vertex -0.0502996 0.000911312 -0.0133453
      vertex -0.0502996 0.0032084 -0.0133123
    endloop
  endfacet
  facet normal -0.301967 0.0282415 -0.9529
    outer loop
      vertex -0.0340281 0.00217056 -0.0192634
      vertex -0.04107 0.00526047 -0.0169403
      vertex -0.0338259 0.00433254 -0.0192634
    endloop
  endfacet
  facet normal -0.373391 0.187522 -0.908524
    outer loop
      vertex -0.0439157 0.0209522 -0.0141717
      vertex -0.0502014 0.0239515 -0.0109693
      vertex -0.042532 0.0237074 -0.0141717
    endloop
  endfacet
  facet normal -0.322486 0.161957 -0.932616
    outer loop
      vertex -0.0374565 0.0178709 -0.0169403
      vertex -0.0439157 0.0209522 -0.0141717
      vertex -0.042532 0.0237074 -0.0141717
    endloop
  endfacet
  facet normal -0.392654 0.263217 -0.881215
    outer loop
      vertex -0.0448856 0.0330648 -0.0109693
      vertex -0.0502996 0.0335839 -0.00840186
      vertex -0.0502996 0.037054 -0.00736535
    endloop
  endfacet
  facet normal -0.396821 0.34502 -0.850585
    outer loop
      vertex -0.0502996 0.0421907 -0.00543745
      vertex -0.0500746 0.047677 -0.00331703
      vertex -0.0479336 0.040206 -0.0073463
    endloop
  endfacet
  facet normal -0.396846 0.345017 -0.850574
    outer loop
      vertex -0.0500746 0.047677 -0.00331703
      vertex -0.0502996 0.0421907 -0.00543745
      vertex -0.0502996 0.0474182 -0.00331703
    endloop
  endfacet
  facet normal -0.392671 0.263155 -0.881226
    outer loop
      vertex -0.0502996 0.032365 -0.00876582
      vertex -0.0448856 0.0330648 -0.0109693
      vertex -0.0468445 0.0301418 -0.0109693
    endloop
  endfacet
  facet normal -0.392671 0.263133 -0.881232
    outer loop
      vertex -0.0448856 0.0330648 -0.0109693
      vertex -0.0502996 0.032365 -0.00876582
      vertex -0.0502996 0.0335839 -0.00840186
    endloop
  endfacet
  facet normal -0.422898 0.212463 -0.880918
    outer loop
      vertex -0.0502996 0.0240981 -0.0108868
      vertex -0.0486193 0.0271006 -0.0109693
      vertex -0.0502014 0.0239515 -0.0109693
    endloop
  endfacet
  facet normal -0.422921 0.212476 -0.880904
    outer loop
      vertex -0.0486193 0.0271006 -0.0109693
      vertex -0.0502996 0.0240981 -0.0108868
      vertex -0.0502996 0.0280372 -0.00993668
    endloop
  endfacet
  facet normal -0.374106 0.369006 -0.850811
    outer loop
      vertex -0.0453491 0.0431776 -0.0073463
      vertex -0.0500746 0.047677 -0.00331703
      vertex -0.0425854 0.0459795 -0.0073463
    endloop
  endfacet
  facet normal -0.3359 0.33132 -0.881702
    outer loop
      vertex -0.0379801 0.041007 -0.0109693
      vertex -0.0453491 0.0431776 -0.0073463
      vertex -0.0425854 0.0459795 -0.0073463
    endloop
  endfacet
  facet normal -0.373384 0.187587 -0.908513
    outer loop
      vertex -0.042532 0.0237074 -0.0141717
      vertex -0.0502014 0.0239515 -0.0109693
      vertex -0.0486193 0.0271006 -0.0109693
    endloop
  endfacet
  facet normal 0.392671 0.263155 -0.881226
    outer loop
      vertex 0.0448856 0.0330648 -0.0109693
      vertex 0.0502996 0.032365 -0.00876582
      vertex 0.0468445 0.0301418 -0.0109693
    endloop
  endfacet
  facet normal 0.392671 0.263133 -0.881232
    outer loop
      vertex 0.0502996 0.032365 -0.00876582
      vertex 0.0448856 0.0330648 -0.0109693
      vertex 0.0502996 0.0335839 -0.00840186
    endloop
  endfacet
  facet normal 0.408507 0.238399 -0.881072
    outer loop
      vertex 0.0468445 0.0301418 -0.0109693
      vertex 0.0502996 0.0299813 -0.00941078
      vertex 0.0486193 0.0271006 -0.0109693
    endloop
  endfacet
  facet normal 0.408507 0.238393 -0.881074
    outer loop
      vertex 0.0502996 0.0299813 -0.00941078
      vertex 0.0468445 0.0301418 -0.0109693
      vertex 0.0502996 0.032365 -0.00876582
    endloop
  endfacet
  facet normal 0.360685 0.210491 -0.908625
    outer loop
      vertex 0.0486193 0.0271006 -0.0109693
      vertex 0.0409794 0.0263681 -0.0141717
      vertex 0.0468445 0.0301418 -0.0109693
    endloop
  endfacet
  facet normal 0.408785 0.0900972 -0.908172
    outer loop
      vertex 0.0502996 0.0114923 -0.0127651
      vertex 0.0470104 0.0122375 -0.0141717
      vertex 0.0502996 0.013094 -0.0126062
    endloop
  endfacet
  facet normal 0.384492 0.164142 -0.908418
    outer loop
      vertex 0.0439157 0.0209522 -0.0141717
      vertex 0.0502996 0.0237215 -0.0109693
      vertex 0.0502996 0.020749 -0.0115064
    endloop
  endfacet
  facet normal 0.384485 0.164158 -0.908418
    outer loop
      vertex 0.0502996 0.0237215 -0.0109693
      vertex 0.0439157 0.0209522 -0.0141717
      vertex 0.0502014 0.0239515 -0.0109693
    endloop
  endfacet
  facet normal 0.435713 0.186031 -0.880651
    outer loop
      vertex 0.0502996 0.0237215 -0.0109693
      vertex 0.0502014 0.0239515 -0.0109693
      vertex 0.0502996 0.0239421 -0.0109227
    endloop
  endfacet
  facet normal 0.360688 0.210473 -0.908628
    outer loop
      vertex 0.042532 0.0237074 -0.0141717
      vertex 0.0409794 0.0263681 -0.0141717
      vertex 0.0486193 0.0271006 -0.0109693
    endloop
  endfacet
  facet normal 0.311477 0.181757 -0.932709
    outer loop
      vertex 0.042532 0.0237074 -0.0141717
      vertex 0.0349522 0.0224895 -0.0169403
      vertex 0.0409794 0.0263681 -0.0141717
    endloop
  endfacet
  facet normal 0.00578015 0.181165 -0.983436
    outer loop
      vertex 0.00119972 0.0193453 -0.0225431
      vertex 0 0.02703 -0.0211345
      vertex 0.0016737 0.0269766 -0.0211345
    endloop
  endfacet
  facet normal 0.0601555 0.0133314 -0.9981
    outer loop
      vertex 0.0112972 0.00218487 -0.0234853
      vertex 0.00371742 0.000967026 -0.0239584
      vertex 0.0111389 0.00289917 -0.0234853
    endloop
  endfacet
  facet normal -0.12227 0.0114491 -0.992431
    outer loop
      vertex -0.0114098 0.00146103 -0.0234853
      vertex -0.0190802 0.00121689 -0.0225431
      vertex -0.0189667 0.00242901 -0.0225431
    endloop
  endfacet
  facet normal 0.122761 0.00375276 -0.992429
    outer loop
      vertex 0.0191174 0 -0.0225431
      vertex 0.0115004 0 -0.0234853
      vertex 0.0190802 0.00121689 -0.0225431
    endloop
  endfacet
  facet normal 0.0406559 0.0457085 -0.998127
    outer loop
      vertex 0.00262737 0.00283718 -0.0239584
      vertex 0.00244617 0.00299835 -0.0239584
      vertex 0.00733089 0.00898457 -0.0234853
    endloop
  endfacet
  facet normal 0.176403 0.0504977 -0.983022
    outer loop
      vertex 0.0185165 0.00481987 -0.0225431
      vertex 0.0181818 0.00598907 -0.0225431
      vertex 0.0258217 0.0067215 -0.0211345
    endloop
  endfacet
  facet normal 0.340427 0.120893 -0.932467
    outer loop
      vertex 0.0393705 0.01297 -0.0169403
      vertex 0.0384893 0.0154514 -0.0169403
      vertex 0.0451269 0.018115 -0.0141717
    endloop
  endfacet
  facet normal 0.121456 0.13601 -0.983234
    outer loop
      vertex 0.0182495 0.0197039 -0.0211345
      vertex 0.0121861 0.0149355 -0.0225431
      vertex 0.0169926 0.0208263 -0.0211345
    endloop
  endfacet
  facet normal 0.0935329 0.155996 -0.983319
    outer loop
      vertex 0.0142841 0.0228224 -0.0211345
      vertex 0.00920963 0.0169859 -0.0225431
      vertex 0.0128431 0.0236864 -0.0211345
    endloop
  endfacet
  facet normal 0.278446 0.118859 -0.953069
    outer loop
      vertex 0.0384893 0.0154514 -0.0169403
      vertex 0.0308504 0.014719 -0.0192634
      vertex 0.0374565 0.0178709 -0.0169403
    endloop
  endfacet
  facet normal 0.33124 0.253398 -0.908884
    outer loop
      vertex 0.0373964 0.0313683 -0.0141717
      vertex 0.0448856 0.0330648 -0.0109693
      vertex 0.0392656 0.0289249 -0.0141717
    endloop
  endfacet
  facet normal 0.331239 0.2534 -0.908884
    outer loop
      vertex 0.0448856 0.0330648 -0.0109693
      vertex 0.0373964 0.0313683 -0.0141717
      vertex 0.0427494 0.0358572 -0.0109693
    endloop
  endfacet
  facet normal 0.356228 0.309823 -0.881539
    outer loop
      vertex 0.0479336 0.040206 -0.0073463
      vertex 0.0404444 0.0385084 -0.0109693
      vertex 0.0453491 0.0431776 -0.0073463
    endloop
  endfacet
  facet normal 0.31447 0.273464 -0.909025
    outer loop
      vertex 0.0373964 0.0313683 -0.0141717
      vertex 0.0353804 0.0336866 -0.0141717
      vertex 0.0404444 0.0385084 -0.0109693
    endloop
  endfacet
  facet normal 0.277356 0.310225 -0.909304
    outer loop
      vertex 0.0332241 0.0358725 -0.0141717
      vertex 0.0309372 0.0379171 -0.0141717
      vertex 0.0379801 0.041007 -0.0109693
    endloop
  endfacet
  facet normal 0.277337 0.310262 -0.909297
    outer loop
      vertex 0.0379801 0.041007 -0.0109693
      vertex 0.0309372 0.0379171 -0.0141717
      vertex 0.0353651 0.0433445 -0.0109693
    endloop
  endfacet
  facet normal 0.267155 0.387752 -0.8822
    outer loop
      vertex 0.0365658 0.0510292 -0.0073463
      vertex 0.0297289 0.0474968 -0.0109693
      vertex 0.0333338 0.053256 -0.0073463
    endloop
  endfacet
  facet normal 0.392654 0.263217 -0.881215
    outer loop
      vertex 0.0502996 0.0335839 -0.00840186
      vertex 0.0448856 0.0330648 -0.0109693
      vertex 0.0502996 0.037054 -0.00736535
    endloop
  endfacet
  facet normal 0.25602 0.252553 -0.933097
    outer loop
      vertex 0.0353804 0.0336866 -0.0141717
      vertex 0.0301771 0.0287323 -0.0169403
      vertex 0.0332241 0.0358725 -0.0141717
    endloop
  endfacet
  facet normal 0.257108 0.326845 -0.909433
    outer loop
      vertex 0.0309372 0.0379171 -0.0141717
      vertex 0.0285282 0.0398121 -0.0141717
      vertex 0.0353651 0.0433445 -0.0109693
    endloop
  endfacet
  facet normal 0.324476 0.412508 -0.851206
    outer loop
      vertex 0.0396538 0.0486002 -0.0073463
      vertex 0.0365658 0.0510292 -0.0073463
      vertex 0.043786 0.0536642 -0.00331703
    endloop
  endfacet
  facet normal 0.235857 0.34218 -0.909551
    outer loop
      vertex 0.0326109 0.0455103 -0.0109693
      vertex 0.0285282 0.0398121 -0.0141717
      vertex 0.0297289 0.0474968 -0.0109693
    endloop
  endfacet
  facet normal 0.0395524 0.412225 -0.910223
    outer loop
      vertex 0.00608253 0.0488224 -0.0141717
      vertex 0.00420861 0.0540991 -0.0118634
      vertex 0.00674005 0.0540991 -0.0117534
    endloop
  endfacet
  facet normal 0.117164 0.397489 -0.910096
    outer loop
      vertex 0.0149975 0.0468016 -0.0141717
      vertex 0.0120697 0.0476646 -0.0141717
      vertex 0.0171442 0.0535011 -0.0109693
    endloop
  endfacet
  facet normal 0.122773 0.336224 -0.933745
    outer loop
      vertex 0.0152388 0.0390253 -0.0169403
      vertex 0.0127916 0.0399189 -0.0169403
      vertex 0.0178671 0.0457544 -0.0141717
    endloop
  endfacet
  facet normal 0.0266773 0.118258 -0.992624
    outer loop
      vertex 0.00286007 0.0112944 -0.0234853
      vertex 0.00215435 0.0114536 -0.0234853
      vertex 0.003582 0.0190401 -0.0225431
    endloop
  endfacet
  facet normal 0.101075 0.343198 -0.933809
    outer loop
      vertex 0.0127916 0.0399189 -0.0169403
      vertex 0.0102949 0.0406542 -0.0169403
      vertex 0.0120697 0.0476646 -0.0141717
    endloop
  endfacet
  facet normal -0.0131645 0.41383 -0.910259
    outer loop
      vertex 0 0.0492105 -0.0141717
      vertex -0.000919631 0.0540991 -0.0119359
      vertex 0 0.0540991 -0.0119492
    endloop
  endfacet
  facet normal -0.0132011 0.413824 -0.910261
    outer loop
      vertex -0.000919631 0.0540991 -0.0119359
      vertex 0 0.0492105 -0.0141717
      vertex -0.00304699 0.0491133 -0.0141717
    endloop
  endfacet
  facet normal 0.132616 0.45045 -0.882897
    outer loop
      vertex 0.0171442 0.0535011 -0.0109693
      vertex 0.015113 0.0540991 -0.0109693
      vertex 0.0170124 0.0540991 -0.010684
    endloop
  endfacet
  facet normal -0.119832 0.0265565 -0.992439
    outer loop
      vertex -0.0112972 0.00218487 -0.0234853
      vertex -0.0185165 0.00481987 -0.0225431
      vertex -0.0111389 0.00289917 -0.0234853
    endloop
  endfacet
  facet normal -0.0209374 0.057199 -0.998143
    outer loop
      vertex -0.00141239 0.00361824 -0.0239584
      vertex -0.00423336 0.0108414 -0.0234853
      vertex -0.00355339 0.0110903 -0.0234853
    endloop
  endfacet
  facet normal -0.00384146 0.121104 -0.992632
    outer loop
      vertex 0 0.0116606 -0.0234853
      vertex -0.000721931 0.0116377 -0.0234853
      vertex 0 0.0193834 -0.0225431
    endloop
  endfacet
  facet normal -0.129876 0.128156 -0.983213
    outer loop
      vertex -0.013936 0.0132685 -0.0225431
      vertex -0.0182495 0.0197039 -0.0211345
      vertex -0.0130863 0.0141296 -0.0225431
    endloop
  endfacet
  facet normal -0.0415687 0.114021 -0.992608
    outer loop
      vertex -0.00355339 0.0110903 -0.0234853
      vertex -0.00703716 0.0180225 -0.0225431
      vertex -0.00590706 0.0184345 -0.0225431
    endloop
  endfacet
  facet normal -0.0621737 0.17054 -0.983387
    outer loop
      vertex -0.00703716 0.0180225 -0.0225431
      vertex -0.00823784 0.0257072 -0.0211345
      vertex -0.00590706 0.0184345 -0.0225431
    endloop
  endfacet
  facet normal -0.0533817 0.235121 -0.970499
    outer loop
      vertex -0.00662899 0.0261803 -0.0211345
      vertex -0.00847912 0.0334835 -0.0192634
      vertex -0.00499535 0.0265512 -0.0211345
    endloop
  endfacet
  facet normal -0.0381827 0.238004 -0.970513
    outer loop
      vertex -0.00499535 0.0265512 -0.0211345
      vertex -0.00638866 0.0339575 -0.0192634
      vertex -0.00427246 0.034297 -0.0192634
    endloop
  endfacet
  facet normal -0.0625342 0.104284 -0.99258
    outer loop
      vertex -0.00553989 0.0102186 -0.0234853
      vertex -0.0102434 0.016366 -0.0225431
      vertex -0.00920963 0.0169859 -0.0225431
    endloop
  endfacet
  facet normal -0.0935397 0.155991 -0.98332
    outer loop
      vertex -0.0102434 0.016366 -0.0225431
      vertex -0.0142841 0.0228224 -0.0211345
      vertex -0.00920963 0.0169859 -0.0225431
    endloop
  endfacet
  facet normal -0.200776 0.224514 -0.953563
    outer loop
      vertex -0.0233393 0.0251999 -0.0192634
      vertex -0.0263872 0.032341 -0.0169403
      vertex -0.0217333 0.0266361 -0.0192634
    endloop
  endfacet
  facet normal -0.0690424 0.100209 -0.992568
    outer loop
      vertex -0.00675964 0.00943375 -0.0234853
      vertex -0.0102434 0.016366 -0.0225431
      vertex -0.00616169 0.00984573 -0.0234853
    endloop
  endfacet
  facet normal 0.0487514 0.0372233 -0.998117
    outer loop
      vertex 0.00310516 0.00228691 -0.0239584
      vertex 0.00295734 0.00248051 -0.0239584
      vertex 0.00930405 0.00685406 -0.0234853
    endloop
  endfacet
  facet normal 0.0609036 0.00947411 -0.998099
    outer loop
      vertex 0.0114098 0.00146103 -0.0234853
      vertex 0.00380802 0.000487328 -0.0239584
      vertex 0.0112972 0.00218487 -0.0234853
    endloop
  endfacet
  facet normal -0.188788 0.430438 -0.882656
    outer loop
      vertex -0.0204239 0.0523033 -0.0109693
      vertex -0.0233244 0.0540991 -0.00947318
      vertex -0.0211251 0.0540991 -0.00994358
    endloop
  endfacet
  facet normal -0.18878 0.430448 -0.882653
    outer loop
      vertex -0.0233244 0.0540991 -0.00947318
      vertex -0.0204239 0.0523033 -0.0109693
      vertex -0.0236225 0.0509005 -0.0109693
    endloop
  endfacet
  facet normal -0.166609 0.379894 -0.909902
    outer loop
      vertex -0.0178671 0.0457544 -0.0141717
      vertex -0.0236225 0.0509005 -0.0109693
      vertex -0.0204239 0.0523033 -0.0109693
    endloop
  endfacet
  facet normal -0.297671 0.431909 -0.851379
    outer loop
      vertex -0.0365658 0.0510292 -0.0073463
      vertex -0.0387656 0.0540991 -0.0050198
      vertex -0.036661 0.0540991 -0.00575564
    endloop
  endfacet
  facet normal -0.324437 0.412582 -0.851185
    outer loop
      vertex -0.043786 0.0536642 -0.00331703
      vertex -0.0387656 0.0540991 -0.0050198
      vertex -0.0365658 0.0510292 -0.0073463
    endloop
  endfacet
  facet normal -0.32444 0.412544 -0.851203
    outer loop
      vertex -0.0387656 0.0540991 -0.0050198
      vertex -0.043786 0.0536642 -0.00331703
      vertex -0.043233 0.0540991 -0.00331703
    endloop
  endfacet
  facet normal 0.188841 0.430448 -0.88264
    outer loop
      vertex 0.0236225 0.0509005 -0.0109693
      vertex 0.0233244 0.0540991 -0.00947318
      vertex 0.0251072 0.0540991 -0.00909175
    endloop
  endfacet
  facet normal 0.190543 0.368727 -0.909799
    outer loop
      vertex 0.0267286 0.0492954 -0.0109693
      vertex 0.0206652 0.0445271 -0.0141717
      vertex 0.0236225 0.0509005 -0.0109693
    endloop
  endfacet
  facet normal -0.16105 0.441427 -0.882726
    outer loop
      vertex -0.0171442 0.0535011 -0.0109693
      vertex -0.0178132 0.0540991 -0.0105482
      vertex -0.0173358 0.0540991 -0.0106353
    endloop
  endfacet
  facet normal -0.0681555 0.231396 -0.970469
    outer loop
      vertex -0.00823784 0.0257072 -0.0211345
      vertex -0.0105352 0.0328779 -0.0192634
      vertex -0.00847912 0.0334835 -0.0192634
    endloop
  endfacet
  facet normal -0.0847135 0.287612 -0.953993
    outer loop
      vertex -0.0105352 0.0328779 -0.0192634
      vertex -0.0127916 0.0399189 -0.0169403
      vertex -0.00847912 0.0334835 -0.0192634
    endloop
  endfacet
  facet normal -0.0662763 0.292295 -0.954029
    outer loop
      vertex -0.00847912 0.0334835 -0.0192634
      vertex -0.0102949 0.0406542 -0.0169403
      vertex -0.00638866 0.0339575 -0.0192634
    endloop
  endfacet
  facet normal -0.0847056 0.287617 -0.953992
    outer loop
      vertex -0.00847912 0.0334835 -0.0192634
      vertex -0.0127916 0.0399189 -0.0169403
      vertex -0.0102949 0.0406542 -0.0169403
    endloop
  endfacet
  facet normal -0.12057 0.274855 -0.953896
    outer loop
      vertex -0.0145168 0.0312796 -0.0192634
      vertex -0.0176258 0.0379782 -0.0169403
      vertex -0.0152388 0.0390253 -0.0169403
    endloop
  endfacet
  facet normal -0.10289 0.281772 -0.953949
    outer loop
      vertex -0.0105352 0.0328779 -0.0192634
      vertex -0.0152388 0.0390253 -0.0169403
      vertex -0.0127916 0.0399189 -0.0169403
    endloop
  endfacet
  facet normal -0.0833926 0.161515 -0.983341
    outer loop
      vertex -0.00813961 0.017539 -0.0225431
      vertex -0.0128431 0.0236864 -0.0211345
      vertex -0.0113506 0.024457 -0.0211345
    endloop
  endfacet
  facet normal -0.110845 0.214685 -0.970373
    outer loop
      vertex -0.0128431 0.0236864 -0.0211345
      vertex -0.0145168 0.0312796 -0.0192634
      vertex -0.0113506 0.024457 -0.0211345
    endloop
  endfacet
  facet normal -0.346692 0.232342 -0.908747
    outer loop
      vertex -0.0409794 0.0263681 -0.0141717
      vertex -0.0468445 0.0301418 -0.0109693
      vertex -0.0448856 0.0330648 -0.0109693
    endloop
  endfacet
  facet normal -0.296498 0.292428 -0.909161
    outer loop
      vertex -0.0353804 0.0336866 -0.0141717
      vertex -0.0404444 0.0385084 -0.0109693
      vertex -0.0379801 0.041007 -0.0109693
    endloop
  endfacet
  facet normal -0.184463 0.30748 -0.933504
    outer loop
      vertex -0.0221815 0.0354385 -0.0169403
      vertex -0.0260057 0.0415497 -0.0141717
      vertex -0.0199432 0.0367813 -0.0169403
    endloop
  endfacet
  facet normal -0.170618 0.247659 -0.953706
    outer loop
      vertex -0.0200405 0.0279675 -0.0192634
      vertex -0.0221815 0.0354385 -0.0169403
      vertex -0.0182686 0.0291882 -0.0192634
    endloop
  endfacet
  facet normal -0.16141 0.180752 -0.970194
    outer loop
      vertex -0.0182495 0.0197039 -0.0211345
      vertex -0.0217333 0.0266361 -0.0192634
      vertex -0.0169926 0.0208263 -0.0211345
    endloop
  endfacet
  facet normal -0.172703 0.170341 -0.970133
    outer loop
      vertex -0.0182495 0.0197039 -0.0211345
      vertex -0.0248537 0.0236645 -0.0192634
      vertex -0.0233393 0.0251999 -0.0192634
    endloop
  endfacet
  facet normal -0.143862 0.327952 -0.933676
    outer loop
      vertex -0.0176258 0.0379782 -0.0169403
      vertex -0.0206652 0.0445271 -0.0141717
      vertex -0.0152388 0.0390253 -0.0169403
    endloop
  endfacet
  facet normal -0.14385 0.327962 -0.933674
    outer loop
      vertex -0.0152388 0.0390253 -0.0169403
      vertex -0.0206652 0.0445271 -0.0141717
      vertex -0.0178671 0.0457544 -0.0141717
    endloop
  endfacet
  facet normal -0.132943 0.450489 -0.882828
    outer loop
      vertex -0.0171442 0.0535011 -0.0109693
      vertex -0.0173358 0.0540991 -0.0106353
      vertex -0.0170124 0.0540991 -0.010684
    endloop
  endfacet
  facet normal -0.132616 0.45045 -0.882897
    outer loop
      vertex -0.015113 0.0540991 -0.0109693
      vertex -0.0171442 0.0535011 -0.0109693
      vertex -0.0170124 0.0540991 -0.010684
    endloop
  endfacet
  facet normal -0.0395057 0.41221 -0.910232
    outer loop
      vertex -0.00304699 0.0491133 -0.0141717
      vertex -0.00420861 0.0540991 -0.0118634
      vertex -0.00335611 0.0540991 -0.0119004
    endloop
  endfacet
  facet normal -0.0395027 0.412211 -0.910232
    outer loop
      vertex -0.00420861 0.0540991 -0.0118634
      vertex -0.00304699 0.0491133 -0.0141717
      vertex -0.00608253 0.0488224 -0.0141717
    endloop
  endfacet
  facet normal 0.0790442 0.348796 -0.93386
    outer loop
      vertex 0.0102949 0.0406542 -0.0169403
      vertex 0.00909424 0.0483389 -0.0141717
      vertex 0.0120697 0.0476646 -0.0141717
    endloop
  endfacet
  facet normal 0.170618 0.247659 -0.953706
    outer loop
      vertex 0.0200405 0.0279675 -0.0192634
      vertex 0.0182686 0.0291882 -0.0192634
      vertex 0.0221815 0.0354385 -0.0169403
    endloop
  endfacet
  facet normal -0.0655939 0.408964 -0.91019
    outer loop
      vertex -0.00608253 0.0488224 -0.0141717
      vertex -0.00961935 0.0540991 -0.0115459
      vertex -0.00674005 0.0540991 -0.0117534
    endloop
  endfacet
  facet normal -0.267155 0.387752 -0.8822
    outer loop
      vertex -0.0297289 0.0474968 -0.0109693
      vertex -0.0365658 0.0510292 -0.0073463
      vertex -0.0333338 0.053256 -0.0073463
    endloop
  endfacet
  facet normal -0.241959 0.40362 -0.882353
    outer loop
      vertex -0.0297289 0.0474968 -0.0109693
      vertex -0.0333338 0.053256 -0.0073463
      vertex -0.0267286 0.0492954 -0.0109693
    endloop
  endfacet
  facet normal -0.353105 0.0778105 -0.932342
    outer loop
      vertex -0.0406637 0.00786495 -0.0169403
      vertex -0.0476751 0.00922108 -0.0141717
      vertex -0.0470104 0.0122375 -0.0141717
    endloop
  endfacet
  facet normal -0.408785 0.0900972 -0.908172
    outer loop
      vertex -0.0470104 0.0122375 -0.0141717
      vertex -0.0502996 0.0114923 -0.0127651
      vertex -0.0502996 0.013094 -0.0126062
    endloop
  endfacet
  facet normal -0.408791 0.0900675 -0.908173
    outer loop
      vertex -0.0502996 0.0114923 -0.0127651
      vertex -0.0476751 0.00922108 -0.0141717
      vertex -0.0502996 0.00972874 -0.01294
    endloop
  endfacet
  facet normal -0.408782 0.0900795 -0.908175
    outer loop
      vertex -0.0476751 0.00922108 -0.0141717
      vertex -0.0502996 0.0114923 -0.0127651
      vertex -0.0470104 0.0122375 -0.0141717
    endloop
  endfacet
  facet normal -0.291285 0.0834971 -0.952985
    outer loop
      vertex -0.0330238 0.00859642 -0.0192634
      vertex -0.0400963 0.010438 -0.0169403
      vertex -0.0393705 0.01297 -0.0169403
    endloop
  endfacet
  facet normal -0.296018 0.0652768 -0.952949
    outer loop
      vertex -0.0330238 0.00859642 -0.0192634
      vertex -0.0406637 0.00786495 -0.0169403
      vertex -0.0400963 0.010438 -0.0169403
    endloop
  endfacet
  facet normal -0.227575 0.197998 -0.953418
    outer loop
      vertex -0.0262709 0.0220356 -0.0192634
      vertex -0.0301771 0.0287323 -0.0169403
      vertex -0.0248537 0.0236645 -0.0192634
    endloop
  endfacet
  facet normal -0.145208 0.111044 -0.98315
    outer loop
      vertex -0.0154667 0.0113935 -0.0225431
      vertex -0.0215673 0.0158873 -0.0211345
      vertex -0.0205412 0.0172291 -0.0211345
    endloop
  endfacet
  facet normal -0.058008 0.0206201 -0.998103
    outer loop
      vertex -0.00365067 0.00120258 -0.0239584
      vertex -0.0109377 0.00360298 -0.0234853
      vertex -0.0106926 0.00429249 -0.0234853
    endloop
  endfacet
  facet normal -0.238269 0.0525436 -0.969777
    outer loop
      vertex -0.0258217 0.0067215 -0.0211345
      vertex -0.0334911 0.00647736 -0.0192634
      vertex -0.0330238 0.00859642 -0.0192634
    endloop
  endfacet
  facet normal -0.224066 0.0956318 -0.969871
    outer loop
      vertex -0.0247869 0.00994968 -0.0211345
      vertex -0.0317011 0.0127258 -0.0192634
      vertex -0.0308504 0.014719 -0.0192634
    endloop
  endfacet
  facet normal -0.278448 0.118842 -0.95307
    outer loop
      vertex -0.0317011 0.0127258 -0.0192634
      vertex -0.0384893 0.0154514 -0.0169403
      vertex -0.0308504 0.014719 -0.0192634
    endloop
  endfacet
  facet normal -0.0613771 0.00577712 -0.998098
    outer loop
      vertex -0.00383091 0.000244141 -0.0239584
      vertex -0.0114098 0.00146103 -0.0234853
      vertex -0.00380802 0.000487328 -0.0239584
    endloop
  endfacet
  facet normal -0.243028 0.0227669 -0.969752
    outer loop
      vertex -0.0266066 0.00169659 -0.0211345
      vertex -0.0338259 0.00433254 -0.0192634
      vertex -0.0264482 0.00338745 -0.0211345
    endloop
  endfacet
  facet normal -0.0245286 0.0557926 -0.998141
    outer loop
      vertex -0.00163364 0.00352097 -0.0239584
      vertex -0.00489616 0.0105505 -0.0234853
      vertex -0.00141239 0.00361824 -0.0239584
    endloop
  endfacet
  facet normal -0.181455 0.0282646 -0.982993
    outer loop
      vertex -0.0189667 0.00242901 -0.0225431
      vertex -0.0264482 0.00338745 -0.0211345
      vertex -0.0261869 0.00506496 -0.0211345
    endloop
  endfacet
  facet normal -0.30318 0.00943481 -0.952887
    outer loop
      vertex -0.0340281 0.00217056 -0.0192634
      vertex -0.0413971 0 -0.0169403
      vertex -0.0413151 0.002635 -0.0169403
    endloop
  endfacet
  facet normal -0.24402 0.00749858 -0.969741
    outer loop
      vertex -0.026659 0 -0.0211345
      vertex -0.0340948 0 -0.0192634
      vertex -0.0340281 0.00217056 -0.0192634
    endloop
  endfacet
  facet normal -0.182881 0.0171245 -0.982986
    outer loop
      vertex -0.0190802 0.00121689 -0.0225431
      vertex -0.0264482 0.00338745 -0.0211345
      vertex -0.0189667 0.00242901 -0.0225431
    endloop
  endfacet
  facet normal -0.418601 0.0130535 -0.908076
    outer loop
      vertex -0.0485353 0 -0.0141717
      vertex -0.0502996 0 -0.0133584
      vertex -0.0502996 0.000911312 -0.0133453
    endloop
  endfacet
  facet normal -0.416965 0.038885 -0.90809
    outer loop
      vertex -0.0502996 0.00420558 -0.0132696
      vertex -0.048152 0.00616741 -0.0141717
      vertex -0.048439 0.0030899 -0.0141717
    endloop
  endfacet
  facet normal -0.416968 0.0388889 -0.908089
    outer loop
      vertex -0.048152 0.00616741 -0.0141717
      vertex -0.0502996 0.00420558 -0.0132696
      vertex -0.0502996 0.00644259 -0.0131738
    endloop
  endfacet
  facet normal -0.361593 0.0112694 -0.932268
    outer loop
      vertex -0.0413151 0.002635 -0.0169403
      vertex -0.0485353 0 -0.0141717
      vertex -0.048439 0.0030899 -0.0141717
    endloop
  endfacet
  facet normal -0.394138 0.140003 -0.908325
    outer loop
      vertex -0.0451269 0.018115 -0.0141717
      vertex -0.0502996 0.0176198 -0.0120035
      vertex -0.0502996 0.0201916 -0.0116071
    endloop
  endfacet
  facet normal -0.340427 0.120893 -0.932467
    outer loop
      vertex -0.0393705 0.01297 -0.0169403
      vertex -0.0451269 0.018115 -0.0141717
      vertex -0.0384893 0.0154514 -0.0169403
    endloop
  endfacet
  facet normal -0.396738 0.345056 -0.850609
    outer loop
      vertex -0.0479336 0.040206 -0.0073463
      vertex -0.0500746 0.047677 -0.00331703
      vertex -0.0453491 0.0431776 -0.0073463
    endloop
  endfacet
  facet normal -0.356257 0.309736 -0.881558
    outer loop
      vertex -0.0427494 0.0358572 -0.0109693
      vertex -0.0479336 0.040206 -0.0073463
      vertex -0.0404444 0.0385084 -0.0109693
    endloop
  endfacet
  facet normal 0.314233 0.351511 -0.881872
    outer loop
      vertex 0.0425854 0.0459795 -0.0073463
      vertex 0.0379801 0.041007 -0.0109693
      vertex 0.0396538 0.0486002 -0.0073463
    endloop
  endfacet
  facet normal 0.408597 0.238333 -0.881048
    outer loop
      vertex 0.0502996 0.0280372 -0.00993668
      vertex 0.0486193 0.0271006 -0.0109693
      vertex 0.0502996 0.0299813 -0.00941078
    endloop
  endfacet
  facet normal 0.422898 0.212463 -0.880918
    outer loop
      vertex 0.0486193 0.0271006 -0.0109693
      vertex 0.0502996 0.0240981 -0.0108868
      vertex 0.0502014 0.0239515 -0.0109693
    endloop
  endfacet
  facet normal 0.422921 0.212476 -0.880904
    outer loop
      vertex 0.0502996 0.0240981 -0.0108868
      vertex 0.0486193 0.0271006 -0.0109693
      vertex 0.0502996 0.0280372 -0.00993668
    endloop
  endfacet
  facet normal 0.346692 0.232342 -0.908747
    outer loop
      vertex 0.0468445 0.0301418 -0.0109693
      vertex 0.0409794 0.0263681 -0.0141717
      vertex 0.0448856 0.0330648 -0.0109693
    endloop
  endfacet
  facet normal 0.346661 0.232363 -0.908754
    outer loop
      vertex 0.0409794 0.0263681 -0.0141717
      vertex 0.0392656 0.0289249 -0.0141717
      vertex 0.0448856 0.0330648 -0.0109693
    endloop
  endfacet
  facet normal -0.0115493 0.120628 -0.992631
    outer loop
      vertex -0.001441 0.011569 -0.0234853
      vertex -0.00239563 0.0192308 -0.0225431
      vertex -0.00119972 0.0193453 -0.0225431
    endloop
  endfacet
  facet normal -0.00384595 0.121104 -0.992632
    outer loop
      vertex -0.000721931 0.0116377 -0.0234853
      vertex -0.00119972 0.0193453 -0.0225431
      vertex 0 0.0193834 -0.0225431
    endloop
  endfacet
  facet normal 0.0813058 0.0908195 -0.992543
    outer loop
      vertex 0.0130863 0.0141296 -0.0225431
      vertex 0.00787258 0.0085001 -0.0234853
      vertex 0.0121861 0.0149355 -0.0225431
    endloop
  endfacet
  facet normal 0.115561 0.0410502 -0.992452
    outer loop
      vertex 0.0181818 0.00598907 -0.0225431
      vertex 0.0109377 0.00360298 -0.0234853
      vertex 0.0177746 0.00713539 -0.0225431
    endloop
  endfacet
  facet normal 0.0868422 0.0856925 -0.99253
    outer loop
      vertex 0.013936 0.0132685 -0.0225431
      vertex 0.00838375 0.00798225 -0.0234853
      vertex 0.0130863 0.0141296 -0.0225431
    endloop
  endfacet
  facet normal 0.214569 0.211715 -0.953487
    outer loop
      vertex 0.0301771 0.0287323 -0.0169403
      vertex 0.0233393 0.0251999 -0.0192634
      vertex 0.0283375 0.0305967 -0.0169403
    endloop
  endfacet
  facet normal -0.0487514 0.0372233 -0.998117
    outer loop
      vertex -0.00310516 0.00228691 -0.0239584
      vertex -0.00930405 0.00685406 -0.0234853
      vertex -0.00295734 0.00248051 -0.0239584
    endloop
  endfacet
  facet normal 0.12132 0.0188724 -0.992434
    outer loop
      vertex 0.0114098 0.00146103 -0.0234853
      vertex 0.0112972 0.00218487 -0.0234853
      vertex 0.0189667 0.00242901 -0.0225431
    endloop
  endfacet
  facet normal 0.183608 0.00567083 -0.982983
    outer loop
      vertex 0.026659 0 -0.0211345
      vertex 0.0190802 0.00121689 -0.0225431
      vertex 0.0266066 0.00169659 -0.0211345
    endloop
  endfacet
  facet normal 0.243041 0.0227305 -0.96975
    outer loop
      vertex 0.0340281 0.00217056 -0.0192634
      vertex 0.0266066 0.00169659 -0.0211345
      vertex 0.0338259 0.00433254 -0.0192634
    endloop
  endfacet
  facet normal 0.172746 0.170271 -0.970137
    outer loop
      vertex 0.019433 0.0185032 -0.0211345
      vertex 0.0182495 0.0197039 -0.0211345
      vertex 0.0248537 0.0236645 -0.0192634
    endloop
  endfacet
  facet normal 0.172703 0.170341 -0.970133
    outer loop
      vertex 0.0248537 0.0236645 -0.0192634
      vertex 0.0182495 0.0197039 -0.0211345
      vertex 0.0233393 0.0251999 -0.0192634
    endloop
  endfacet
  facet normal 0.239829 0.183411 -0.953332
    outer loop
      vertex 0.0334902 0.0246706 -0.0169403
      vertex 0.0262709 0.0220356 -0.0192634
      vertex 0.0318966 0.0267544 -0.0169403
    endloop
  endfacet
  facet normal 0.145208 0.111044 -0.98315
    outer loop
      vertex 0.0215673 0.0158873 -0.0211345
      vertex 0.0154667 0.0113935 -0.0225431
      vertex 0.0205412 0.0172291 -0.0211345
    endloop
  endfacet
  facet normal 0.210178 0.122574 -0.969949
    outer loop
      vertex 0.0298777 0.016654 -0.0192634
      vertex 0.0233612 0.0130215 -0.0211345
      vertex 0.0287876 0.0185232 -0.0192634
    endloop
  endfacet
  facet normal 0.261165 0.15238 -0.953191
    outer loop
      vertex 0.0362759 0.0202208 -0.0169403
      vertex 0.0287876 0.0185232 -0.0192634
      vertex 0.0349522 0.0224895 -0.0169403
    endloop
  endfacet
  facet normal 0.394138 0.140003 -0.908325
    outer loop
      vertex 0.0502996 0.0176198 -0.0120035
      vertex 0.0451269 0.018115 -0.0141717
      vertex 0.0502996 0.0201916 -0.0116071
    endloop
  endfacet
  facet normal 0.375768 0.287389 -0.881025
    outer loop
      vertex 0.0502996 0.037054 -0.00736535
      vertex 0.0479336 0.040206 -0.0073463
      vertex 0.0502996 0.0371124 -0.0073463
    endloop
  endfacet
  facet normal 0.375241 0.286996 -0.881378
    outer loop
      vertex 0.0479336 0.040206 -0.0073463
      vertex 0.0502996 0.037054 -0.00736535
      vertex 0.0448856 0.0330648 -0.0109693
    endloop
  endfacet
  facet normal 0.396846 0.345017 -0.850574
    outer loop
      vertex 0.0502996 0.0421907 -0.00543745
      vertex 0.0500746 0.047677 -0.00331703
      vertex 0.0502996 0.0474182 -0.00331703
    endloop
  endfacet
  facet normal 0.396821 0.34502 -0.850585
    outer loop
      vertex 0.0500746 0.047677 -0.00331703
      vertex 0.0502996 0.0421907 -0.00543745
      vertex 0.0479336 0.040206 -0.0073463
    endloop
  endfacet
  facet normal 0.286044 0.218824 -0.932896
    outer loop
      vertex 0.0392656 0.0289249 -0.0141717
      vertex 0.0318966 0.0267544 -0.0169403
      vertex 0.0373964 0.0313683 -0.0141717
    endloop
  endfacet
  facet normal 0.250914 0.168296 -0.953267
    outer loop
      vertex 0.0287876 0.0185232 -0.0192634
      vertex 0.0275831 0.020319 -0.0192634
      vertex 0.0334902 0.0246706 -0.0169403
    endloop
  endfacet
  facet normal 0.161568 0.18067 -0.970183
    outer loop
      vertex 0.0233393 0.0251999 -0.0192634
      vertex 0.0182495 0.0197039 -0.0211345
      vertex 0.0217333 0.0266361 -0.0192634
    endloop
  endfacet
  facet normal 0.200793 0.224506 -0.953561
    outer loop
      vertex 0.0283375 0.0305967 -0.0169403
      vertex 0.0233393 0.0251999 -0.0192634
      vertex 0.0263872 0.032341 -0.0169403
    endloop
  endfacet
  facet normal 0.29646 0.292445 -0.909169
    outer loop
      vertex 0.0353804 0.0336866 -0.0141717
      vertex 0.0332241 0.0358725 -0.0141717
      vertex 0.0379801 0.041007 -0.0109693
    endloop
  endfacet
  facet normal 0.296498 0.292428 -0.909161
    outer loop
      vertex 0.0404444 0.0385084 -0.0109693
      vertex 0.0353804 0.0336866 -0.0141717
      vertex 0.0379801 0.041007 -0.0109693
    endloop
  endfacet
  facet normal 0.00772087 0.240861 -0.970529
    outer loop
      vertex 0.0016737 0.0269766 -0.0211345
      vertex 0 0.0345697 -0.0192634
      vertex 0.00214005 0.0345011 -0.0192634
    endloop
  endfacet
  facet normal 0.0655939 0.408964 -0.91019
    outer loop
      vertex 0.00961935 0.0540991 -0.0115459
      vertex 0.00608253 0.0488224 -0.0141717
      vertex 0.00674005 0.0540991 -0.0117534
    endloop
  endfacet
  facet normal 0.184395 0.30756 -0.933491
    outer loop
      vertex 0.0260057 0.0415497 -0.0141717
      vertex 0.0199432 0.0367813 -0.0169403
      vertex 0.0233812 0.0431232 -0.0141717
    endloop
  endfacet
  facet normal 0.154605 0.257709 -0.953773
    outer loop
      vertex 0.0221815 0.0354385 -0.0169403
      vertex 0.0182686 0.0291882 -0.0192634
      vertex 0.0199432 0.0367813 -0.0169403
    endloop
  endfacet
  facet normal 0.0341024 0.355859 -0.933917
    outer loop
      vertex 0.00518799 0.0416422 -0.0169403
      vertex 0.00304699 0.0491133 -0.0141717
      vertex 0.00608253 0.0488224 -0.0141717
    endloop
  endfacet
  facet normal 0.0566765 0.353036 -0.933891
    outer loop
      vertex 0.00909424 0.0483389 -0.0141717
      vertex 0.00518799 0.0416422 -0.0169403
      vertex 0.00608253 0.0488224 -0.0141717
    endloop
  endfacet
  facet normal 0.0171915 0.0583988 -0.998145
    outer loop
      vertex 0.00355339 0.0110903 -0.0234853
      vertex 0.00118542 0.00370121 -0.0239584
      vertex 0.00286007 0.0112944 -0.0234853
    endloop
  endfacet
  facet normal 0.154525 0.257729 -0.953781
    outer loop
      vertex 0.0182686 0.0291882 -0.0192634
      vertex 0.0164251 0.0302935 -0.0192634
      vertex 0.0199432 0.0367813 -0.0169403
    endloop
  endfacet
  facet normal 0.0279493 0.0542086 -0.998138
    outer loop
      vertex 0.00553989 0.0102186 -0.0234853
      vertex 0.00184917 0.00341034 -0.0239584
      vertex 0.00489616 0.0105505 -0.0234853
    endloop
  endfacet
  facet normal 0.0608695 0.00962443 -0.998099
    outer loop
      vertex 0.00380802 0.000487328 -0.0239584
      vertex 0.00376987 0.000728607 -0.0239584
      vertex 0.0112972 0.00218487 -0.0234853
    endloop
  endfacet
  facet normal 0.0132625 0.413846 -0.91025
    outer loop
      vertex 0.00304699 0.0491133 -0.0141717
      vertex 0.000919631 0.0540991 -0.0119359
      vertex 0.00335611 0.0540991 -0.0119004
    endloop
  endfacet
  facet normal -0.0592548 0.0167913 -0.998102
    outer loop
      vertex -0.00371742 0.000967026 -0.0239584
      vertex -0.0111389 0.00289917 -0.0234853
      vertex -0.00365067 0.00120258 -0.0239584
    endloop
  endfacet
  facet normal -0.0752764 0.0957336 -0.992557
    outer loop
      vertex -0.00733089 0.00898457 -0.0234853
      vertex -0.0121861 0.0149355 -0.0225431
      vertex -0.00675964 0.00943375 -0.0234853
    endloop
  endfacet
  facet normal -0.0530945 0.030927 -0.99811
    outer loop
      vertex -0.00336361 0.00187492 -0.0239584
      vertex -0.0100775 0.00561714 -0.0234853
      vertex -0.00971031 0.00624752 -0.0234853
    endloop
  endfacet
  facet normal -0.0400107 0.176897 -0.983416
    outer loop
      vertex -0.00475407 0.018775 -0.0225431
      vertex -0.00499535 0.0265512 -0.0211345
      vertex -0.003582 0.0190401 -0.0225431
    endloop
  endfacet
  facet normal -0.028775 0.179013 -0.983426
    outer loop
      vertex -0.003582 0.0190401 -0.0225431
      vertex -0.00499535 0.0265512 -0.0211345
      vertex -0.00239563 0.0192308 -0.0225431
    endloop
  endfacet
  facet normal -0.0513857 0.174001 -0.983404
    outer loop
      vertex -0.00590706 0.0184345 -0.0225431
      vertex -0.00823784 0.0257072 -0.0211345
      vertex -0.00475407 0.018775 -0.0225431
    endloop
  endfacet
  facet normal -0.0244946 0.0558096 -0.998141
    outer loop
      vertex -0.00141239 0.00361824 -0.0239584
      vertex -0.00489616 0.0105505 -0.0234853
      vertex -0.00423336 0.0108414 -0.0234853
    endloop
  endfacet
  facet normal -0.0286962 0.17904 -0.983423
    outer loop
      vertex -0.00239563 0.0192308 -0.0225431
      vertex -0.00499535 0.0265512 -0.0211345
      vertex -0.00334072 0.0268164 -0.0211345
    endloop
  endfacet
  facet normal -0.0381462 0.238001 -0.970516
    outer loop
      vertex -0.00334072 0.0268164 -0.0211345
      vertex -0.00499535 0.0265512 -0.0211345
      vertex -0.00427246 0.034297 -0.0192634
    endloop
  endfacet
  facet normal -0.0401612 0.176891 -0.983411
    outer loop
      vertex -0.00475407 0.018775 -0.0225431
      vertex -0.00662899 0.0261803 -0.0211345
      vertex -0.00499535 0.0265512 -0.0211345
    endloop
  endfacet
  facet normal -0.0511946 0.174095 -0.983397
    outer loop
      vertex -0.00475407 0.018775 -0.0225431
      vertex -0.00823784 0.0257072 -0.0211345
      vertex -0.00662899 0.0261803 -0.0211345
    endloop
  endfacet
  facet normal -0.0834613 0.161463 -0.983343
    outer loop
      vertex -0.00920963 0.0169859 -0.0225431
      vertex -0.0128431 0.0236864 -0.0211345
      vertex -0.00813961 0.017539 -0.0225431
    endloop
  endfacet
  facet normal -0.055675 0.107983 -0.992593
    outer loop
      vertex -0.00553989 0.0102186 -0.0234853
      vertex -0.00813961 0.017539 -0.0225431
      vertex -0.00489616 0.0105505 -0.0234853
    endloop
  endfacet
  facet normal -0.109425 0.055022 -0.992471
    outer loop
      vertex -0.0104055 0.00496483 -0.0234853
      vertex -0.0172977 0.0082531 -0.0225431
      vertex -0.0100775 0.00561714 -0.0234853
    endloop
  endfacet
  facet normal -0.0592233 0.0169303 -0.998101
    outer loop
      vertex -0.00365067 0.00120258 -0.0239584
      vertex -0.0111389 0.00289917 -0.0234853
      vertex -0.0109377 0.00360298 -0.0234853
    endloop
  endfacet
  facet normal -0.201936 0.135406 -0.969993
    outer loop
      vertex -0.0225086 0.0144835 -0.0211345
      vertex -0.0287876 0.0185232 -0.0192634
      vertex -0.0215673 0.0158873 -0.0211345
    endloop
  endfacet
  facet normal -0.13775 0.119911 -0.983182
    outer loop
      vertex -0.0147305 0.0123558 -0.0225431
      vertex -0.019433 0.0185032 -0.0211345
      vertex -0.013936 0.0132685 -0.0225431
    endloop
  endfacet
  facet normal -0.0462416 0.0402209 -0.99812
    outer loop
      vertex -0.00886154 0.00743294 -0.0234853
      vertex -0.00279808 0.00266361 -0.0239584
      vertex -0.00295734 0.00248051 -0.0239584
    endloop
  endfacet
  facet normal -0.0462416 0.0402209 -0.99812
    outer loop
      vertex -0.00279808 0.00266361 -0.0239584
      vertex -0.00886154 0.00743294 -0.0234853
      vertex -0.00838375 0.00798225 -0.0234853
    endloop
  endfacet
  facet normal -0.121456 0.13601 -0.983234
    outer loop
      vertex -0.0121861 0.0149355 -0.0225431
      vertex -0.0182495 0.0197039 -0.0211345
      vertex -0.0169926 0.0208263 -0.0211345
    endloop
  endfacet
  facet normal 0.215905 0.417807 -0.882509
    outer loop
      vertex 0.0236225 0.0509005 -0.0109693
      vertex 0.0265796 0.0540991 -0.00873153
      vertex 0.0267286 0.0492954 -0.0109693
    endloop
  endfacet
  facet normal 0.215904 0.417808 -0.882509
    outer loop
      vertex 0.0265796 0.0540991 -0.00873153
      vertex 0.0236225 0.0509005 -0.0109693
      vertex 0.0251072 0.0540991 -0.00909175
    endloop
  endfacet
  facet normal 0.215942 0.417805 -0.882501
    outer loop
      vertex 0.0267286 0.0492954 -0.0109693
      vertex 0.0265796 0.0540991 -0.00873153
      vertex 0.0293328 0.0540991 -0.00805784
    endloop
  endfacet
  facet normal 0.18878 0.430448 -0.882653
    outer loop
      vertex 0.0204239 0.0523033 -0.0109693
      vertex 0.0233244 0.0540991 -0.00947318
      vertex 0.0236225 0.0509005 -0.0109693
    endloop
  endfacet
  facet normal 0.188788 0.430438 -0.882656
    outer loop
      vertex 0.0233244 0.0540991 -0.00947318
      vertex 0.0204239 0.0523033 -0.0109693
      vertex 0.0211251 0.0540991 -0.00994358
    endloop
  endfacet
  facet normal 0.143862 0.327952 -0.933676
    outer loop
      vertex 0.0176258 0.0379782 -0.0169403
      vertex 0.0152388 0.0390253 -0.0169403
      vertex 0.0206652 0.0445271 -0.0141717
    endloop
  endfacet
  facet normal -0.101075 0.343198 -0.933809
    outer loop
      vertex -0.0102949 0.0406542 -0.0169403
      vertex -0.0127916 0.0399189 -0.0169403
      vertex -0.0120697 0.0476646 -0.0141717
    endloop
  endfacet
  facet normal -0.0790442 0.348796 -0.93386
    outer loop
      vertex -0.0102949 0.0406542 -0.0169403
      vertex -0.0120697 0.0476646 -0.0141717
      vertex -0.00909424 0.0483389 -0.0141717
    endloop
  endfacet
  facet normal -0.0827854 0.22671 -0.970438
    outer loop
      vertex -0.00981331 0.0251322 -0.0211345
      vertex -0.0125513 0.0321417 -0.0192634
      vertex -0.0105352 0.0328779 -0.0192634
    endloop
  endfacet
  facet normal -0.0827439 0.226714 -0.97044
    outer loop
      vertex -0.00981331 0.0251322 -0.0211345
      vertex -0.0105352 0.0328779 -0.0192634
      vertex -0.00823784 0.0257072 -0.0211345
    endloop
  endfacet
  facet normal -0.0935329 0.155996 -0.983319
    outer loop
      vertex -0.00920963 0.0169859 -0.0225431
      vertex -0.0142841 0.0228224 -0.0211345
      vertex -0.0128431 0.0236864 -0.0211345
    endloop
  endfacet
  facet normal -0.13728 0.199268 -0.970282
    outer loop
      vertex -0.0142841 0.0228224 -0.0211345
      vertex -0.0200405 0.0279675 -0.0192634
      vertex -0.0182686 0.0291882 -0.0192634
    endloop
  endfacet
  facet normal -0.277356 0.310225 -0.909304
    outer loop
      vertex -0.0332241 0.0358725 -0.0141717
      vertex -0.0379801 0.041007 -0.0109693
      vertex -0.0309372 0.0379171 -0.0141717
    endloop
  endfacet
  facet normal -0.239518 0.267902 -0.933199
    outer loop
      vertex -0.0263872 0.032341 -0.0169403
      vertex -0.0332241 0.0358725 -0.0141717
      vertex -0.0309372 0.0379171 -0.0141717
    endloop
  endfacet
  facet normal -0.192981 0.147576 -0.970041
    outer loop
      vertex -0.0215673 0.0158873 -0.0211345
      vertex -0.0262709 0.0220356 -0.0192634
      vertex -0.0205412 0.0172291 -0.0211345
    endloop
  endfacet
  facet normal -0.408597 0.238333 -0.881048
    outer loop
      vertex -0.0486193 0.0271006 -0.0109693
      vertex -0.0502996 0.0280372 -0.00993668
      vertex -0.0502996 0.0299813 -0.00941078
    endloop
  endfacet
  facet normal -0.356228 0.309823 -0.881539
    outer loop
      vertex -0.0404444 0.0385084 -0.0109693
      vertex -0.0479336 0.040206 -0.0073463
      vertex -0.0453491 0.0431776 -0.0073463
    endloop
  endfacet
  facet normal -0.335909 0.331297 -0.881707
    outer loop
      vertex -0.0404444 0.0385084 -0.0109693
      vertex -0.0453491 0.0431776 -0.0073463
      vertex -0.0379801 0.041007 -0.0109693
    endloop
  endfacet
  facet normal -0.203595 0.295433 -0.933418
    outer loop
      vertex -0.024332 0.0339565 -0.0169403
      vertex -0.0285282 0.0398121 -0.0141717
      vertex -0.0221815 0.0354385 -0.0169403
    endloop
  endfacet
  facet normal -0.124342 0.20738 -0.970326
    outer loop
      vertex -0.0142841 0.0228224 -0.0211345
      vertex -0.0182686 0.0291882 -0.0192634
      vertex -0.0128431 0.0236864 -0.0211345
    endloop
  endfacet
  facet normal -0.0921252 0.0801305 -0.992518
    outer loop
      vertex -0.00886154 0.00743294 -0.0234853
      vertex -0.0147305 0.0123558 -0.0225431
      vertex -0.00838375 0.00798225 -0.0234853
    endloop
  endfacet
  facet normal -0.12996 0.128099 -0.98321
    outer loop
      vertex -0.013936 0.0132685 -0.0225431
      vertex -0.019433 0.0185032 -0.0211345
      vertex -0.0182495 0.0197039 -0.0211345
    endloop
  endfacet
  facet normal 0.0474597 0.29583 -0.954061
    outer loop
      vertex 0.00638866 0.0339575 -0.0192634
      vertex 0.00427246 0.034297 -0.0192634
      vertex 0.00518799 0.0416422 -0.0169403
    endloop
  endfacet
  facet normal -0.00959639 0.29937 -0.954089
    outer loop
      vertex -0.00214005 0.0345011 -0.0192634
      vertex -0.00259876 0.0418901 -0.0169403
      vertex 0 0.0345697 -0.0192634
    endloop
  endfacet
  facet normal -0.435713 0.186031 -0.880651
    outer loop
      vertex -0.0502014 0.0239515 -0.0109693
      vertex -0.0502996 0.0237215 -0.0109693
      vertex -0.0502996 0.0239421 -0.0109227
    endloop
  endfacet
  facet normal -0.332083 0.141766 -0.932536
    outer loop
      vertex -0.0374565 0.0178709 -0.0169403
      vertex -0.0451269 0.018115 -0.0141717
      vertex -0.0439157 0.0209522 -0.0141717
    endloop
  endfacet
  facet normal -0.332084 0.141755 -0.932537
    outer loop
      vertex -0.0384893 0.0154514 -0.0169403
      vertex -0.0451269 0.018115 -0.0141717
      vertex -0.0374565 0.0178709 -0.0169403
    endloop
  endfacet
  facet normal -0.413681 0.0646673 -0.908122
    outer loop
      vertex -0.0476751 0.00922108 -0.0141717
      vertex -0.0502996 0.00844802 -0.0130312
      vertex -0.0502996 0.00972874 -0.01294
    endloop
  endfacet
  facet normal -0.117966 0.0337234 -0.992445
    outer loop
      vertex -0.0111389 0.00289917 -0.0234853
      vertex -0.0185165 0.00481987 -0.0225431
      vertex -0.0109377 0.00360298 -0.0234853
    endloop
  endfacet
  facet normal -0.179265 0.0395207 -0.983007
    outer loop
      vertex -0.0187788 0.00363159 -0.0225431
      vertex -0.0261869 0.00506496 -0.0211345
      vertex -0.0258217 0.0067215 -0.0211345
    endloop
  endfacet
  facet normal -0.176398 0.0505467 -0.98302
    outer loop
      vertex -0.0181818 0.00598907 -0.0225431
      vertex -0.0258217 0.0067215 -0.0211345
      vertex -0.0253544 0.00835228 -0.0211345
    endloop
  endfacet
  facet normal -0.115561 0.0410502 -0.992452
    outer loop
      vertex -0.0109377 0.00360298 -0.0234853
      vertex -0.0181818 0.00598907 -0.0225431
      vertex -0.0177746 0.00713539 -0.0225431
    endloop
  endfacet
  facet normal -0.217536 0.109352 -0.969907
    outer loop
      vertex -0.0233612 0.0130215 -0.0211345
      vertex -0.0308504 0.014719 -0.0192634
      vertex -0.0298777 0.016654 -0.0192634
    endloop
  endfacet
  facet normal -0.270367 0.135834 -0.953127
    outer loop
      vertex -0.0308504 0.014719 -0.0192634
      vertex -0.0374565 0.0178709 -0.0169403
      vertex -0.0362759 0.0202208 -0.0169403
    endloop
  endfacet
  facet normal -0.172825 0.0613988 -0.983037
    outer loop
      vertex -0.0181818 0.00598907 -0.0225431
      vertex -0.0253544 0.00835228 -0.0211345
      vertex -0.0247869 0.00994968 -0.0211345
    endloop
  endfacet
  facet normal -0.285447 0.101368 -0.953019
    outer loop
      vertex -0.0317011 0.0127258 -0.0192634
      vertex -0.0393705 0.01297 -0.0169403
      vertex -0.0384893 0.0154514 -0.0169403
    endloop
  endfacet
  facet normal 0.0510045 0.0341653 -0.998114
    outer loop
      vertex 0.00310516 0.00228691 -0.0239584
      vertex 0.00971031 0.00624752 -0.0234853
      vertex 0.00324059 0.00208473 -0.0239584
    endloop
  endfacet
  facet normal 0.0510056 0.0341635 -0.998114
    outer loop
      vertex 0.00971031 0.00624752 -0.0234853
      vertex 0.00310516 0.00228691 -0.0239584
      vertex 0.00930405 0.00685406 -0.0234853
    endloop
  endfacet
  facet normal -0.06163 0.00192945 -0.998097
    outer loop
      vertex -0.00383091 0.000244141 -0.0239584
      vertex -0.0115004 0 -0.0234853
      vertex -0.0114775 0.000731468 -0.0234853
    endloop
  endfacet
  facet normal -0.06139 0.00569671 -0.998098
    outer loop
      vertex -0.00383091 0.000244141 -0.0239584
      vertex -0.0114775 0.000731468 -0.0234853
      vertex -0.0114098 0.00146103 -0.0234853
    endloop
  endfacet
  facet normal -0.182878 0.0171321 -0.982986
    outer loop
      vertex -0.0190802 0.00121689 -0.0225431
      vertex -0.0266066 0.00169659 -0.0211345
      vertex -0.0264482 0.00338745 -0.0211345
    endloop
  endfacet
  facet normal -0.241136 0.0375609 -0.969764
    outer loop
      vertex -0.0264482 0.00338745 -0.0211345
      vertex -0.0338259 0.00433254 -0.0192634
      vertex -0.0261869 0.00506496 -0.0211345
    endloop
  endfacet
  facet normal -0.360173 0.0335887 -0.932281
    outer loop
      vertex -0.0413151 0.002635 -0.0169403
      vertex -0.048439 0.0030899 -0.0141717
      vertex -0.048152 0.00616741 -0.0141717
    endloop
  endfacet
  facet normal -0.301987 0.0281919 -0.952895
    outer loop
      vertex -0.0340281 0.00217056 -0.0192634
      vertex -0.0413151 0.002635 -0.0169403
      vertex -0.04107 0.00526047 -0.0169403
    endloop
  endfacet
  facet normal -0.361587 0.0112524 -0.93227
    outer loop
      vertex -0.0413971 0 -0.0169403
      vertex -0.0485353 0 -0.0141717
      vertex -0.0413151 0.002635 -0.0169403
    endloop
  endfacet
  facet normal 0.349996 0.391517 -0.85101
    outer loop
      vertex 0.0425854 0.0459795 -0.0073463
      vertex 0.0396538 0.0486002 -0.0073463
      vertex 0.0470228 0.0507708 -0.00331703
    endloop
  endfacet
  facet normal 0.417943 0.319645 -0.850383
    outer loop
      vertex 0.0502996 0.0371124 -0.0073463
      vertex 0.0479336 0.040206 -0.0073463
      vertex 0.0502996 0.0421907 -0.00543745
    endloop
  endfacet
  facet normal 0.396738 0.345056 -0.850609
    outer loop
      vertex 0.0479336 0.040206 -0.0073463
      vertex 0.0453491 0.0431776 -0.0073463
      vertex 0.0500746 0.047677 -0.00331703
    endloop
  endfacet
  facet normal 0.375192 0.287024 -0.88139
    outer loop
      vertex 0.0448856 0.0330648 -0.0109693
      vertex 0.0427494 0.0358572 -0.0109693
      vertex 0.0479336 0.040206 -0.0073463
    endloop
  endfacet
  facet normal -0.0115248 0.120628 -0.992631
    outer loop
      vertex -0.000721931 0.0116377 -0.0234853
      vertex -0.001441 0.011569 -0.0234853
      vertex -0.00119972 0.0193453 -0.0225431
    endloop
  endfacet
  facet normal 0.121317 0.0189555 -0.992433
    outer loop
      vertex 0.0189667 0.00242901 -0.0225431
      vertex 0.0112972 0.00218487 -0.0234853
      vertex 0.0187788 0.00363159 -0.0225431
    endloop
  endfacet
  facet normal 0.0752531 0.0957565 -0.992556
    outer loop
      vertex 0.0121861 0.0149355 -0.0225431
      vertex 0.00675964 0.00943375 -0.0234853
      vertex 0.0112371 0.0156813 -0.0225431
    endloop
  endfacet
  facet normal -0.0279493 0.0542086 -0.998138
    outer loop
      vertex -0.00184917 0.00341034 -0.0239584
      vertex -0.00553989 0.0102186 -0.0234853
      vertex -0.00489616 0.0105505 -0.0234853
    endloop
  endfacet
  facet normal 0.201936 0.135406 -0.969993
    outer loop
      vertex 0.0225086 0.0144835 -0.0211345
      vertex 0.0215673 0.0158873 -0.0211345
      vertex 0.0287876 0.0185232 -0.0192634
    endloop
  endfacet
  facet normal 0.137809 0.119865 -0.983179
    outer loop
      vertex 0.0205412 0.0172291 -0.0211345
      vertex 0.0147305 0.0123558 -0.0225431
      vertex 0.019433 0.0185032 -0.0211345
    endloop
  endfacet
  facet normal 0.179246 0.0395665 -0.983008
    outer loop
      vertex 0.0187788 0.00363159 -0.0225431
      vertex 0.0185165 0.00481987 -0.0225431
      vertex 0.0258217 0.0067215 -0.0211345
    endloop
  endfacet
  facet normal -0.0487318 0.0372518 -0.998117
    outer loop
      vertex -0.00295734 0.00248051 -0.0239584
      vertex -0.00930405 0.00685406 -0.0234853
      vertex -0.00886154 0.00743294 -0.0234853
    endloop
  endfacet
  facet normal 0.183599 0.00561258 -0.982985
    outer loop
      vertex 0.0191174 0 -0.0225431
      vertex 0.0190802 0.00121689 -0.0225431
      vertex 0.026659 0 -0.0211345
    endloop
  endfacet
  facet normal 0.12227 0.0114491 -0.992431
    outer loop
      vertex 0.0190802 0.00121689 -0.0225431
      vertex 0.0114098 0.00146103 -0.0234853
      vertex 0.0189667 0.00242901 -0.0225431
    endloop
  endfacet
  facet normal 0.172825 0.0613988 -0.983037
    outer loop
      vertex 0.0253544 0.00835228 -0.0211345
      vertex 0.0181818 0.00598907 -0.0225431
      vertex 0.0247869 0.00994968 -0.0211345
    endloop
  endfacet
  facet normal 0.214598 0.211663 -0.953492
    outer loop
      vertex 0.0248537 0.0236645 -0.0192634
      vertex 0.0233393 0.0251999 -0.0192634
      vertex 0.0301771 0.0287323 -0.0169403
    endloop
  endfacet
  facet normal 0.1216 0.135829 -0.983242
    outer loop
      vertex 0.0130863 0.0141296 -0.0225431
      vertex 0.0121861 0.0149355 -0.0225431
      vertex 0.0182495 0.0197039 -0.0211345
    endloop
  endfacet
  facet normal 0.322444 0.161997 -0.932624
    outer loop
      vertex 0.0374565 0.0178709 -0.0169403
      vertex 0.0362759 0.0202208 -0.0169403
      vertex 0.042532 0.0237074 -0.0141717
    endloop
  endfacet
  facet normal 0.322486 0.161957 -0.932616
    outer loop
      vertex 0.0439157 0.0209522 -0.0141717
      vertex 0.0374565 0.0178709 -0.0169403
      vertex 0.042532 0.0237074 -0.0141717
    endloop
  endfacet
  facet normal 0.270318 0.135885 -0.953133
    outer loop
      vertex 0.0308504 0.014719 -0.0192634
      vertex 0.0298777 0.016654 -0.0192634
      vertex 0.0362759 0.0202208 -0.0169403
    endloop
  endfacet
  facet normal 0.217536 0.109352 -0.969907
    outer loop
      vertex 0.0308504 0.014719 -0.0192634
      vertex 0.0233612 0.0130215 -0.0211345
      vertex 0.0298777 0.016654 -0.0192634
    endloop
  endfacet
  facet normal 0.332084 0.141755 -0.932537
    outer loop
      vertex 0.0384893 0.0154514 -0.0169403
      vertex 0.0374565 0.0178709 -0.0169403
      vertex 0.0451269 0.018115 -0.0141717
    endloop
  endfacet
  facet normal 0.332083 0.141766 -0.932536
    outer loop
      vertex 0.0451269 0.018115 -0.0141717
      vertex 0.0374565 0.0178709 -0.0169403
      vertex 0.0439157 0.0209522 -0.0141717
    endloop
  endfacet
  facet normal 0.286063 0.218769 -0.932903
    outer loop
      vertex 0.0334902 0.0246706 -0.0169403
      vertex 0.0318966 0.0267544 -0.0169403
      vertex 0.0392656 0.0289249 -0.0141717
    endloop
  endfacet
  facet normal 0.299355 0.200659 -0.932804
    outer loop
      vertex 0.0349522 0.0224895 -0.0169403
      vertex 0.0334902 0.0246706 -0.0169403
      vertex 0.0392656 0.0289249 -0.0141717
    endloop
  endfacet
  facet normal 0.16141 0.180752 -0.970194
    outer loop
      vertex 0.0182495 0.0197039 -0.0211345
      vertex 0.0169926 0.0208263 -0.0211345
      vertex 0.0217333 0.0266361 -0.0192634
    endloop
  endfacet
  facet normal 0.14971 0.190348 -0.970234
    outer loop
      vertex 0.0217333 0.0266361 -0.0192634
      vertex 0.0156698 0.0218678 -0.0211345
      vertex 0.0200405 0.0279675 -0.0192634
    endloop
  endfacet
  facet normal 0.271593 0.236111 -0.933
    outer loop
      vertex 0.0318966 0.0267544 -0.0169403
      vertex 0.0301771 0.0287323 -0.0169403
      vertex 0.0373964 0.0313683 -0.0141717
    endloop
  endfacet
  facet normal 0.183156 0.159307 -0.97009
    outer loop
      vertex 0.0205412 0.0172291 -0.0211345
      vertex 0.019433 0.0185032 -0.0211345
      vertex 0.0262709 0.0220356 -0.0192634
    endloop
  endfacet
  facet normal 0.255978 0.252573 -0.933103
    outer loop
      vertex 0.0301771 0.0287323 -0.0169403
      vertex 0.0283375 0.0305967 -0.0169403
      vertex 0.0332241 0.0358725 -0.0141717
    endloop
  endfacet
  facet normal 0.239552 0.267843 -0.933207
    outer loop
      vertex 0.0283375 0.0305967 -0.0169403
      vertex 0.0263872 0.032341 -0.0169403
      vertex 0.0332241 0.0358725 -0.0141717
    endloop
  endfacet
  facet normal 0.00956172 0.299381 -0.954086
    outer loop
      vertex 0.00259876 0.0418901 -0.0169403
      vertex 0 0.0345697 -0.0192634
      vertex 0 0.0419731 -0.0169403
    endloop
  endfacet
  facet normal 0.0114104 0.357262 -0.933934
    outer loop
      vertex 0.00259876 0.0418901 -0.0169403
      vertex 0 0.0419731 -0.0169403
      vertex 0.00304699 0.0491133 -0.0141717
    endloop
  endfacet
  facet normal 0.239518 0.267902 -0.933199
    outer loop
      vertex 0.0332241 0.0358725 -0.0141717
      vertex 0.0263872 0.032341 -0.0169403
      vertex 0.0309372 0.0379171 -0.0141717
    endloop
  endfacet
  facet normal 0.184463 0.30748 -0.933504
    outer loop
      vertex 0.0221815 0.0354385 -0.0169403
      vertex 0.0199432 0.0367813 -0.0169403
      vertex 0.0260057 0.0415497 -0.0141717
    endloop
  endfacet
  facet normal 0.124342 0.20738 -0.970326
    outer loop
      vertex 0.0142841 0.0228224 -0.0211345
      vertex 0.0128431 0.0236864 -0.0211345
      vertex 0.0182686 0.0291882 -0.0192634
    endloop
  endfacet
  facet normal 0.166623 0.37988 -0.909905
    outer loop
      vertex 0.0206652 0.0445271 -0.0141717
      vertex 0.0178671 0.0457544 -0.0141717
      vertex 0.0236225 0.0509005 -0.0109693
    endloop
  endfacet
  facet normal 0.14385 0.327962 -0.933674
    outer loop
      vertex 0.0206652 0.0445271 -0.0141717
      vertex 0.0152388 0.0390253 -0.0169403
      vertex 0.0178671 0.0457544 -0.0141717
    endloop
  endfacet
  facet normal 0.0680458 0.2314 -0.970476
    outer loop
      vertex 0.00823784 0.0257072 -0.0211345
      vertex 0.00662899 0.0261803 -0.0211345
      vertex 0.00847912 0.0334835 -0.0192634
    endloop
  endfacet
  facet normal 0.149791 0.190248 -0.970241
    outer loop
      vertex 0.0169926 0.0208263 -0.0211345
      vertex 0.0156698 0.0218678 -0.0211345
      vertex 0.0217333 0.0266361 -0.0192634
    endloop
  endfacet
  facet normal 0.11271 0.143152 -0.983262
    outer loop
      vertex 0.0169926 0.0208263 -0.0211345
      vertex 0.0121861 0.0149355 -0.0225431
      vertex 0.0156698 0.0218678 -0.0211345
    endloop
  endfacet
  facet normal 0.0415687 0.114021 -0.992608
    outer loop
      vertex 0.00703716 0.0180225 -0.0225431
      vertex 0.00355339 0.0110903 -0.0234853
      vertex 0.00590706 0.0184345 -0.0225431
    endloop
  endfacet
  facet normal 0.0313887 0.0523439 -0.998136
    outer loop
      vertex 0.00616169 0.00984573 -0.0234853
      vertex 0.00184917 0.00341034 -0.0239584
      vertex 0.00553989 0.0102186 -0.0234853
    endloop
  endfacet
  facet normal 0.0115248 0.120628 -0.992631
    outer loop
      vertex 0.001441 0.011569 -0.0234853
      vertex 0.000721931 0.0116377 -0.0234853
      vertex 0.00119972 0.0193453 -0.0225431
    endloop
  endfacet
  facet normal 0.0244946 0.0558096 -0.998141
    outer loop
      vertex 0.00489616 0.0105505 -0.0234853
      vertex 0.00141239 0.00361824 -0.0239584
      vertex 0.00423336 0.0108414 -0.0234853
    endloop
  endfacet
  facet normal -0.0601707 0.013237 -0.9981
    outer loop
      vertex -0.00376987 0.000728607 -0.0239584
      vertex -0.0112972 0.00218487 -0.0234853
      vertex -0.00371742 0.000967026 -0.0239584
    endloop
  endfacet
  facet normal -0.00192816 0.0607858 -0.998149
    outer loop
      vertex 0 0.00389194 -0.0239584
      vertex -0.000721931 0.0116377 -0.0234853
      vertex 0 0.0116606 -0.0234853
    endloop
  endfacet
  facet normal -0.11271 0.143152 -0.983262
    outer loop
      vertex -0.0121861 0.0149355 -0.0225431
      vertex -0.0169926 0.0208263 -0.0211345
      vertex -0.0156698 0.0218678 -0.0211345
    endloop
  endfacet
  facet normal -0.0752531 0.0957565 -0.992556
    outer loop
      vertex -0.00675964 0.00943375 -0.0234853
      vertex -0.0121861 0.0149355 -0.0225431
      vertex -0.0112371 0.0156813 -0.0225431
    endloop
  endfacet
  facet normal -0.172829 0.0613929 -0.983037
    outer loop
      vertex -0.0181818 0.00598907 -0.0225431
      vertex -0.0247869 0.00994968 -0.0211345
      vertex -0.0177746 0.00713539 -0.0225431
    endloop
  endfacet
  facet normal -0.239829 0.183411 -0.953332
    outer loop
      vertex -0.0262709 0.0220356 -0.0192634
      vertex -0.0334902 0.0246706 -0.0169403
      vertex -0.0318966 0.0267544 -0.0169403
    endloop
  endfacet
  facet normal -0.227678 0.197934 -0.953407
    outer loop
      vertex -0.0262709 0.0220356 -0.0192634
      vertex -0.0318966 0.0267544 -0.0169403
      vertex -0.0301771 0.0287323 -0.0169403
    endloop
  endfacet
  facet normal -0.109417 0.0550448 -0.992471
    outer loop
      vertex -0.0100775 0.00561714 -0.0234853
      vertex -0.0172977 0.0082531 -0.0225431
      vertex -0.0167522 0.00933743 -0.0225431
    endloop
  endfacet
  facet normal -0.158128 0.0922161 -0.983103
    outer loop
      vertex -0.0167522 0.00933743 -0.0225431
      vertex -0.0233612 0.0130215 -0.0211345
      vertex -0.0225086 0.0144835 -0.0211345
    endloop
  endfacet
  facet normal -0.21018 0.122571 -0.969949
    outer loop
      vertex -0.0233612 0.0130215 -0.0211345
      vertex -0.0287876 0.0185232 -0.0192634
      vertex -0.0225086 0.0144835 -0.0211345
    endloop
  endfacet
  facet normal -0.161568 0.18067 -0.970183
    outer loop
      vertex -0.0182495 0.0197039 -0.0211345
      vertex -0.0233393 0.0251999 -0.0192634
      vertex -0.0217333 0.0266361 -0.0192634
    endloop
  endfacet
  facet normal -0.0625351 0.104284 -0.99258
    outer loop
      vertex -0.00616169 0.00984573 -0.0234853
      vertex -0.0102434 0.016366 -0.0225431
      vertex -0.00553989 0.0102186 -0.0234853
    endloop
  endfacet
  facet normal -0.00971553 0.060057 -0.998148
    outer loop
      vertex -0.000480652 0.00386143 -0.0239584
      vertex -0.00215435 0.0114536 -0.0234853
      vertex -0.001441 0.011569 -0.0234853
    endloop
  endfacet
  facet normal 0.0579775 0.0206897 -0.998103
    outer loop
      vertex 0.00365067 0.00120258 -0.0239584
      vertex 0.00356865 0.00143242 -0.0239584
      vertex 0.0106926 0.00429249 -0.0234853
    endloop
  endfacet
  facet normal 0.0690424 0.100209 -0.992568
    outer loop
      vertex 0.00675964 0.00943375 -0.0234853
      vertex 0.00616169 0.00984573 -0.0234853
      vertex 0.0102434 0.016366 -0.0225431
    endloop
  endfacet
  facet normal 0.0346526 0.0502945 -0.998133
    outer loop
      vertex 0.00205612 0.00328541 -0.0239584
      vertex 0.00675964 0.00943375 -0.0234853
      vertex 0.00225544 0.00314808 -0.0239584
    endloop
  endfacet
  facet normal 0.0346524 0.0502946 -0.998133
    outer loop
      vertex 0.00675964 0.00943375 -0.0234853
      vertex 0.00205612 0.00328541 -0.0239584
      vertex 0.00616169 0.00984573 -0.0234853
    endloop
  endfacet
  facet normal 0.0377439 0.0480791 -0.99813
    outer loop
      vertex 0.00244617 0.00299835 -0.0239584
      vertex 0.00225544 0.00314808 -0.0239584
      vertex 0.00675964 0.00943375 -0.0234853
    endloop
  endfacet
  facet normal 0.190576 0.36869 -0.909807
    outer loop
      vertex 0.0233812 0.0431232 -0.0141717
      vertex 0.0206652 0.0445271 -0.0141717
      vertex 0.0267286 0.0492954 -0.0109693
    endloop
  endfacet
  facet normal 0.164557 0.318353 -0.93358
    outer loop
      vertex 0.0233812 0.0431232 -0.0141717
      vertex 0.0199432 0.0367813 -0.0169403
      vertex 0.0206652 0.0445271 -0.0141717
    endloop
  endfacet
  facet normal 0.142235 0.389455 -0.909996
    outer loop
      vertex 0.0178671 0.0457544 -0.0141717
      vertex 0.0171442 0.0535011 -0.0109693
      vertex 0.0204239 0.0523033 -0.0109693
    endloop
  endfacet
  facet normal 0.161159 0.441293 -0.882773
    outer loop
      vertex 0.0204239 0.0523033 -0.0109693
      vertex 0.0178132 0.0540991 -0.0105482
      vertex 0.0211251 0.0540991 -0.00994358
    endloop
  endfacet
  facet normal 0.161174 0.441312 -0.882761
    outer loop
      vertex 0.0178132 0.0540991 -0.0105482
      vertex 0.0204239 0.0523033 -0.0109693
      vertex 0.0171442 0.0535011 -0.0109693
    endloop
  endfacet
  facet normal -0.214598 0.211663 -0.953492
    outer loop
      vertex -0.0248537 0.0236645 -0.0192634
      vertex -0.0301771 0.0287323 -0.0169403
      vertex -0.0233393 0.0251999 -0.0192634
    endloop
  endfacet
  facet normal -0.29646 0.292445 -0.909169
    outer loop
      vertex -0.0353804 0.0336866 -0.0141717
      vertex -0.0379801 0.041007 -0.0109693
      vertex -0.0332241 0.0358725 -0.0141717
    endloop
  endfacet
  facet normal -0.270318 0.135885 -0.953133
    outer loop
      vertex -0.0308504 0.014719 -0.0192634
      vertex -0.0362759 0.0202208 -0.0169403
      vertex -0.0298777 0.016654 -0.0192634
    endloop
  endfacet
  facet normal -0.26118 0.152318 -0.953197
    outer loop
      vertex -0.0298777 0.016654 -0.0192634
      vertex -0.0362759 0.0202208 -0.0169403
      vertex -0.0287876 0.0185232 -0.0192634
    endloop
  endfacet
  facet normal -0.31447 0.273464 -0.909025
    outer loop
      vertex -0.0373964 0.0313683 -0.0141717
      vertex -0.0404444 0.0385084 -0.0109693
      vertex -0.0353804 0.0336866 -0.0141717
    endloop
  endfacet
  facet normal -0.299355 0.200659 -0.932804
    outer loop
      vertex -0.0349522 0.0224895 -0.0169403
      vertex -0.0392656 0.0289249 -0.0141717
      vertex -0.0334902 0.0246706 -0.0169403
    endloop
  endfacet
  facet normal -0.271573 0.236161 -0.932993
    outer loop
      vertex -0.0301771 0.0287323 -0.0169403
      vertex -0.0373964 0.0313683 -0.0141717
      vertex -0.0353804 0.0336866 -0.0141717
    endloop
  endfacet
  facet normal -0.25602 0.252553 -0.933097
    outer loop
      vertex -0.0301771 0.0287323 -0.0169403
      vertex -0.0353804 0.0336866 -0.0141717
      vertex -0.0332241 0.0358725 -0.0141717
    endloop
  endfacet
  facet normal -0.183139 0.159338 -0.970088
    outer loop
      vertex -0.019433 0.0185032 -0.0211345
      vertex -0.0262709 0.0220356 -0.0192634
      vertex -0.0248537 0.0236645 -0.0192634
    endloop
  endfacet
  facet normal -0.183156 0.159307 -0.97009
    outer loop
      vertex -0.0205412 0.0172291 -0.0211345
      vertex -0.0262709 0.0220356 -0.0192634
      vertex -0.019433 0.0185032 -0.0211345
    endloop
  endfacet
  facet normal -0.154605 0.257709 -0.953773
    outer loop
      vertex -0.0182686 0.0291882 -0.0192634
      vertex -0.0221815 0.0354385 -0.0169403
      vertex -0.0199432 0.0367813 -0.0169403
    endloop
  endfacet
  facet normal -0.154525 0.257729 -0.953781
    outer loop
      vertex -0.0182686 0.0291882 -0.0192634
      vertex -0.0199432 0.0367813 -0.0169403
      vertex -0.0164251 0.0302935 -0.0192634
    endloop
  endfacet
  facet normal -0.103264 0.149899 -0.983294
    outer loop
      vertex -0.0102434 0.016366 -0.0225431
      vertex -0.0156698 0.0218678 -0.0211345
      vertex -0.0142841 0.0228224 -0.0211345
    endloop
  endfacet
  facet normal -0.103278 0.149886 -0.983294
    outer loop
      vertex -0.0112371 0.0156813 -0.0225431
      vertex -0.0156698 0.0218678 -0.0211345
      vertex -0.0102434 0.016366 -0.0225431
    endloop
  endfacet
  facet normal -0.186053 0.236556 -0.953638
    outer loop
      vertex -0.0217333 0.0266361 -0.0192634
      vertex -0.0263872 0.032341 -0.0169403
      vertex -0.0200405 0.0279675 -0.0192634
    endloop
  endfacet
  facet normal -0.14971 0.190348 -0.970234
    outer loop
      vertex -0.0156698 0.0218678 -0.0211345
      vertex -0.0217333 0.0266361 -0.0192634
      vertex -0.0200405 0.0279675 -0.0192634
    endloop
  endfacet
  facet normal -0.186001 0.236626 -0.953631
    outer loop
      vertex -0.0200405 0.0279675 -0.0192634
      vertex -0.0263872 0.032341 -0.0169403
      vertex -0.024332 0.0339565 -0.0169403
    endloop
  endfacet
  facet normal -0.221886 0.282278 -0.93332
    outer loop
      vertex -0.0263872 0.032341 -0.0169403
      vertex -0.0285282 0.0398121 -0.0141717
      vertex -0.024332 0.0339565 -0.0169403
    endloop
  endfacet
  facet normal -0.1216 0.135829 -0.983242
    outer loop
      vertex -0.0130863 0.0141296 -0.0225431
      vertex -0.0182495 0.0197039 -0.0211345
      vertex -0.0121861 0.0149355 -0.0225431
    endloop
  endfacet
  facet normal -0.0868254 0.0857054 -0.99253
    outer loop
      vertex -0.00838375 0.00798225 -0.0234853
      vertex -0.0130863 0.0141296 -0.0225431
      vertex -0.00787258 0.0085001 -0.0234853
    endloop
  endfacet
  facet normal -0.00772087 0.240861 -0.970529
    outer loop
      vertex -0.0016737 0.0269766 -0.0211345
      vertex -0.00214005 0.0345011 -0.0192634
      vertex 0 0.0345697 -0.0192634
    endloop
  endfacet
  facet normal -0.022963 0.239914 -0.970522
    outer loop
      vertex -0.0016737 0.0269766 -0.0211345
      vertex -0.00427246 0.034297 -0.0192634
      vertex -0.00214005 0.0345011 -0.0192634
    endloop
  endfacet
  facet normal 0.0789999 0.348791 -0.933865
    outer loop
      vertex 0.0102949 0.0406542 -0.0169403
      vertex 0.00775623 0.0412292 -0.0169403
      vertex 0.00909424 0.0483389 -0.0141717
    endloop
  endfacet
  facet normal 0.0511946 0.174095 -0.983397
    outer loop
      vertex 0.00823784 0.0257072 -0.0211345
      vertex 0.00475407 0.018775 -0.0225431
      vertex 0.00662899 0.0261803 -0.0211345
    endloop
  endfacet
  facet normal -0.402229 0.115257 -0.908255
    outer loop
      vertex -0.0502996 0.015178 -0.0123419
      vertex -0.0461597 0.0152063 -0.0141717
      vertex -0.0470104 0.0122375 -0.0141717
    endloop
  endfacet
  facet normal -0.402227 0.115308 -0.90825
    outer loop
      vertex -0.0461597 0.0152063 -0.0141717
      vertex -0.0502996 0.015178 -0.0123419
      vertex -0.0502996 0.0165706 -0.0121651
    endloop
  endfacet
  facet normal -0.168601 0.0719379 -0.983056
    outer loop
      vertex -0.0177746 0.00713539 -0.0225431
      vertex -0.0247869 0.00994968 -0.0211345
      vertex -0.0172977 0.0082531 -0.0225431
    endloop
  endfacet
  facet normal -0.115549 0.0410742 -0.992452
    outer loop
      vertex -0.0109377 0.00360298 -0.0234853
      vertex -0.0177746 0.00713539 -0.0225431
      vertex -0.0106926 0.00429249 -0.0234853
    endloop
  endfacet
  facet normal -0.176403 0.0504977 -0.983022
    outer loop
      vertex -0.0185165 0.00481987 -0.0225431
      vertex -0.0258217 0.0067215 -0.0211345
      vertex -0.0181818 0.00598907 -0.0225431
    endloop
  endfacet
  facet normal -0.117959 0.0337675 -0.992444
    outer loop
      vertex -0.0109377 0.00360298 -0.0234853
      vertex -0.0185165 0.00481987 -0.0225431
      vertex -0.0181818 0.00598907 -0.0225431
    endloop
  endfacet
  facet normal -0.229691 0.081601 -0.969837
    outer loop
      vertex -0.0253544 0.00835228 -0.0211345
      vertex -0.0317011 0.0127258 -0.0192634
      vertex -0.0247869 0.00994968 -0.0211345
    endloop
  endfacet
  facet normal -0.229767 0.081487 -0.969828
    outer loop
      vertex -0.0253544 0.00835228 -0.0211345
      vertex -0.0324259 0.0106821 -0.0192634
      vertex -0.0317011 0.0127258 -0.0192634
    endloop
  endfacet
  facet normal -0.217544 0.109318 -0.969909
    outer loop
      vertex -0.0241213 0.0115089 -0.0211345
      vertex -0.0308504 0.014719 -0.0192634
      vertex -0.0233612 0.0130215 -0.0211345
    endloop
  endfacet
  facet normal -0.16369 0.082256 -0.983077
    outer loop
      vertex -0.0172977 0.0082531 -0.0225431
      vertex -0.0241213 0.0115089 -0.0211345
      vertex -0.0233612 0.0130215 -0.0211345
    endloop
  endfacet
  facet normal -0.12132 0.0188724 -0.992434
    outer loop
      vertex -0.0114098 0.00146103 -0.0234853
      vertex -0.0189667 0.00242901 -0.0225431
      vertex -0.0112972 0.00218487 -0.0234853
    endloop
  endfacet
  facet normal -0.121317 0.0189555 -0.992433
    outer loop
      vertex -0.0112972 0.00218487 -0.0234853
      vertex -0.0189667 0.00242901 -0.0225431
      vertex -0.0187788 0.00363159 -0.0225431
    endloop
  endfacet
  facet normal -0.183608 0.00567083 -0.982983
    outer loop
      vertex -0.0190802 0.00121689 -0.0225431
      vertex -0.026659 0 -0.0211345
      vertex -0.0266066 0.00169659 -0.0211345
    endloop
  endfacet
  facet normal -0.244009 0.00753635 -0.969744
    outer loop
      vertex -0.026659 0 -0.0211345
      vertex -0.0340281 0.00217056 -0.0192634
      vertex -0.0266066 0.00169659 -0.0211345
    endloop
  endfacet
  facet normal -0.360157 0.0336224 -0.932286
    outer loop
      vertex -0.0413151 0.002635 -0.0169403
      vertex -0.048152 0.00616741 -0.0141717
      vertex -0.04107 0.00526047 -0.0169403
    endloop
  endfacet
  facet normal -0.357334 0.0557443 -0.932312
    outer loop
      vertex -0.04107 0.00526047 -0.0169403
      vertex -0.048152 0.00616741 -0.0141717
      vertex -0.0406637 0.00786495 -0.0169403
    endloop
  endfacet
  facet normal 0.349991 0.391529 -0.851006
    outer loop
      vertex 0.0470228 0.0507708 -0.00331703
      vertex 0.0396538 0.0486002 -0.0073463
      vertex 0.043786 0.0536642 -0.00331703
    endloop
  endfacet
  facet normal 0.374106 0.369006 -0.850811
    outer loop
      vertex 0.0453491 0.0431776 -0.0073463
      vertex 0.0425854 0.0459795 -0.0073463
      vertex 0.0500746 0.047677 -0.00331703
    endloop
  endfacet
  facet normal 0.26721 0.387667 -0.882221
    outer loop
      vertex 0.0326109 0.0455103 -0.0109693
      vertex 0.0297289 0.0474968 -0.0109693
      vertex 0.0365658 0.0510292 -0.0073463
    endloop
  endfacet
  facet normal 0.241959 0.40362 -0.882353
    outer loop
      vertex 0.0297289 0.0474968 -0.0109693
      vertex 0.0267286 0.0492954 -0.0109693
      vertex 0.0333338 0.053256 -0.0073463
    endloop
  endfacet
  facet normal 0.418604 0.0130463 -0.908075
    outer loop
      vertex 0.048439 0.0030899 -0.0141717
      vertex 0.0502996 0.000911312 -0.0133453
      vertex 0.0485353 0 -0.0141717
    endloop
  endfacet
  facet normal 0.418604 0.0130454 -0.908075
    outer loop
      vertex 0.0502996 0.000911312 -0.0133453
      vertex 0.048439 0.0030899 -0.0141717
      vertex 0.0502996 0.0032084 -0.0133123
    endloop
  endfacet
  facet normal 0.360173 0.0335887 -0.932281
    outer loop
      vertex 0.048439 0.0030899 -0.0141717
      vertex 0.0413151 0.002635 -0.0169403
      vertex 0.048152 0.00616741 -0.0141717
    endloop
  endfacet
  facet normal -0.0342514 0.116351 -0.992617
    outer loop
      vertex -0.00355339 0.0110903 -0.0234853
      vertex -0.00475407 0.018775 -0.0225431
      vertex -0.00286007 0.0112944 -0.0234853
    endloop
  endfacet
  facet normal -0.0192361 0.11967 -0.992627
    outer loop
      vertex -0.001441 0.011569 -0.0234853
      vertex -0.003582 0.0190401 -0.0225431
      vertex -0.00239563 0.0192308 -0.0225431
    endloop
  endfacet
  facet normal 0.0921252 0.0801305 -0.992518
    outer loop
      vertex 0.00886154 0.00743294 -0.0234853
      vertex 0.00838375 0.00798225 -0.0234853
      vertex 0.0147305 0.0123558 -0.0225431
    endloop
  endfacet
  facet normal 0.13775 0.119911 -0.983182
    outer loop
      vertex 0.0147305 0.0123558 -0.0225431
      vertex 0.013936 0.0132685 -0.0225431
      vertex 0.019433 0.0185032 -0.0211345
    endloop
  endfacet
  facet normal 0.119867 0.0264593 -0.992437
    outer loop
      vertex 0.0187788 0.00363159 -0.0225431
      vertex 0.0112972 0.00218487 -0.0234853
      vertex 0.0185165 0.00481987 -0.0225431
    endloop
  endfacet
  facet normal 0.0625342 0.104284 -0.99258
    outer loop
      vertex 0.0102434 0.016366 -0.0225431
      vertex 0.00553989 0.0102186 -0.0234853
      vertex 0.00920963 0.0169859 -0.0225431
    endloop
  endfacet
  facet normal 0.0625351 0.104284 -0.99258
    outer loop
      vertex 0.00616169 0.00984573 -0.0234853
      vertex 0.00553989 0.0102186 -0.0234853
      vertex 0.0102434 0.016366 -0.0225431
    endloop
  endfacet
  facet normal 0.058008 0.0206201 -0.998103
    outer loop
      vertex 0.0109377 0.00360298 -0.0234853
      vertex 0.00365067 0.00120258 -0.0239584
      vertex 0.0106926 0.00429249 -0.0234853
    endloop
  endfacet
  facet normal 0.11273 0.0480993 -0.992461
    outer loop
      vertex 0.0177746 0.00713539 -0.0225431
      vertex 0.0106926 0.00429249 -0.0234853
      vertex 0.0172977 0.0082531 -0.0225431
    endloop
  endfacet
  facet normal 0.201924 0.135437 -0.969991
    outer loop
      vertex 0.0287876 0.0185232 -0.0192634
      vertex 0.0215673 0.0158873 -0.0211345
      vertex 0.0275831 0.020319 -0.0192634
    endloop
  endfacet
  facet normal 0.21018 0.122571 -0.969949
    outer loop
      vertex 0.0233612 0.0130215 -0.0211345
      vertex 0.0225086 0.0144835 -0.0211345
      vertex 0.0287876 0.0185232 -0.0192634
    endloop
  endfacet
  facet normal 0.357334 0.0557443 -0.932312
    outer loop
      vertex 0.04107 0.00526047 -0.0169403
      vertex 0.0406637 0.00786495 -0.0169403
      vertex 0.048152 0.00616741 -0.0141717
    endloop
  endfacet
  facet normal 0.24402 0.00749858 -0.969741
    outer loop
      vertex 0.0340948 0 -0.0192634
      vertex 0.026659 0 -0.0211345
      vertex 0.0340281 0.00217056 -0.0192634
    endloop
  endfacet
  facet normal 0.285447 0.101368 -0.953019
    outer loop
      vertex 0.0393705 0.01297 -0.0169403
      vertex 0.0317011 0.0127258 -0.0192634
      vertex 0.0384893 0.0154514 -0.0169403
    endloop
  endfacet
  facet normal 0.229691 0.081601 -0.969837
    outer loop
      vertex 0.0253544 0.00835228 -0.0211345
      vertex 0.0247869 0.00994968 -0.0211345
      vertex 0.0317011 0.0127258 -0.0192634
    endloop
  endfacet
  facet normal 0.416965 0.0388851 -0.90809
    outer loop
      vertex 0.0502996 0.0032084 -0.0133123
      vertex 0.048439 0.0030899 -0.0141717
      vertex 0.0502996 0.00420558 -0.0132696
    endloop
  endfacet
  facet normal 0.244009 0.00753635 -0.969744
    outer loop
      vertex 0.026659 0 -0.0211345
      vertex 0.0266066 0.00169659 -0.0211345
      vertex 0.0340281 0.00217056 -0.0192634
    endloop
  endfacet
  facet normal 0.182878 0.0171321 -0.982986
    outer loop
      vertex 0.0266066 0.00169659 -0.0211345
      vertex 0.0190802 0.00121689 -0.0225431
      vertex 0.0264482 0.00338745 -0.0211345
    endloop
  endfacet
  facet normal 0.238268 0.0525285 -0.969778
    outer loop
      vertex 0.0261869 0.00506496 -0.0211345
      vertex 0.0258217 0.0067215 -0.0211345
      vertex 0.0334911 0.00647736 -0.0192634
    endloop
  endfacet
  facet normal 0.182881 0.0171245 -0.982986
    outer loop
      vertex 0.0190802 0.00121689 -0.0225431
      vertex 0.0189667 0.00242901 -0.0225431
      vertex 0.0264482 0.00338745 -0.0211345
    endloop
  endfacet
  facet normal 0.227678 0.197934 -0.953407
    outer loop
      vertex 0.0318966 0.0267544 -0.0169403
      vertex 0.0262709 0.0220356 -0.0192634
      vertex 0.0301771 0.0287323 -0.0169403
    endloop
  endfacet
  facet normal 0.152035 0.101689 -0.98313
    outer loop
      vertex 0.0161409 0.0103855 -0.0225431
      vertex 0.0154667 0.0113935 -0.0225431
      vertex 0.0225086 0.0144835 -0.0211345
    endloop
  endfacet
  facet normal 0.402229 0.115257 -0.908255
    outer loop
      vertex 0.0461597 0.0152063 -0.0141717
      vertex 0.0502996 0.015178 -0.0123419
      vertex 0.0470104 0.0122375 -0.0141717
    endloop
  endfacet
  facet normal 0.402227 0.115308 -0.90825
    outer loop
      vertex 0.0502996 0.015178 -0.0123419
      vertex 0.0461597 0.0152063 -0.0141717
      vertex 0.0502996 0.0165706 -0.0121651
    endloop
  endfacet
  facet normal 0.291285 0.0834971 -0.952985
    outer loop
      vertex 0.0400963 0.010438 -0.0169403
      vertex 0.0330238 0.00859642 -0.0192634
      vertex 0.0393705 0.01297 -0.0169403
    endloop
  endfacet
  facet normal 0.239854 0.183349 -0.953338
    outer loop
      vertex 0.0275831 0.020319 -0.0192634
      vertex 0.0262709 0.0220356 -0.0192634
      vertex 0.0334902 0.0246706 -0.0169403
    endloop
  endfacet
  facet normal 0.193018 0.147546 -0.970038
    outer loop
      vertex 0.0275831 0.020319 -0.0192634
      vertex 0.0215673 0.0158873 -0.0211345
      vertex 0.0262709 0.0220356 -0.0192634
    endloop
  endfacet
  facet normal 0.0567645 0.35299 -0.933904
    outer loop
      vertex 0.00775623 0.0412292 -0.0169403
      vertex 0.00518799 0.0416422 -0.0169403
      vertex 0.00909424 0.0483389 -0.0141717
    endloop
  endfacet
  facet normal 0.0847135 0.287612 -0.953993
    outer loop
      vertex 0.0105352 0.0328779 -0.0192634
      vertex 0.00847912 0.0334835 -0.0192634
      vertex 0.0127916 0.0399189 -0.0169403
    endloop
  endfacet
  facet normal 0.213538 0.356168 -0.909696
    outer loop
      vertex 0.0260057 0.0415497 -0.0141717
      vertex 0.0233812 0.0431232 -0.0141717
      vertex 0.0297289 0.0474968 -0.0109693
    endloop
  endfacet
  facet normal 0.235728 0.34221 -0.909574
    outer loop
      vertex 0.0285282 0.0398121 -0.0141717
      vertex 0.0260057 0.0415497 -0.0141717
      vertex 0.0297289 0.0474968 -0.0109693
    endloop
  endfacet
  facet normal 0.221886 0.282278 -0.93332
    outer loop
      vertex 0.0263872 0.032341 -0.0169403
      vertex 0.024332 0.0339565 -0.0169403
      vertex 0.0285282 0.0398121 -0.0141717
    endloop
  endfacet
  facet normal 0.186001 0.236626 -0.953631
    outer loop
      vertex 0.0263872 0.032341 -0.0169403
      vertex 0.0200405 0.0279675 -0.0192634
      vertex 0.024332 0.0339565 -0.0169403
    endloop
  endfacet
  facet normal 0.124339 0.207382 -0.970326
    outer loop
      vertex 0.0182686 0.0291882 -0.0192634
      vertex 0.0128431 0.0236864 -0.0211345
      vertex 0.0164251 0.0302935 -0.0192634
    endloop
  endfacet
  facet normal 0.120557 0.274857 -0.953897
    outer loop
      vertex 0.0145168 0.0312796 -0.0192634
      vertex 0.0125513 0.0321417 -0.0192634
      vertex 0.0152388 0.0390253 -0.0169403
    endloop
  endfacet
  facet normal 0.142123 0.389453 -0.910015
    outer loop
      vertex 0.0178671 0.0457544 -0.0141717
      vertex 0.0149975 0.0468016 -0.0141717
      vertex 0.0171442 0.0535011 -0.0109693
    endloop
  endfacet
  facet normal 0.122715 0.33627 -0.933736
    outer loop
      vertex 0.0178671 0.0457544 -0.0141717
      vertex 0.0127916 0.0399189 -0.0169403
      vertex 0.0149975 0.0468016 -0.0141717
    endloop
  endfacet
  facet normal 0.0969993 0.221148 -0.970404
    outer loop
      vertex 0.0145168 0.0312796 -0.0192634
      vertex 0.00981331 0.0251322 -0.0211345
      vertex 0.0125513 0.0321417 -0.0192634
    endloop
  endfacet
  facet normal 0.10289 0.281772 -0.953949
    outer loop
      vertex 0.0152388 0.0390253 -0.0169403
      vertex 0.0105352 0.0328779 -0.0192634
      vertex 0.0127916 0.0399189 -0.0169403
    endloop
  endfacet
  facet normal 0.103264 0.149899 -0.983294
    outer loop
      vertex 0.0156698 0.0218678 -0.0211345
      vertex 0.0102434 0.016366 -0.0225431
      vertex 0.0142841 0.0228224 -0.0211345
    endloop
  endfacet
  facet normal 0.0935397 0.155991 -0.98332
    outer loop
      vertex 0.0102434 0.016366 -0.0225431
      vertex 0.00920963 0.0169859 -0.0225431
      vertex 0.0142841 0.0228224 -0.0211345
    endloop
  endfacet
  facet normal 0.0621737 0.17054 -0.983387
    outer loop
      vertex 0.00703716 0.0180225 -0.0225431
      vertex 0.00590706 0.0184345 -0.0225431
      vertex 0.00823784 0.0257072 -0.0211345
    endloop
  endfacet
  facet normal 0.0834613 0.161463 -0.983343
    outer loop
      vertex 0.00920963 0.0169859 -0.0225431
      vertex 0.00813961 0.017539 -0.0225431
      vertex 0.0128431 0.0236864 -0.0211345
    endloop
  endfacet
  facet normal 0.0209374 0.057199 -0.998143
    outer loop
      vertex 0.00423336 0.0108414 -0.0234853
      vertex 0.00141239 0.00361824 -0.0239584
      vertex 0.00355339 0.0110903 -0.0234853
    endloop
  endfacet
  facet normal 0.00578466 0.0605468 -0.998149
    outer loop
      vertex 0.001441 0.011569 -0.0234853
      vertex 0.000480652 0.00386143 -0.0239584
      vertex 0.000721931 0.0116377 -0.0234853
    endloop
  endfacet
  facet normal 0.00971553 0.060057 -0.998148
    outer loop
      vertex 0.00215435 0.0114536 -0.0234853
      vertex 0.000480652 0.00386143 -0.0239584
      vertex 0.001441 0.011569 -0.0234853
    endloop
  endfacet
  facet normal 0.0245286 0.0557926 -0.998141
    outer loop
      vertex 0.00163364 0.00352097 -0.0239584
      vertex 0.00141239 0.00361824 -0.0239584
      vertex 0.00489616 0.0105505 -0.0234853
    endloop
  endfacet
  facet normal -0.0510045 0.0341653 -0.998114
    outer loop
      vertex -0.00971031 0.00624752 -0.0234853
      vertex -0.00310516 0.00228691 -0.0239584
      vertex -0.00324059 0.00208473 -0.0239584
    endloop
  endfacet
  facet normal -0.0510056 0.0341635 -0.998114
    outer loop
      vertex -0.00310516 0.00228691 -0.0239584
      vertex -0.00971031 0.00624752 -0.0234853
      vertex -0.00930405 0.00685406 -0.0234853
    endloop
  endfacet
  facet normal -0.0557951 0.10794 -0.99259
    outer loop
      vertex -0.00553989 0.0102186 -0.0234853
      vertex -0.00920963 0.0169859 -0.0225431
      vertex -0.00813961 0.017539 -0.0225431
    endloop
  endfacet
  facet normal -0.0313887 0.0523439 -0.998136
    outer loop
      vertex -0.00184917 0.00341034 -0.0239584
      vertex -0.00616169 0.00984573 -0.0234853
      vertex -0.00553989 0.0102186 -0.0234853
    endloop
  endfacet
  facet normal 0.0407891 0.0456066 -0.998126
    outer loop
      vertex 0.00787258 0.0085001 -0.0234853
      vertex 0.00262737 0.00283718 -0.0239584
      vertex 0.00733089 0.00898457 -0.0234853
    endloop
  endfacet
  facet normal -0.0970549 0.0742511 -0.992505
    outer loop
      vertex -0.00886154 0.00743294 -0.0234853
      vertex -0.0154667 0.0113935 -0.0225431
      vertex -0.0147305 0.0123558 -0.0225431
    endloop
  endfacet
  facet normal -0.14518 0.111069 -0.983151
    outer loop
      vertex -0.0154667 0.0113935 -0.0225431
      vertex -0.0205412 0.0172291 -0.0211345
      vertex -0.0147305 0.0123558 -0.0225431
    endloop
  endfacet
  facet normal -0.105733 0.0616701 -0.99248
    outer loop
      vertex -0.00971031 0.00624752 -0.0234853
      vertex -0.0167522 0.00933743 -0.0225431
      vertex -0.0161409 0.0103855 -0.0225431
    endloop
  endfacet
  facet normal -0.15812 0.0922254 -0.983104
    outer loop
      vertex -0.0167522 0.00933743 -0.0225431
      vertex -0.0225086 0.0144835 -0.0211345
      vertex -0.0161409 0.0103855 -0.0225431
    endloop
  endfacet
  facet normal 0.00192816 0.0607858 -0.998149
    outer loop
      vertex 0.000721931 0.0116377 -0.0234853
      vertex 0 0.00389194 -0.0239584
      vertex 0 0.0116606 -0.0234853
    endloop
  endfacet
  facet normal -0.0134553 0.0593431 -0.998147
    outer loop
      vertex -0.000954628 0.00376892 -0.0239584
      vertex -0.00286007 0.0112944 -0.0234853
      vertex -0.00071907 0.00382233 -0.0239584
    endloop
  endfacet
  facet normal 0.00384146 0.121104 -0.992632
    outer loop
      vertex 0.000721931 0.0116377 -0.0234853
      vertex 0 0.0116606 -0.0234853
      vertex 0 0.0193834 -0.0225431
    endloop
  endfacet
  facet normal -0.322444 0.161997 -0.932624
    outer loop
      vertex -0.0374565 0.0178709 -0.0169403
      vertex -0.042532 0.0237074 -0.0141717
      vertex -0.0362759 0.0202208 -0.0169403
    endloop
  endfacet
  facet normal -0.311481 0.181738 -0.932712
    outer loop
      vertex -0.0362759 0.0202208 -0.0169403
      vertex -0.042532 0.0237074 -0.0141717
      vertex -0.0349522 0.0224895 -0.0169403
    endloop
  endfacet
  facet normal -0.346661 0.232363 -0.908754
    outer loop
      vertex -0.0409794 0.0263681 -0.0141717
      vertex -0.0448856 0.0330648 -0.0109693
      vertex -0.0392656 0.0289249 -0.0141717
    endloop
  endfacet
  facet normal -0.299358 0.200657 -0.932803
    outer loop
      vertex -0.0349522 0.0224895 -0.0169403
      vertex -0.0409794 0.0263681 -0.0141717
      vertex -0.0392656 0.0289249 -0.0141717
    endloop
  endfacet
  facet normal -0.33124 0.253398 -0.908884
    outer loop
      vertex -0.0448856 0.0330648 -0.0109693
      vertex -0.0373964 0.0313683 -0.0141717
      vertex -0.0392656 0.0289249 -0.0141717
    endloop
  endfacet
  facet normal -0.331239 0.2534 -0.908884
    outer loop
      vertex -0.0373964 0.0313683 -0.0141717
      vertex -0.0448856 0.0330648 -0.0109693
      vertex -0.0427494 0.0358572 -0.0109693
    endloop
  endfacet
  facet normal -0.201924 0.135437 -0.969991
    outer loop
      vertex -0.0215673 0.0158873 -0.0211345
      vertex -0.0287876 0.0185232 -0.0192634
      vertex -0.0275831 0.020319 -0.0192634
    endloop
  endfacet
  facet normal -0.250987 0.168238 -0.953258
    outer loop
      vertex -0.0287876 0.0185232 -0.0192634
      vertex -0.0349522 0.0224895 -0.0169403
      vertex -0.0334902 0.0246706 -0.0169403
    endloop
  endfacet
  facet normal -0.214569 0.211715 -0.953487
    outer loop
      vertex -0.0233393 0.0251999 -0.0192634
      vertex -0.0301771 0.0287323 -0.0169403
      vertex -0.0283375 0.0305967 -0.0169403
    endloop
  endfacet
  facet normal -0.255978 0.252573 -0.933103
    outer loop
      vertex -0.0301771 0.0287323 -0.0169403
      vertex -0.0332241 0.0358725 -0.0141717
      vertex -0.0283375 0.0305967 -0.0169403
    endloop
  endfacet
  facet normal -0.250914 0.168296 -0.953267
    outer loop
      vertex -0.0287876 0.0185232 -0.0192634
      vertex -0.0334902 0.0246706 -0.0169403
      vertex -0.0275831 0.020319 -0.0192634
    endloop
  endfacet
  facet normal -0.239854 0.183349 -0.953338
    outer loop
      vertex -0.0275831 0.020319 -0.0192634
      vertex -0.0334902 0.0246706 -0.0169403
      vertex -0.0262709 0.0220356 -0.0192634
    endloop
  endfacet
  facet normal 0.00575322 0.181161 -0.983437
    outer loop
      vertex 0.00119972 0.0193453 -0.0225431
      vertex 0 0.0193834 -0.0225431
      vertex 0 0.02703 -0.0211345
    endloop
  endfacet
  facet normal 0.022963 0.239914 -0.970522
    outer loop
      vertex 0.00427246 0.034297 -0.0192634
      vertex 0.0016737 0.0269766 -0.0211345
      vertex 0.00214005 0.0345011 -0.0192634
    endloop
  endfacet
  facet normal 0.0381827 0.238004 -0.970513
    outer loop
      vertex 0.00499535 0.0265512 -0.0211345
      vertex 0.00427246 0.034297 -0.0192634
      vertex 0.00638866 0.0339575 -0.0192634
    endloop
  endfacet
  facet normal 0.0533193 0.235152 -0.970495
    outer loop
      vertex 0.00847912 0.0334835 -0.0192634
      vertex 0.00499535 0.0265512 -0.0211345
      vertex 0.00638866 0.0339575 -0.0192634
    endloop
  endfacet
  facet normal -0.384505 0.164115 -0.908418
    outer loop
      vertex -0.0502996 0.020749 -0.0115064
      vertex -0.0451269 0.018115 -0.0141717
      vertex -0.0502996 0.0201916 -0.0116071
    endloop
  endfacet
  facet normal -0.384492 0.16414 -0.908418
    outer loop
      vertex -0.0451269 0.018115 -0.0141717
      vertex -0.0502996 0.020749 -0.0115064
      vertex -0.0439157 0.0209522 -0.0141717
    endloop
  endfacet
  facet normal -0.00192733 0.0607859 -0.998149
    outer loop
      vertex -0.000240326 0.00388432 -0.0239584
      vertex -0.000721931 0.0116377 -0.0234853
      vertex 0 0.00389194 -0.0239584
    endloop
  endfacet
  facet normal -0.122746 0.0038428 -0.992431
    outer loop
      vertex -0.0115004 0 -0.0234853
      vertex -0.0190802 0.00121689 -0.0225431
      vertex -0.0114775 0.000731468 -0.0234853
    endloop
  endfacet
  facet normal -0.122267 0.0113459 -0.992432
    outer loop
      vertex -0.0114775 0.000731468 -0.0234853
      vertex -0.0190802 0.00121689 -0.0225431
      vertex -0.0114098 0.00146103 -0.0234853
    endloop
  endfacet
  facet normal 0.0315382 0.0522438 -0.998136
    outer loop
      vertex 0.00205612 0.00328541 -0.0239584
      vertex 0.00184917 0.00341034 -0.0239584
      vertex 0.00616169 0.00984573 -0.0234853
    endloop
  endfacet
  facet normal 0.374101 0.369022 -0.850806
    outer loop
      vertex 0.0500746 0.047677 -0.00331703
      vertex 0.0425854 0.0459795 -0.0073463
      vertex 0.0470228 0.0507708 -0.00331703
    endloop
  endfacet
  facet normal 0.269518 0.449559 -0.85162
    outer loop
      vertex 0.0333338 0.053256 -0.0073463
      vertex 0.0319275 0.0540991 -0.0073463
      vertex 0.0333076 0.0540991 -0.00690953
    endloop
  endfacet
  facet normal 0.436005 0.379062 -0.816218
    outer loop
      vertex 0.0502996 0.0474182 -0.00331703
      vertex 0.0500746 0.047677 -0.00331703
      vertex 0.0502996 0.0478914 -0.00309727
    endloop
  endfacet
  facet normal 0.418601 0.0130535 -0.908076
    outer loop
      vertex 0.0502996 0 -0.0133584
      vertex 0.0485353 0 -0.0141717
      vertex 0.0502996 0.000911312 -0.0133453
    endloop
  endfacet
  facet normal 0.413693 0.0645739 -0.908124
    outer loop
      vertex 0.048152 0.00616741 -0.0141717
      vertex 0.0502996 0.00844802 -0.0130312
      vertex 0.0502996 0.00644259 -0.0131738
    endloop
  endfacet
  facet normal 0.413667 0.0646035 -0.908133
    outer loop
      vertex 0.0502996 0.00844802 -0.0130312
      vertex 0.048152 0.00616741 -0.0141717
      vertex 0.0476751 0.00922108 -0.0141717
    endloop
  endfacet
  facet normal -0.0343557 0.116334 -0.992616
    outer loop
      vertex -0.00355339 0.0110903 -0.0234853
      vertex -0.00590706 0.0184345 -0.0225431
      vertex -0.00475407 0.018775 -0.0225431
    endloop
  endfacet
  facet normal -0.0171915 0.0583988 -0.998145
    outer loop
      vertex -0.00118542 0.00370121 -0.0239584
      vertex -0.00355339 0.0110903 -0.0234853
      vertex -0.00286007 0.0112944 -0.0234853
    endloop
  endfacet
  facet normal 0.0278473 0.0542522 -0.998139
    outer loop
      vertex 0.00184917 0.00341034 -0.0239584
      vertex 0.00163364 0.00352097 -0.0239584
      vertex 0.00489616 0.0105505 -0.0234853
    endloop
  endfacet
  facet normal 0.0868254 0.0857054 -0.99253
    outer loop
      vertex 0.00838375 0.00798225 -0.0234853
      vertex 0.00787258 0.0085001 -0.0234853
      vertex 0.0130863 0.0141296 -0.0225431
    endloop
  endfacet
  facet normal 0.0920976 0.0801704 -0.992517
    outer loop
      vertex 0.0147305 0.0123558 -0.0225431
      vertex 0.00838375 0.00798225 -0.0234853
      vertex 0.013936 0.0132685 -0.0225431
    endloop
  endfacet
  facet normal 0.158128 0.0922161 -0.983103
    outer loop
      vertex 0.0233612 0.0130215 -0.0211345
      vertex 0.0167522 0.00933743 -0.0225431
      vertex 0.0225086 0.0144835 -0.0211345
    endloop
  endfacet
  facet normal 0.101609 0.0680579 -0.992494
    outer loop
      vertex 0.00971031 0.00624752 -0.0234853
      vertex 0.00930405 0.00685406 -0.0234853
      vertex 0.0154667 0.0113935 -0.0225431
    endloop
  endfacet
  facet normal 0.081256 0.090853 -0.992544
    outer loop
      vertex 0.00787258 0.0085001 -0.0234853
      vertex 0.00733089 0.00898457 -0.0234853
      vertex 0.0121861 0.0149355 -0.0225431
    endloop
  endfacet
  facet normal 0.055675 0.107983 -0.992593
    outer loop
      vertex 0.00553989 0.0102186 -0.0234853
      vertex 0.00489616 0.0105505 -0.0234853
      vertex 0.00813961 0.017539 -0.0225431
    endloop
  endfacet
  facet normal 0.0557951 0.10794 -0.99259
    outer loop
      vertex 0.00920963 0.0169859 -0.0225431
      vertex 0.00553989 0.0102186 -0.0234853
      vertex 0.00813961 0.017539 -0.0225431
    endloop
  endfacet
  facet normal 0.0549357 0.0276232 -0.998108
    outer loop
      vertex 0.0104055 0.00496483 -0.0234853
      vertex 0.00336361 0.00187492 -0.0239584
      vertex 0.0100775 0.00561714 -0.0234853
    endloop
  endfacet
  facet normal 0.0487318 0.0372518 -0.998117
    outer loop
      vertex 0.00930405 0.00685406 -0.0234853
      vertex 0.00295734 0.00248051 -0.0239584
      vertex 0.00886154 0.00743294 -0.0234853
    endloop
  endfacet
  facet normal 0.0592233 0.0169303 -0.998101
    outer loop
      vertex 0.0111389 0.00289917 -0.0234853
      vertex 0.00365067 0.00120258 -0.0239584
      vertex 0.0109377 0.00360298 -0.0234853
    endloop
  endfacet
  facet normal 0.119832 0.0265565 -0.992439
    outer loop
      vertex 0.0112972 0.00218487 -0.0234853
      vertex 0.0111389 0.00289917 -0.0234853
      vertex 0.0185165 0.00481987 -0.0225431
    endloop
  endfacet
  facet normal 0.112712 0.0481298 -0.992461
    outer loop
      vertex 0.0106926 0.00429249 -0.0234853
      vertex 0.0104055 0.00496483 -0.0234853
      vertex 0.0172977 0.0082531 -0.0225431
    endloop
  endfacet
  facet normal 0.115549 0.0410742 -0.992452
    outer loop
      vertex 0.0109377 0.00360298 -0.0234853
      vertex 0.0106926 0.00429249 -0.0234853
      vertex 0.0177746 0.00713539 -0.0225431
    endloop
  endfacet
  facet normal -0.0616299 0.00192608 -0.998097
    outer loop
      vertex -0.00383854 0 -0.0239584
      vertex -0.0115004 0 -0.0234853
      vertex -0.00383091 0.000244141 -0.0239584
    endloop
  endfacet
  facet normal 0.122267 0.0113459 -0.992432
    outer loop
      vertex 0.0114775 0.000731468 -0.0234853
      vertex 0.0114098 0.00146103 -0.0234853
      vertex 0.0190802 0.00121689 -0.0225431
    endloop
  endfacet
  facet normal 0.122746 0.0038428 -0.992431
    outer loop
      vertex 0.0115004 0 -0.0234853
      vertex 0.0114775 0.000731468 -0.0234853
      vertex 0.0190802 0.00121689 -0.0225431
    endloop
  endfacet
  facet normal 0.347426 0.0995898 -0.932404
    outer loop
      vertex 0.0400963 0.010438 -0.0169403
      vertex 0.0393705 0.01297 -0.0169403
      vertex 0.0461597 0.0152063 -0.0141717
    endloop
  endfacet
  facet normal 0.285454 0.101237 -0.95303
    outer loop
      vertex 0.0324259 0.0106821 -0.0192634
      vertex 0.0317011 0.0127258 -0.0192634
      vertex 0.0393705 0.01297 -0.0169403
    endloop
  endfacet
  facet normal 0.30318 0.00943481 -0.952887
    outer loop
      vertex 0.0413971 0 -0.0169403
      vertex 0.0340281 0.00217056 -0.0192634
      vertex 0.0413151 0.002635 -0.0169403
    endloop
  endfacet
  facet normal 0.357346 0.0558076 -0.932303
    outer loop
      vertex 0.048152 0.00616741 -0.0141717
      vertex 0.0406637 0.00786495 -0.0169403
      vertex 0.0476751 0.00922108 -0.0141717
    endloop
  endfacet
  facet normal 0.353105 0.0778105 -0.932342
    outer loop
      vertex 0.0476751 0.00922108 -0.0141717
      vertex 0.0406637 0.00786495 -0.0169403
      vertex 0.0470104 0.0122375 -0.0141717
    endloop
  endfacet
  facet normal 0.234463 0.0671854 -0.969801
    outer loop
      vertex 0.0258217 0.0067215 -0.0211345
      vertex 0.0253544 0.00835228 -0.0211345
      vertex 0.0330238 0.00859642 -0.0192634
    endloop
  endfacet
  facet normal 0.176398 0.0505467 -0.98302
    outer loop
      vertex 0.0258217 0.0067215 -0.0211345
      vertex 0.0181818 0.00598907 -0.0225431
      vertex 0.0253544 0.00835228 -0.0211345
    endloop
  endfacet
  facet normal 0.227575 0.197998 -0.953418
    outer loop
      vertex 0.0262709 0.0220356 -0.0192634
      vertex 0.0248537 0.0236645 -0.0192634
      vertex 0.0301771 0.0287323 -0.0169403
    endloop
  endfacet
  facet normal 0.183139 0.159338 -0.970088
    outer loop
      vertex 0.0262709 0.0220356 -0.0192634
      vertex 0.019433 0.0185032 -0.0211345
      vertex 0.0248537 0.0236645 -0.0192634
    endloop
  endfacet
  facet normal 0.0340702 0.355851 -0.933921
    outer loop
      vertex 0.00518799 0.0416422 -0.0169403
      vertex 0.00259876 0.0418901 -0.0169403
      vertex 0.00304699 0.0491133 -0.0141717
    endloop
  endfacet
  facet normal 0.0285498 0.298192 -0.954079
    outer loop
      vertex 0.00427246 0.034297 -0.0192634
      vertex 0.00259876 0.0418901 -0.0169403
      vertex 0.00518799 0.0416422 -0.0169403
    endloop
  endfacet
  facet normal 0.0662119 0.292331 -0.954022
    outer loop
      vertex 0.0102949 0.0406542 -0.0169403
      vertex 0.00638866 0.0339575 -0.0192634
      vertex 0.00775623 0.0412292 -0.0169403
    endloop
  endfacet
  facet normal 0.0475749 0.295845 -0.954051
    outer loop
      vertex 0.00638866 0.0339575 -0.0192634
      vertex 0.00518799 0.0416422 -0.0169403
      vertex 0.00775623 0.0412292 -0.0169403
    endloop
  endfacet
  facet normal 0.170663 0.247645 -0.953701
    outer loop
      vertex 0.024332 0.0339565 -0.0169403
      vertex 0.0200405 0.0279675 -0.0192634
      vertex 0.0221815 0.0354385 -0.0169403
    endloop
  endfacet
  facet normal 0.203595 0.295433 -0.933418
    outer loop
      vertex 0.024332 0.0339565 -0.0169403
      vertex 0.0221815 0.0354385 -0.0169403
      vertex 0.0285282 0.0398121 -0.0141717
    endloop
  endfacet
  facet normal 0.12057 0.274855 -0.953896
    outer loop
      vertex 0.0176258 0.0379782 -0.0169403
      vertex 0.0145168 0.0312796 -0.0192634
      vertex 0.0152388 0.0390253 -0.0169403
    endloop
  endfacet
  facet normal 0.137814 0.266832 -0.953839
    outer loop
      vertex 0.0199432 0.0367813 -0.0169403
      vertex 0.0145168 0.0312796 -0.0192634
      vertex 0.0176258 0.0379782 -0.0169403
    endloop
  endfacet
  facet normal 0.0690464 0.100207 -0.992568
    outer loop
      vertex 0.0112371 0.0156813 -0.0225431
      vertex 0.00675964 0.00943375 -0.0234853
      vertex 0.0102434 0.016366 -0.0225431
    endloop
  endfacet
  facet normal 0.103278 0.149886 -0.983294
    outer loop
      vertex 0.0112371 0.0156813 -0.0225431
      vertex 0.0102434 0.016366 -0.0225431
      vertex 0.0156698 0.0218678 -0.0211345
    endloop
  endfacet
  facet normal 0.13728 0.199268 -0.970282
    outer loop
      vertex 0.0200405 0.0279675 -0.0192634
      vertex 0.0142841 0.0228224 -0.0211345
      vertex 0.0182686 0.0291882 -0.0192634
    endloop
  endfacet
  facet normal 0.137277 0.199272 -0.970281
    outer loop
      vertex 0.0156698 0.0218678 -0.0211345
      vertex 0.0142841 0.0228224 -0.0211345
      vertex 0.0200405 0.0279675 -0.0192634
    endloop
  endfacet
  facet normal 0.0730501 0.16632 -0.983362
    outer loop
      vertex 0.0113506 0.024457 -0.0211345
      vertex 0.00813961 0.017539 -0.0225431
      vertex 0.00981331 0.0251322 -0.0211345
    endloop
  endfacet
  facet normal 0.097099 0.221074 -0.970411
    outer loop
      vertex 0.0113506 0.024457 -0.0211345
      vertex 0.00981331 0.0251322 -0.0211345
      vertex 0.0145168 0.0312796 -0.0192634
    endloop
  endfacet
  facet normal 0.0622382 0.170529 -0.983385
    outer loop
      vertex 0.00981331 0.0251322 -0.0211345
      vertex 0.00703716 0.0180225 -0.0225431
      vertex 0.00823784 0.0257072 -0.0211345
    endloop
  endfacet
  facet normal 0.0729524 0.166342 -0.983366
    outer loop
      vertex 0.00813961 0.017539 -0.0225431
      vertex 0.00703716 0.0180225 -0.0225431
      vertex 0.00981331 0.0251322 -0.0211345
    endloop
  endfacet
  facet normal 0.020912 0.0572063 -0.998143
    outer loop
      vertex 0.00141239 0.00361824 -0.0239584
      vertex 0.00118542 0.00370121 -0.0239584
      vertex 0.00355339 0.0110903 -0.0234853
    endloop
  endfacet
  facet normal -0.00575322 0.181161 -0.983437
    outer loop
      vertex 0 0.0193834 -0.0225431
      vertex -0.00119972 0.0193453 -0.0225431
      vertex 0 0.02703 -0.0211345
    endloop
  endfacet
  facet normal 0.0381462 0.238001 -0.970516
    outer loop
      vertex 0.00499535 0.0265512 -0.0211345
      vertex 0.00334072 0.0268164 -0.0211345
      vertex 0.00427246 0.034297 -0.0192634
    endloop
  endfacet
  facet normal 0.0115493 0.120628 -0.992631
    outer loop
      vertex 0.001441 0.011569 -0.0234853
      vertex 0.00119972 0.0193453 -0.0225431
      vertex 0.00239563 0.0192308 -0.0225431
    endloop
  endfacet
  facet normal 0.0172769 0.180451 -0.983432
    outer loop
      vertex 0.00239563 0.0192308 -0.0225431
      vertex 0.00119972 0.0193453 -0.0225431
      vertex 0.0016737 0.0269766 -0.0211345
    endloop
  endfacet
  facet normal -0.00576687 0.0605474 -0.998149
    outer loop
      vertex -0.000480652 0.00386143 -0.0239584
      vertex -0.000721931 0.0116377 -0.0234853
      vertex -0.000240326 0.00388432 -0.0239584
    endloop
  endfacet
  facet normal 0.0529942 0.0310726 -0.998111
    outer loop
      vertex 0.00336361 0.00187492 -0.0239584
      vertex 0.00324059 0.00208473 -0.0239584
      vertex 0.00971031 0.00624752 -0.0234853
    endloop
  endfacet
  facet normal 0.0613771 0.00577712 -0.998098
    outer loop
      vertex 0.00383091 0.000244141 -0.0239584
      vertex 0.00380802 0.000487328 -0.0239584
      vertex 0.0114098 0.00146103 -0.0234853
    endloop
  endfacet
  facet normal 0.0462416 0.0402209 -0.99812
    outer loop
      vertex 0.00279808 0.00266361 -0.0239584
      vertex 0.00886154 0.00743294 -0.0234853
      vertex 0.00295734 0.00248051 -0.0239584
    endloop
  endfacet
  facet normal 0.0462416 0.0402209 -0.99812
    outer loop
      vertex 0.00886154 0.00743294 -0.0234853
      vertex 0.00279808 0.00266361 -0.0239584
      vertex 0.00838375 0.00798225 -0.0234853
    endloop
  endfacet
  facet normal 0.0435818 0.0430196 -0.998123
    outer loop
      vertex 0.00838375 0.00798225 -0.0234853
      vertex 0.00262737 0.00283718 -0.0239584
      vertex 0.00787258 0.0085001 -0.0234853
    endloop
  endfacet
  facet normal -0.0549357 0.0276232 -0.998108
    outer loop
      vertex -0.00336361 0.00187492 -0.0239584
      vertex -0.0104055 0.00496483 -0.0234853
      vertex -0.0100775 0.00561714 -0.0234853
    endloop
  endfacet
  facet normal 0.06163 0.00192945 -0.998097
    outer loop
      vertex 0.0115004 0 -0.0234853
      vertex 0.00383091 0.000244141 -0.0239584
      vertex 0.0114775 0.000731468 -0.0234853
    endloop
  endfacet
  facet normal -0.020912 0.0572063 -0.998143
    outer loop
      vertex -0.00141239 0.00361824 -0.0239584
      vertex -0.00355339 0.0110903 -0.0234853
      vertex -0.00118542 0.00370121 -0.0239584
    endloop
  endfacet
  facet normal -0.11273 0.0480993 -0.992461
    outer loop
      vertex -0.0106926 0.00429249 -0.0234853
      vertex -0.0177746 0.00713539 -0.0225431
      vertex -0.0172977 0.0082531 -0.0225431
    endloop
  endfacet
  facet normal -0.112712 0.0481298 -0.992461
    outer loop
      vertex -0.0106926 0.00429249 -0.0234853
      vertex -0.0172977 0.0082531 -0.0225431
      vertex -0.0104055 0.00496483 -0.0234853
    endloop
  endfacet
  facet normal 0.056612 0.0240912 -0.998106
    outer loop
      vertex 0.00356865 0.00143242 -0.0239584
      vertex 0.00347328 0.00165653 -0.0239584
      vertex 0.0106926 0.00429249 -0.0234853
    endloop
  endfacet
  facet normal -0.0171366 0.0584109 -0.998146
    outer loop
      vertex -0.00118542 0.00370121 -0.0239584
      vertex -0.00286007 0.0112944 -0.0234853
      vertex -0.000954628 0.00376892 -0.0239584
    endloop
  endfacet
  facet normal -0.0868422 0.0856925 -0.99253
    outer loop
      vertex -0.00838375 0.00798225 -0.0234853
      vertex -0.013936 0.0132685 -0.0225431
      vertex -0.0130863 0.0141296 -0.0225431
    endloop
  endfacet
  facet normal -0.152035 0.101689 -0.98313
    outer loop
      vertex -0.0161409 0.0103855 -0.0225431
      vertex -0.0225086 0.0144835 -0.0211345
      vertex -0.0154667 0.0113935 -0.0225431
    endloop
  endfacet
  facet normal -0.101663 0.0679974 -0.992492
    outer loop
      vertex -0.00971031 0.00624752 -0.0234853
      vertex -0.0161409 0.0103855 -0.0225431
      vertex -0.0154667 0.0113935 -0.0225431
    endloop
  endfacet
  facet normal -0.0133911 0.0593615 -0.998147
    outer loop
      vertex -0.00071907 0.00382233 -0.0239584
      vertex -0.00286007 0.0112944 -0.0234853
      vertex -0.00215435 0.0114536 -0.0234853
    endloop
  endfacet
  facet normal -0.00578466 0.0605468 -0.998149
    outer loop
      vertex -0.000480652 0.00386143 -0.0239584
      vertex -0.001441 0.011569 -0.0234853
      vertex -0.000721931 0.0116377 -0.0234853
    endloop
  endfacet
  facet normal 0.0601707 0.013237 -0.9981
    outer loop
      vertex 0.00376987 0.000728607 -0.0239584
      vertex 0.00371742 0.000967026 -0.0239584
      vertex 0.0112972 0.00218487 -0.0234853
    endloop
  endfacet
  facet normal -0.271593 0.236111 -0.933
    outer loop
      vertex -0.0318966 0.0267544 -0.0169403
      vertex -0.0373964 0.0313683 -0.0141717
      vertex -0.0301771 0.0287323 -0.0169403
    endloop
  endfacet
  facet normal -0.286044 0.218824 -0.932896
    outer loop
      vertex -0.0318966 0.0267544 -0.0169403
      vertex -0.0392656 0.0289249 -0.0141717
      vertex -0.0373964 0.0313683 -0.0141717
    endloop
  endfacet
  facet normal -0.00768451 0.240853 -0.970531
    outer loop
      vertex 0 0.02703 -0.0211345
      vertex -0.0016737 0.0269766 -0.0211345
      vertex 0 0.0345697 -0.0192634
    endloop
  endfacet
  facet normal 0.00768451 0.240853 -0.970531
    outer loop
      vertex 0.0016737 0.0269766 -0.0211345
      vertex 0 0.02703 -0.0211345
      vertex 0 0.0345697 -0.0192634
    endloop
  endfacet
  facet normal 0.00959639 0.29937 -0.954089
    outer loop
      vertex 0.00214005 0.0345011 -0.0192634
      vertex 0 0.0345697 -0.0192634
      vertex 0.00259876 0.0418901 -0.0169403
    endloop
  endfacet
  facet normal 0.0285408 0.298191 -0.95408
    outer loop
      vertex 0.00427246 0.034297 -0.0192634
      vertex 0.00214005 0.0345011 -0.0192634
      vertex 0.00259876 0.0418901 -0.0169403
    endloop
  endfacet
  facet normal 0.0662763 0.292295 -0.954029
    outer loop
      vertex 0.00847912 0.0334835 -0.0192634
      vertex 0.00638866 0.0339575 -0.0192634
      vertex 0.0102949 0.0406542 -0.0169403
    endloop
  endfacet
  facet normal 0.0847056 0.287617 -0.953992
    outer loop
      vertex 0.0127916 0.0399189 -0.0169403
      vertex 0.00847912 0.0334835 -0.0192634
      vertex 0.0102949 0.0406542 -0.0169403
    endloop
  endfacet
  facet normal 0.028775 0.179013 -0.983426
    outer loop
      vertex 0.003582 0.0190401 -0.0225431
      vertex 0.00239563 0.0192308 -0.0225431
      vertex 0.00499535 0.0265512 -0.0211345
    endloop
  endfacet
  facet normal 0.0286962 0.17904 -0.983423
    outer loop
      vertex 0.00499535 0.0265512 -0.0211345
      vertex 0.00239563 0.0192308 -0.0225431
      vertex 0.00334072 0.0268164 -0.0211345
    endloop
  endfacet
  facet normal -0.423433 0.21202 -0.880768
    outer loop
      vertex -0.0502014 0.0239515 -0.0109693
      vertex -0.0502996 0.0239984 -0.0109108
      vertex -0.0502996 0.0240981 -0.0108868
    endloop
  endfacet
  facet normal -0.435713 0.186137 -0.880629
    outer loop
      vertex -0.0502014 0.0239515 -0.0109693
      vertex -0.0502996 0.0239421 -0.0109227
      vertex -0.0502996 0.0239984 -0.0109108
    endloop
  endfacet
  facet normal -0.408507 0.238399 -0.881072
    outer loop
      vertex -0.0502996 0.0299813 -0.00941078
      vertex -0.0468445 0.0301418 -0.0109693
      vertex -0.0486193 0.0271006 -0.0109693
    endloop
  endfacet
  facet normal -0.408507 0.238393 -0.881074
    outer loop
      vertex -0.0468445 0.0301418 -0.0109693
      vertex -0.0502996 0.0299813 -0.00941078
      vertex -0.0502996 0.032365 -0.00876582
    endloop
  endfacet
  facet normal -0.360685 0.210491 -0.908625
    outer loop
      vertex -0.0409794 0.0263681 -0.0141717
      vertex -0.0486193 0.0271006 -0.0109693
      vertex -0.0468445 0.0301418 -0.0109693
    endloop
  endfacet
  facet normal -0.394161 0.139903 -0.908331
    outer loop
      vertex -0.0502996 0.0176198 -0.0120035
      vertex -0.0461597 0.0152063 -0.0141717
      vertex -0.0502996 0.0165706 -0.0121651
    endloop
  endfacet
  facet normal -0.394137 0.139947 -0.908334
    outer loop
      vertex -0.0461597 0.0152063 -0.0141717
      vertex -0.0502996 0.0176198 -0.0120035
      vertex -0.0451269 0.018115 -0.0141717
    endloop
  endfacet
  facet normal 0.384553 0.430234 -0.816711
    outer loop
      vertex 0.0457044 0.0540991 -0.00218464
      vertex 0.043786 0.0536642 -0.00331703
      vertex 0.0441408 0.0540991 -0.00292087
    endloop
  endfacet
  facet normal 0.411085 0.405463 -0.816461
    outer loop
      vertex 0.0502996 0.0478914 -0.00309727
      vertex 0.0500746 0.047677 -0.00331703
      vertex 0.0502996 0.0491187 -0.00248778
    endloop
  endfacet
  facet normal 0.411105 0.405457 -0.816454
    outer loop
      vertex 0.0502996 0.0491187 -0.00248778
      vertex 0.050105 0.0540991 -0.000112461
      vertex 0.0502996 0.0540991 -1.44749e-05
    endloop
  endfacet
  facet normal 0.411054 0.405474 -0.816471
    outer loop
      vertex 0.0470228 0.0507708 -0.00331703
      vertex 0.0502996 0.0491187 -0.00248778
      vertex 0.0500746 0.047677 -0.00331703
    endloop
  endfacet
  facet normal 0.411052 0.405466 -0.816477
    outer loop
      vertex 0.0502996 0.0491187 -0.00248778
      vertex 0.0470228 0.0507708 -0.00331703
      vertex 0.050105 0.0540991 -0.000112461
    endloop
  endfacet
  facet normal 0.269625 0.449548 -0.851592
    outer loop
      vertex 0.0333338 0.053256 -0.0073463
      vertex 0.0333076 0.0540991 -0.00690953
      vertex 0.0338614 0.0540991 -0.00673419
    endloop
  endfacet
  facet normal -0.0487664 0.111194 -0.992601
    outer loop
      vertex -0.00423336 0.0108414 -0.0234853
      vertex -0.00813961 0.017539 -0.0225431
      vertex -0.00703716 0.0180225 -0.0225431
    endloop
  endfacet
  facet normal -0.041711 0.11395 -0.99261
    outer loop
      vertex -0.00423336 0.0108414 -0.0234853
      vertex -0.00703716 0.0180225 -0.0225431
      vertex -0.00355339 0.0110903 -0.0234853
    endloop
  endfacet
  facet normal -0.0267463 0.118252 -0.992623
    outer loop
      vertex -0.00286007 0.0112944 -0.0234853
      vertex -0.00475407 0.018775 -0.0225431
      vertex -0.003582 0.0190401 -0.0225431
    endloop
  endfacet
  facet normal -0.00984455 0.0600286 -0.998148
    outer loop
      vertex -0.00071907 0.00382233 -0.0239584
      vertex -0.00215435 0.0114536 -0.0234853
      vertex -0.000480652 0.00386143 -0.0239584
    endloop
  endfacet
  facet normal 0.00576687 0.0605474 -0.998149
    outer loop
      vertex 0.000480652 0.00386143 -0.0239584
      vertex 0.000240326 0.00388432 -0.0239584
      vertex 0.000721931 0.0116377 -0.0234853
    endloop
  endfacet
  facet normal 0.00192733 0.0607859 -0.998149
    outer loop
      vertex 0.000240326 0.00388432 -0.0239584
      vertex 0 0.00389194 -0.0239584
      vertex 0.000721931 0.0116377 -0.0234853
    endloop
  endfacet
  facet normal 0.109425 0.055022 -0.992471
    outer loop
      vertex 0.0104055 0.00496483 -0.0234853
      vertex 0.0100775 0.00561714 -0.0234853
      vertex 0.0172977 0.0082531 -0.0225431
    endloop
  endfacet
  facet normal 0.14518 0.111069 -0.983151
    outer loop
      vertex 0.0154667 0.0113935 -0.0225431
      vertex 0.0147305 0.0123558 -0.0225431
      vertex 0.0205412 0.0172291 -0.0211345
    endloop
  endfacet
  facet normal 0.0970549 0.0742511 -0.992505
    outer loop
      vertex 0.0154667 0.0113935 -0.0225431
      vertex 0.00886154 0.00743294 -0.0234853
      vertex 0.0147305 0.0123558 -0.0225431
    endloop
  endfacet
  facet normal 0.163638 0.0823224 -0.98308
    outer loop
      vertex 0.0172977 0.0082531 -0.0225431
      vertex 0.0167522 0.00933743 -0.0225431
      vertex 0.0233612 0.0130215 -0.0211345
    endloop
  endfacet
  facet normal 0.151947 0.101886 -0.983123
    outer loop
      vertex 0.0225086 0.0144835 -0.0211345
      vertex 0.0154667 0.0113935 -0.0225431
      vertex 0.0215673 0.0158873 -0.0211345
    endloop
  endfacet
  facet normal 0.109417 0.0550448 -0.992471
    outer loop
      vertex 0.0172977 0.0082531 -0.0225431
      vertex 0.0100775 0.00561714 -0.0234853
      vertex 0.0167522 0.00933743 -0.0225431
    endloop
  endfacet
  facet normal 0.15812 0.0922254 -0.983104
    outer loop
      vertex 0.0167522 0.00933743 -0.0225431
      vertex 0.0161409 0.0103855 -0.0225431
      vertex 0.0225086 0.0144835 -0.0211345
    endloop
  endfacet
  facet normal 0.0752764 0.0957336 -0.992557
    outer loop
      vertex 0.00733089 0.00898457 -0.0234853
      vertex 0.00675964 0.00943375 -0.0234853
      vertex 0.0121861 0.0149355 -0.0225431
    endloop
  endfacet
  facet normal 0.037784 0.0480522 -0.99813
    outer loop
      vertex 0.00733089 0.00898457 -0.0234853
      vertex 0.00244617 0.00299835 -0.0239584
      vertex 0.00675964 0.00943375 -0.0234853
    endloop
  endfacet
  facet normal 0.117966 0.0337234 -0.992445
    outer loop
      vertex 0.0111389 0.00289917 -0.0234853
      vertex 0.0109377 0.00360298 -0.0234853
      vertex 0.0185165 0.00481987 -0.0225431
    endloop
  endfacet
  facet normal 0.117959 0.0337675 -0.992444
    outer loop
      vertex 0.0185165 0.00481987 -0.0225431
      vertex 0.0109377 0.00360298 -0.0234853
      vertex 0.0181818 0.00598907 -0.0225431
    endloop
  endfacet
  facet normal 0.181425 0.0283472 -0.982996
    outer loop
      vertex 0.0189667 0.00242901 -0.0225431
      vertex 0.0187788 0.00363159 -0.0225431
      vertex 0.0261869 0.00506496 -0.0211345
    endloop
  endfacet
  facet normal 0.181455 0.0282646 -0.982993
    outer loop
      vertex 0.0264482 0.00338745 -0.0211345
      vertex 0.0189667 0.00242901 -0.0225431
      vertex 0.0261869 0.00506496 -0.0211345
    endloop
  endfacet
  facet normal 0.105762 0.0616051 -0.992481
    outer loop
      vertex 0.0100775 0.00561714 -0.0234853
      vertex 0.00971031 0.00624752 -0.0234853
      vertex 0.0167522 0.00933743 -0.0225431
    endloop
  endfacet
  facet normal 0.0530945 0.030927 -0.99811
    outer loop
      vertex 0.0100775 0.00561714 -0.0234853
      vertex 0.00336361 0.00187492 -0.0239584
      vertex 0.00971031 0.00624752 -0.0234853
    endloop
  endfacet
  facet normal -0.0549486 0.0275938 -0.998108
    outer loop
      vertex -0.00347328 0.00165653 -0.0239584
      vertex -0.0104055 0.00496483 -0.0234853
      vertex -0.00336361 0.00187492 -0.0239584
    endloop
  endfacet
  facet normal 0.168601 0.0719379 -0.983056
    outer loop
      vertex 0.0177746 0.00713539 -0.0225431
      vertex 0.0172977 0.0082531 -0.0225431
      vertex 0.0247869 0.00994968 -0.0211345
    endloop
  endfacet
  facet normal 0.172829 0.0613929 -0.983037
    outer loop
      vertex 0.0181818 0.00598907 -0.0225431
      vertex 0.0177746 0.00713539 -0.0225431
      vertex 0.0247869 0.00994968 -0.0211345
    endloop
  endfacet
  facet normal 0.043656 0.0429366 -0.998124
    outer loop
      vertex 0.00279808 0.00266361 -0.0239584
      vertex 0.00262737 0.00283718 -0.0239584
      vertex 0.00838375 0.00798225 -0.0234853
    endloop
  endfacet
  facet normal -0.0529942 0.0310726 -0.998111
    outer loop
      vertex -0.00336361 0.00187492 -0.0239584
      vertex -0.00971031 0.00624752 -0.0234853
      vertex -0.00324059 0.00208473 -0.0239584
    endloop
  endfacet
  facet normal 0.06139 0.00569671 -0.998098
    outer loop
      vertex 0.0114775 0.000731468 -0.0234853
      vertex 0.00383091 0.000244141 -0.0239584
      vertex 0.0114098 0.00146103 -0.0234853
    endloop
  endfacet
  facet normal 0.347447 0.0995598 -0.932399
    outer loop
      vertex 0.0470104 0.0122375 -0.0141717
      vertex 0.0400963 0.010438 -0.0169403
      vertex 0.0461597 0.0152063 -0.0141717
    endloop
  endfacet
  facet normal 0.353075 0.0778589 -0.93235
    outer loop
      vertex 0.0406637 0.00786495 -0.0169403
      vertex 0.0400963 0.010438 -0.0169403
      vertex 0.0470104 0.0122375 -0.0141717
    endloop
  endfacet
  facet normal 0.234462 0.067213 -0.969799
    outer loop
      vertex 0.0330238 0.00859642 -0.0192634
      vertex 0.0253544 0.00835228 -0.0211345
      vertex 0.0324259 0.0106821 -0.0192634
    endloop
  endfacet
  facet normal 0.229767 0.081487 -0.969828
    outer loop
      vertex 0.0324259 0.0106821 -0.0192634
      vertex 0.0253544 0.00835228 -0.0211345
      vertex 0.0317011 0.0127258 -0.0192634
    endloop
  endfacet
  facet normal 0.243028 0.0227669 -0.969752
    outer loop
      vertex 0.0266066 0.00169659 -0.0211345
      vertex 0.0264482 0.00338745 -0.0211345
      vertex 0.0338259 0.00433254 -0.0192634
    endloop
  endfacet
  facet normal 0.241136 0.0375609 -0.969764
    outer loop
      vertex 0.0264482 0.00338745 -0.0211345
      vertex 0.0261869 0.00506496 -0.0211345
      vertex 0.0338259 0.00433254 -0.0192634
    endloop
  endfacet
  facet normal 0.361587 0.0112524 -0.93227
    outer loop
      vertex 0.0413971 0 -0.0169403
      vertex 0.0413151 0.002635 -0.0169403
      vertex 0.0485353 0 -0.0141717
    endloop
  endfacet
  facet normal 0.416965 0.038885 -0.90809
    outer loop
      vertex 0.048152 0.00616741 -0.0141717
      vertex 0.0502996 0.00420558 -0.0132696
      vertex 0.048439 0.0030899 -0.0141717
    endloop
  endfacet
  facet normal 0.416968 0.0388889 -0.908089
    outer loop
      vertex 0.0502996 0.00420558 -0.0132696
      vertex 0.048152 0.00616741 -0.0141717
      vertex 0.0502996 0.00644259 -0.0131738
    endloop
  endfacet
  facet normal 0.408791 0.0900675 -0.908173
    outer loop
      vertex 0.0476751 0.00922108 -0.0141717
      vertex 0.0502996 0.0114923 -0.0127651
      vertex 0.0502996 0.00972874 -0.01294
    endloop
  endfacet
  facet normal 0.408782 0.0900795 -0.908175
    outer loop
      vertex 0.0502996 0.0114923 -0.0127651
      vertex 0.0476751 0.00922108 -0.0141717
      vertex 0.0470104 0.0122375 -0.0141717
    endloop
  endfacet
  facet normal 0.413681 0.0646673 -0.908122
    outer loop
      vertex 0.0502996 0.00844802 -0.0130312
      vertex 0.0476751 0.00922108 -0.0141717
      vertex 0.0502996 0.00972874 -0.01294
    endloop
  endfacet
  facet normal 0.110927 0.214665 -0.970368
    outer loop
      vertex 0.0164251 0.0302935 -0.0192634
      vertex 0.0128431 0.0236864 -0.0211345
      vertex 0.0145168 0.0312796 -0.0192634
    endloop
  endfacet
  facet normal 0.137861 0.266788 -0.953844
    outer loop
      vertex 0.0164251 0.0302935 -0.0192634
      vertex 0.0145168 0.0312796 -0.0192634
      vertex 0.0199432 0.0367813 -0.0169403
    endloop
  endfacet
  facet normal 0.0827854 0.22671 -0.970438
    outer loop
      vertex 0.0125513 0.0321417 -0.0192634
      vertex 0.00981331 0.0251322 -0.0211345
      vertex 0.0105352 0.0328779 -0.0192634
    endloop
  endfacet
  facet normal 0.102892 0.281771 -0.953949
    outer loop
      vertex 0.0125513 0.0321417 -0.0192634
      vertex 0.0105352 0.0328779 -0.0192634
      vertex 0.0152388 0.0390253 -0.0169403
    endloop
  endfacet
  facet normal 0.110845 0.214685 -0.970373
    outer loop
      vertex 0.0128431 0.0236864 -0.0211345
      vertex 0.0113506 0.024457 -0.0211345
      vertex 0.0145168 0.0312796 -0.0192634
    endloop
  endfacet
  facet normal 0.0833926 0.161515 -0.983341
    outer loop
      vertex 0.0128431 0.0236864 -0.0211345
      vertex 0.00813961 0.017539 -0.0225431
      vertex 0.0113506 0.024457 -0.0211345
    endloop
  endfacet
  facet normal 0.041711 0.11395 -0.99261
    outer loop
      vertex 0.00423336 0.0108414 -0.0234853
      vertex 0.00355339 0.0110903 -0.0234853
      vertex 0.00703716 0.0180225 -0.0225431
    endloop
  endfacet
  facet normal 0.0487664 0.111194 -0.992601
    outer loop
      vertex 0.00813961 0.017539 -0.0225431
      vertex 0.00423336 0.0108414 -0.0234853
      vertex 0.00703716 0.0180225 -0.0225431
    endloop
  endfacet
  facet normal 0.0171366 0.0584109 -0.998146
    outer loop
      vertex 0.00118542 0.00370121 -0.0239584
      vertex 0.000954628 0.00376892 -0.0239584
      vertex 0.00286007 0.0112944 -0.0234853
    endloop
  endfacet
  facet normal -0.0406559 0.0457085 -0.998127
    outer loop
      vertex -0.00262737 0.00283718 -0.0239584
      vertex -0.00733089 0.00898457 -0.0234853
      vertex -0.00244617 0.00299835 -0.0239584
    endloop
  endfacet
  facet normal -0.0565858 0.024163 -0.998105
    outer loop
      vertex -0.00347328 0.00165653 -0.0239584
      vertex -0.0106926 0.00429249 -0.0234853
      vertex -0.0104055 0.00496483 -0.0234853
    endloop
  endfacet
  facet normal -0.0608695 0.00962443 -0.998099
    outer loop
      vertex -0.00380802 0.000487328 -0.0239584
      vertex -0.0112972 0.00218487 -0.0234853
      vertex -0.00376987 0.000728607 -0.0239584
    endloop
  endfacet
  facet normal 0.0616299 0.00192608 -0.998097
    outer loop
      vertex 0.00383854 0 -0.0239584
      vertex 0.00383091 0.000244141 -0.0239584
      vertex 0.0115004 0 -0.0234853
    endloop
  endfacet
  facet normal -0.0813058 0.0908195 -0.992543
    outer loop
      vertex -0.00787258 0.0085001 -0.0234853
      vertex -0.0130863 0.0141296 -0.0225431
      vertex -0.0121861 0.0149355 -0.0225431
    endloop
  endfacet
  facet normal -0.081256 0.090853 -0.992544
    outer loop
      vertex -0.00787258 0.0085001 -0.0234853
      vertex -0.0121861 0.0149355 -0.0225431
      vertex -0.00733089 0.00898457 -0.0234853
    endloop
  endfacet
  facet normal 0.0193539 0.119637 -0.992629
    outer loop
      vertex 0.00215435 0.0114536 -0.0234853
      vertex 0.001441 0.011569 -0.0234853
      vertex 0.003582 0.0190401 -0.0225431
    endloop
  endfacet
  facet normal 0.0533817 0.235121 -0.970499
    outer loop
      vertex 0.00662899 0.0261803 -0.0211345
      vertex 0.00499535 0.0265512 -0.0211345
      vertex 0.00847912 0.0334835 -0.0192634
    endloop
  endfacet
  facet normal 0.0192361 0.11967 -0.992627
    outer loop
      vertex 0.003582 0.0190401 -0.0225431
      vertex 0.001441 0.011569 -0.0234853
      vertex 0.00239563 0.0192308 -0.0225431
    endloop
  endfacet
  facet normal 0.0401612 0.176891 -0.983411
    outer loop
      vertex 0.00662899 0.0261803 -0.0211345
      vertex 0.00475407 0.018775 -0.0225431
      vertex 0.00499535 0.0265512 -0.0211345
    endloop
  endfacet
  facet normal -0.340437 0.12088 -0.932465
    outer loop
      vertex -0.0393705 0.01297 -0.0169403
      vertex -0.0461597 0.0152063 -0.0141717
      vertex -0.0451269 0.018115 -0.0141717
    endloop
  endfacet
  facet normal -0.402284 0.115186 -0.90824
    outer loop
      vertex -0.0470104 0.0122375 -0.0141717
      vertex -0.0502996 0.013094 -0.0126062
      vertex -0.0502996 0.015178 -0.0123419
    endloop
  endfacet
  facet normal -0.037784 0.0480522 -0.99813
    outer loop
      vertex -0.00244617 0.00299835 -0.0239584
      vertex -0.00733089 0.00898457 -0.0234853
      vertex -0.00675964 0.00943375 -0.0234853
    endloop
  endfacet
  facet normal -0.043656 0.0429366 -0.998124
    outer loop
      vertex -0.00279808 0.00266361 -0.0239584
      vertex -0.00838375 0.00798225 -0.0234853
      vertex -0.00262737 0.00283718 -0.0239584
    endloop
  endfacet
  facet normal 0.297588 0.431923 -0.851401
    outer loop
      vertex 0.0333338 0.053256 -0.0073463
      vertex 0.036661 0.0540991 -0.00575564
      vertex 0.0365658 0.0510292 -0.0073463
    endloop
  endfacet
  facet normal 0.297594 0.43191 -0.851406
    outer loop
      vertex 0.036661 0.0540991 -0.00575564
      vertex 0.0333338 0.053256 -0.0073463
      vertex 0.0338614 0.0540991 -0.00673419
    endloop
  endfacet
  facet normal -0.0266773 0.118258 -0.992624
    outer loop
      vertex -0.00286007 0.0112944 -0.0234853
      vertex -0.003582 0.0190401 -0.0225431
      vertex -0.00215435 0.0114536 -0.0234853
    endloop
  endfacet
  facet normal -0.0193539 0.119637 -0.992629
    outer loop
      vertex -0.00215435 0.0114536 -0.0234853
      vertex -0.003582 0.0190401 -0.0225431
      vertex -0.001441 0.011569 -0.0234853
    endloop
  endfacet
  facet normal -0.0579775 0.0206897 -0.998103
    outer loop
      vertex -0.00365067 0.00120258 -0.0239584
      vertex -0.0106926 0.00429249 -0.0234853
      vertex -0.00356865 0.00143242 -0.0239584
    endloop
  endfacet
  facet normal 0.129876 0.128156 -0.983213
    outer loop
      vertex 0.013936 0.0132685 -0.0225431
      vertex 0.0130863 0.0141296 -0.0225431
      vertex 0.0182495 0.0197039 -0.0211345
    endloop
  endfacet
  facet normal 0.12996 0.128099 -0.98321
    outer loop
      vertex 0.019433 0.0185032 -0.0211345
      vertex 0.013936 0.0132685 -0.0225431
      vertex 0.0182495 0.0197039 -0.0211345
    endloop
  endfacet
  facet normal 0.105733 0.0616701 -0.99248
    outer loop
      vertex 0.0167522 0.00933743 -0.0225431
      vertex 0.00971031 0.00624752 -0.0234853
      vertex 0.0161409 0.0103855 -0.0225431
    endloop
  endfacet
  facet normal 0.101663 0.0679974 -0.992492
    outer loop
      vertex 0.0161409 0.0103855 -0.0225431
      vertex 0.00971031 0.00624752 -0.0234853
      vertex 0.0154667 0.0113935 -0.0225431
    endloop
  endfacet
  facet normal -0.0278473 0.0542522 -0.998139
    outer loop
      vertex -0.00184917 0.00341034 -0.0239584
      vertex -0.00489616 0.0105505 -0.0234853
      vertex -0.00163364 0.00352097 -0.0239584
    endloop
  endfacet
  facet normal 0.0565858 0.024163 -0.998105
    outer loop
      vertex 0.0106926 0.00429249 -0.0234853
      vertex 0.00347328 0.00165653 -0.0239584
      vertex 0.0104055 0.00496483 -0.0234853
    endloop
  endfacet
  facet normal 0.0549486 0.0275938 -0.998108
    outer loop
      vertex 0.00347328 0.00165653 -0.0239584
      vertex 0.00336361 0.00187492 -0.0239584
      vertex 0.0104055 0.00496483 -0.0234853
    endloop
  endfacet
  facet normal -0.0435818 0.0430196 -0.998123
    outer loop
      vertex -0.00262737 0.00283718 -0.0239584
      vertex -0.00838375 0.00798225 -0.0234853
      vertex -0.00787258 0.0085001 -0.0234853
    endloop
  endfacet
  facet normal -0.0377439 0.0480791 -0.99813
    outer loop
      vertex -0.00244617 0.00299835 -0.0239584
      vertex -0.00675964 0.00943375 -0.0234853
      vertex -0.00225544 0.00314808 -0.0239584
    endloop
  endfacet
  facet normal 0.29959 0.0467651 -0.952921
    outer loop
      vertex 0.0338259 0.00433254 -0.0192634
      vertex 0.0334911 0.00647736 -0.0192634
      vertex 0.0406637 0.00786495 -0.0169403
    endloop
  endfacet
  facet normal 0.241142 0.0376416 -0.969759
    outer loop
      vertex 0.0338259 0.00433254 -0.0192634
      vertex 0.0261869 0.00506496 -0.0211345
      vertex 0.0334911 0.00647736 -0.0192634
    endloop
  endfacet
  facet normal 0.0134553 0.0593431 -0.998147
    outer loop
      vertex 0.000954628 0.00376892 -0.0239584
      vertex 0.00071907 0.00382233 -0.0239584
      vertex 0.00286007 0.0112944 -0.0234853
    endloop
  endfacet
  facet normal -0.0315382 0.0522438 -0.998136
    outer loop
      vertex -0.00205612 0.00328541 -0.0239584
      vertex -0.00616169 0.00984573 -0.0234853
      vertex -0.00184917 0.00341034 -0.0239584
    endloop
  endfacet
  facet normal -0.0346526 0.0502945 -0.998133
    outer loop
      vertex -0.00675964 0.00943375 -0.0234853
      vertex -0.00205612 0.00328541 -0.0239584
      vertex -0.00225544 0.00314808 -0.0239584
    endloop
  endfacet
  facet normal -0.0346524 0.0502946 -0.998133
    outer loop
      vertex -0.00205612 0.00328541 -0.0239584
      vertex -0.00675964 0.00943375 -0.0234853
      vertex -0.00616169 0.00984573 -0.0234853
    endloop
  endfacet
  facet normal -0.056612 0.0240912 -0.998106
    outer loop
      vertex -0.00356865 0.00143242 -0.0239584
      vertex -0.0106926 0.00429249 -0.0234853
      vertex -0.00347328 0.00165653 -0.0239584
    endloop
  endfacet
  facet normal 0 0 -1
    outer loop
      vertex 0.00383854 0 -0.0239584
      vertex 0.00380802 0.000487328 -0.0239584
      vertex 0.00383091 0.000244141 -0.0239584
    endloop
  endfacet
  facet normal 0 0 -1
    outer loop
      vertex 0.00383854 0 -0.0239584
      vertex 0.00376987 0.000728607 -0.0239584
      vertex 0.00380802 0.000487328 -0.0239584
    endloop
  endfacet
  facet normal 0 0 -1
    outer loop
      vertex 0.00383854 0 -0.0239584
      vertex 0.00371742 0.000967026 -0.0239584
      vertex 0.00376987 0.000728607 -0.0239584
    endloop
  endfacet
  facet normal 0 0 -1
    outer loop
      vertex 0.00383854 0 -0.0239584
      vertex 0.00365067 0.00120258 -0.0239584
      vertex 0.00371742 0.000967026 -0.0239584
    endloop
  endfacet
  facet normal 0 0 -1
    outer loop
      vertex 0.00383854 0 -0.0239584
      vertex 0.00356865 0.00143242 -0.0239584
      vertex 0.00365067 0.00120258 -0.0239584
    endloop
  endfacet
  facet normal 0 0 -1
    outer loop
      vertex 0.00383854 0 -0.0239584
      vertex 0.00347328 0.00165653 -0.0239584
      vertex 0.00356865 0.00143242 -0.0239584
    endloop
  endfacet
  facet normal 0 0 -1
    outer loop
      vertex 0.00383854 0 -0.0239584
      vertex 0.00336361 0.00187492 -0.0239584
      vertex 0.00347328 0.00165653 -0.0239584
    endloop
  endfacet
  facet normal 0 0 -1
    outer loop
      vertex 0.00383854 0 -0.0239584
      vertex 0.00324059 0.00208473 -0.0239584
      vertex 0.00336361 0.00187492 -0.0239584
    endloop
  endfacet
  facet normal 0 0 -1
    outer loop
      vertex 0.00383854 0 -0.0239584
      vertex 0.00310516 0.00228691 -0.0239584
      vertex 0.00324059 0.00208473 -0.0239584
    endloop
  endfacet
  facet normal 0 0 -1
    outer loop
      vertex 0.00383854 0 -0.0239584
      vertex 0.00295734 0.00248051 -0.0239584
      vertex 0.00310516 0.00228691 -0.0239584
    endloop
  endfacet
  facet normal 0 0 -1
    outer loop
      vertex 0.00383854 0 -0.0239584
      vertex 0.00279808 0.00266361 -0.0239584
      vertex 0.00295734 0.00248051 -0.0239584
    endloop
  endfacet
  facet normal 0 0 -1
    outer loop
      vertex 0.00383854 0 -0.0239584
      vertex 0.00262737 0.00283718 -0.0239584
      vertex 0.00279808 0.00266361 -0.0239584
    endloop
  endfacet
  facet normal 0 0 -1
    outer loop
      vertex 0.00383854 0 -0.0239584
      vertex 0.00244617 0.00299835 -0.0239584
      vertex 0.00262737 0.00283718 -0.0239584
    endloop
  endfacet
  facet normal 0 0 -1
    outer loop
      vertex 0.00383854 0 -0.0239584
      vertex 0.00225544 0.00314808 -0.0239584
      vertex 0.00244617 0.00299835 -0.0239584
    endloop
  endfacet
  facet normal 0 0 -1
    outer loop
      vertex 0.00383854 0 -0.0239584
      vertex 0.00205612 0.00328541 -0.0239584
      vertex 0.00225544 0.00314808 -0.0239584
    endloop
  endfacet
  facet normal 0 0 -1
    outer loop
      vertex 0.00383854 0 -0.0239584
      vertex 0.00184917 0.00341034 -0.0239584
      vertex 0.00205612 0.00328541 -0.0239584
    endloop
  endfacet
  facet normal 0 0 -1
    outer loop
      vertex 0.00383854 0 -0.0239584
      vertex 0.00163364 0.00352097 -0.0239584
      vertex 0.00184917 0.00341034 -0.0239584
    endloop
  endfacet
  facet normal 0 0 -1
    outer loop
      vertex 0.00383854 0 -0.0239584
      vertex 0.00141239 0.00361824 -0.0239584
      vertex 0.00163364 0.00352097 -0.0239584
    endloop
  endfacet
  facet normal 0 0 -1
    outer loop
      vertex 0.00383854 0 -0.0239584
      vertex 0.00118542 0.00370121 -0.0239584
      vertex 0.00141239 0.00361824 -0.0239584
    endloop
  endfacet
  facet normal 0 0 -1
    outer loop
      vertex 0.00383854 0 -0.0239584
      vertex 0.000954628 0.00376892 -0.0239584
      vertex 0.00118542 0.00370121 -0.0239584
    endloop
  endfacet
  facet normal 0 0 -1
    outer loop
      vertex 0.00383854 0 -0.0239584
      vertex 0.00071907 0.00382233 -0.0239584
      vertex 0.000954628 0.00376892 -0.0239584
    endloop
  endfacet
  facet normal 0 0 -1
    outer loop
      vertex 0.00383854 0 -0.0239584
      vertex 0.000480652 0.00386143 -0.0239584
      vertex 0.00071907 0.00382233 -0.0239584
    endloop
  endfacet
  facet normal 0 0 -1
    outer loop
      vertex 0.00383854 0 -0.0239584
      vertex 0.000240326 0.00388432 -0.0239584
      vertex 0.000480652 0.00386143 -0.0239584
    endloop
  endfacet
  facet normal 0 0 -1
    outer loop
      vertex 0.00383854 0 -0.0239584
      vertex 0 0.00389194 -0.0239584
      vertex 0.000240326 0.00388432 -0.0239584
    endloop
  endfacet
  facet normal 0 0 -1
    outer loop
      vertex 0.00383854 0 -0.0239584
      vertex -0.000240326 0.00388432 -0.0239584
      vertex 0 0.00389194 -0.0239584
    endloop
  endfacet
  facet normal 0 0 -1
    outer loop
      vertex 0.00383854 0 -0.0239584
      vertex -0.000480652 0.00386143 -0.0239584
      vertex -0.000240326 0.00388432 -0.0239584
    endloop
  endfacet
  facet normal 0 0 -1
    outer loop
      vertex 0.00383854 0 -0.0239584
      vertex -0.00071907 0.00382233 -0.0239584
      vertex -0.000480652 0.00386143 -0.0239584
    endloop
  endfacet
  facet normal 0 0 -1
    outer loop
      vertex 0.00383854 0 -0.0239584
      vertex -0.000954628 0.00376892 -0.0239584
      vertex -0.00071907 0.00382233 -0.0239584
    endloop
  endfacet
  facet normal 0 0 -1
    outer loop
      vertex 0.00383854 0 -0.0239584
      vertex -0.00118542 0.00370121 -0.0239584
      vertex -0.000954628 0.00376892 -0.0239584
    endloop
  endfacet
  facet normal 0 0 -1
    outer loop
      vertex 0.00383854 0 -0.0239584
      vertex -0.00141239 0.00361824 -0.0239584
      vertex -0.00118542 0.00370121 -0.0239584
    endloop
  endfacet
  facet normal 0 0 -1
    outer loop
      vertex 0.00383854 0 -0.0239584
      vertex -0.00163364 0.00352097 -0.0239584
      vertex -0.00141239 0.00361824 -0.0239584
    endloop
  endfacet
  facet normal 0 0 -1
    outer loop
      vertex 0.00383854 0 -0.0239584
      vertex -0.00184917 0.00341034 -0.0239584
      vertex -0.00163364 0.00352097 -0.0239584
    endloop
  endfacet
  facet normal 0 0 -1
    outer loop
      vertex 0.00383854 0 -0.0239584
      vertex -0.00205612 0.00328541 -0.0239584
      vertex -0.00184917 0.00341034 -0.0239584
    endloop
  endfacet
  facet normal 0 0 -1
    outer loop
      vertex 0.00383854 0 -0.0239584
      vertex -0.00225544 0.00314808 -0.0239584
      vertex -0.00205612 0.00328541 -0.0239584
    endloop
  endfacet
  facet normal 0 0 -1
    outer loop
      vertex 0.00383854 0 -0.0239584
      vertex -0.00244617 0.00299835 -0.0239584
      vertex -0.00225544 0.00314808 -0.0239584
    endloop
  endfacet
  facet normal 0 0 -1
    outer loop
      vertex 0.00383854 0 -0.0239584
      vertex -0.00262737 0.00283718 -0.0239584
      vertex -0.00244617 0.00299835 -0.0239584
    endloop
  endfacet
  facet normal 0 0 -1
    outer loop
      vertex 0.00383854 0 -0.0239584
      vertex -0.00279808 0.00266361 -0.0239584
      vertex -0.00262737 0.00283718 -0.0239584
    endloop
  endfacet
  facet normal 0 0 -1
    outer loop
      vertex 0.00383854 0 -0.0239584
      vertex -0.00295734 0.00248051 -0.0239584
      vertex -0.00279808 0.00266361 -0.0239584
    endloop
  endfacet
  facet normal 0 0 -1
    outer loop
      vertex 0.00383854 0 -0.0239584
      vertex -0.00310516 0.00228691 -0.0239584
      vertex -0.00295734 0.00248051 -0.0239584
    endloop
  endfacet
  facet normal 0 0 -1
    outer loop
      vertex 0.00383854 0 -0.0239584
      vertex -0.00324059 0.00208473 -0.0239584
      vertex -0.00310516 0.00228691 -0.0239584
    endloop
  endfacet
  facet normal 0 0 -1
    outer loop
      vertex 0.00383854 0 -0.0239584
      vertex -0.00336361 0.00187492 -0.0239584
      vertex -0.00324059 0.00208473 -0.0239584
    endloop
  endfacet
  facet normal 0 0 -1
    outer loop
      vertex 0.00383854 0 -0.0239584
      vertex -0.00347328 0.00165653 -0.0239584
      vertex -0.00336361 0.00187492 -0.0239584
    endloop
  endfacet
  facet normal 0 0 -1
    outer loop
      vertex 0.00383854 0 -0.0239584
      vertex -0.00356865 0.00143242 -0.0239584
      vertex -0.00347328 0.00165653 -0.0239584
    endloop
  endfacet
  facet normal 0 0 -1
    outer loop
      vertex 0.00383854 0 -0.0239584
      vertex -0.00365067 0.00120258 -0.0239584
      vertex -0.00356865 0.00143242 -0.0239584
    endloop
  endfacet
  facet normal 0 0 -1
    outer loop
      vertex 0.00383854 0 -0.0239584
      vertex -0.00371742 0.000967026 -0.0239584
      vertex -0.00365067 0.00120258 -0.0239584
    endloop
  endfacet
  facet normal 0 0 -1
    outer loop
      vertex 0.00383854 0 -0.0239584
      vertex -0.00376987 0.000728607 -0.0239584
      vertex -0.00371742 0.000967026 -0.0239584
    endloop
  endfacet
  facet normal 0 0 -1
    outer loop
      vertex 0.00383854 0 -0.0239584
      vertex -0.00380802 0.000487328 -0.0239584
      vertex -0.00376987 0.000728607 -0.0239584
    endloop
  endfacet
  facet normal 0 0 -1
    outer loop
      vertex 0.00383854 0 -0.0239584
      vertex -0.00383091 0.000244141 -0.0239584
      vertex -0.00380802 0.000487328 -0.0239584
    endloop
  endfacet
  facet normal 0 -0 -1
    outer loop
      vertex -0.00383091 0.000244141 -0.0239584
      vertex 0.00383854 0 -0.0239584
      vertex -0.00383854 0 -0.0239584
    endloop
  endfacet
  facet normal -0.0407891 0.0456066 -0.998126
    outer loop
      vertex -0.00262737 0.00283718 -0.0239584
      vertex -0.00787258 0.0085001 -0.0234853
      vertex -0.00733089 0.00898457 -0.0234853
    endloop
  endfacet
  facet normal 0.0343557 0.116334 -0.992616
    outer loop
      vertex 0.00590706 0.0184345 -0.0225431
      vertex 0.00355339 0.0110903 -0.0234853
      vertex 0.00475407 0.018775 -0.0225431
    endloop
  endfacet
  facet normal 0.0342514 0.116351 -0.992617
    outer loop
      vertex 0.00355339 0.0110903 -0.0234853
      vertex 0.00286007 0.0112944 -0.0234853
      vertex 0.00475407 0.018775 -0.0225431
    endloop
  endfacet
  facet normal 0.0173418 0.180456 -0.98343
    outer loop
      vertex 0.00239563 0.0192308 -0.0225431
      vertex 0.0016737 0.0269766 -0.0211345
      vertex 0.00334072 0.0268164 -0.0211345
    endloop
  endfacet
  facet normal 0.0230528 0.239884 -0.970528
    outer loop
      vertex 0.00334072 0.0268164 -0.0211345
      vertex 0.0016737 0.0269766 -0.0211345
      vertex 0.00427246 0.034297 -0.0192634
    endloop
  endfacet
  facet normal 0.356627 0.45323 -0.816945
    outer loop
      vertex 0.0441408 0.0540991 -0.00292087
      vertex 0.043786 0.0536642 -0.00331703
      vertex 0.0437995 0.0540991 -0.00306986
    endloop
  endfacet
  facet normal 0.297671 0.431909 -0.851379
    outer loop
      vertex 0.0387656 0.0540991 -0.0050198
      vertex 0.0365658 0.0510292 -0.0073463
      vertex 0.036661 0.0540991 -0.00575564
    endloop
  endfacet
  facet normal 0.361593 0.0112694 -0.932268
    outer loop
      vertex 0.0485353 0 -0.0141717
      vertex 0.0413151 0.002635 -0.0169403
      vertex 0.048439 0.0030899 -0.0141717
    endloop
  endfacet
  facet normal 0.238269 0.0525436 -0.969777
    outer loop
      vertex 0.0334911 0.00647736 -0.0192634
      vertex 0.0258217 0.0067215 -0.0211345
      vertex 0.0330238 0.00859642 -0.0192634
    endloop
  endfacet
  facet normal 0.296018 0.0652785 -0.952949
    outer loop
      vertex 0.0334911 0.00647736 -0.0192634
      vertex 0.0330238 0.00859642 -0.0192634
      vertex 0.0406637 0.00786495 -0.0169403
    endloop
  endfacet
  facet normal 0.00984455 0.0600286 -0.998148
    outer loop
      vertex 0.00071907 0.00382233 -0.0239584
      vertex 0.000480652 0.00386143 -0.0239584
      vertex 0.00215435 0.0114536 -0.0234853
    endloop
  endfacet
  facet normal 0.0133911 0.0593615 -0.998147
    outer loop
      vertex 0.00286007 0.0112944 -0.0234853
      vertex 0.00071907 0.00382233 -0.0239584
      vertex 0.00215435 0.0114536 -0.0234853
    endloop
  endfacet
  facet normal 0.0400107 0.176897 -0.983416
    outer loop
      vertex 0.00475407 0.018775 -0.0225431
      vertex 0.003582 0.0190401 -0.0225431
      vertex 0.00499535 0.0265512 -0.0211345
    endloop
  endfacet
  facet normal 0.0267463 0.118252 -0.992623
    outer loop
      vertex 0.00475407 0.018775 -0.0225431
      vertex 0.00286007 0.0112944 -0.0234853
      vertex 0.003582 0.0190401 -0.0225431
    endloop
  endfacet
  facet normal 0.356465 0.453265 -0.816997
    outer loop
      vertex 0.043786 0.0536642 -0.00331703
      vertex 0.043233 0.0540991 -0.00331703
      vertex 0.0437995 0.0540991 -0.00306986
    endloop
  endfacet
  facet normal 0.32444 0.412544 -0.851203
    outer loop
      vertex 0.043786 0.0536642 -0.00331703
      vertex 0.0387656 0.0540991 -0.0050198
      vertex 0.043233 0.0540991 -0.00331703
    endloop
  endfacet
  facet normal 0.324437 0.412582 -0.851185
    outer loop
      vertex 0.0387656 0.0540991 -0.0050198
      vertex 0.043786 0.0536642 -0.00331703
      vertex 0.0365658 0.0510292 -0.0073463
    endloop
  endfacet
  facet normal 0.301987 0.0281919 -0.952895
    outer loop
      vertex 0.0413151 0.002635 -0.0169403
      vertex 0.0340281 0.00217056 -0.0192634
      vertex 0.04107 0.00526047 -0.0169403
    endloop
  endfacet
  facet normal 0.360157 0.0336224 -0.932286
    outer loop
      vertex 0.0413151 0.002635 -0.0169403
      vertex 0.04107 0.00526047 -0.0169403
      vertex 0.048152 0.00616741 -0.0141717
    endloop
  endfacet
  facet normal 0.303148 0.00931555 -0.952898
    outer loop
      vertex 0.0340948 0 -0.0192634
      vertex 0.0340281 0.00217056 -0.0192634
      vertex 0.0413971 0 -0.0169403
    endloop
  endfacet
  facet normal 0.301967 0.0282415 -0.9529
    outer loop
      vertex 0.0340281 0.00217056 -0.0192634
      vertex 0.0338259 0.00433254 -0.0192634
      vertex 0.04107 0.00526047 -0.0169403
    endloop
  endfacet
  facet normal 0.299603 0.0467382 -0.952918
    outer loop
      vertex 0.04107 0.00526047 -0.0169403
      vertex 0.0338259 0.00433254 -0.0192634
      vertex 0.0406637 0.00786495 -0.0169403
    endloop
  endfacet
  facet normal 1 0 0
    outer loop
      vertex 0.0502996 0.0540991 8.06208e-07
      vertex 0.0502996 0.0491187 -0.00248778
      vertex 0.0502996 0.0540991 -1.44749e-05
    endloop
  endfacet
  facet normal 1 -0 0
    outer loop
      vertex 0.0502996 0 8.06208e-07
      vertex 0.0502996 0.0491187 -0.00248778
      vertex 0.0502996 0.0540991 8.06208e-07
    endloop
  endfacet
  facet normal 1 0 0
    outer loop
      vertex 0.0502996 0.0491187 -0.00248778
      vertex 0.0502996 0 8.06208e-07
      vertex 0.0502996 0.0478914 -0.00309727
    endloop
  endfacet
  facet normal 1 0 0
    outer loop
      vertex 0.0502996 0.0478914 -0.00309727
      vertex 0.0502996 0 8.06208e-07
      vertex 0.0502996 0.0474182 -0.00331703
    endloop
  endfacet
  facet normal 1 0 0
    outer loop
      vertex 0.0502996 0.0474182 -0.00331703
      vertex 0.0502996 0 8.06208e-07
      vertex 0.0502996 0.0421907 -0.00543745
    endloop
  endfacet
  facet normal 1 0 0
    outer loop
      vertex 0.0502996 0.0421907 -0.00543745
      vertex 0.0502996 0 8.06208e-07
      vertex 0.0502996 0.0371124 -0.0073463
    endloop
  endfacet
  facet normal 1 0 0
    outer loop
      vertex 0.0502996 0.0371124 -0.0073463
      vertex 0.0502996 0 8.06208e-07
      vertex 0.0502996 0.037054 -0.00736535
    endloop
  endfacet
  facet normal 1 0 0
    outer loop
      vertex 0.0502996 0.037054 -0.00736535
      vertex 0.0502996 0 8.06208e-07
      vertex 0.0502996 0.0335839 -0.00840186
    endloop
  endfacet
  facet normal 1 0 0
    outer loop
      vertex 0.0502996 0.0335839 -0.00840186
      vertex 0.0502996 0 8.06208e-07
      vertex 0.0502996 0.032365 -0.00876582
    endloop
  endfacet
  facet normal 1 0 0
    outer loop
      vertex 0.0502996 0.032365 -0.00876582
      vertex 0.0502996 0 8.06208e-07
      vertex 0.0502996 0.0299813 -0.00941078
    endloop
  endfacet
  facet normal 1 0 0
    outer loop
      vertex 0.0502996 0.0299813 -0.00941078
      vertex 0.0502996 0 8.06208e-07
      vertex 0.0502996 0.0280372 -0.00993668
    endloop
  endfacet
  facet normal 1 0 0
    outer loop
      vertex 0.0502996 0.0280372 -0.00993668
      vertex 0.0502996 0 8.06208e-07
      vertex 0.0502996 0.0240981 -0.0108868
    endloop
  endfacet
  facet normal 1 0 -0
    outer loop
      vertex 0.0502996 0.0239421 -0.0109227
      vertex 0.0502996 0.0240981 -0.0108868
      vertex 0.0502996 0 8.06208e-07
    endloop
  endfacet
  facet normal 1 0 0
    outer loop
      vertex 0.0502996 0.0240981 -0.0108868
      vertex 0.0502996 0.0239421 -0.0109227
      vertex 0.0502996 0.0239984 -0.0109108
    endloop
  endfacet
  facet normal 1 0 0
    outer loop
      vertex 0.0502996 0.0239421 -0.0109227
      vertex 0.0502996 0 8.06208e-07
      vertex 0.0502996 0.0237215 -0.0109693
    endloop
  endfacet
  facet normal 1 0 0
    outer loop
      vertex 0.0502996 0.0237215 -0.0109693
      vertex 0.0502996 0 8.06208e-07
      vertex 0.0502996 0.020749 -0.0115064
    endloop
  endfacet
  facet normal 1 0 0
    outer loop
      vertex 0.0502996 0.020749 -0.0115064
      vertex 0.0502996 0 8.06208e-07
      vertex 0.0502996 0.0201916 -0.0116071
    endloop
  endfacet
  facet normal 1 0 0
    outer loop
      vertex 0.0502996 0.0201916 -0.0116071
      vertex 0.0502996 0 8.06208e-07
      vertex 0.0502996 0.0176198 -0.0120035
    endloop
  endfacet
  facet normal 1 0 0
    outer loop
      vertex 0.0502996 0.0176198 -0.0120035
      vertex 0.0502996 0 8.06208e-07
      vertex 0.0502996 0.0165706 -0.0121651
    endloop
  endfacet
  facet normal 1 0 0
    outer loop
      vertex 0.0502996 0.0165706 -0.0121651
      vertex 0.0502996 0 8.06208e-07
      vertex 0.0502996 0.015178 -0.0123419
    endloop
  endfacet
  facet normal 1 0 0
    outer loop
      vertex 0.0502996 0.015178 -0.0123419
      vertex 0.0502996 0 8.06208e-07
      vertex 0.0502996 0.013094 -0.0126062
    endloop
  endfacet
  facet normal 1 0 0
    outer loop
      vertex 0.0502996 0.013094 -0.0126062
      vertex 0.0502996 0 8.06208e-07
      vertex 0.0502996 0.0114923 -0.0127651
    endloop
  endfacet
  facet normal 1 0 0
    outer loop
      vertex 0.0502996 0.0114923 -0.0127651
      vertex 0.0502996 0 8.06208e-07
      vertex 0.0502996 0.00972874 -0.01294
    endloop
  endfacet
  facet normal 1 0 0
    outer loop
      vertex 0.0502996 0.00972874 -0.01294
      vertex 0.0502996 0 8.06208e-07
      vertex 0.0502996 0.00844802 -0.0130312
    endloop
  endfacet
  facet normal 1 0 0
    outer loop
      vertex 0.0502996 0.00844802 -0.0130312
      vertex 0.0502996 0 8.06208e-07
      vertex 0.0502996 0.00644259 -0.0131738
    endloop
  endfacet
  facet normal 1 0 0
    outer loop
      vertex 0.0502996 0.00644259 -0.0131738
      vertex 0.0502996 0 8.06208e-07
      vertex 0.0502996 0.00420558 -0.0132696
    endloop
  endfacet
  facet normal 1 0 0
    outer loop
      vertex 0.0502996 0.00420558 -0.0132696
      vertex 0.0502996 0 8.06208e-07
      vertex 0.0502996 0.0032084 -0.0133123
    endloop
  endfacet
  facet normal 1 0 0
    outer loop
      vertex 0.0502996 0.0032084 -0.0133123
      vertex 0.0502996 0 8.06208e-07
      vertex 0.0502996 0.000911312 -0.0133453
    endloop
  endfacet
  facet normal 1 0 0
    outer loop
      vertex 0.0502996 0.000911312 -0.0133453
      vertex 0.0502996 0 8.06208e-07
      vertex 0.0502996 0 -0.0133584
    endloop
  endfacet
  facet normal -0 0 1
    outer loop
      vertex -0.0502996 0.0540991 8.06208e-07
      vertex 0.0502996 0 8.06208e-07
      vertex 0.0502996 0.0540991 8.06208e-07
    endloop
  endfacet
  facet normal 0 0 1
    outer loop
      vertex 0.0502996 0 8.06208e-07
      vertex -0.0502996 0.0540991 8.06208e-07
      vertex -0.0502996 0 8.06208e-07
    endloop
  endfacet
  facet normal -1 0 0
    outer loop
      vertex -0.0502996 0.0491187 -0.00248778
      vertex -0.0502996 0.0540991 8.06208e-07
      vertex -0.0502996 0.0540991 -1.44749e-05
    endloop
  endfacet
  facet normal -1 0 0
    outer loop
      vertex -0.0502996 0 8.06208e-07
      vertex -0.0502996 0.0491187 -0.00248778
      vertex -0.0502996 0.0478914 -0.00309727
    endloop
  endfacet
  facet normal -1 0 0
    outer loop
      vertex -0.0502996 0 8.06208e-07
      vertex -0.0502996 0.0478914 -0.00309727
      vertex -0.0502996 0.0474182 -0.00331703
    endloop
  endfacet
  facet normal -1 0 0
    outer loop
      vertex -0.0502996 0 8.06208e-07
      vertex -0.0502996 0.0474182 -0.00331703
      vertex -0.0502996 0.0421907 -0.00543745
    endloop
  endfacet
  facet normal -1 0 0
    outer loop
      vertex -0.0502996 0 8.06208e-07
      vertex -0.0502996 0.0421907 -0.00543745
      vertex -0.0502996 0.0371124 -0.0073463
    endloop
  endfacet
  facet normal -1 0 0
    outer loop
      vertex -0.0502996 0 8.06208e-07
      vertex -0.0502996 0.0371124 -0.0073463
      vertex -0.0502996 0.037054 -0.00736535
    endloop
  endfacet
  facet normal -1 0 0
    outer loop
      vertex -0.0502996 0 8.06208e-07
      vertex -0.0502996 0.037054 -0.00736535
      vertex -0.0502996 0.0335839 -0.00840186
    endloop
  endfacet
  facet normal -1 0 0
    outer loop
      vertex -0.0502996 0 8.06208e-07
      vertex -0.0502996 0.0335839 -0.00840186
      vertex -0.0502996 0.032365 -0.00876582
    endloop
  endfacet
  facet normal -1 0 0
    outer loop
      vertex -0.0502996 0 8.06208e-07
      vertex -0.0502996 0.032365 -0.00876582
      vertex -0.0502996 0.0299813 -0.00941078
    endloop
  endfacet
  facet normal -1 0 0
    outer loop
      vertex -0.0502996 0 8.06208e-07
      vertex -0.0502996 0.0299813 -0.00941078
      vertex -0.0502996 0.0280372 -0.00993668
    endloop
  endfacet
  facet normal -1 0 0
    outer loop
      vertex -0.0502996 0 8.06208e-07
      vertex -0.0502996 0.0280372 -0.00993668
      vertex -0.0502996 0.0240981 -0.0108868
    endloop
  endfacet
  facet normal -1 0 0
    outer loop
      vertex -0.0502996 0.0239421 -0.0109227
      vertex -0.0502996 0.0240981 -0.0108868
      vertex -0.0502996 0.0239984 -0.0109108
    endloop
  endfacet
  facet normal -1 -0 0
    outer loop
      vertex -0.0502996 0.0240981 -0.0108868
      vertex -0.0502996 0.0239421 -0.0109227
      vertex -0.0502996 0 8.06208e-07
    endloop
  endfacet
  facet normal -1 0 0
    outer loop
      vertex -0.0502996 0 8.06208e-07
      vertex -0.0502996 0.0239421 -0.0109227
      vertex -0.0502996 0.0237215 -0.0109693
    endloop
  endfacet
  facet normal -1 0 0
    outer loop
      vertex -0.0502996 0 8.06208e-07
      vertex -0.0502996 0.0237215 -0.0109693
      vertex -0.0502996 0.020749 -0.0115064
    endloop
  endfacet
  facet normal -1 0 0
    outer loop
      vertex -0.0502996 0 8.06208e-07
      vertex -0.0502996 0.020749 -0.0115064
      vertex -0.0502996 0.0201916 -0.0116071
    endloop
  endfacet
  facet normal -1 0 0
    outer loop
      vertex -0.0502996 0 8.06208e-07
      vertex -0.0502996 0.0201916 -0.0116071
      vertex -0.0502996 0.0176198 -0.0120035
    endloop
  endfacet
  facet normal -1 0 0
    outer loop
      vertex -0.0502996 0 8.06208e-07
      vertex -0.0502996 0.0176198 -0.0120035
      vertex -0.0502996 0.0165706 -0.0121651
    endloop
  endfacet
  facet normal -1 0 0
    outer loop
      vertex -0.0502996 0 8.06208e-07
      vertex -0.0502996 0.0165706 -0.0121651
      vertex -0.0502996 0.015178 -0.0123419
    endloop
  endfacet
  facet normal -1 0 0
    outer loop
      vertex -0.0502996 0 8.06208e-07
      vertex -0.0502996 0.015178 -0.0123419
      vertex -0.0502996 0.013094 -0.0126062
    endloop
  endfacet
  facet normal -1 0 0
    outer loop
      vertex -0.0502996 0 8.06208e-07
      vertex -0.0502996 0.013094 -0.0126062
      vertex -0.0502996 0.0114923 -0.0127651
    endloop
  endfacet
  facet normal -1 0 0
    outer loop
      vertex -0.0502996 0 8.06208e-07
      vertex -0.0502996 0.0114923 -0.0127651
      vertex -0.0502996 0.00972874 -0.01294
    endloop
  endfacet
  facet normal -1 0 0
    outer loop
      vertex -0.0502996 0 8.06208e-07
      vertex -0.0502996 0.00972874 -0.01294
      vertex -0.0502996 0.00844802 -0.0130312
    endloop
  endfacet
  facet normal -1 0 0
    outer loop
      vertex -0.0502996 0 8.06208e-07
      vertex -0.0502996 0.00844802 -0.0130312
      vertex -0.0502996 0.00644259 -0.0131738
    endloop
  endfacet
  facet normal -1 0 0
    outer loop
      vertex -0.0502996 0 8.06208e-07
      vertex -0.0502996 0.00644259 -0.0131738
      vertex -0.0502996 0.00420558 -0.0132696
    endloop
  endfacet
  facet normal -1 0 0
    outer loop
      vertex -0.0502996 0 8.06208e-07
      vertex -0.0502996 0.00420558 -0.0132696
      vertex -0.0502996 0.0032084 -0.0133123
    endloop
  endfacet
  facet normal -1 0 0
    outer loop
      vertex -0.0502996 0 8.06208e-07
      vertex -0.0502996 0.0032084 -0.0133123
      vertex -0.0502996 0.000911312 -0.0133453
    endloop
  endfacet
  facet normal -1 0 0
    outer loop
      vertex -0.0502996 0 8.06208e-07
      vertex -0.0502996 0.000911312 -0.0133453
      vertex -0.0502996 0 -0.0133584
    endloop
  endfacet
  facet normal -1 0 0
    outer loop
      vertex -0.0502996 0.0491187 -0.00248778
      vertex -0.0502996 0 8.06208e-07
      vertex -0.0502996 0.0540991 8.06208e-07
    endloop
  endfacet
  facet normal 0 1 0
    outer loop
      vertex 0.050105 0.0540991 -0.000112461
      vertex 0.0502996 0.0540991 8.06208e-07
      vertex 0.0502996 0.0540991 -1.44749e-05
    endloop
  endfacet
  facet normal 0 1 0
    outer loop
      vertex 0.0457044 0.0540991 -0.00218464
      vertex 0.0502996 0.0540991 8.06208e-07
      vertex 0.050105 0.0540991 -0.000112461
    endloop
  endfacet
  facet normal 0 1 0
    outer loop
      vertex 0.0502996 0.0540991 8.06208e-07
      vertex 0.0457044 0.0540991 -0.00218464
      vertex -0.0502996 0.0540991 8.06208e-07
    endloop
  endfacet
  facet normal 0 1 0
    outer loop
      vertex -0.0502996 0.0540991 8.06208e-07
      vertex -0.050105 0.0540991 -0.000112461
      vertex -0.0502996 0.0540991 -1.44749e-05
    endloop
  endfacet
  facet normal 0 1 -0
    outer loop
      vertex -0.0457044 0.0540991 -0.00218464
      vertex -0.0502996 0.0540991 8.06208e-07
      vertex 0.0457044 0.0540991 -0.00218464
    endloop
  endfacet
  facet normal 0 1 0
    outer loop
      vertex -0.0502996 0.0540991 8.06208e-07
      vertex -0.0457044 0.0540991 -0.00218464
      vertex -0.050105 0.0540991 -0.000112461
    endloop
  endfacet
  facet normal 0 1 0
    outer loop
      vertex 0.0437995 0.0540991 -0.00306986
      vertex 0.0457044 0.0540991 -0.00218464
      vertex 0.0441408 0.0540991 -0.00292087
    endloop
  endfacet
  facet normal 0 1 0
    outer loop
      vertex 0.0457044 0.0540991 -0.00218464
      vertex 0.0387656 0.0540991 -0.0050198
      vertex -0.0457044 0.0540991 -0.00218464
    endloop
  endfacet
  facet normal 0 1 0
    outer loop
      vertex 0.0457044 0.0540991 -0.00218464
      vertex 0.0437995 0.0540991 -0.00306986
      vertex 0.0387656 0.0540991 -0.0050198
    endloop
  endfacet
  facet normal 0 1 -0
    outer loop
      vertex -0.0387656 0.0540991 -0.0050198
      vertex -0.0457044 0.0540991 -0.00218464
      vertex 0.0387656 0.0540991 -0.0050198
    endloop
  endfacet
  facet normal 0 1 0
    outer loop
      vertex 0.0387656 0.0540991 -0.0050198
      vertex 0.0437995 0.0540991 -0.00306986
      vertex 0.043233 0.0540991 -0.00331703
    endloop
  endfacet
  facet normal -0 1 -0
    outer loop
      vertex -0.0437995 0.0540991 -0.00306986
      vertex -0.0457044 0.0540991 -0.00218464
      vertex -0.0387656 0.0540991 -0.0050198
    endloop
  endfacet
  facet normal 0 1 0
    outer loop
      vertex -0.0457044 0.0540991 -0.00218464
      vertex -0.0437995 0.0540991 -0.00306986
      vertex -0.0441408 0.0540991 -0.00292087
    endloop
  endfacet
  facet normal 0 1 0
    outer loop
      vertex -0.0437995 0.0540991 -0.00306986
      vertex -0.0387656 0.0540991 -0.0050198
      vertex -0.043233 0.0540991 -0.00331703
    endloop
  endfacet
  facet normal 0 1 -0
    outer loop
      vertex 0.036661 0.0540991 -0.00575564
      vertex -0.0387656 0.0540991 -0.0050198
      vertex 0.0387656 0.0540991 -0.0050198
    endloop
  endfacet
  facet normal 0 1 0
    outer loop
      vertex 0.036661 0.0540991 -0.00575564
      vertex -0.036661 0.0540991 -0.00575564
      vertex -0.0387656 0.0540991 -0.0050198
    endloop
  endfacet
  facet normal 0 1 0
    outer loop
      vertex 0.0333076 0.0540991 -0.00690953
      vertex 0.036661 0.0540991 -0.00575564
      vertex 0.0338614 0.0540991 -0.00673419
    endloop
  endfacet
  facet normal 0 1 0
    outer loop
      vertex 0.0265796 0.0540991 -0.00873153
      vertex 0.036661 0.0540991 -0.00575564
      vertex 0.0333076 0.0540991 -0.00690953
    endloop
  endfacet
  facet normal 0 1 0
    outer loop
      vertex 0.036661 0.0540991 -0.00575564
      vertex 0.0265796 0.0540991 -0.00873153
      vertex -0.036661 0.0540991 -0.00575564
    endloop
  endfacet
  facet normal 0 1 0
    outer loop
      vertex -0.036661 0.0540991 -0.00575564
      vertex -0.0333076 0.0540991 -0.00690953
      vertex -0.0338614 0.0540991 -0.00673419
    endloop
  endfacet
  facet normal 0 1 0
    outer loop
      vertex 0.0293328 0.0540991 -0.00805784
      vertex 0.0333076 0.0540991 -0.00690953
      vertex 0.0319275 0.0540991 -0.0073463
    endloop
  endfacet
  facet normal 0 1 0
    outer loop
      vertex 0.0265796 0.0540991 -0.00873153
      vertex 0.0333076 0.0540991 -0.00690953
      vertex 0.0293328 0.0540991 -0.00805784
    endloop
  endfacet
  facet normal 0 1 -0
    outer loop
      vertex -0.0265796 0.0540991 -0.00873153
      vertex -0.036661 0.0540991 -0.00575564
      vertex 0.0265796 0.0540991 -0.00873153
    endloop
  endfacet
  facet normal 0 1 0
    outer loop
      vertex -0.0333076 0.0540991 -0.00690953
      vertex -0.0293328 0.0540991 -0.00805784
      vertex -0.0319275 0.0540991 -0.0073463
    endloop
  endfacet
  facet normal 0 1 0
    outer loop
      vertex -0.036661 0.0540991 -0.00575564
      vertex -0.0265796 0.0540991 -0.00873153
      vertex -0.0333076 0.0540991 -0.00690953
    endloop
  endfacet
  facet normal 0 1 0
    outer loop
      vertex -0.0333076 0.0540991 -0.00690953
      vertex -0.0265796 0.0540991 -0.00873153
      vertex -0.0293328 0.0540991 -0.00805784
    endloop
  endfacet
  facet normal 0 1 0
    outer loop
      vertex 0.0233244 0.0540991 -0.00947318
      vertex 0.0265796 0.0540991 -0.00873153
      vertex 0.0251072 0.0540991 -0.00909175
    endloop
  endfacet
  facet normal 0 1 0
    outer loop
      vertex 0.0265796 0.0540991 -0.00873153
      vertex 0.0233244 0.0540991 -0.00947318
      vertex -0.0265796 0.0540991 -0.00873153
    endloop
  endfacet
  facet normal 0 1 -0
    outer loop
      vertex -0.0233244 0.0540991 -0.00947318
      vertex -0.0265796 0.0540991 -0.00873153
      vertex 0.0233244 0.0540991 -0.00947318
    endloop
  endfacet
  facet normal 0 1 0
    outer loop
      vertex -0.0265796 0.0540991 -0.00873153
      vertex -0.0233244 0.0540991 -0.00947318
      vertex -0.0251072 0.0540991 -0.00909175
    endloop
  endfacet
  facet normal 0 1 -0
    outer loop
      vertex 0.0211251 0.0540991 -0.00994358
      vertex -0.0233244 0.0540991 -0.00947318
      vertex 0.0233244 0.0540991 -0.00947318
    endloop
  endfacet
  facet normal 0 1 0
    outer loop
      vertex 0.0211251 0.0540991 -0.00994358
      vertex -0.0211251 0.0540991 -0.00994358
      vertex -0.0233244 0.0540991 -0.00947318
    endloop
  endfacet
  facet normal 0 1 -0
    outer loop
      vertex 0.0178132 0.0540991 -0.0105482
      vertex -0.0211251 0.0540991 -0.00994358
      vertex 0.0211251 0.0540991 -0.00994358
    endloop
  endfacet
  facet normal 0 1 0
    outer loop
      vertex 0.0178132 0.0540991 -0.0105482
      vertex -0.0178132 0.0540991 -0.0105482
      vertex -0.0211251 0.0540991 -0.00994358
    endloop
  endfacet
  facet normal 0 1 0
    outer loop
      vertex 0.0170124 0.0540991 -0.010684
      vertex 0.0178132 0.0540991 -0.0105482
      vertex 0.0173358 0.0540991 -0.0106353
    endloop
  endfacet
  facet normal 0 1 0
    outer loop
      vertex 0.0178132 0.0540991 -0.0105482
      vertex 0.0170124 0.0540991 -0.010684
      vertex -0.0178132 0.0540991 -0.0105482
    endloop
  endfacet
  facet normal 0 1 -0
    outer loop
      vertex -0.0170124 0.0540991 -0.010684
      vertex -0.0178132 0.0540991 -0.0105482
      vertex 0.0170124 0.0540991 -0.010684
    endloop
  endfacet
  facet normal 0 1 0
    outer loop
      vertex -0.0178132 0.0540991 -0.0105482
      vertex -0.0170124 0.0540991 -0.010684
      vertex -0.0173358 0.0540991 -0.0106353
    endloop
  endfacet
  facet normal 0 1 -0
    outer loop
      vertex 0.015113 0.0540991 -0.0109693
      vertex -0.0170124 0.0540991 -0.010684
      vertex 0.0170124 0.0540991 -0.010684
    endloop
  endfacet
  facet normal 0 1 0
    outer loop
      vertex 0.015113 0.0540991 -0.0109693
      vertex -0.015113 0.0540991 -0.0109693
      vertex -0.0170124 0.0540991 -0.010684
    endloop
  endfacet
  facet normal 0 1 -0
    outer loop
      vertex 0.0136997 0.0540991 -0.0111511
      vertex -0.015113 0.0540991 -0.0109693
      vertex 0.015113 0.0540991 -0.0109693
    endloop
  endfacet
  facet normal 0 1 0
    outer loop
      vertex 0.0136997 0.0540991 -0.0111511
      vertex -0.0136997 0.0540991 -0.0111511
      vertex -0.015113 0.0540991 -0.0109693
    endloop
  endfacet
  facet normal 0 1 -0
    outer loop
      vertex 0.0106514 0.0540991 -0.011458
      vertex -0.0136997 0.0540991 -0.0111511
      vertex 0.0136997 0.0540991 -0.0111511
    endloop
  endfacet
  facet normal 0 1 0
    outer loop
      vertex 0.0106514 0.0540991 -0.011458
      vertex -0.0106514 0.0540991 -0.011458
      vertex -0.0136997 0.0540991 -0.0111511
    endloop
  endfacet
  facet normal 0 1 0
    outer loop
      vertex 0.00961935 0.0540991 -0.0115459
      vertex 0.0106514 0.0540991 -0.011458
      vertex 0.010178 0.0540991 -0.0115056
    endloop
  endfacet
  facet normal 0 1 0
    outer loop
      vertex 0.0106514 0.0540991 -0.011458
      vertex 0.00961935 0.0540991 -0.0115459
      vertex -0.0106514 0.0540991 -0.011458
    endloop
  endfacet
  facet normal 0 1 -0
    outer loop
      vertex -0.00961935 0.0540991 -0.0115459
      vertex -0.0106514 0.0540991 -0.011458
      vertex 0.00961935 0.0540991 -0.0115459
    endloop
  endfacet
  facet normal 0 1 0
    outer loop
      vertex -0.0106514 0.0540991 -0.011458
      vertex -0.00961935 0.0540991 -0.0115459
      vertex -0.010178 0.0540991 -0.0115056
    endloop
  endfacet
  facet normal 0 1 -0
    outer loop
      vertex 0.00674005 0.0540991 -0.0117534
      vertex -0.00961935 0.0540991 -0.0115459
      vertex 0.00961935 0.0540991 -0.0115459
    endloop
  endfacet
  facet normal 0 1 0
    outer loop
      vertex 0.00674005 0.0540991 -0.0117534
      vertex -0.00674005 0.0540991 -0.0117534
      vertex -0.00961935 0.0540991 -0.0115459
    endloop
  endfacet
  facet normal 0 1 -0
    outer loop
      vertex 0.00420861 0.0540991 -0.0118634
      vertex -0.00674005 0.0540991 -0.0117534
      vertex 0.00674005 0.0540991 -0.0117534
    endloop
  endfacet
  facet normal 0 1 0
    outer loop
      vertex 0.00420861 0.0540991 -0.0118634
      vertex -0.00420861 0.0540991 -0.0118634
      vertex -0.00674005 0.0540991 -0.0117534
    endloop
  endfacet
  facet normal 0 1 0
    outer loop
      vertex 0.000919631 0.0540991 -0.0119359
      vertex 0.00420861 0.0540991 -0.0118634
      vertex 0.00335611 0.0540991 -0.0119004
    endloop
  endfacet
  facet normal 0 1 0
    outer loop
      vertex 0.00420861 0.0540991 -0.0118634
      vertex 0.000919631 0.0540991 -0.0119359
      vertex -0.00420861 0.0540991 -0.0118634
    endloop
  endfacet
  facet normal 0 1 -0
    outer loop
      vertex -0.000919631 0.0540991 -0.0119359
      vertex -0.00420861 0.0540991 -0.0118634
      vertex 0.000919631 0.0540991 -0.0119359
    endloop
  endfacet
  facet normal 0 1 0
    outer loop
      vertex -0.00420861 0.0540991 -0.0118634
      vertex -0.000919631 0.0540991 -0.0119359
      vertex -0.00335611 0.0540991 -0.0119004
    endloop
  endfacet
  facet normal -0 1 0
    outer loop
      vertex -0.000919631 0.0540991 -0.0119359
      vertex 0.000919631 0.0540991 -0.0119359
      vertex 0 0.0540991 -0.0119492
    endloop
  endfacet
  facet normal 0 -1 0
    outer loop
      vertex -0.0485353 0 -0.0141717
      vertex -0.0502996 0 8.06208e-07
      vertex -0.0502996 0 -0.0133584
    endloop
  endfacet
  facet normal 0 -1 0
    outer loop
      vertex -0.0340948 0 -0.0192634
      vertex -0.0502996 0 8.06208e-07
      vertex -0.0413971 0 -0.0169403
    endloop
  endfacet
  facet normal 0 -1 0
    outer loop
      vertex -0.0502996 0 8.06208e-07
      vertex -0.0485353 0 -0.0141717
      vertex -0.0413971 0 -0.0169403
    endloop
  endfacet
  facet normal 0 -1 0
    outer loop
      vertex -0.026659 0 -0.0211345
      vertex -0.0502996 0 8.06208e-07
      vertex -0.0340948 0 -0.0192634
    endloop
  endfacet
  facet normal -0 -1 0
    outer loop
      vertex 0.0485353 0 -0.0141717
      vertex 0.0502996 0 8.06208e-07
      vertex 0.0413971 0 -0.0169403
    endloop
  endfacet
  facet normal 0 -1 -0
    outer loop
      vertex 0.0502996 0 8.06208e-07
      vertex 0.0485353 0 -0.0141717
      vertex 0.0502996 0 -0.0133584
    endloop
  endfacet
  facet normal 0 -1 0
    outer loop
      vertex -0.0191174 0 -0.0225431
      vertex -0.0502996 0 8.06208e-07
      vertex -0.026659 0 -0.0211345
    endloop
  endfacet
  facet normal 0 -1 0
    outer loop
      vertex 0.0502996 0 8.06208e-07
      vertex 0.0340948 0 -0.0192634
      vertex 0.0413971 0 -0.0169403
    endloop
  endfacet
  facet normal 0 -1 0
    outer loop
      vertex -0.0115004 0 -0.0234853
      vertex -0.0502996 0 8.06208e-07
      vertex -0.0191174 0 -0.0225431
    endloop
  endfacet
  facet normal 0 -1 0
    outer loop
      vertex 0.0502996 0 8.06208e-07
      vertex 0.026659 0 -0.0211345
      vertex 0.0340948 0 -0.0192634
    endloop
  endfacet
  facet normal 0 -1 0
    outer loop
      vertex -0.00383854 0 -0.0239584
      vertex -0.0502996 0 8.06208e-07
      vertex -0.0115004 0 -0.0234853
    endloop
  endfacet
  facet normal 0 -1 0
    outer loop
      vertex 0.0502996 0 8.06208e-07
      vertex 0.0191174 0 -0.0225431
      vertex 0.026659 0 -0.0211345
    endloop
  endfacet
  facet normal 0 -1 0
    outer loop
      vertex -0.0502996 0 8.06208e-07
      vertex -0.00383854 0 -0.0239584
      vertex 0.0502996 0 8.06208e-07
    endloop
  endfacet
  facet normal 0 -1 0
    outer loop
      vertex 0.0502996 0 8.06208e-07
      vertex 0.0115004 0 -0.0234853
      vertex 0.0191174 0 -0.0225431
    endloop
  endfacet
  facet normal 0 -1 0
    outer loop
      vertex 0.00383854 0 -0.0239584
      vertex 0.0502996 0 8.06208e-07
      vertex -0.00383854 0 -0.0239584
    endloop
  endfacet
  facet normal 0 -1 0
    outer loop
      vertex 0.0502996 0 8.06208e-07
      vertex 0.00383854 0 -0.0239584
      vertex 0.0115004 0 -0.0234853
    endloop
  endfacet
endsolid OpenSCAD_Model
