solid OpenSCAD_Model
  facet normal -0.359977 -0.0110687 -0.932895
    outer loop
      vertex -0.0488558 -0.00313187 -0.0137471
      vertex -0.0489521 0 -0.0137471
      vertex -0.0417528 0 -0.0165251
    endloop
  endfacet
  facet normal -0.00949145 -0.296582 -0.95496
    outer loop
      vertex 0 -0.0425491 -0.0165251
      vertex -0.00262165 -0.0424652 -0.0165251
      vertex -0.00215912 -0.0349751 -0.0188559
    endloop
  endfacet
  facet normal 0.411929 -0.0639267 -0.908971
    outer loop
      vertex 0.0503492 -0.00748707 -0.0128521
      vertex 0.0485659 -0.00625229 -0.0137471
      vertex 0.0503492 -0.00648179 -0.0129228
    endloop
  endfacet
  facet normal -0.0484939 -0.110046 -0.992743
    outer loop
      vertex -0.0042696 -0.0109901 -0.0230921
      vertex -0.0070982 -0.0182695 -0.022147
      vertex -0.00493813 -0.0106955 -0.0230921
    endloop
  endfacet
  facet normal 0.0588328 -0.016708 -0.998128
    outer loop
      vertex 0.0112352 -0.00293922 -0.0230921
      vertex 0.00368214 -0.0012188 -0.0235661
      vertex 0.00374985 -0.000980377 -0.0235661
    endloop
  endfacet
  facet normal 0.277145 -0.117664 -0.953596
    outer loop
      vertex 0.0377789 -0.018116 -0.0165251
      vertex 0.0311155 -0.0149212 -0.0188559
      vertex 0.0388203 -0.0156631 -0.0165251
    endloop
  endfacet
  facet normal 0.0130737 -0.410318 -0.911849
    outer loop
      vertex 0 -0.0498857 -0.0137471
      vertex 0.0011578 -0.0542994 -0.0117444
      vertex 0 -0.0542994 -0.011761
    endloop
  endfacet
  facet normal 0.0131088 -0.410311 -0.911852
    outer loop
      vertex 0.0011578 -0.0542994 -0.0117444
      vertex 0 -0.0498857 -0.0137471
      vertex 0.00307369 -0.0497875 -0.0137471
    endloop
  endfacet
  facet normal 0.137307 -0.264264 -0.954626
    outer loop
      vertex 0.0177774 -0.0384998 -0.0165251
      vertex 0.0165663 -0.0307093 -0.0188559
      vertex 0.0201139 -0.0372858 -0.0165251
    endloop
  endfacet
  facet normal 0.407008 -0.236187 -0.882361
    outer loop
      vertex 0.0472479 -0.0305557 -0.0105341
      vertex 0.0503492 -0.0282077 -0.00973206
      vertex 0.0503492 -0.0306551 -0.00907695
    endloop
  endfacet
  facet normal 0.406998 -0.23617 -0.882369
    outer loop
      vertex 0.0503492 -0.0282077 -0.00973206
      vertex 0.0472479 -0.0305557 -0.0105341
      vertex 0.049037 -0.0274725 -0.0105341
    endloop
  endfacet
  facet normal -0.234947 -0.339181 -0.91091
    outer loop
      vertex -0.0299835 -0.0481491 -0.0105341
      vertex -0.0328913 -0.0461349 -0.0105341
      vertex -0.0287733 -0.0403585 -0.0137471
    endloop
  endfacet
  facet normal -0.0576272 -0.0203618 -0.998131
    outer loop
      vertex -0.0107851 -0.00435162 -0.0230921
      vertex -0.0110321 -0.00365257 -0.0230921
      vertex -0.00368214 -0.0012188 -0.0235661
    endloop
  endfacet
  facet normal 0.00387221 -0.119851 -0.992784
    outer loop
      vertex 0.00121021 -0.0196104 -0.022147
      vertex 0 -0.0196495 -0.022147
      vertex 0 -0.0118208 -0.0230921
    endloop
  endfacet
  facet normal -0.16389 -0.315427 -0.93469
    outer loop
      vertex -0.0177774 -0.0384998 -0.0165251
      vertex -0.0235825 -0.0437155 -0.0137471
      vertex -0.0201139 -0.0372858 -0.0165251
    endloop
  endfacet
  facet normal -0.371778 -0.185939 -0.90951
    outer loop
      vertex -0.0503492 -0.0248488 -0.0105341
      vertex -0.0428972 -0.0240326 -0.0137471
      vertex -0.049037 -0.0274725 -0.0105341
    endloop
  endfacet
  facet normal -0.371763 -0.186026 -0.909498
    outer loop
      vertex -0.0428972 -0.0240326 -0.0137471
      vertex -0.0503492 -0.0248488 -0.0105341
      vertex -0.0503492 -0.0242714 -0.0106522
    endloop
  endfacet
  facet normal -0.116695 -0.394107 -0.911626
    outer loop
      vertex -0.0170762 -0.0542994 -0.0105341
      vertex -0.0121737 -0.0483189 -0.0137471
      vertex -0.0136803 -0.0542994 -0.0109688
    endloop
  endfacet
  facet normal -0.116698 -0.394105 -0.911626
    outer loop
      vertex -0.0121737 -0.0483189 -0.0137471
      vertex -0.0170762 -0.0542994 -0.0105341
      vertex -0.017292 -0.0542355 -0.0105341
    endloop
  endfacet
  facet normal -0.105132 -0.0610464 -0.992583
    outer loop
      vertex -0.00979328 -0.00633335 -0.0230921
      vertex -0.0162802 -0.0105286 -0.022147
      vertex -0.0101643 -0.00569439 -0.0230921
    endloop
  endfacet
  facet normal -0.120639 -0.0188352 -0.992518
    outer loop
      vertex -0.0113935 -0.00221443 -0.0230921
      vertex -0.01894 -0.00368118 -0.022147
      vertex -0.011508 -0.00148106 -0.0230921
    endloop
  endfacet
  facet normal -0.359242 -0.208459 -0.909665
    outer loop
      vertex -0.0472479 -0.0305557 -0.0105341
      vertex -0.049037 -0.0274725 -0.0105341
      vertex -0.0428972 -0.0240326 -0.0137471
    endloop
  endfacet
  facet normal -0.0564643 -0.349872 -0.935094
    outer loop
      vertex -0.00613499 -0.0494928 -0.0137471
      vertex -0.00917244 -0.0490026 -0.0137471
      vertex -0.00782299 -0.0417957 -0.0165251
    endloop
  endfacet
  facet normal -0.0379638 -0.235623 -0.971103
    outer loop
      vertex -0.00430965 -0.0347681 -0.0188559
      vertex -0.00503826 -0.0269156 -0.0207327
      vertex -0.00336933 -0.0271845 -0.0207327
    endloop
  endfacet
  facet normal -0.102855 -0.148483 -0.983552
    outer loop
      vertex -0.0103312 -0.0165911 -0.022147
      vertex -0.0158043 -0.0221682 -0.0207327
      vertex -0.0113335 -0.0158968 -0.022147
    endloop
  endfacet
  facet normal 0.298078 -0.198791 -0.933612
    outer loop
      vertex 0.0396032 -0.0293217 -0.0137471
      vertex 0.0352526 -0.0227985 -0.0165251
      vertex 0.0413313 -0.0267305 -0.0137471
    endloop
  endfacet
  facet normal -0.0912399 -0.400577 -0.911709
    outer loop
      vertex -0.0101642 -0.0542994 -0.0113206
      vertex -0.0132039 -0.0542994 -0.0110164
      vertex -0.00917244 -0.0490026 -0.0137471
    endloop
  endfacet
  facet normal 0.0312064 -0.0517239 -0.998174
    outer loop
      vertex 0.00558758 -0.0103588 -0.0230921
      vertex 0.00207424 -0.00333118 -0.0235661
      vertex 0.0062151 -0.0099802 -0.0230921
    endloop
  endfacet
  facet normal 0.323529 -0.40934 -0.853094
    outer loop
      vertex 0.0387126 -0.0542994 -0.00497162
      vertex 0.0368805 -0.0517292 -0.00689969
      vertex 0.0438837 -0.0542994 -0.00301052
    endloop
  endfacet
  facet normal -0.0685967 -0.0992073 -0.9927
    outer loop
      vertex -0.0062151 -0.0099802 -0.0230921
      vertex -0.0103312 -0.0165911 -0.022147
      vertex -0.00681782 -0.00956345 -0.0230921
    endloop
  endfacet
  facet normal -0.391213 -0.260845 -0.88256
    outer loop
      vertex -0.0472479 -0.0305557 -0.0105341
      vertex -0.0503492 -0.0367593 -0.00732588
      vertex -0.0503492 -0.0325615 -0.00856656
    endloop
  endfacet
  facet normal -0.409984 -0.402247 -0.818603
    outer loop
      vertex -0.0474272 -0.0514679 -0.00285611
      vertex -0.0503492 -0.0519397 -0.00116084
      vertex -0.0503492 -0.0484897 -0.00285611
    endloop
  endfacet
  facet normal 0.0339513 -0.352681 -0.935127
    outer loop
      vertex 0.00307369 -0.0497875 -0.0137471
      vertex 0.00262165 -0.0424652 -0.0165251
      vertex 0.00613499 -0.0494928 -0.0137471
    endloop
  endfacet
  facet normal -0.0620175 -0.168941 -0.983673
    outer loop
      vertex -0.00830841 -0.0260601 -0.0207327
      vertex -0.00989819 -0.0254765 -0.0207327
      vertex -0.0070982 -0.0182695 -0.022147
    endloop
  endfacet
  facet normal -0.334706 -0.328413 -0.883242
    outer loop
      vertex -0.0429516 -0.0466108 -0.00689969
      vertex -0.0457382 -0.0437708 -0.00689969
      vertex -0.0407925 -0.0390368 -0.0105341
    endloop
  endfacet
  facet normal -0.160617 -0.178927 -0.970663
    outer loop
      vertex -0.0171385 -0.0211124 -0.0207327
      vertex -0.0219193 -0.0270023 -0.0188559
      vertex -0.0184059 -0.0199747 -0.0207327
    endloop
  endfacet
  facet normal -0.238741 -0.18163 -0.953946
    outer loop
      vertex -0.0321712 -0.0271215 -0.0165251
      vertex -0.0337782 -0.0250092 -0.0165251
      vertex -0.0278206 -0.0205984 -0.0188559
    endloop
  endfacet
  facet normal 0.121039 -0.134622 -0.983477
    outer loop
      vertex 0.0184059 -0.0199747 -0.0207327
      vertex 0.012291 -0.0151405 -0.022147
      vertex 0.0131989 -0.0143242 -0.022147
    endloop
  endfacet
  facet normal -0.411929 -0.0639267 -0.908971
    outer loop
      vertex -0.0485659 -0.00625229 -0.0137471
      vertex -0.0503492 -0.00748707 -0.0128521
      vertex -0.0503492 -0.00648179 -0.0129228
    endloop
  endfacet
  facet normal 0.255 -0.25018 -0.934015
    outer loop
      vertex 0.0335102 -0.0363655 -0.0137471
      vertex 0.0304365 -0.0291271 -0.0165251
      vertex 0.0356846 -0.0341492 -0.0137471
    endloop
  endfacet
  facet normal 0.21277 -0.353048 -0.911091
    outer loop
      vertex 0.0269585 -0.0499725 -0.0105341
      vertex 0.0235825 -0.0437155 -0.0137471
      vertex 0.0262299 -0.04212 -0.0137471
    endloop
  endfacet
  facet normal 0.148949 -0.188458 -0.97072
    outer loop
      vertex 0.0202131 -0.0283508 -0.0188559
      vertex 0.0158043 -0.0221682 -0.0207327
      vertex 0.0219193 -0.0270023 -0.0188559
    endloop
  endfacet
  facet normal 0.345228 -0.230236 -0.90984
    outer loop
      vertex 0.0452719 -0.0335188 -0.0105341
      vertex 0.0396032 -0.0293217 -0.0137471
      vertex 0.0413313 -0.0267305 -0.0137471
    endloop
  endfacet
  facet normal 0.239882 -0.0372926 -0.970085
    outer loop
      vertex 0.0337791 -0.00656605 -0.0188559
      vertex 0.026412 -0.00513363 -0.0207327
      vertex 0.0266762 -0.00343418 -0.0207327
    endloop
  endfacet
  facet normal -0.338953 -0.119705 -0.933157
    outer loop
      vertex -0.0455151 -0.018364 -0.0137471
      vertex -0.0465565 -0.0154152 -0.0137471
      vertex -0.0397091 -0.0131483 -0.0165251
    endloop
  endfacet
  facet normal -0.358572 -0.0333129 -0.932907
    outer loop
      vertex -0.0485659 -0.00625229 -0.0137471
      vertex -0.0488558 -0.00313187 -0.0137471
      vertex -0.0414238 -0.00533199 -0.0165251
    endloop
  endfacet
  facet normal 0.215168 -0.414336 -0.884324
    outer loop
      vertex 0.0292921 -0.0542994 -0.007939
      vertex 0.026825 -0.0542994 -0.00853928
      vertex 0.0269585 -0.0499725 -0.0105341
    endloop
  endfacet
  facet normal 0.266249 -0.384418 -0.883931
    outer loop
      vertex 0.0336199 -0.0539875 -0.00689969
      vertex 0.0299835 -0.0481491 -0.0105341
      vertex 0.0368805 -0.0517292 -0.00689969
    endloop
  endfacet
  facet normal 0.416815 -0.0128249 -0.908901
    outer loop
      vertex 0.0503492 -0.00247337 -0.0130715
      vertex 0.0489521 0 -0.0137471
      vertex 0.0503492 0 -0.0131064
    endloop
  endfacet
  facet normal 0.416827 -0.0128168 -0.908895
    outer loop
      vertex 0.0489521 0 -0.0137471
      vertex 0.0503492 -0.00247337 -0.0130715
      vertex 0.0488558 -0.00313187 -0.0137471
    endloop
  endfacet
  facet normal -0.349019 -0.3885 -0.852791
    outer loop
      vertex -0.0474272 -0.0514679 -0.00285611
      vertex -0.044079 -0.0542994 -0.00293649
      vertex -0.0442754 -0.0542994 -0.00285611
    endloop
  endfacet
  facet normal -0.348971 -0.388442 -0.852837
    outer loop
      vertex -0.044079 -0.0542994 -0.00293649
      vertex -0.0474272 -0.0514679 -0.00285611
      vertex -0.0399942 -0.0492678 -0.00689969
    endloop
  endfacet
  facet normal -0.407008 -0.236187 -0.882361
    outer loop
      vertex -0.0503492 -0.0282077 -0.00973206
      vertex -0.0472479 -0.0305557 -0.0105341
      vertex -0.0503492 -0.0306551 -0.00907695
    endloop
  endfacet
  facet normal -0.406998 -0.23617 -0.882369
    outer loop
      vertex -0.0472479 -0.0305557 -0.0105341
      vertex -0.0503492 -0.0282077 -0.00973206
      vertex -0.049037 -0.0274725 -0.0105341
    endloop
  endfacet
  facet normal -0.18519 -0.234313 -0.95436
    outer loop
      vertex -0.0202131 -0.0283508 -0.0188559
      vertex -0.0245419 -0.0344229 -0.0165251
      vertex -0.0219193 -0.0270023 -0.0188559
    endloop
  endfacet
  facet normal -0.157446 -0.0913868 -0.98329
    outer loop
      vertex -0.0227022 -0.0146818 -0.0207327
      vertex -0.0235624 -0.0131998 -0.0207327
      vertex -0.0162802 -0.0105286 -0.022147
    endloop
  endfacet
  facet normal -0.334608 -0.328452 -0.883265
    outer loop
      vertex -0.0383062 -0.0415697 -0.0105341
      vertex -0.0429516 -0.0466108 -0.00689969
      vertex -0.0407925 -0.0390368 -0.0105341
    endloop
  endfacet
  facet normal -0.373041 -0.366027 -0.852564
    outer loop
      vertex -0.0429516 -0.0466108 -0.00689969
      vertex -0.0474272 -0.0514679 -0.00285611
      vertex -0.0457382 -0.0437708 -0.00689969
    endloop
  endfacet
  facet normal -0.143324 -0.324998 -0.934791
    outer loop
      vertex -0.0180206 -0.0463829 -0.0137471
      vertex -0.0208426 -0.0451384 -0.0137471
      vertex -0.0177774 -0.0384998 -0.0165251
    endloop
  endfacet
  facet normal -0.143268 -0.325002 -0.934798
    outer loop
      vertex -0.0153694 -0.0395613 -0.0165251
      vertex -0.0180206 -0.0463829 -0.0137471
      vertex -0.0177774 -0.0384998 -0.0165251
    endloop
  endfacet
  facet normal -0.183633 -0.304724 -0.93457
    outer loop
      vertex -0.0201139 -0.0372858 -0.0165251
      vertex -0.0235825 -0.0437155 -0.0137471
      vertex -0.0223722 -0.0359249 -0.0165251
    endloop
  endfacet
  facet normal -0.199879 -0.222396 -0.954248
    outer loop
      vertex -0.0266142 -0.0327845 -0.0165251
      vertex -0.0285816 -0.0310163 -0.0165251
      vertex -0.0235405 -0.0255461 -0.0188559
    endloop
  endfacet
  facet normal -0.178489 -0.0391196 -0.983164
    outer loop
      vertex -0.0186758 -0.00488663 -0.022147
      vertex -0.026412 -0.00513363 -0.0207327
      vertex -0.01894 -0.00368118 -0.022147
    endloop
  endfacet
  facet normal -0.270475 -0.233933 -0.933873
    outer loop
      vertex -0.0356846 -0.0341492 -0.0137471
      vertex -0.0377178 -0.0317984 -0.0137471
      vertex -0.0321712 -0.0271215 -0.0165251
    endloop
  endfacet
  facet normal -0.0588237 -0.0167479 -0.998128
    outer loop
      vertex -0.0110321 -0.00365257 -0.0230921
      vertex -0.0112352 -0.00293922 -0.0230921
      vertex -0.00368214 -0.0012188 -0.0235661
    endloop
  endfacet
  facet normal -0.300549 -0.0277873 -0.953362
    outer loop
      vertex -0.0414238 -0.00533199 -0.0165251
      vertex -0.0416698 -0.00267124 -0.0165251
      vertex -0.0343199 -0.00220013 -0.0188559
    endloop
  endfacet
  facet normal -0.060974 -0.00564809 -0.998123
    outer loop
      vertex -0.00384045 -0.000494003 -0.0235661
      vertex -0.0115767 -0.000741959 -0.0230921
      vertex -0.00386333 -0.000247002 -0.0235661
    endloop
  endfacet
  facet normal -0.0749332 -0.0946848 -0.992683
    outer loop
      vertex -0.00681782 -0.00956345 -0.0230921
      vertex -0.012291 -0.0151405 -0.022147
      vertex -0.00739384 -0.00910759 -0.0230921
    endloop
  endfacet
  facet normal 0.330627 -0.140371 -0.933264
    outer loop
      vertex 0.0455151 -0.018364 -0.0137471
      vertex 0.0377789 -0.018116 -0.0165251
      vertex 0.0388203 -0.0156631 -0.0165251
    endloop
  endfacet
  facet normal 0.200939 -0.133989 -0.970397
    outer loop
      vertex 0.0278206 -0.0205984 -0.0188559
      vertex 0.0227022 -0.0146818 -0.0207327
      vertex 0.0290346 -0.0187778 -0.0188559
    endloop
  endfacet
  facet normal 0.160651 -0.437623 -0.88469
    outer loop
      vertex 0.0173631 -0.0542994 -0.0104896
      vertex 0.0205994 -0.0530214 -0.0105341
      vertex 0.0210958 -0.0542994 -0.00981178
    endloop
  endfacet
  facet normal 0.16059 -0.437473 -0.884776
    outer loop
      vertex 0.0205994 -0.0530214 -0.0105341
      vertex 0.0173631 -0.0542994 -0.0104896
      vertex 0.017292 -0.0542355 -0.0105341
    endloop
  endfacet
  facet normal 0.256086 -0.323991 -0.910741
    outer loop
      vertex 0.0356693 -0.0439396 -0.0105341
      vertex 0.0287733 -0.0403585 -0.0137471
      vertex 0.0312033 -0.0384378 -0.0137471
    endloop
  endfacet
  facet normal 0.171822 -0.168605 -0.970592
    outer loop
      vertex 0.0235405 -0.0255461 -0.0188559
      vertex 0.0184059 -0.0199747 -0.0207327
      vertex 0.0196009 -0.0187569 -0.0207327
    endloop
  endfacet
  facet normal 0.238468 -0.265465 -0.934163
    outer loop
      vertex 0.0312033 -0.0384378 -0.0137471
      vertex 0.0266142 -0.0327845 -0.0165251
      vertex 0.0335102 -0.0363655 -0.0137471
    endloop
  endfacet
  facet normal -0.0472634 -0.293083 -0.954918
    outer loop
      vertex -0.00523281 -0.0422134 -0.0165251
      vertex -0.00782299 -0.0417957 -0.0165251
      vertex -0.00430965 -0.0347681 -0.0188559
    endloop
  endfacet
  facet normal 0.178486 -0.0392051 -0.983161
    outer loop
      vertex 0.0260429 -0.006814 -0.0207327
      vertex 0.0186758 -0.00488663 -0.022147
      vertex 0.026412 -0.00513363 -0.0207327
    endloop
  endfacet
  facet normal -0.189819 -0.365511 -0.911246
    outer loop
      vertex -0.0208426 -0.0451384 -0.0137471
      vertex -0.0269585 -0.0499725 -0.0105341
      vertex -0.0235825 -0.0437155 -0.0137471
    endloop
  endfacet
  facet normal 0.0393218 -0.408692 -0.911825
    outer loop
      vertex 0.00335206 -0.0542994 -0.0117128
      vertex 0.00307369 -0.0497875 -0.0137471
      vertex 0.00569181 -0.0542994 -0.0116119
    endloop
  endfacet
  facet normal 0.234914 -0.339188 -0.910915
    outer loop
      vertex 0.0299835 -0.0481491 -0.0105341
      vertex 0.0262299 -0.04212 -0.0137471
      vertex 0.0287733 -0.0403585 -0.0137471
    endloop
  endfacet
  facet normal -0.371761 -0.186049 -0.909494
    outer loop
      vertex -0.0503492 -0.0241443 -0.0106782
      vertex -0.0428972 -0.0240326 -0.0137471
      vertex -0.0503492 -0.0242714 -0.0106522
    endloop
  endfacet
  facet normal -0.371775 -0.185887 -0.909521
    outer loop
      vertex -0.0428972 -0.0240326 -0.0137471
      vertex -0.0503492 -0.0241443 -0.0106782
      vertex -0.0442934 -0.0212402 -0.0137471
    endloop
  endfacet
  facet normal -0.421181 -0.210647 -0.882176
    outer loop
      vertex -0.049037 -0.0274725 -0.0105341
      vertex -0.0503492 -0.0282077 -0.00973206
      vertex -0.0503492 -0.0248488 -0.0105341
    endloop
  endfacet
  facet normal -0.136632 -0.19726 -0.970783
    outer loop
      vertex -0.0184259 -0.0295887 -0.0188559
      vertex -0.0202131 -0.0283508 -0.0188559
      vertex -0.0158043 -0.0221682 -0.0207327
    endloop
  endfacet
  facet normal -0.123715 -0.205301 -0.970848
    outer loop
      vertex -0.0165663 -0.0307093 -0.0188559
      vertex -0.0184259 -0.0295887 -0.0188559
      vertex -0.0129528 -0.0240116 -0.0207327
    endloop
  endfacet
  facet normal -0.298072 -0.198796 -0.933613
    outer loop
      vertex -0.0337782 -0.0250092 -0.0165251
      vertex -0.0396032 -0.0293217 -0.0137471
      vertex -0.0352526 -0.0227985 -0.0165251
    endloop
  endfacet
  facet normal -0.120948 -0.134736 -0.983472
    outer loop
      vertex -0.0171385 -0.0211124 -0.0207327
      vertex -0.0184059 -0.0199747 -0.0207327
      vertex -0.012291 -0.0151405 -0.022147
    endloop
  endfacet
  facet normal -0.2412 -0.400148 -0.88414
    outer loop
      vertex -0.0269585 -0.0499725 -0.0105341
      vertex -0.0336199 -0.0539875 -0.00689969
      vertex -0.0299835 -0.0481491 -0.0105341
    endloop
  endfacet
  facet normal -0.298078 -0.198791 -0.933612
    outer loop
      vertex -0.0396032 -0.0293217 -0.0137471
      vertex -0.0413313 -0.0267305 -0.0137471
      vertex -0.0352526 -0.0227985 -0.0165251
    endloop
  endfacet
  facet normal -0.35494 -0.307098 -0.883011
    outer loop
      vertex -0.0457382 -0.0437708 -0.00689969
      vertex -0.0483456 -0.0407572 -0.00689969
      vertex -0.0407925 -0.0390368 -0.0105341
    endloop
  endfacet
  facet normal -0.354979 -0.306979 -0.883037
    outer loop
      vertex -0.0407925 -0.0390368 -0.0105341
      vertex -0.0483456 -0.0407572 -0.00689969
      vertex -0.0431166 -0.0363493 -0.0105341
    endloop
  endfacet
  facet normal -0.123713 -0.205303 -0.970848
    outer loop
      vertex -0.0129528 -0.0240116 -0.0207327
      vertex -0.0184259 -0.0295887 -0.0188559
      vertex -0.0144072 -0.0231352 -0.0207327
    endloop
  endfacet
  facet normal -0.137307 -0.264264 -0.954626
    outer loop
      vertex -0.0177774 -0.0384998 -0.0165251
      vertex -0.0201139 -0.0372858 -0.0165251
      vertex -0.0165663 -0.0307093 -0.0188559
    endloop
  endfacet
  facet normal -0.228527 -0.0807042 -0.970187
    outer loop
      vertex -0.0249996 -0.010087 -0.0207327
      vertex -0.0327053 -0.010829 -0.0188559
      vertex -0.0255718 -0.00846672 -0.0207327
    endloop
  endfacet
  facet normal -0.24273 -0.00740705 -0.970066
    outer loop
      vertex -0.0268354 -0.00172043 -0.0207327
      vertex -0.0343885 0 -0.0188559
      vertex -0.0268879 0 -0.0207327
    endloop
  endfacet
  facet normal -0.415174 -0.0385491 -0.908925
    outer loop
      vertex -0.0503492 -0.004032 -0.0130267
      vertex -0.0485659 -0.00625229 -0.0137471
      vertex -0.0503492 -0.00648179 -0.0129228
    endloop
  endfacet
  facet normal -0.4152 -0.0385738 -0.908912
    outer loop
      vertex -0.0485659 -0.00625229 -0.0137471
      vertex -0.0503492 -0.004032 -0.0130267
      vertex -0.0488558 -0.00313187 -0.0137471
    endloop
  endfacet
  facet normal -0.355758 -0.0552605 -0.932943
    outer loop
      vertex -0.0480852 -0.00934696 -0.0137471
      vertex -0.0485659 -0.00625229 -0.0137471
      vertex -0.0414238 -0.00533199 -0.0165251
    endloop
  endfacet
  facet normal -0.330627 -0.140371 -0.933264
    outer loop
      vertex -0.0377789 -0.018116 -0.0165251
      vertex -0.0455151 -0.018364 -0.0137471
      vertex -0.0388203 -0.0156631 -0.0165251
    endloop
  endfacet
  facet normal -0.289937 -0.0826484 -0.95347
    outer loop
      vertex -0.0327053 -0.010829 -0.0188559
      vertex -0.0397091 -0.0131483 -0.0165251
      vertex -0.033308 -0.00871468 -0.0188559
    endloop
  endfacet
  facet normal -0.21641 -0.10831 -0.970276
    outer loop
      vertex -0.0301342 -0.0168819 -0.0188559
      vertex -0.0311155 -0.0149212 -0.0188559
      vertex -0.0235624 -0.0131998 -0.0207327
    endloop
  endfacet
  facet normal -0.400553 -0.114225 -0.909126
    outer loop
      vertex -0.0503492 -0.0148029 -0.012153
      vertex -0.0474148 -0.0124054 -0.0137471
      vertex -0.0465565 -0.0154152 -0.0137471
    endloop
  endfacet
  facet normal -0.400537 -0.114248 -0.90913
    outer loop
      vertex -0.0474148 -0.0124054 -0.0137471
      vertex -0.0503492 -0.0148029 -0.012153
      vertex -0.0503492 -0.0131732 -0.0123578
    endloop
  endfacet
  facet normal -0.0604909 -0.00941565 -0.998124
    outer loop
      vertex -0.0038023 -0.000739098 -0.0235661
      vertex -0.011508 -0.00148106 -0.0230921
      vertex -0.00384045 -0.000494003 -0.0235661
    endloop
  endfacet
  facet normal -0.182797 -0.00557817 -0.983135
    outer loop
      vertex -0.0268354 -0.00172043 -0.0207327
      vertex -0.0268879 0 -0.0207327
      vertex -0.0192814 0 -0.022147
    endloop
  endfacet
  facet normal -0.129415 -0.126867 -0.983441
    outer loop
      vertex -0.0131989 -0.0143242 -0.022147
      vertex -0.0196009 -0.0187569 -0.0207327
      vertex -0.0140553 -0.0134506 -0.022147
    endloop
  endfacet
  facet normal -0.093136 -0.154561 -0.983584
    outer loop
      vertex -0.0129528 -0.0240116 -0.0207327
      vertex -0.0144072 -0.0231352 -0.0207327
      vertex -0.0103312 -0.0165911 -0.022147
    endloop
  endfacet
  facet normal -0.222935 -0.094634 -0.970229
    outer loop
      vertex -0.0243292 -0.0116663 -0.0207327
      vertex -0.0311155 -0.0149212 -0.0188559
      vertex -0.0249996 -0.010087 -0.0207327
    endloop
  endfacet
  facet normal -0.0575884 -0.0204499 -0.998131
    outer loop
      vertex -0.00359917 -0.00145245 -0.0235661
      vertex -0.0107851 -0.00435162 -0.0230921
      vertex -0.00368214 -0.0012188 -0.0235661
    endloop
  endfacet
  facet normal -0.0561899 -0.0239227 -0.998133
    outer loop
      vertex -0.0104952 -0.00503254 -0.0230921
      vertex -0.0107851 -0.00435162 -0.0230921
      vertex -0.00350285 -0.00167942 -0.0235661
    endloop
  endfacet
  facet normal 0.0588237 -0.0167479 -0.998128
    outer loop
      vertex 0.0110321 -0.00365257 -0.0230921
      vertex 0.00368214 -0.0012188 -0.0235661
      vertex 0.0112352 -0.00293922 -0.0230921
    endloop
  endfacet
  facet normal -0.411899 -0.0639837 -0.90898
    outer loop
      vertex -0.0503492 -0.00748707 -0.0128521
      vertex -0.0480852 -0.00934696 -0.0137471
      vertex -0.0503492 -0.00978709 -0.0126902
    endloop
  endfacet
  facet normal -0.411897 -0.0639806 -0.908981
    outer loop
      vertex -0.0480852 -0.00934696 -0.0137471
      vertex -0.0503492 -0.00748707 -0.0128521
      vertex -0.0485659 -0.00625229 -0.0137471
    endloop
  endfacet
  facet normal -0.416855 -0.012894 -0.908882
    outer loop
      vertex -0.0488558 -0.00313187 -0.0137471
      vertex -0.0503492 -0.0032276 -0.0130608
      vertex -0.0503492 -0.00247337 -0.0130715
    endloop
  endfacet
  facet normal -0.415222 -0.0385301 -0.908904
    outer loop
      vertex -0.0488558 -0.00313187 -0.0137471
      vertex -0.0503492 -0.004032 -0.0130267
      vertex -0.0503492 -0.0032276 -0.0130608
    endloop
  endfacet
  facet normal 0.180623 -0.0281281 -0.98315
    outer loop
      vertex 0.026412 -0.00513363 -0.0207327
      vertex 0.01894 -0.00368118 -0.022147
      vertex 0.0191298 -0.00246239 -0.022147
    endloop
  endfacet
  facet normal 0.0484939 -0.110046 -0.992743
    outer loop
      vertex 0.0070982 -0.0182695 -0.022147
      vertex 0.0042696 -0.0109901 -0.0230921
      vertex 0.00493813 -0.0106955 -0.0230921
    endloop
  endfacet
  facet normal 0.108852 -0.054429 -0.992567
    outer loop
      vertex 0.0101643 -0.00569439 -0.0230921
      vertex 0.0174465 -0.00836563 -0.022147
      vertex 0.0168962 -0.00946617 -0.022147
    endloop
  endfacet
  facet normal 0.108854 -0.054423 -0.992567
    outer loop
      vertex 0.0174465 -0.00836563 -0.022147
      vertex 0.0101643 -0.00569439 -0.0230921
      vertex 0.0104952 -0.00503254 -0.0230921
    endloop
  endfacet
  facet normal 0.0808106 -0.0899112 -0.992666
    outer loop
      vertex 0.012291 -0.0151405 -0.022147
      vertex 0.00739384 -0.00910759 -0.0230921
      vertex 0.00794029 -0.00861645 -0.0230921
    endloop
  endfacet
  facet normal 0.238711 -0.181651 -0.95395
    outer loop
      vertex 0.0321712 -0.0271215 -0.0165251
      vertex 0.0264969 -0.0223379 -0.0188559
      vertex 0.0278206 -0.0205984 -0.0188559
    endloop
  endfacet
  facet normal 0.284078 -0.100401 -0.95353
    outer loop
      vertex 0.0388203 -0.0156631 -0.0165251
      vertex 0.0327053 -0.010829 -0.0188559
      vertex 0.0397091 -0.0131483 -0.0165251
    endloop
  endfacet
  facet normal 0.228527 -0.0807042 -0.970187
    outer loop
      vertex 0.0327053 -0.010829 -0.0188559
      vertex 0.0249996 -0.010087 -0.0207327
      vertex 0.0255718 -0.00846672 -0.0207327
    endloop
  endfacet
  facet normal 0.188236 -0.426818 -0.88453
    outer loop
      vertex 0.0210958 -0.0542994 -0.00981178
      vertex 0.0205994 -0.0530214 -0.0105341
      vertex 0.0222161 -0.0542994 -0.00957337
    endloop
  endfacet
  facet normal 0.0340074 -0.352656 -0.935135
    outer loop
      vertex 0.00613499 -0.0494928 -0.0137471
      vertex 0.00262165 -0.0424652 -0.0165251
      vertex 0.00523281 -0.0422134 -0.0165251
    endloop
  endfacet
  facet normal 0.407003 -0.236227 -0.882352
    outer loop
      vertex 0.0503492 -0.0325615 -0.00856656
      vertex 0.0472479 -0.0305557 -0.0105341
      vertex 0.0503492 -0.0306551 -0.00907695
    endloop
  endfacet
  facet normal 0.160685 -0.178892 -0.970659
    outer loop
      vertex 0.0219193 -0.0270023 -0.0188559
      vertex 0.0184059 -0.0199747 -0.0207327
      vertex 0.0235405 -0.0255461 -0.0188559
    endloop
  endfacet
  facet normal 0.268871 -0.446077 -0.853653
    outer loop
      vertex 0.0338141 -0.0542994 -0.00667554
      vertex 0.0336103 -0.0542994 -0.00673973
      vertex 0.0336199 -0.0539875 -0.00689969
    endloop
  endfacet
  facet normal 0.268854 -0.446079 -0.853657
    outer loop
      vertex 0.0336103 -0.0542994 -0.00673973
      vertex 0.0331024 -0.0542994 -0.00689969
      vertex 0.0336199 -0.0539875 -0.00689969
    endloop
  endfacet
  facet normal 0.351509 -0.0770496 -0.933008
    outer loop
      vertex 0.0474148 -0.0124054 -0.0137471
      vertex 0.0410128 -0.00797272 -0.0165251
      vertex 0.0480852 -0.00934696 -0.0137471
    endloop
  endfacet
  facet normal 0.411899 -0.0639837 -0.90898
    outer loop
      vertex 0.0480852 -0.00934696 -0.0137471
      vertex 0.0503492 -0.00748707 -0.0128521
      vertex 0.0503492 -0.00978709 -0.0126902
    endloop
  endfacet
  facet normal 0.411897 -0.0639806 -0.908981
    outer loop
      vertex 0.0503492 -0.00748707 -0.0128521
      vertex 0.0480852 -0.00934696 -0.0137471
      vertex 0.0485659 -0.00625229 -0.0137471
    endloop
  endfacet
  facet normal 0.383058 -0.162202 -0.909372
    outer loop
      vertex 0.0442934 -0.0212402 -0.0137471
      vertex 0.0503492 -0.023952 -0.0107125
      vertex 0.0503492 -0.0241443 -0.0106782
    endloop
  endfacet
  facet normal 0.382869 -0.162628 -0.909375
    outer loop
      vertex 0.0503492 -0.023952 -0.0107125
      vertex 0.0442934 -0.0212402 -0.0137471
      vertex 0.0455151 -0.018364 -0.0137471
    endloop
  endfacet
  facet normal 0.400551 -0.114201 -0.90913
    outer loop
      vertex 0.0503492 -0.0166713 -0.0119183
      vertex 0.0465565 -0.0154152 -0.0137471
      vertex 0.0503492 -0.0148029 -0.012153
    endloop
  endfacet
  facet normal 0.221063 -0.27968 -0.934297
    outer loop
      vertex 0.0287733 -0.0403585 -0.0137471
      vertex 0.0245419 -0.0344229 -0.0165251
      vertex 0.0312033 -0.0384378 -0.0137471
    endloop
  endfacet
  facet normal 0.373025 -0.365986 -0.852588
    outer loop
      vertex 0.0474272 -0.0514679 -0.00285611
      vertex 0.0503492 -0.0481825 -0.00298798
      vertex 0.0503492 -0.0484897 -0.00285611
    endloop
  endfacet
  facet normal 0.373063 -0.366019 -0.852558
    outer loop
      vertex 0.0503492 -0.0481825 -0.00298798
      vertex 0.0474272 -0.0514679 -0.00285611
      vertex 0.0457382 -0.0437708 -0.00689969
    endloop
  endfacet
  facet normal 0.391213 -0.260845 -0.88256
    outer loop
      vertex 0.0503492 -0.0367593 -0.00732588
      vertex 0.0472479 -0.0305557 -0.0105341
      vertex 0.0503492 -0.0325615 -0.00856656
    endloop
  endfacet
  facet normal -0.0228613 -0.237507 -0.971117
    outer loop
      vertex -0.00215912 -0.0349751 -0.0188559
      vertex -0.00430965 -0.0347681 -0.0188559
      vertex -0.001688 -0.0273466 -0.0207327
    endloop
  endfacet
  facet normal -0.053063 -0.232808 -0.971074
    outer loop
      vertex -0.00644302 -0.0344238 -0.0188559
      vertex -0.0085516 -0.0339432 -0.0188559
      vertex -0.00503826 -0.0269156 -0.0207327
    endloop
  endfacet
  facet normal -0.0284347 -0.295409 -0.954948
    outer loop
      vertex -0.00262165 -0.0424652 -0.0165251
      vertex -0.00430965 -0.0347681 -0.0188559
      vertex -0.00215912 -0.0349751 -0.0188559
    endloop
  endfacet
  facet normal 0.0380274 -0.235628 -0.971099
    outer loop
      vertex 0.00644302 -0.0344238 -0.0188559
      vertex 0.00430965 -0.0347681 -0.0188559
      vertex 0.00503826 -0.0269156 -0.0207327
    endloop
  endfacet
  facet normal -0.0393423 -0.408682 -0.911828
    outer loop
      vertex -0.00569181 -0.0542994 -0.0116119
      vertex -0.00613499 -0.0494928 -0.0137471
      vertex -0.00307369 -0.0497875 -0.0137471
    endloop
  endfacet
  facet normal -0.0393114 -0.40868 -0.911831
    outer loop
      vertex -0.00613499 -0.0494928 -0.0137471
      vertex -0.00569181 -0.0542994 -0.0116119
      vertex -0.00673095 -0.0542994 -0.0115671
    endloop
  endfacet
  facet normal -0.0284879 -0.295419 -0.954943
    outer loop
      vertex -0.00262165 -0.0424652 -0.0165251
      vertex -0.00523281 -0.0422134 -0.0165251
      vertex -0.00430965 -0.0347681 -0.0188559
    endloop
  endfacet
  facet normal 0.301734 -0.00937539 -0.953346
    outer loop
      vertex 0.0416698 -0.00267124 -0.0165251
      vertex 0.0343885 0 -0.0188559
      vertex 0.0417528 0 -0.0165251
    endloop
  endfacet
  facet normal 0.359977 -0.0110687 -0.932895
    outer loop
      vertex 0.0488558 -0.00313187 -0.0137471
      vertex 0.0417528 0 -0.0165251
      vertex 0.0489521 0 -0.0137471
    endloop
  endfacet
  facet normal -0.189746 -0.365593 -0.911229
    outer loop
      vertex -0.0238256 -0.0515985 -0.0105341
      vertex -0.0269585 -0.0499725 -0.0105341
      vertex -0.0208426 -0.0451384 -0.0137471
    endloop
  endfacet
  facet normal 0.0131317 -0.410319 -0.911848
    outer loop
      vertex 0.00335206 -0.0542994 -0.0117128
      vertex 0.0011578 -0.0542994 -0.0117444
      vertex 0.00307369 -0.0497875 -0.0137471
    endloop
  endfacet
  facet normal -0.16059 -0.437473 -0.884776
    outer loop
      vertex -0.0173631 -0.0542994 -0.0104896
      vertex -0.0205994 -0.0530214 -0.0105341
      vertex -0.017292 -0.0542355 -0.0105341
    endloop
  endfacet
  facet normal -0.160651 -0.437623 -0.88469
    outer loop
      vertex -0.0205994 -0.0530214 -0.0105341
      vertex -0.0173631 -0.0542994 -0.0104896
      vertex -0.0210958 -0.0542994 -0.00981178
    endloop
  endfacet
  facet normal 0.383536 -0.426922 -0.818925
    outer loop
      vertex 0.0476896 -0.0542994 -0.0012571
      vertex 0.0442754 -0.0542994 -0.00285611
      vertex 0.0474272 -0.0514679 -0.00285611
    endloop
  endfacet
  facet normal 0.296872 -0.428541 -0.853358
    outer loop
      vertex 0.0369595 -0.0542994 -0.0055815
      vertex 0.0368805 -0.0517292 -0.00689969
      vertex 0.0387126 -0.0542994 -0.00497162
    endloop
  endfacet
  facet normal 0.234947 -0.339181 -0.91091
    outer loop
      vertex 0.0299835 -0.0481491 -0.0105341
      vertex 0.0287733 -0.0403585 -0.0137471
      vertex 0.0328913 -0.0461349 -0.0105341
    endloop
  endfacet
  facet normal 0.421181 -0.210647 -0.882176
    outer loop
      vertex 0.0503492 -0.0282077 -0.00973206
      vertex 0.049037 -0.0274725 -0.0105341
      vertex 0.0503492 -0.0248488 -0.0105341
    endloop
  endfacet
  facet normal -0.38359 -0.426907 -0.818907
    outer loop
      vertex -0.0476896 -0.0542994 -0.0012571
      vertex -0.0500358 -0.0542994 -0.000158101
      vertex -0.0474272 -0.0514679 -0.00285611
    endloop
  endfacet
  facet normal -0.395563 -0.342259 -0.852284
    outer loop
      vertex -0.0457382 -0.0437708 -0.00689969
      vertex -0.0503492 -0.0481825 -0.00298798
      vertex -0.0503492 -0.0445151 -0.00446073
    endloop
  endfacet
  facet normal -0.373025 -0.365986 -0.852588
    outer loop
      vertex -0.0503492 -0.0481825 -0.00298798
      vertex -0.0474272 -0.0514679 -0.00285611
      vertex -0.0503492 -0.0484897 -0.00285611
    endloop
  endfacet
  facet normal -0.373063 -0.366019 -0.852558
    outer loop
      vertex -0.0474272 -0.0514679 -0.00285611
      vertex -0.0503492 -0.0481825 -0.00298798
      vertex -0.0457382 -0.0437708 -0.00689969
    endloop
  endfacet
  facet normal -0.407003 -0.236227 -0.882352
    outer loop
      vertex -0.0472479 -0.0305557 -0.0105341
      vertex -0.0503492 -0.0325615 -0.00856656
      vertex -0.0503492 -0.0306551 -0.00907695
    endloop
  endfacet
  facet normal -0.338896 -0.119775 -0.933168
    outer loop
      vertex -0.0388203 -0.0156631 -0.0165251
      vertex -0.0455151 -0.018364 -0.0137471
      vertex -0.0397091 -0.0131483 -0.0165251
    endloop
  endfacet
  facet normal -0.277145 -0.117664 -0.953596
    outer loop
      vertex -0.0377789 -0.018116 -0.0165251
      vertex -0.0388203 -0.0156631 -0.0165251
      vertex -0.0311155 -0.0149212 -0.0188559
    endloop
  endfacet
  facet normal -0.239901 -0.0372477 -0.970082
    outer loop
      vertex -0.0337791 -0.00656605 -0.0188559
      vertex -0.0341167 -0.00439167 -0.0188559
      vertex -0.0266762 -0.00343418 -0.0207327
    endloop
  endfacet
  facet normal -0.249829 -0.166589 -0.953852
    outer loop
      vertex -0.0278206 -0.0205984 -0.0188559
      vertex -0.0352526 -0.0227985 -0.0165251
      vertex -0.0290346 -0.0187778 -0.0188559
    endloop
  endfacet
  facet normal -0.323552 -0.409297 -0.853106
    outer loop
      vertex -0.0438837 -0.0542994 -0.00301052
      vertex -0.0399942 -0.0492678 -0.00689969
      vertex -0.0368805 -0.0517292 -0.00689969
    endloop
  endfacet
  facet normal -0.323377 -0.409433 -0.853107
    outer loop
      vertex -0.0399942 -0.0492678 -0.00689969
      vertex -0.0438837 -0.0542994 -0.00301052
      vertex -0.044079 -0.0542994 -0.00293649
    endloop
  endfacet
  facet normal -0.148949 -0.188458 -0.97072
    outer loop
      vertex -0.0202131 -0.0283508 -0.0188559
      vertex -0.0219193 -0.0270023 -0.0188559
      vertex -0.0158043 -0.0221682 -0.0207327
    endloop
  endfacet
  facet normal -0.185238 -0.234294 -0.954355
    outer loop
      vertex -0.0245419 -0.0344229 -0.0165251
      vertex -0.0266142 -0.0327845 -0.0165251
      vertex -0.0219193 -0.0270023 -0.0188559
    endloop
  endfacet
  facet normal -0.0285815 -0.177392 -0.983725
    outer loop
      vertex -0.00336933 -0.0271845 -0.0207327
      vertex -0.00503826 -0.0269156 -0.0207327
      vertex -0.00241661 -0.019495 -0.022147
    endloop
  endfacet
  facet normal -0.259976 -0.150783 -0.95377
    outer loop
      vertex -0.0290346 -0.0187778 -0.0188559
      vertex -0.0365877 -0.0204983 -0.0165251
      vertex -0.0301342 -0.0168819 -0.0188559
    endloop
  endfacet
  facet normal -0.313298 -0.270934 -0.910186
    outer loop
      vertex -0.0407925 -0.0390368 -0.0105341
      vertex -0.0431166 -0.0363493 -0.0105341
      vertex -0.0377178 -0.0317984 -0.0137471
    endloop
  endfacet
  facet normal -0.199796 -0.222434 -0.954256
    outer loop
      vertex -0.0219193 -0.0270023 -0.0188559
      vertex -0.0266142 -0.0327845 -0.0165251
      vertex -0.0235405 -0.0255461 -0.0188559
    endloop
  endfacet
  facet normal -0.256086 -0.323991 -0.910741
    outer loop
      vertex -0.0287733 -0.0403585 -0.0137471
      vertex -0.0356693 -0.0439396 -0.0105341
      vertex -0.0312033 -0.0384378 -0.0137471
    endloop
  endfacet
  facet normal -0.373847 -0.284525 -0.882771
    outer loop
      vertex -0.0503492 -0.0372783 -0.00717246
      vertex -0.0483456 -0.0407572 -0.00689969
      vertex -0.0503492 -0.0381246 -0.00689969
    endloop
  endfacet
  facet normal -0.37382 -0.28451 -0.882787
    outer loop
      vertex -0.0483456 -0.0407572 -0.00689969
      vertex -0.0503492 -0.0372783 -0.00717246
      vertex -0.0452719 -0.0335188 -0.0105341
    endloop
  endfacet
  facet normal -0.329853 -0.251168 -0.910006
    outer loop
      vertex -0.0431166 -0.0363493 -0.0105341
      vertex -0.0452719 -0.0335188 -0.0105341
      vertex -0.0377178 -0.0317984 -0.0137471
    endloop
  endfacet
  facet normal -0.276349 -0.307483 -0.910541
    outer loop
      vertex -0.0356693 -0.0439396 -0.0105341
      vertex -0.0383062 -0.0415697 -0.0105341
      vertex -0.0335102 -0.0363655 -0.0137471
    endloop
  endfacet
  facet normal -0.110363 -0.21252 -0.970904
    outer loop
      vertex -0.0146418 -0.0317087 -0.0188559
      vertex -0.0165663 -0.0307093 -0.0188559
      vertex -0.0129528 -0.0240116 -0.0207327
    endloop
  endfacet
  facet normal -0.0965529 -0.218909 -0.970957
    outer loop
      vertex -0.0126591 -0.0325832 -0.0188559
      vertex -0.0146418 -0.0317087 -0.0188559
      vertex -0.00989819 -0.0254765 -0.0207327
    endloop
  endfacet
  facet normal -0.15385 -0.25531 -0.95454
    outer loop
      vertex -0.0165663 -0.0307093 -0.0188559
      vertex -0.0201139 -0.0372858 -0.0165251
      vertex -0.0184259 -0.0295887 -0.0188559
    endloop
  endfacet
  facet normal -0.169881 -0.245263 -0.954456
    outer loop
      vertex -0.0184259 -0.0295887 -0.0188559
      vertex -0.0245419 -0.0344229 -0.0165251
      vertex -0.0202131 -0.0283508 -0.0188559
    endloop
  endfacet
  facet normal -0.416827 -0.0128168 -0.908895
    outer loop
      vertex -0.0503492 -0.00247337 -0.0130715
      vertex -0.0489521 0 -0.0137471
      vertex -0.0488558 -0.00313187 -0.0137471
    endloop
  endfacet
  facet normal -0.416815 -0.0128249 -0.908901
    outer loop
      vertex -0.0489521 0 -0.0137471
      vertex -0.0503492 -0.00247337 -0.0130715
      vertex -0.0503492 0 -0.0131064
    endloop
  endfacet
  facet normal -0.301734 -0.00937539 -0.953346
    outer loop
      vertex -0.0416698 -0.00267124 -0.0165251
      vertex -0.0417528 0 -0.0165251
      vertex -0.0343885 0 -0.0188559
    endloop
  endfacet
  facet normal -0.284829 -0.216827 -0.933734
    outer loop
      vertex -0.0377178 -0.0317984 -0.0137471
      vertex -0.0396032 -0.0293217 -0.0137471
      vertex -0.0321712 -0.0271215 -0.0165251
    endloop
  endfacet
  facet normal -0.310162 -0.180022 -0.933484
    outer loop
      vertex -0.0413313 -0.0267305 -0.0137471
      vertex -0.0428972 -0.0240326 -0.0137471
      vertex -0.0365877 -0.0204983 -0.0165251
    endloop
  endfacet
  facet normal -0.112086 -0.0476857 -0.992554
    outer loop
      vertex -0.0174465 -0.00836563 -0.022147
      vertex -0.0179281 -0.00723362 -0.022147
      vertex -0.0107851 -0.00435162 -0.0230921
    endloop
  endfacet
  facet normal -0.238711 -0.181651 -0.95395
    outer loop
      vertex -0.0264969 -0.0223379 -0.0188559
      vertex -0.0321712 -0.0271215 -0.0165251
      vertex -0.0278206 -0.0205984 -0.0188559
    endloop
  endfacet
  facet normal -0.0506774 -0.033758 -0.998144
    outer loop
      vertex -0.00938416 -0.00694752 -0.0230921
      vertex -0.00979328 -0.00633335 -0.0230921
      vertex -0.00313187 -0.00231838 -0.0235661
    endloop
  endfacet
  facet normal -0.0964945 -0.0735564 -0.992612
    outer loop
      vertex -0.0148563 -0.0125246 -0.022147
      vertex -0.0155993 -0.0115499 -0.022147
      vertex -0.00893784 -0.00753498 -0.0230921
    endloop
  endfacet
  facet normal -0.112081 -0.141898 -0.983516
    outer loop
      vertex -0.0113335 -0.0158968 -0.022147
      vertex -0.0158043 -0.0221682 -0.0207327
      vertex -0.012291 -0.0151405 -0.022147
    endloop
  endfacet
  facet normal -0.0864401 -0.0847382 -0.992647
    outer loop
      vertex -0.0131989 -0.0143242 -0.022147
      vertex -0.0140553 -0.0134506 -0.022147
      vertex -0.00845528 -0.00809193 -0.0230921
    endloop
  endfacet
  facet normal -0.2418 -0.0224622 -0.970066
    outer loop
      vertex -0.0266762 -0.00343418 -0.0207327
      vertex -0.0341167 -0.00439167 -0.0188559
      vertex -0.0268354 -0.00172043 -0.0207327
    endloop
  endfacet
  facet normal -0.122111 -0.00378285 -0.992509
    outer loop
      vertex -0.0192432 -0.0012331 -0.022147
      vertex -0.0192814 0 -0.022147
      vertex -0.0115767 -0.000741959 -0.0230921
    endloop
  endfacet
  facet normal -0.301723 -0.00940772 -0.953349
    outer loop
      vertex -0.0343199 -0.00220013 -0.0188559
      vertex -0.0416698 -0.00267124 -0.0165251
      vertex -0.0343885 0 -0.0188559
    endloop
  endfacet
  facet normal -0.0916635 -0.0792899 -0.992628
    outer loop
      vertex -0.0140553 -0.0134506 -0.022147
      vertex -0.0148563 -0.0125246 -0.022147
      vertex -0.00893784 -0.00753498 -0.0230921
    endloop
  endfacet
  facet normal -0.0808106 -0.0899112 -0.992666
    outer loop
      vertex -0.00739384 -0.00910759 -0.0230921
      vertex -0.012291 -0.0151405 -0.022147
      vertex -0.00794029 -0.00861645 -0.0230921
    endloop
  endfacet
  facet normal -0.167889 -0.0712674 -0.983227
    outer loop
      vertex -0.0243292 -0.0116663 -0.0207327
      vertex -0.0249996 -0.010087 -0.0207327
      vertex -0.0179281 -0.00723362 -0.022147
    endloop
  endfacet
  facet normal -0.117328 -0.0334047 -0.992531
    outer loop
      vertex -0.0110321 -0.00365257 -0.0230921
      vertex -0.0186758 -0.00488663 -0.022147
      vertex -0.0112352 -0.00293922 -0.0230921
    endloop
  endfacet
  facet normal 0.0808289 -0.089899 -0.992666
    outer loop
      vertex 0.012291 -0.0151405 -0.022147
      vertex 0.00794029 -0.00861645 -0.0230921
      vertex 0.0131989 -0.0143242 -0.022147
    endloop
  endfacet
  facet normal -0.017189 -0.0576882 -0.998187
    outer loop
      vertex -0.000962257 -0.00382137 -0.0235661
      vertex -0.00358391 -0.0112419 -0.0230921
      vertex -0.00119591 -0.00375175 -0.0235661
    endloop
  endfacet
  facet normal -0.0597878 -0.0130581 -0.998126
    outer loop
      vertex -0.0112352 -0.00293922 -0.0230921
      vertex -0.0113935 -0.00221443 -0.0230921
      vertex -0.00374985 -0.000980377 -0.0235661
    endloop
  endfacet
  facet normal 0.0597878 -0.0130581 -0.998126
    outer loop
      vertex 0.0112352 -0.00293922 -0.0230921
      vertex 0.00374985 -0.000980377 -0.0235661
      vertex 0.0113935 -0.00221443 -0.0230921
    endloop
  endfacet
  facet normal 0.122108 -0.00375231 -0.99251
    outer loop
      vertex 0.0192814 0 -0.022147
      vertex 0.0115767 -0.000741959 -0.0230921
      vertex 0.0115995 0 -0.0230921
    endloop
  endfacet
  facet normal -0.0527154 -0.0306099 -0.99814
    outer loop
      vertex -0.00979328 -0.00633335 -0.0230921
      vertex -0.0101643 -0.00569439 -0.0230921
      vertex -0.00339222 -0.00190067 -0.0235661
    endloop
  endfacet
  facet normal 0.00942251 -0.296565 -0.954966
    outer loop
      vertex 0.00215912 -0.0349751 -0.0188559
      vertex 0 -0.0425491 -0.0165251
      vertex 0 -0.0350437 -0.0188559
    endloop
  endfacet
  facet normal 0.0340491 -0.115142 -0.992765
    outer loop
      vertex 0.00479507 -0.0190325 -0.022147
      vertex 0.00288391 -0.0114489 -0.0230921
      vertex 0.00358391 -0.0112419 -0.0230921
    endloop
  endfacet
  facet normal 0.060974 -0.00564809 -0.998123
    outer loop
      vertex 0.0115767 -0.000741959 -0.0230921
      vertex 0.00384045 -0.000494003 -0.0235661
      vertex 0.00386333 -0.000247002 -0.0235661
    endloop
  endfacet
  facet normal 0.123715 -0.205301 -0.970848
    outer loop
      vertex 0.0165663 -0.0307093 -0.0188559
      vertex 0.0129528 -0.0240116 -0.0207327
      vertex 0.0184259 -0.0295887 -0.0188559
    endloop
  endfacet
  facet normal 0.298154 -0.0462922 -0.953395
    outer loop
      vertex 0.0414238 -0.00533199 -0.0165251
      vertex 0.0337791 -0.00656605 -0.0188559
      vertex 0.0341167 -0.00439167 -0.0188559
    endloop
  endfacet
  facet normal 0.233227 -0.0664827 -0.970147
    outer loop
      vertex 0.0327053 -0.010829 -0.0188559
      vertex 0.0255718 -0.00846672 -0.0207327
      vertex 0.033308 -0.00871468 -0.0188559
    endloop
  endfacet
  facet normal -0.00574763 -0.0598468 -0.998191
    outer loop
      vertex -0.000727654 -0.011797 -0.0230921
      vertex -0.0014534 -0.0117273 -0.0230921
      vertex -0.000242233 -0.00393772 -0.0235661
    endloop
  endfacet
  facet normal 0.242764 -0.00756939 -0.970056
    outer loop
      vertex 0.0343199 -0.00220013 -0.0188559
      vertex 0.0268354 -0.00172043 -0.0207327
      vertex 0.0343885 0 -0.0188559
    endloop
  endfacet
  facet normal 0.29817 -0.0464067 -0.953384
    outer loop
      vertex 0.0410128 -0.00797272 -0.0165251
      vertex 0.0337791 -0.00656605 -0.0188559
      vertex 0.0414238 -0.00533199 -0.0165251
    endloop
  endfacet
  facet normal 0.239901 -0.0372477 -0.970082
    outer loop
      vertex 0.0337791 -0.00656605 -0.0188559
      vertex 0.0266762 -0.00343418 -0.0207327
      vertex 0.0341167 -0.00439167 -0.0188559
    endloop
  endfacet
  facet normal 0.0284879 -0.295419 -0.954943
    outer loop
      vertex 0.00523281 -0.0422134 -0.0165251
      vertex 0.00262165 -0.0424652 -0.0165251
      vertex 0.00430965 -0.0347681 -0.0188559
    endloop
  endfacet
  facet normal 0.0788052 -0.345645 -0.93505
    outer loop
      vertex 0.0121737 -0.0483189 -0.0137471
      vertex 0.00782299 -0.0417957 -0.0165251
      vertex 0.0103827 -0.0412121 -0.0165251
    endloop
  endfacet
  facet normal 0.188253 -0.426815 -0.884528
    outer loop
      vertex 0.0222161 -0.0542994 -0.00957337
      vertex 0.0238256 -0.0515985 -0.0105341
      vertex 0.0250729 -0.0542994 -0.00896536
    endloop
  endfacet
  facet normal 0.188243 -0.426811 -0.884532
    outer loop
      vertex 0.0238256 -0.0515985 -0.0105341
      vertex 0.0222161 -0.0542994 -0.00957337
      vertex 0.0205994 -0.0530214 -0.0105341
    endloop
  endfacet
  facet normal 0.171855 -0.168586 -0.97059
    outer loop
      vertex 0.0235405 -0.0255461 -0.0188559
      vertex 0.0196009 -0.0187569 -0.0207327
      vertex 0.0250673 -0.0239897 -0.0188559
    endloop
  endfacet
  facet normal 0.25487 -0.250242 -0.934034
    outer loop
      vertex 0.0335102 -0.0363655 -0.0137471
      vertex 0.0285816 -0.0310163 -0.0165251
      vertex 0.0304365 -0.0291271 -0.0165251
    endloop
  endfacet
  facet normal 0.222961 -0.0945996 -0.970226
    outer loop
      vertex 0.0311155 -0.0149212 -0.0188559
      vertex 0.0249996 -0.010087 -0.0207327
      vertex 0.0319729 -0.0129004 -0.0188559
    endloop
  endfacet
  facet normal 0.259951 -0.150883 -0.953761
    outer loop
      vertex 0.0352526 -0.0227985 -0.0165251
      vertex 0.0290346 -0.0187778 -0.0188559
      vertex 0.0365877 -0.0204983 -0.0165251
    endloop
  endfacet
  facet normal 0.238514 -0.265385 -0.934174
    outer loop
      vertex 0.0335102 -0.0363655 -0.0137471
      vertex 0.0266142 -0.0327845 -0.0165251
      vertex 0.0285816 -0.0310163 -0.0165251
    endloop
  endfacet
  facet normal 0.295366 -0.289782 -0.910376
    outer loop
      vertex 0.0407925 -0.0390368 -0.0105341
      vertex 0.0335102 -0.0363655 -0.0137471
      vertex 0.0356846 -0.0341492 -0.0137471
    endloop
  endfacet
  facet normal 0.100672 -0.340108 -0.934982
    outer loop
      vertex 0.0121737 -0.0483189 -0.0137471
      vertex 0.0103827 -0.0412121 -0.0165251
      vertex 0.0129023 -0.0404663 -0.0165251
    endloop
  endfacet
  facet normal 0.0660172 -0.289556 -0.954882
    outer loop
      vertex 0.0103827 -0.0412121 -0.0165251
      vertex 0.00782299 -0.0417957 -0.0165251
      vertex 0.0085516 -0.0339432 -0.0188559
    endloop
  endfacet
  facet normal 0.296831 -0.428486 -0.8534
    outer loop
      vertex 0.0336199 -0.0539875 -0.00689969
      vertex 0.0369595 -0.0542994 -0.0055815
      vertex 0.0338141 -0.0542994 -0.00667554
    endloop
  endfacet
  facet normal 0.296815 -0.42855 -0.853373
    outer loop
      vertex 0.0369595 -0.0542994 -0.0055815
      vertex 0.0336199 -0.0539875 -0.00689969
      vertex 0.0368805 -0.0517292 -0.00689969
    endloop
  endfacet
  facet normal 0.371778 -0.185939 -0.90951
    outer loop
      vertex 0.0428972 -0.0240326 -0.0137471
      vertex 0.0503492 -0.0248488 -0.0105341
      vertex 0.049037 -0.0274725 -0.0105341
    endloop
  endfacet
  facet normal 0.371763 -0.186026 -0.909498
    outer loop
      vertex 0.0503492 -0.0248488 -0.0105341
      vertex 0.0428972 -0.0240326 -0.0137471
      vertex 0.0503492 -0.0242714 -0.0106522
    endloop
  endfacet
  facet normal 0.351474 -0.0771058 -0.933017
    outer loop
      vertex 0.0474148 -0.0124054 -0.0137471
      vertex 0.0404406 -0.010581 -0.0165251
      vertex 0.0410128 -0.00797272 -0.0165251
    endloop
  endfacet
  facet normal 0.276247 -0.30752 -0.91056
    outer loop
      vertex 0.0356693 -0.0439396 -0.0105341
      vertex 0.0312033 -0.0384378 -0.0137471
      vertex 0.0335102 -0.0363655 -0.0137471
    endloop
  endfacet
  facet normal 0.409984 -0.402247 -0.818603
    outer loop
      vertex 0.0503492 -0.0519397 -0.00116084
      vertex 0.0474272 -0.0514679 -0.00285611
      vertex 0.0503492 -0.0484897 -0.00285611
    endloop
  endfacet
  facet normal 0.323377 -0.409433 -0.853107
    outer loop
      vertex 0.0438837 -0.0542994 -0.00301052
      vertex 0.0399942 -0.0492678 -0.00689969
      vertex 0.044079 -0.0542994 -0.00293649
    endloop
  endfacet
  facet normal 0.323552 -0.409297 -0.853106
    outer loop
      vertex 0.0399942 -0.0492678 -0.00689969
      vertex 0.0438837 -0.0542994 -0.00301052
      vertex 0.0368805 -0.0517292 -0.00689969
    endloop
  endfacet
  facet normal 0.276349 -0.307483 -0.910541
    outer loop
      vertex 0.0356693 -0.0439396 -0.0105341
      vertex 0.0335102 -0.0363655 -0.0137471
      vertex 0.0383062 -0.0415697 -0.0105341
    endloop
  endfacet
  facet normal 0.345238 -0.230229 -0.909838
    outer loop
      vertex 0.0452719 -0.0335188 -0.0105341
      vertex 0.0413313 -0.0267305 -0.0137471
      vertex 0.0472479 -0.0305557 -0.0105341
    endloop
  endfacet
  facet normal 0.395563 -0.342259 -0.852284
    outer loop
      vertex 0.0503492 -0.0481825 -0.00298798
      vertex 0.0457382 -0.0437708 -0.00689969
      vertex 0.0503492 -0.0445151 -0.00446073
    endloop
  endfacet
  facet normal -0.065997 -0.289555 -0.954883
    outer loop
      vertex -0.00782299 -0.0417957 -0.0165251
      vertex -0.0085516 -0.0339432 -0.0188559
      vertex -0.00644302 -0.0344238 -0.0188559
    endloop
  endfacet
  facet normal -0.102387 -0.27914 -0.954776
    outer loop
      vertex -0.0106258 -0.033329 -0.0188559
      vertex -0.0129023 -0.0404663 -0.0165251
      vertex -0.0126591 -0.0325832 -0.0188559
    endloop
  endfacet
  facet normal 0.0472634 -0.293083 -0.954918
    outer loop
      vertex 0.00523281 -0.0422134 -0.0165251
      vertex 0.00430965 -0.0347681 -0.0188559
      vertex 0.00782299 -0.0417957 -0.0165251
    endloop
  endfacet
  facet normal -0.0340074 -0.352656 -0.935135
    outer loop
      vertex -0.00262165 -0.0424652 -0.0165251
      vertex -0.00613499 -0.0494928 -0.0137471
      vertex -0.00523281 -0.0422134 -0.0165251
    endloop
  endfacet
  facet normal -0.0564202 -0.349865 -0.9351
    outer loop
      vertex -0.00613499 -0.0494928 -0.0137471
      vertex -0.00782299 -0.0417957 -0.0165251
      vertex -0.00523281 -0.0422134 -0.0165251
    endloop
  endfacet
  facet normal -0.0243123 -0.0551714 -0.998181
    outer loop
      vertex -0.0042696 -0.0109901 -0.0230921
      vertex -0.00493813 -0.0106955 -0.0230921
      vertex -0.00164795 -0.0035696 -0.0235661
    endloop
  endfacet
  facet normal 0.182797 -0.00557817 -0.983135
    outer loop
      vertex 0.0268354 -0.00172043 -0.0207327
      vertex 0.0192814 0 -0.022147
      vertex 0.0268879 0 -0.0207327
    endloop
  endfacet
  facet normal 0.358532 -0.0331481 -0.932929
    outer loop
      vertex 0.0488558 -0.00313187 -0.0137471
      vertex 0.0414238 -0.00533199 -0.0165251
      vertex 0.0416698 -0.00267124 -0.0165251
    endloop
  endfacet
  facet normal -0.392522 -0.138742 -0.909218
    outer loop
      vertex -0.0455151 -0.018364 -0.0137471
      vertex -0.0503492 -0.0203146 -0.0113625
      vertex -0.0503492 -0.0178984 -0.0117312
    endloop
  endfacet
  facet normal -0.202696 -0.292802 -0.934442
    outer loop
      vertex -0.0223722 -0.0359249 -0.0165251
      vertex -0.0262299 -0.04212 -0.0137471
      vertex -0.0245419 -0.0344229 -0.0165251
    endloop
  endfacet
  facet normal -0.0788052 -0.345645 -0.93505
    outer loop
      vertex -0.00782299 -0.0417957 -0.0165251
      vertex -0.0121737 -0.0483189 -0.0137471
      vertex -0.0103827 -0.0412121 -0.0165251
    endloop
  endfacet
  facet normal -0.188236 -0.426818 -0.88453
    outer loop
      vertex -0.0210958 -0.0542994 -0.00981178
      vertex -0.0222161 -0.0542994 -0.00957337
      vertex -0.0205994 -0.0530214 -0.0105341
    endloop
  endfacet
  facet normal -0.132247 -0.44662 -0.884896
    outer loop
      vertex -0.0170762 -0.0542994 -0.0105341
      vertex -0.0173124 -0.0542994 -0.0104988
      vertex -0.017292 -0.0542355 -0.0105341
    endloop
  endfacet
  facet normal 0.38359 -0.426907 -0.818907
    outer loop
      vertex 0.0476896 -0.0542994 -0.0012571
      vertex 0.0474272 -0.0514679 -0.00285611
      vertex 0.0500358 -0.0542994 -0.000158101
    endloop
  endfacet
  facet normal 0.182076 -0.0169141 -0.983139
    outer loop
      vertex 0.0266762 -0.00343418 -0.0207327
      vertex 0.0191298 -0.00246239 -0.022147
      vertex 0.0268354 -0.00172043 -0.0207327
    endloop
  endfacet
  facet normal -0.409966 -0.402301 -0.818585
    outer loop
      vertex -0.0503492 -0.0519397 -0.00116084
      vertex -0.0500358 -0.0542994 -0.000158101
      vertex -0.0503492 -0.0542994 -1.1432e-06
    endloop
  endfacet
  facet normal -0.409965 -0.402301 -0.818586
    outer loop
      vertex -0.0500358 -0.0542994 -0.000158101
      vertex -0.0503492 -0.0519397 -0.00116084
      vertex -0.0474272 -0.0514679 -0.00285611
    endloop
  endfacet
  facet normal -0.407037 -0.0892458 -0.909041
    outer loop
      vertex -0.0474148 -0.0124054 -0.0137471
      vertex -0.0503492 -0.0131732 -0.0123578
      vertex -0.0503492 -0.011737 -0.0124988
    endloop
  endfacet
  facet normal -0.407033 -0.0892202 -0.909046
    outer loop
      vertex -0.0503492 -0.011737 -0.0124988
      vertex -0.0480852 -0.00934696 -0.0137471
      vertex -0.0474148 -0.0124054 -0.0137471
    endloop
  endfacet
  facet normal -0.407023 -0.0892308 -0.909049
    outer loop
      vertex -0.0480852 -0.00934696 -0.0137471
      vertex -0.0503492 -0.011737 -0.0124988
      vertex -0.0503492 -0.00978709 -0.0126902
    endloop
  endfacet
  facet normal -0.284078 -0.100401 -0.95353
    outer loop
      vertex -0.0388203 -0.0156631 -0.0165251
      vertex -0.0397091 -0.0131483 -0.0165251
      vertex -0.0327053 -0.010829 -0.0188559
    endloop
  endfacet
  facet normal -0.345894 -0.0986382 -0.933074
    outer loop
      vertex -0.0465565 -0.0154152 -0.0137471
      vertex -0.0474148 -0.0124054 -0.0137471
      vertex -0.0397091 -0.0131483 -0.0165251
    endloop
  endfacet
  facet normal -0.256063 -0.324029 -0.910734
    outer loop
      vertex -0.0328913 -0.0461349 -0.0105341
      vertex -0.0356693 -0.0439396 -0.0105341
      vertex -0.0287733 -0.0403585 -0.0137471
    endloop
  endfacet
  facet normal -0.136554 -0.19729 -0.970788
    outer loop
      vertex -0.0144072 -0.0231352 -0.0207327
      vertex -0.0184259 -0.0295887 -0.0188559
      vertex -0.0158043 -0.0221682 -0.0207327
    endloop
  endfacet
  facet normal -0.102805 -0.148531 -0.98355
    outer loop
      vertex -0.0144072 -0.0231352 -0.0207327
      vertex -0.0158043 -0.0221682 -0.0207327
      vertex -0.0103312 -0.0165911 -0.022147
    endloop
  endfacet
  facet normal 0.0191702 -0.118419 -0.992779
    outer loop
      vertex 0.00241661 -0.019495 -0.022147
      vertex 0.00217342 -0.011611 -0.0230921
      vertex 0.00361252 -0.0193014 -0.022147
    endloop
  endfacet
  facet normal 0.100714 -0.34011 -0.934977
    outer loop
      vertex 0.0151272 -0.0474443 -0.0137471
      vertex 0.0121737 -0.0483189 -0.0137471
      vertex 0.0129023 -0.0404663 -0.0165251
    endloop
  endfacet
  facet normal -0.0678371 -0.229091 -0.971038
    outer loop
      vertex -0.0085516 -0.0339432 -0.0188559
      vertex -0.0106258 -0.033329 -0.0188559
      vertex -0.00830841 -0.0260601 -0.0207327
    endloop
  endfacet
  facet normal -0.0823304 -0.22446 -0.970999
    outer loop
      vertex -0.0106258 -0.033329 -0.0188559
      vertex -0.0126591 -0.0325832 -0.0188559
      vertex -0.00830841 -0.0260601 -0.0207327
    endloop
  endfacet
  facet normal -0.268998 -0.134629 -0.953685
    outer loop
      vertex -0.0301342 -0.0168819 -0.0188559
      vertex -0.0365877 -0.0204983 -0.0165251
      vertex -0.0311155 -0.0149212 -0.0188559
    endloop
  endfacet
  facet normal -0.269079 -0.134545 -0.953674
    outer loop
      vertex -0.0365877 -0.0204983 -0.0165251
      vertex -0.0377789 -0.018116 -0.0165251
      vertex -0.0311155 -0.0149212 -0.0188559
    endloop
  endfacet
  facet normal -0.329869 -0.251114 -0.910015
    outer loop
      vertex -0.0377178 -0.0317984 -0.0137471
      vertex -0.0452719 -0.0335188 -0.0105341
      vertex -0.0396032 -0.0293217 -0.0137471
    endloop
  endfacet
  facet normal -0.359205 -0.208488 -0.909673
    outer loop
      vertex -0.0413313 -0.0267305 -0.0137471
      vertex -0.0472479 -0.0305557 -0.0105341
      vertex -0.0428972 -0.0240326 -0.0137471
    endloop
  endfacet
  facet normal -0.202774 -0.292781 -0.934431
    outer loop
      vertex -0.0262299 -0.04212 -0.0137471
      vertex -0.0287733 -0.0403585 -0.0137471
      vertex -0.0245419 -0.0344229 -0.0165251
    endloop
  endfacet
  facet normal -0.238468 -0.265465 -0.934163
    outer loop
      vertex -0.0312033 -0.0384378 -0.0137471
      vertex -0.0335102 -0.0363655 -0.0137471
      vertex -0.0266142 -0.0327845 -0.0165251
    endloop
  endfacet
  facet normal -0.290257 -0.367179 -0.883703
    outer loop
      vertex -0.0368805 -0.0517292 -0.00689969
      vertex -0.0399942 -0.0492678 -0.00689969
      vertex -0.0356693 -0.0439396 -0.0105341
    endloop
  endfacet
  facet normal -0.323529 -0.40934 -0.853094
    outer loop
      vertex -0.0387126 -0.0542994 -0.00497162
      vertex -0.0438837 -0.0542994 -0.00301052
      vertex -0.0368805 -0.0517292 -0.00689969
    endloop
  endfacet
  facet normal -0.313272 -0.270948 -0.910191
    outer loop
      vertex -0.0356846 -0.0341492 -0.0137471
      vertex -0.0407925 -0.0390368 -0.0105341
      vertex -0.0377178 -0.0317984 -0.0137471
    endloop
  endfacet
  facet normal -0.284866 -0.216721 -0.933747
    outer loop
      vertex -0.0321712 -0.0271215 -0.0165251
      vertex -0.0396032 -0.0293217 -0.0137471
      vertex -0.0337782 -0.0250092 -0.0165251
    endloop
  endfacet
  facet normal -0.373715 -0.284568 -0.882813
    outer loop
      vertex -0.0431166 -0.0363493 -0.0105341
      vertex -0.0483456 -0.0407572 -0.00689969
      vertex -0.0452719 -0.0335188 -0.0105341
    endloop
  endfacet
  facet normal -0.391162 -0.260893 -0.882568
    outer loop
      vertex -0.0503492 -0.0367593 -0.00732588
      vertex -0.0452719 -0.0335188 -0.0105341
      vertex -0.0503492 -0.0372783 -0.00717246
    endloop
  endfacet
  facet normal -0.39118 -0.260866 -0.882569
    outer loop
      vertex -0.0452719 -0.0335188 -0.0105341
      vertex -0.0503492 -0.0367593 -0.00732588
      vertex -0.0472479 -0.0305557 -0.0105341
    endloop
  endfacet
  facet normal -0.295366 -0.289782 -0.910376
    outer loop
      vertex -0.0335102 -0.0363655 -0.0137471
      vertex -0.0407925 -0.0390368 -0.0105341
      vertex -0.0356846 -0.0341492 -0.0137471
    endloop
  endfacet
  facet normal -0.29532 -0.289887 -0.910358
    outer loop
      vertex -0.0383062 -0.0415697 -0.0105341
      vertex -0.0407925 -0.0390368 -0.0105341
      vertex -0.0335102 -0.0363655 -0.0137471
    endloop
  endfacet
  facet normal -0.395566 -0.34225 -0.852287
    outer loop
      vertex -0.0503492 -0.0424468 -0.00529129
      vertex -0.0457382 -0.0437708 -0.00689969
      vertex -0.0503492 -0.0445151 -0.00446073
    endloop
  endfacet
  facet normal -0.395566 -0.342248 -0.852287
    outer loop
      vertex -0.0457382 -0.0437708 -0.00689969
      vertex -0.0503492 -0.0424468 -0.00529129
      vertex -0.0483456 -0.0407572 -0.00689969
    endloop
  endfacet
  facet normal -0.416591 -0.317056 -0.852014
    outer loop
      vertex -0.0483456 -0.0407572 -0.00689969
      vertex -0.0503492 -0.0424468 -0.00529129
      vertex -0.0503492 -0.0381246 -0.00689969
    endloop
  endfacet
  facet normal -0.290178 -0.3672 -0.88372
    outer loop
      vertex -0.0328913 -0.0461349 -0.0105341
      vertex -0.0368805 -0.0517292 -0.00689969
      vertex -0.0356693 -0.0439396 -0.0105341
    endloop
  endfacet
  facet normal -0.348976 -0.388431 -0.85284
    outer loop
      vertex -0.0399942 -0.0492678 -0.00689969
      vertex -0.0474272 -0.0514679 -0.00285611
      vertex -0.0429516 -0.0466108 -0.00689969
    endloop
  endfacet
  facet normal -0.355703 -0.0553613 -0.932958
    outer loop
      vertex -0.0410128 -0.00797272 -0.0165251
      vertex -0.0480852 -0.00934696 -0.0137471
      vertex -0.0414238 -0.00533199 -0.0165251
    endloop
  endfacet
  facet normal -0.29817 -0.0464067 -0.953384
    outer loop
      vertex -0.0410128 -0.00797272 -0.0165251
      vertex -0.0414238 -0.00533199 -0.0165251
      vertex -0.0337791 -0.00656605 -0.0188559
    endloop
  endfacet
  facet normal -0.25487 -0.250242 -0.934034
    outer loop
      vertex -0.0285816 -0.0310163 -0.0165251
      vertex -0.0335102 -0.0363655 -0.0137471
      vertex -0.0304365 -0.0291271 -0.0165251
    endloop
  endfacet
  facet normal -0.213659 -0.209596 -0.954159
    outer loop
      vertex -0.0235405 -0.0255461 -0.0188559
      vertex -0.0304365 -0.0291271 -0.0165251
      vertex -0.0250673 -0.0239897 -0.0188559
    endloop
  endfacet
  facet normal -0.18228 -0.157633 -0.970529
    outer loop
      vertex -0.0196009 -0.0187569 -0.0207327
      vertex -0.0264969 -0.0223379 -0.0188559
      vertex -0.0207176 -0.0174656 -0.0207327
    endloop
  endfacet
  facet normal -0.255 -0.25018 -0.934015
    outer loop
      vertex -0.0335102 -0.0363655 -0.0137471
      vertex -0.0356846 -0.0341492 -0.0137471
      vertex -0.0304365 -0.0291271 -0.0165251
    endloop
  endfacet
  facet normal -0.105181 -0.0609843 -0.992581
    outer loop
      vertex -0.0162802 -0.0105286 -0.022147
      vertex -0.0168962 -0.00946617 -0.022147
      vertex -0.0101643 -0.00569439 -0.0230921
    endloop
  endfacet
  facet normal -0.209088 -0.121362 -0.970337
    outer loop
      vertex -0.0227022 -0.0146818 -0.0207327
      vertex -0.0290346 -0.0187778 -0.0188559
      vertex -0.0235624 -0.0131998 -0.0207327
    endloop
  endfacet
  facet normal -0.160685 -0.178892 -0.970659
    outer loop
      vertex -0.0219193 -0.0270023 -0.0188559
      vertex -0.0235405 -0.0255461 -0.0188559
      vertex -0.0184059 -0.0199747 -0.0207327
    endloop
  endfacet
  facet normal -0.171822 -0.168605 -0.970592
    outer loop
      vertex -0.0184059 -0.0199747 -0.0207327
      vertex -0.0235405 -0.0255461 -0.0188559
      vertex -0.0196009 -0.0187569 -0.0207327
    endloop
  endfacet
  facet normal -0.0748517 -0.0947646 -0.992682
    outer loop
      vertex -0.0113335 -0.0158968 -0.022147
      vertex -0.012291 -0.0151405 -0.022147
      vertex -0.00681782 -0.00956345 -0.0230921
    endloop
  endfacet
  facet normal -0.0686893 -0.0991607 -0.992698
    outer loop
      vertex -0.0103312 -0.0165911 -0.022147
      vertex -0.0113335 -0.0158968 -0.022147
      vertex -0.00681782 -0.00956345 -0.0230921
    endloop
  endfacet
  facet normal -0.175654 -0.0500693 -0.983178
    outer loop
      vertex -0.0255718 -0.00846672 -0.0207327
      vertex -0.0260429 -0.006814 -0.0207327
      vertex -0.0183382 -0.00607204 -0.022147
    endloop
  endfacet
  facet normal -0.0808289 -0.089899 -0.992666
    outer loop
      vertex -0.012291 -0.0151405 -0.022147
      vertex -0.0131989 -0.0143242 -0.022147
      vertex -0.00794029 -0.00861645 -0.0230921
    endloop
  endfacet
  facet normal -0.0019651 -0.0600804 -0.998192
    outer loop
      vertex 0 -0.0118208 -0.0230921
      vertex -0.000727654 -0.011797 -0.0230921
      vertex -0.000242233 -0.00393772 -0.0235661
    endloop
  endfacet
  facet normal 0.0459097 -0.0397874 -0.998153
    outer loop
      vertex 0.00845528 -0.00809193 -0.0230921
      vertex 0.00282192 -0.00270081 -0.0235661
      vertex 0.00298309 -0.00251484 -0.0235661
    endloop
  endfacet
  facet normal -0.137222 -0.118698 -0.983403
    outer loop
      vertex -0.0140553 -0.0134506 -0.022147
      vertex -0.0196009 -0.0187569 -0.0207327
      vertex -0.0148563 -0.0125246 -0.022147
    endloop
  endfacet
  facet normal -0.0965961 -0.0733884 -0.992614
    outer loop
      vertex -0.00893784 -0.00753498 -0.0230921
      vertex -0.0155993 -0.0115499 -0.022147
      vertex -0.00938416 -0.00694752 -0.0230921
    endloop
  endfacet
  facet normal -0.101072 -0.0673278 -0.992598
    outer loop
      vertex -0.00938416 -0.00694752 -0.0230921
      vertex -0.0162802 -0.0105286 -0.022147
      vertex -0.00979328 -0.00633335 -0.0230921
    endloop
  endfacet
  facet normal -0.10105 -0.0673701 -0.992598
    outer loop
      vertex -0.0155993 -0.0115499 -0.022147
      vertex -0.0162802 -0.0105286 -0.022147
      vertex -0.00938416 -0.00694752 -0.0230921
    endloop
  endfacet
  facet normal -0.114939 -0.0406121 -0.992542
    outer loop
      vertex -0.0107851 -0.00435162 -0.0230921
      vertex -0.0179281 -0.00723362 -0.022147
      vertex -0.0110321 -0.00365257 -0.0230921
    endloop
  endfacet
  facet normal -0.0588328 -0.016708 -0.998128
    outer loop
      vertex -0.00368214 -0.0012188 -0.0235661
      vertex -0.0112352 -0.00293922 -0.0230921
      vertex -0.00374985 -0.000980377 -0.0235661
    endloop
  endfacet
  facet normal -0.121635 -0.0112206 -0.992512
    outer loop
      vertex -0.0191298 -0.00246239 -0.022147
      vertex -0.0192432 -0.0012331 -0.022147
      vertex -0.0115767 -0.000741959 -0.0230921
    endloop
  endfacet
  facet normal -0.0344068 -0.0497284 -0.99817
    outer loop
      vertex -0.00207424 -0.00333118 -0.0235661
      vertex -0.00681782 -0.00956345 -0.0230921
      vertex -0.00227547 -0.00319195 -0.0235661
    endloop
  endfacet
  facet normal -0.0562144 -0.0238559 -0.998134
    outer loop
      vertex -0.00350285 -0.00167942 -0.0235661
      vertex -0.0107851 -0.00435162 -0.0230921
      vertex -0.00359917 -0.00145245 -0.0235661
    endloop
  endfacet
  facet normal 0.178489 -0.0391196 -0.983164
    outer loop
      vertex 0.026412 -0.00513363 -0.0207327
      vertex 0.0186758 -0.00488663 -0.022147
      vertex 0.01894 -0.00368118 -0.022147
    endloop
  endfacet
  facet normal -0.00965622 -0.0593512 -0.99819
    outer loop
      vertex -0.000484467 -0.00391388 -0.0235661
      vertex -0.00217342 -0.011611 -0.0230921
      vertex -0.000724792 -0.00387478 -0.0235661
    endloop
  endfacet
  facet normal 0.182779 -0.00566227 -0.983138
    outer loop
      vertex 0.0268354 -0.00172043 -0.0207327
      vertex 0.0192432 -0.0012331 -0.022147
      vertex 0.0192814 0 -0.022147
    endloop
  endfacet
  facet normal -0.061215 -0.00189096 -0.998123
    outer loop
      vertex -0.00386333 -0.000247002 -0.0235661
      vertex -0.0115767 -0.000741959 -0.0230921
      vertex -0.00387096 0 -0.0235661
    endloop
  endfacet
  facet normal -0.0830984 -0.159967 -0.983618
    outer loop
      vertex -0.00820923 -0.0177794 -0.022147
      vertex -0.0129528 -0.0240116 -0.0207327
      vertex -0.00928879 -0.0172186 -0.022147
    endloop
  endfacet
  facet normal 0.120071 -0.272231 -0.954711
    outer loop
      vertex 0.0177774 -0.0384998 -0.0165251
      vertex 0.0126591 -0.0325832 -0.0188559
      vertex 0.0146418 -0.0317087 -0.0188559
    endloop
  endfacet
  facet normal 0.017189 -0.0576882 -0.998187
    outer loop
      vertex 0.00358391 -0.0112419 -0.0230921
      vertex 0.000962257 -0.00382137 -0.0235661
      vertex 0.00119591 -0.00375175 -0.0235661
    endloop
  endfacet
  facet normal 0.371761 -0.186049 -0.909494
    outer loop
      vertex 0.0428972 -0.0240326 -0.0137471
      vertex 0.0503492 -0.0241443 -0.0106782
      vertex 0.0503492 -0.0242714 -0.0106522
    endloop
  endfacet
  facet normal 0.371775 -0.185887 -0.909521
    outer loop
      vertex 0.0503492 -0.0241443 -0.0106782
      vertex 0.0428972 -0.0240326 -0.0137471
      vertex 0.0442934 -0.0212402 -0.0137471
    endloop
  endfacet
  facet normal 0.209147 -0.121303 -0.970332
    outer loop
      vertex 0.0290346 -0.0187778 -0.0188559
      vertex 0.0235624 -0.0131998 -0.0207327
      vertex 0.0301342 -0.0168819 -0.0188559
    endloop
  endfacet
  facet normal 0.226636 -0.196024 -0.95405
    outer loop
      vertex 0.0304365 -0.0291271 -0.0165251
      vertex 0.0264969 -0.0223379 -0.0188559
      vertex 0.0321712 -0.0271215 -0.0165251
    endloop
  endfacet
  facet normal 0.137241 -0.118684 -0.983402
    outer loop
      vertex 0.0196009 -0.0187569 -0.0207327
      vertex 0.0148563 -0.0125246 -0.022147
      vertex 0.0207176 -0.0174656 -0.0207327
    endloop
  endfacet
  facet normal 0.24273 -0.00740705 -0.970066
    outer loop
      vertex 0.0343885 0 -0.0188559
      vertex 0.0268354 -0.00172043 -0.0207327
      vertex 0.0268879 0 -0.0207327
    endloop
  endfacet
  facet normal 0.172114 -0.0607819 -0.9832
    outer loop
      vertex 0.0249996 -0.010087 -0.0207327
      vertex 0.0179281 -0.00723362 -0.022147
      vertex 0.0255718 -0.00846672 -0.0207327
    endloop
  endfacet
  facet normal 0.200909 -0.134015 -0.9704
    outer loop
      vertex 0.0278206 -0.0205984 -0.0188559
      vertex 0.0217524 -0.0161057 -0.0207327
      vertex 0.0227022 -0.0146818 -0.0207327
    endloop
  endfacet
  facet normal 0.0609734 -0.00566752 -0.998123
    outer loop
      vertex 0.011508 -0.00148106 -0.0230921
      vertex 0.00384045 -0.000494003 -0.0235661
      vertex 0.0115767 -0.000741959 -0.0230921
    endloop
  endfacet
  facet normal 0.061215 -0.00189096 -0.998123
    outer loop
      vertex 0.0115767 -0.000741959 -0.0230921
      vertex 0.00386333 -0.000247002 -0.0235661
      vertex 0.00387096 0 -0.0235661
    endloop
  endfacet
  facet normal 0.180639 -0.0280826 -0.983148
    outer loop
      vertex 0.026412 -0.00513363 -0.0207327
      vertex 0.0191298 -0.00246239 -0.022147
      vertex 0.0266762 -0.00343418 -0.0207327
    endloop
  endfacet
  facet normal 0.301723 -0.00940772 -0.953349
    outer loop
      vertex 0.0416698 -0.00267124 -0.0165251
      vertex 0.0343199 -0.00220013 -0.0188559
      vertex 0.0343885 0 -0.0188559
    endloop
  endfacet
  facet normal 0.359933 -0.0111837 -0.932911
    outer loop
      vertex 0.0488558 -0.00313187 -0.0137471
      vertex 0.0416698 -0.00267124 -0.0165251
      vertex 0.0417528 0 -0.0165251
    endloop
  endfacet
  facet normal 0.300549 -0.0277873 -0.953362
    outer loop
      vertex 0.0414238 -0.00533199 -0.0165251
      vertex 0.0343199 -0.00220013 -0.0188559
      vertex 0.0416698 -0.00267124 -0.0165251
    endloop
  endfacet
  facet normal 0.0113127 -0.354091 -0.935142
    outer loop
      vertex 0.00307369 -0.0497875 -0.0137471
      vertex 0 -0.0498857 -0.0137471
      vertex 0 -0.0425491 -0.0165251
    endloop
  endfacet
  facet normal -0.0393218 -0.408692 -0.911825
    outer loop
      vertex -0.00335206 -0.0542994 -0.0117128
      vertex -0.00569181 -0.0542994 -0.0116119
      vertex -0.00307369 -0.0497875 -0.0137471
    endloop
  endfacet
  facet normal 0.141733 -0.386104 -0.911502
    outer loop
      vertex 0.0205994 -0.0530214 -0.0105341
      vertex 0.017292 -0.0542355 -0.0105341
      vertex 0.0180206 -0.0463829 -0.0137471
    endloop
  endfacet
  facet normal 0.266265 -0.384393 -0.883937
    outer loop
      vertex 0.0368805 -0.0517292 -0.00689969
      vertex 0.0299835 -0.0481491 -0.0105341
      vertex 0.0328913 -0.0461349 -0.0105341
    endloop
  endfacet
  facet normal 0.241165 -0.400137 -0.884155
    outer loop
      vertex 0.0292921 -0.0542994 -0.007939
      vertex 0.0336199 -0.0539875 -0.00689969
      vertex 0.0331024 -0.0542994 -0.00689969
    endloop
  endfacet
  facet normal 0.241163 -0.400199 -0.884127
    outer loop
      vertex 0.0336199 -0.0539875 -0.00689969
      vertex 0.0292921 -0.0542994 -0.007939
      vertex 0.0269585 -0.0499725 -0.0105341
    endloop
  endfacet
  facet normal 0.160549 -0.437511 -0.884764
    outer loop
      vertex 0.0173124 -0.0542994 -0.0104988
      vertex 0.017292 -0.0542355 -0.0105341
      vertex 0.0173631 -0.0542994 -0.0104896
    endloop
  endfacet
  facet normal 0.0912399 -0.400577 -0.911709
    outer loop
      vertex 0.0101642 -0.0542994 -0.0113206
      vertex 0.00917244 -0.0490026 -0.0137471
      vertex 0.0132039 -0.0542994 -0.0110164
    endloop
  endfacet
  facet normal 0.166074 -0.376587 -0.911374
    outer loop
      vertex 0.0205994 -0.0530214 -0.0105341
      vertex 0.0180206 -0.0463829 -0.0137471
      vertex 0.0208426 -0.0451384 -0.0137471
    endloop
  endfacet
  facet normal 0.166091 -0.376586 -0.911371
    outer loop
      vertex 0.0238256 -0.0515985 -0.0105341
      vertex 0.0205994 -0.0530214 -0.0105341
      vertex 0.0208426 -0.0451384 -0.0137471
    endloop
  endfacet
  facet normal 0.199796 -0.222434 -0.954256
    outer loop
      vertex 0.0266142 -0.0327845 -0.0165251
      vertex 0.0219193 -0.0270023 -0.0188559
      vertex 0.0235405 -0.0255461 -0.0188559
    endloop
  endfacet
  facet normal 0.185238 -0.234294 -0.954355
    outer loop
      vertex 0.0245419 -0.0344229 -0.0165251
      vertex 0.0219193 -0.0270023 -0.0188559
      vertex 0.0266142 -0.0327845 -0.0165251
    endloop
  endfacet
  facet normal 0.284866 -0.216721 -0.933747
    outer loop
      vertex 0.0396032 -0.0293217 -0.0137471
      vertex 0.0321712 -0.0271215 -0.0165251
      vertex 0.0337782 -0.0250092 -0.0165251
    endloop
  endfacet
  facet normal 0.238741 -0.18163 -0.953946
    outer loop
      vertex 0.0321712 -0.0271215 -0.0165251
      vertex 0.0278206 -0.0205984 -0.0188559
      vertex 0.0337782 -0.0250092 -0.0165251
    endloop
  endfacet
  facet normal 0.313092 -0.34849 -0.883475
    outer loop
      vertex 0.0399942 -0.0492678 -0.00689969
      vertex 0.0356693 -0.0439396 -0.0105341
      vertex 0.0429516 -0.0466108 -0.00689969
    endloop
  endfacet
  facet normal 0.290257 -0.367179 -0.883703
    outer loop
      vertex 0.0368805 -0.0517292 -0.00689969
      vertex 0.0356693 -0.0439396 -0.0105341
      vertex 0.0399942 -0.0492678 -0.00689969
    endloop
  endfacet
  facet normal 0.199879 -0.222396 -0.954248
    outer loop
      vertex 0.0266142 -0.0327845 -0.0165251
      vertex 0.0235405 -0.0255461 -0.0188559
      vertex 0.0285816 -0.0310163 -0.0165251
    endloop
  endfacet
  facet normal 0.213593 -0.209715 -0.954148
    outer loop
      vertex 0.0285816 -0.0310163 -0.0165251
      vertex 0.0235405 -0.0255461 -0.0188559
      vertex 0.0304365 -0.0291271 -0.0165251
    endloop
  endfacet
  facet normal 0.392511 -0.138635 -0.909239
    outer loop
      vertex 0.0503492 -0.0178984 -0.0117312
      vertex 0.0465565 -0.0154152 -0.0137471
      vertex 0.0503492 -0.0166713 -0.0119183
    endloop
  endfacet
  facet normal 0.392519 -0.138622 -0.909238
    outer loop
      vertex 0.0465565 -0.0154152 -0.0137471
      vertex 0.0503492 -0.0178984 -0.0117312
      vertex 0.0455151 -0.018364 -0.0137471
    endloop
  endfacet
  facet normal 0.338896 -0.119775 -0.933168
    outer loop
      vertex 0.0455151 -0.018364 -0.0137471
      vertex 0.0388203 -0.0156631 -0.0165251
      vertex 0.0397091 -0.0131483 -0.0165251
    endloop
  endfacet
  facet normal 0.330622 -0.140436 -0.933256
    outer loop
      vertex 0.0442934 -0.0212402 -0.0137471
      vertex 0.0377789 -0.018116 -0.0165251
      vertex 0.0455151 -0.018364 -0.0137471
    endloop
  endfacet
  facet normal 0.359242 -0.208459 -0.909665
    outer loop
      vertex 0.0472479 -0.0305557 -0.0105341
      vertex 0.0428972 -0.0240326 -0.0137471
      vertex 0.049037 -0.0274725 -0.0105341
    endloop
  endfacet
  facet normal 0.310162 -0.180022 -0.933484
    outer loop
      vertex 0.0413313 -0.0267305 -0.0137471
      vertex 0.0365877 -0.0204983 -0.0165251
      vertex 0.0428972 -0.0240326 -0.0137471
    endloop
  endfacet
  facet normal 0.284053 -0.100435 -0.953534
    outer loop
      vertex 0.0388203 -0.0156631 -0.0165251
      vertex 0.0319729 -0.0129004 -0.0188559
      vertex 0.0327053 -0.010829 -0.0188559
    endloop
  endfacet
  facet normal 0.338953 -0.119705 -0.933157
    outer loop
      vertex 0.0455151 -0.018364 -0.0137471
      vertex 0.0397091 -0.0131483 -0.0165251
      vertex 0.0465565 -0.0154152 -0.0137471
    endloop
  endfacet
  facet normal 0.355758 -0.0552605 -0.932943
    outer loop
      vertex 0.0480852 -0.00934696 -0.0137471
      vertex 0.0414238 -0.00533199 -0.0165251
      vertex 0.0485659 -0.00625229 -0.0137471
    endloop
  endfacet
  facet normal 0.400537 -0.114248 -0.90913
    outer loop
      vertex 0.0503492 -0.0148029 -0.012153
      vertex 0.0474148 -0.0124054 -0.0137471
      vertex 0.0503492 -0.0131732 -0.0123578
    endloop
  endfacet
  facet normal 0.400553 -0.114225 -0.909126
    outer loop
      vertex 0.0474148 -0.0124054 -0.0137471
      vertex 0.0503492 -0.0148029 -0.012153
      vertex 0.0465565 -0.0154152 -0.0137471
    endloop
  endfacet
  facet normal 0.416855 -0.012894 -0.908882
    outer loop
      vertex 0.0503492 -0.0032276 -0.0130608
      vertex 0.0488558 -0.00313187 -0.0137471
      vertex 0.0503492 -0.00247337 -0.0130715
    endloop
  endfacet
  facet normal 0.409966 -0.402301 -0.818585
    outer loop
      vertex 0.0500358 -0.0542994 -0.000158101
      vertex 0.0503492 -0.0519397 -0.00116084
      vertex 0.0503492 -0.0542994 -1.1432e-06
    endloop
  endfacet
  facet normal 0.409965 -0.402301 -0.818586
    outer loop
      vertex 0.0503492 -0.0519397 -0.00116084
      vertex 0.0500358 -0.0542994 -0.000158101
      vertex 0.0474272 -0.0514679 -0.00285611
    endloop
  endfacet
  facet normal 0.348976 -0.388431 -0.85284
    outer loop
      vertex 0.0474272 -0.0514679 -0.00285611
      vertex 0.0399942 -0.0492678 -0.00689969
      vertex 0.0429516 -0.0466108 -0.00689969
    endloop
  endfacet
  facet normal 0.349019 -0.3885 -0.852791
    outer loop
      vertex 0.044079 -0.0542994 -0.00293649
      vertex 0.0474272 -0.0514679 -0.00285611
      vertex 0.0442754 -0.0542994 -0.00285611
    endloop
  endfacet
  facet normal 0.348971 -0.388442 -0.852837
    outer loop
      vertex 0.0474272 -0.0514679 -0.00285611
      vertex 0.044079 -0.0542994 -0.00293649
      vertex 0.0399942 -0.0492678 -0.00689969
    endloop
  endfacet
  facet normal 0.31313 -0.348409 -0.883494
    outer loop
      vertex 0.0429516 -0.0466108 -0.00689969
      vertex 0.0356693 -0.0439396 -0.0105341
      vertex 0.0383062 -0.0415697 -0.0105341
    endloop
  endfacet
  facet normal 0.329869 -0.251114 -0.910015
    outer loop
      vertex 0.0452719 -0.0335188 -0.0105341
      vertex 0.0377178 -0.0317984 -0.0137471
      vertex 0.0396032 -0.0293217 -0.0137471
    endloop
  endfacet
  facet normal -0.382998 -0.162499 -0.909344
    outer loop
      vertex -0.0455151 -0.018364 -0.0137471
      vertex -0.0503492 -0.023952 -0.0107125
      vertex -0.0503492 -0.0203146 -0.0113625
    endloop
  endfacet
  facet normal -0.0787474 -0.34568 -0.935042
    outer loop
      vertex -0.00917244 -0.0490026 -0.0137471
      vertex -0.0121737 -0.0483189 -0.0137471
      vertex -0.00782299 -0.0417957 -0.0165251
    endloop
  endfacet
  facet normal -0.0912514 -0.400569 -0.911711
    outer loop
      vertex -0.0132039 -0.0542994 -0.0110164
      vertex -0.0121737 -0.0483189 -0.0137471
      vertex -0.00917244 -0.0490026 -0.0137471
    endloop
  endfacet
  facet normal -0.0910949 -0.400597 -0.911715
    outer loop
      vertex -0.0121737 -0.0483189 -0.0137471
      vertex -0.0132039 -0.0542994 -0.0110164
      vertex -0.0136803 -0.0542994 -0.0109688
    endloop
  endfacet
  facet normal -0.163837 -0.315481 -0.934681
    outer loop
      vertex -0.0208426 -0.0451384 -0.0137471
      vertex -0.0235825 -0.0437155 -0.0137471
      vertex -0.0177774 -0.0384998 -0.0165251
    endloop
  endfacet
  facet normal -0.120023 -0.27227 -0.954706
    outer loop
      vertex -0.0153694 -0.0395613 -0.0165251
      vertex -0.0177774 -0.0384998 -0.0165251
      vertex -0.0126591 -0.0325832 -0.0188559
    endloop
  endfacet
  facet normal -0.141636 -0.386102 -0.911518
    outer loop
      vertex -0.017292 -0.0542355 -0.0105341
      vertex -0.0180206 -0.0463829 -0.0137471
      vertex -0.0151272 -0.0474443 -0.0137471
    endloop
  endfacet
  facet normal -0.102396 -0.27914 -0.954775
    outer loop
      vertex -0.0129023 -0.0404663 -0.0165251
      vertex -0.0153694 -0.0395613 -0.0165251
      vertex -0.0126591 -0.0325832 -0.0188559
    endloop
  endfacet
  facet normal -0.100714 -0.34011 -0.934977
    outer loop
      vertex -0.0121737 -0.0483189 -0.0137471
      vertex -0.0151272 -0.0474443 -0.0137471
      vertex -0.0129023 -0.0404663 -0.0165251
    endloop
  endfacet
  facet normal -0.0654581 -0.405435 -0.911777
    outer loop
      vertex -0.00766252 -0.0542994 -0.0115002
      vertex -0.0101642 -0.0542994 -0.0113206
      vertex -0.00917244 -0.0490026 -0.0137471
    endloop
  endfacet
  facet normal -0.0654791 -0.405415 -0.911785
    outer loop
      vertex -0.00766252 -0.0542994 -0.0115002
      vertex -0.00613499 -0.0494928 -0.0137471
      vertex -0.00673095 -0.0542994 -0.0115671
    endloop
  endfacet
  facet normal -0.0654303 -0.405429 -0.911782
    outer loop
      vertex -0.00613499 -0.0494928 -0.0137471
      vertex -0.00766252 -0.0542994 -0.0115002
      vertex -0.00917244 -0.0490026 -0.0137471
    endloop
  endfacet
  facet normal -0.160549 -0.437511 -0.884764
    outer loop
      vertex -0.0173124 -0.0542994 -0.0104988
      vertex -0.0173631 -0.0542994 -0.0104896
      vertex -0.017292 -0.0542355 -0.0105341
    endloop
  endfacet
  facet normal 0.0654581 -0.405435 -0.911777
    outer loop
      vertex 0.0101642 -0.0542994 -0.0113206
      vertex 0.00766252 -0.0542994 -0.0115002
      vertex 0.00917244 -0.0490026 -0.0137471
    endloop
  endfacet
  facet normal 0.0787474 -0.34568 -0.935042
    outer loop
      vertex 0.00917244 -0.0490026 -0.0137471
      vertex 0.00782299 -0.0417957 -0.0165251
      vertex 0.0121737 -0.0483189 -0.0137471
    endloop
  endfacet
  facet normal -0.0242889 -0.0551797 -0.998181
    outer loop
      vertex -0.00142479 -0.00366783 -0.0235661
      vertex -0.0042696 -0.0109901 -0.0230921
      vertex -0.00164795 -0.0035696 -0.0235661
    endloop
  endfacet
  facet normal -0.277154 -0.117593 -0.953602
    outer loop
      vertex -0.0311155 -0.0149212 -0.0188559
      vertex -0.0388203 -0.0156631 -0.0165251
      vertex -0.0319729 -0.0129004 -0.0188559
    endloop
  endfacet
  facet normal -0.284053 -0.100435 -0.953534
    outer loop
      vertex -0.0319729 -0.0129004 -0.0188559
      vertex -0.0388203 -0.0156631 -0.0165251
      vertex -0.0327053 -0.010829 -0.0188559
    endloop
  endfacet
  facet normal -0.392519 -0.138622 -0.909238
    outer loop
      vertex -0.0503492 -0.0178984 -0.0117312
      vertex -0.0465565 -0.0154152 -0.0137471
      vertex -0.0455151 -0.018364 -0.0137471
    endloop
  endfacet
  facet normal -0.392511 -0.138635 -0.909239
    outer loop
      vertex -0.0465565 -0.0154152 -0.0137471
      vertex -0.0503492 -0.0178984 -0.0117312
      vertex -0.0503492 -0.0166713 -0.0119183
    endloop
  endfacet
  facet normal -0.400551 -0.114201 -0.90913
    outer loop
      vertex -0.0465565 -0.0154152 -0.0137471
      vertex -0.0503492 -0.0166713 -0.0119183
      vertex -0.0503492 -0.0148029 -0.012153
    endloop
  endfacet
  facet normal -0.383536 -0.426922 -0.818925
    outer loop
      vertex -0.0442754 -0.0542994 -0.00285611
      vertex -0.0476896 -0.0542994 -0.0012571
      vertex -0.0474272 -0.0514679 -0.00285611
    endloop
  endfacet
  facet normal 0.143324 -0.324998 -0.934791
    outer loop
      vertex 0.0180206 -0.0463829 -0.0137471
      vertex 0.0177774 -0.0384998 -0.0165251
      vertex 0.0208426 -0.0451384 -0.0137471
    endloop
  endfacet
  facet normal 0.112229 -0.141822 -0.98351
    outer loop
      vertex 0.0158043 -0.0221682 -0.0207327
      vertex 0.012291 -0.0151405 -0.022147
      vertex 0.0171385 -0.0211124 -0.0207327
    endloop
  endfacet
  facet normal 0.116703 -0.394101 -0.911627
    outer loop
      vertex 0.017292 -0.0542355 -0.0105341
      vertex 0.0121737 -0.0483189 -0.0137471
      vertex 0.0151272 -0.0474443 -0.0137471
    endloop
  endfacet
  facet normal 0.0113317 -0.354084 -0.935145
    outer loop
      vertex 0.00307369 -0.0497875 -0.0137471
      vertex 0 -0.0425491 -0.0165251
      vertex 0.00262165 -0.0424652 -0.0165251
    endloop
  endfacet
  facet normal 0.00757689 -0.238475 -0.971119
    outer loop
      vertex 0.00215912 -0.0349751 -0.0188559
      vertex 0 -0.0350437 -0.0188559
      vertex 0 -0.027401 -0.0207327
    endloop
  endfacet
  facet normal 0.0285815 -0.177392 -0.983725
    outer loop
      vertex 0.00336933 -0.0271845 -0.0207327
      vertex 0.00241661 -0.019495 -0.022147
      vertex 0.00503826 -0.0269156 -0.0207327
    endloop
  endfacet
  facet normal -0.0380274 -0.235628 -0.971099
    outer loop
      vertex -0.00430965 -0.0347681 -0.0188559
      vertex -0.00644302 -0.0344238 -0.0188559
      vertex -0.00503826 -0.0269156 -0.0207327
    endloop
  endfacet
  facet normal -0.0472975 -0.293067 -0.954921
    outer loop
      vertex -0.00430965 -0.0347681 -0.0188559
      vertex -0.00782299 -0.0417957 -0.0165251
      vertex -0.00644302 -0.0344238 -0.0188559
    endloop
  endfacet
  facet normal -0.0266931 -0.116997 -0.992774
    outer loop
      vertex -0.00217342 -0.011611 -0.0230921
      vertex -0.00479507 -0.0190325 -0.022147
      vertex -0.00288391 -0.0114489 -0.0230921
    endloop
  endfacet
  facet normal -0.0823852 -0.224425 -0.971003
    outer loop
      vertex -0.00830841 -0.0260601 -0.0207327
      vertex -0.0126591 -0.0325832 -0.0188559
      vertex -0.00989819 -0.0254765 -0.0207327
    endloop
  endfacet
  facet normal -0.383058 -0.162202 -0.909372
    outer loop
      vertex -0.0503492 -0.023952 -0.0107125
      vertex -0.0442934 -0.0212402 -0.0137471
      vertex -0.0503492 -0.0241443 -0.0106782
    endloop
  endfacet
  facet normal -0.382869 -0.162628 -0.909375
    outer loop
      vertex -0.0442934 -0.0212402 -0.0137471
      vertex -0.0503492 -0.023952 -0.0107125
      vertex -0.0455151 -0.018364 -0.0137471
    endloop
  endfacet
  facet normal -0.330622 -0.140436 -0.933256
    outer loop
      vertex -0.0442934 -0.0212402 -0.0137471
      vertex -0.0455151 -0.018364 -0.0137471
      vertex -0.0377789 -0.018116 -0.0165251
    endloop
  endfacet
  facet normal -0.276247 -0.30752 -0.91056
    outer loop
      vertex -0.0312033 -0.0384378 -0.0137471
      vertex -0.0356693 -0.0439396 -0.0105341
      vertex -0.0335102 -0.0363655 -0.0137471
    endloop
  endfacet
  facet normal -0.238514 -0.265385 -0.934174
    outer loop
      vertex -0.0266142 -0.0327845 -0.0165251
      vertex -0.0335102 -0.0363655 -0.0137471
      vertex -0.0285816 -0.0310163 -0.0165251
    endloop
  endfacet
  facet normal -0.169829 -0.245326 -0.954449
    outer loop
      vertex -0.0223722 -0.0359249 -0.0165251
      vertex -0.0245419 -0.0344229 -0.0165251
      vertex -0.0184259 -0.0295887 -0.0188559
    endloop
  endfacet
  facet normal -0.153854 -0.255309 -0.95454
    outer loop
      vertex -0.0201139 -0.0372858 -0.0165251
      vertex -0.0223722 -0.0359249 -0.0165251
      vertex -0.0184259 -0.0295887 -0.0188559
    endloop
  endfacet
  facet normal -0.212806 -0.353042 -0.911084
    outer loop
      vertex -0.0269585 -0.0499725 -0.0105341
      vertex -0.0299835 -0.0481491 -0.0105341
      vertex -0.0262299 -0.04212 -0.0137471
    endloop
  endfacet
  facet normal -0.234914 -0.339188 -0.910915
    outer loop
      vertex -0.0262299 -0.04212 -0.0137471
      vertex -0.0299835 -0.0481491 -0.0105341
      vertex -0.0287733 -0.0403585 -0.0137471
    endloop
  endfacet
  facet normal -0.266265 -0.384393 -0.883937
    outer loop
      vertex -0.0299835 -0.0481491 -0.0105341
      vertex -0.0368805 -0.0517292 -0.00689969
      vertex -0.0328913 -0.0461349 -0.0105341
    endloop
  endfacet
  facet normal -0.266249 -0.384418 -0.883931
    outer loop
      vertex -0.0336199 -0.0539875 -0.00689969
      vertex -0.0368805 -0.0517292 -0.00689969
      vertex -0.0299835 -0.0481491 -0.0105341
    endloop
  endfacet
  facet normal -0.313092 -0.34849 -0.883475
    outer loop
      vertex -0.0399942 -0.0492678 -0.00689969
      vertex -0.0429516 -0.0466108 -0.00689969
      vertex -0.0356693 -0.0439396 -0.0105341
    endloop
  endfacet
  facet normal -0.31313 -0.348409 -0.883494
    outer loop
      vertex -0.0356693 -0.0439396 -0.0105341
      vertex -0.0429516 -0.0466108 -0.00689969
      vertex -0.0383062 -0.0415697 -0.0105341
    endloop
  endfacet
  facet normal -0.358532 -0.0331481 -0.932929
    outer loop
      vertex -0.0414238 -0.00533199 -0.0165251
      vertex -0.0488558 -0.00313187 -0.0137471
      vertex -0.0416698 -0.00267124 -0.0165251
    endloop
  endfacet
  facet normal -0.359933 -0.0111837 -0.932911
    outer loop
      vertex -0.0416698 -0.00267124 -0.0165251
      vertex -0.0488558 -0.00313187 -0.0137471
      vertex -0.0417528 0 -0.0165251
    endloop
  endfacet
  facet normal -0.351474 -0.0771058 -0.933017
    outer loop
      vertex -0.0404406 -0.010581 -0.0165251
      vertex -0.0474148 -0.0124054 -0.0137471
      vertex -0.0410128 -0.00797272 -0.0165251
    endloop
  endfacet
  facet normal -0.351509 -0.0770496 -0.933008
    outer loop
      vertex -0.0474148 -0.0124054 -0.0137471
      vertex -0.0480852 -0.00934696 -0.0137471
      vertex -0.0410128 -0.00797272 -0.0165251
    endloop
  endfacet
  facet normal -0.171855 -0.168586 -0.97059
    outer loop
      vertex -0.0235405 -0.0255461 -0.0188559
      vertex -0.0250673 -0.0239897 -0.0188559
      vertex -0.0196009 -0.0187569 -0.0207327
    endloop
  endfacet
  facet normal -0.213593 -0.209715 -0.954148
    outer loop
      vertex -0.0285816 -0.0310163 -0.0165251
      vertex -0.0304365 -0.0291271 -0.0165251
      vertex -0.0235405 -0.0255461 -0.0188559
    endloop
  endfacet
  facet normal -0.345228 -0.230236 -0.90984
    outer loop
      vertex -0.0396032 -0.0293217 -0.0137471
      vertex -0.0452719 -0.0335188 -0.0105341
      vertex -0.0413313 -0.0267305 -0.0137471
    endloop
  endfacet
  facet normal -0.345238 -0.230229 -0.909838
    outer loop
      vertex -0.0452719 -0.0335188 -0.0105341
      vertex -0.0472479 -0.0305557 -0.0105341
      vertex -0.0413313 -0.0267305 -0.0137471
    endloop
  endfacet
  facet normal -0.151314 -0.100881 -0.983325
    outer loop
      vertex -0.0155993 -0.0115499 -0.022147
      vertex -0.0227022 -0.0146818 -0.0207327
      vertex -0.0162802 -0.0105286 -0.022147
    endloop
  endfacet
  facet normal -0.191986 -0.146095 -0.970463
    outer loop
      vertex -0.0264969 -0.0223379 -0.0188559
      vertex -0.0278206 -0.0205984 -0.0188559
      vertex -0.0207176 -0.0174656 -0.0207327
    endloop
  endfacet
  facet normal -0.209147 -0.121303 -0.970332
    outer loop
      vertex -0.0290346 -0.0187778 -0.0188559
      vertex -0.0301342 -0.0168819 -0.0188559
      vertex -0.0235624 -0.0131998 -0.0207327
    endloop
  endfacet
  facet normal -0.24982 -0.166615 -0.95385
    outer loop
      vertex -0.0337782 -0.0250092 -0.0165251
      vertex -0.0352526 -0.0227985 -0.0165251
      vertex -0.0278206 -0.0205984 -0.0188559
    endloop
  endfacet
  facet normal -0.151296 -0.100921 -0.983323
    outer loop
      vertex -0.0217524 -0.0161057 -0.0207327
      vertex -0.0227022 -0.0146818 -0.0207327
      vertex -0.0155993 -0.0115499 -0.022147
    endloop
  endfacet
  facet normal -0.157477 -0.0913054 -0.983293
    outer loop
      vertex -0.0162802 -0.0105286 -0.022147
      vertex -0.0235624 -0.0131998 -0.0207327
      vertex -0.0168962 -0.00946617 -0.022147
    endloop
  endfacet
  facet normal -0.121039 -0.134622 -0.983477
    outer loop
      vertex -0.012291 -0.0151405 -0.022147
      vertex -0.0184059 -0.0199747 -0.0207327
      vertex -0.0131989 -0.0143242 -0.022147
    endloop
  endfacet
  facet normal -0.129363 -0.126941 -0.983438
    outer loop
      vertex -0.0184059 -0.0199747 -0.0207327
      vertex -0.0196009 -0.0187569 -0.0207327
      vertex -0.0131989 -0.0143242 -0.022147
    endloop
  endfacet
  facet normal -0.112229 -0.141822 -0.98351
    outer loop
      vertex -0.0158043 -0.0221682 -0.0207327
      vertex -0.0171385 -0.0211124 -0.0207327
      vertex -0.012291 -0.0151405 -0.022147
    endloop
  endfacet
  facet normal -0.149042 -0.188343 -0.970728
    outer loop
      vertex -0.0158043 -0.0221682 -0.0207327
      vertex -0.0219193 -0.0270023 -0.0188559
      vertex -0.0171385 -0.0211124 -0.0207327
    endloop
  endfacet
  facet normal -0.300518 -0.027864 -0.953369
    outer loop
      vertex -0.0341167 -0.00439167 -0.0188559
      vertex -0.0414238 -0.00533199 -0.0165251
      vertex -0.0343199 -0.00220013 -0.0188559
    endloop
  endfacet
  facet normal -0.121616 -0.0113043 -0.992513
    outer loop
      vertex -0.011508 -0.00148106 -0.0230921
      vertex -0.0191298 -0.00246239 -0.022147
      vertex -0.0115767 -0.000741959 -0.0230921
    endloop
  endfacet
  facet normal -0.0340491 -0.115142 -0.992765
    outer loop
      vertex -0.00288391 -0.0114489 -0.0230921
      vertex -0.00479507 -0.0190325 -0.022147
      vertex -0.00358391 -0.0112419 -0.0230921
    endloop
  endfacet
  facet normal -0.0915883 -0.0793552 -0.99263
    outer loop
      vertex -0.00845528 -0.00809193 -0.0230921
      vertex -0.0140553 -0.0134506 -0.022147
      vertex -0.00893784 -0.00753498 -0.0230921
    endloop
  endfacet
  facet normal -0.11207 -0.0477134 -0.992554
    outer loop
      vertex -0.0104952 -0.00503254 -0.0230921
      vertex -0.0174465 -0.00836563 -0.022147
      vertex -0.0107851 -0.00435162 -0.0230921
    endloop
  endfacet
  facet normal -0.108852 -0.054429 -0.992567
    outer loop
      vertex -0.0174465 -0.00836563 -0.022147
      vertex -0.0101643 -0.00569439 -0.0230921
      vertex -0.0168962 -0.00946617 -0.022147
    endloop
  endfacet
  facet normal -0.108854 -0.054423 -0.992567
    outer loop
      vertex -0.0101643 -0.00569439 -0.0230921
      vertex -0.0174465 -0.00836563 -0.022147
      vertex -0.0104952 -0.00503254 -0.0230921
    endloop
  endfacet
  facet normal -0.216431 -0.108223 -0.970281
    outer loop
      vertex -0.0235624 -0.0131998 -0.0207327
      vertex -0.0311155 -0.0149212 -0.0188559
      vertex -0.0243292 -0.0116663 -0.0207327
    endloop
  endfacet
  facet normal -0.237035 -0.0519713 -0.97011
    outer loop
      vertex -0.033308 -0.00871468 -0.0188559
      vertex -0.0337791 -0.00656605 -0.0188559
      vertex -0.026412 -0.00513363 -0.0207327
    endloop
  endfacet
  facet normal -0.11923 -0.0261318 -0.992523
    outer loop
      vertex -0.0186758 -0.00488663 -0.022147
      vertex -0.01894 -0.00368118 -0.022147
      vertex -0.0112352 -0.00293922 -0.0230921
    endloop
  endfacet
  facet normal -0.119239 -0.0260427 -0.992524
    outer loop
      vertex -0.0112352 -0.00293922 -0.0230921
      vertex -0.01894 -0.00368118 -0.022147
      vertex -0.0113935 -0.00221443 -0.0230921
    endloop
  endfacet
  facet normal 0.045915 -0.0397822 -0.998153
    outer loop
      vertex 0.00845528 -0.00809193 -0.0230921
      vertex 0.00298309 -0.00251484 -0.0235661
      vertex 0.00893784 -0.00753498 -0.0230921
    endloop
  endfacet
  facet normal -0.120653 -0.018789 -0.992517
    outer loop
      vertex -0.01894 -0.00368118 -0.022147
      vertex -0.0191298 -0.00246239 -0.022147
      vertex -0.011508 -0.00148106 -0.0230921
    endloop
  endfacet
  facet normal -0.0526555 -0.0306965 -0.998141
    outer loop
      vertex -0.00326824 -0.00211334 -0.0235661
      vertex -0.00979328 -0.00633335 -0.0230921
      vertex -0.00339222 -0.00190067 -0.0235661
    endloop
  endfacet
  facet normal -0.0310748 -0.0517897 -0.998174
    outer loop
      vertex -0.00186443 -0.00345707 -0.0235661
      vertex -0.00558758 -0.0103588 -0.0230921
      vertex -0.00207424 -0.00333118 -0.0235661
    endloop
  endfacet
  facet normal -0.054577 -0.0272864 -0.998137
    outer loop
      vertex -0.0104952 -0.00503254 -0.0230921
      vertex -0.00339222 -0.00190067 -0.0235661
      vertex -0.0101643 -0.00569439 -0.0230921
    endloop
  endfacet
  facet normal -0.0545758 -0.0272891 -0.998137
    outer loop
      vertex -0.00339222 -0.00190067 -0.0235661
      vertex -0.0104952 -0.00503254 -0.0230921
      vertex -0.00350285 -0.00167942 -0.0235661
    endloop
  endfacet
  facet normal -0.0171021 -0.178787 -0.983739
    outer loop
      vertex -0.001688 -0.0273466 -0.0207327
      vertex -0.00241661 -0.019495 -0.022147
      vertex -0.00121021 -0.0196104 -0.022147
    endloop
  endfacet
  facet normal 0.0604909 -0.00941565 -0.998124
    outer loop
      vertex 0.011508 -0.00148106 -0.0230921
      vertex 0.0038023 -0.000739098 -0.0235661
      vertex 0.00384045 -0.000494003 -0.0235661
    endloop
  endfacet
  facet normal -0.172114 -0.0607819 -0.9832
    outer loop
      vertex -0.0249996 -0.010087 -0.0207327
      vertex -0.0255718 -0.00846672 -0.0207327
      vertex -0.0179281 -0.00723362 -0.022147
    endloop
  endfacet
  facet normal -0.180623 -0.0281281 -0.98315
    outer loop
      vertex -0.01894 -0.00368118 -0.022147
      vertex -0.026412 -0.00513363 -0.0207327
      vertex -0.0191298 -0.00246239 -0.022147
    endloop
  endfacet
  facet normal 0.157477 -0.0913054 -0.983293
    outer loop
      vertex 0.0235624 -0.0131998 -0.0207327
      vertex 0.0162802 -0.0105286 -0.022147
      vertex 0.0168962 -0.00946617 -0.022147
    endloop
  endfacet
  facet normal 0.0343923 -0.0497395 -0.99817
    outer loop
      vertex 0.0062151 -0.0099802 -0.0230921
      vertex 0.00207424 -0.00333118 -0.0235661
      vertex 0.00681782 -0.00956345 -0.0230921
    endloop
  endfacet
  facet normal -0.0622427 -0.103166 -0.992715
    outer loop
      vertex -0.00558758 -0.0103588 -0.0230921
      vertex -0.0103312 -0.0165911 -0.022147
      vertex -0.0062151 -0.0099802 -0.0230921
    endloop
  endfacet
  facet normal -0.0507002 -0.0337202 -0.998144
    outer loop
      vertex -0.00313187 -0.00231838 -0.0235661
      vertex -0.00979328 -0.00633335 -0.0230921
      vertex -0.00326824 -0.00211334 -0.0235661
    endloop
  endfacet
  facet normal -0.0677456 -0.229095 -0.971044
    outer loop
      vertex -0.00668621 -0.0265398 -0.0207327
      vertex -0.0085516 -0.0339432 -0.0188559
      vertex -0.00830841 -0.0260601 -0.0207327
    endloop
  endfacet
  facet normal -0.0414212 -0.112796 -0.992754
    outer loop
      vertex -0.00358391 -0.0112419 -0.0230921
      vertex -0.0070982 -0.0182695 -0.022147
      vertex -0.0042696 -0.0109901 -0.0230921
    endloop
  endfacet
  facet normal -0.0554017 -0.106863 -0.992729
    outer loop
      vertex -0.00493813 -0.0106955 -0.0230921
      vertex -0.00820923 -0.0177794 -0.022147
      vertex -0.00558758 -0.0103588 -0.0230921
    endloop
  endfacet
  facet normal 0.310159 -0.180025 -0.933484
    outer loop
      vertex 0.0413313 -0.0267305 -0.0137471
      vertex 0.0352526 -0.0227985 -0.0165251
      vertex 0.0365877 -0.0204983 -0.0165251
    endloop
  endfacet
  facet normal 0.249829 -0.166589 -0.953852
    outer loop
      vertex 0.0352526 -0.0227985 -0.0165251
      vertex 0.0278206 -0.0205984 -0.0188559
      vertex 0.0290346 -0.0187778 -0.0188559
    endloop
  endfacet
  facet normal 0.277154 -0.117593 -0.953602
    outer loop
      vertex 0.0388203 -0.0156631 -0.0165251
      vertex 0.0311155 -0.0149212 -0.0188559
      vertex 0.0319729 -0.0129004 -0.0188559
    endloop
  endfacet
  facet normal 0.268998 -0.134629 -0.953685
    outer loop
      vertex 0.0365877 -0.0204983 -0.0165251
      vertex 0.0301342 -0.0168819 -0.0188559
      vertex 0.0311155 -0.0149212 -0.0188559
    endloop
  endfacet
  facet normal 0.209088 -0.121362 -0.970337
    outer loop
      vertex 0.0290346 -0.0187778 -0.0188559
      vertex 0.0227022 -0.0146818 -0.0207327
      vertex 0.0235624 -0.0131998 -0.0207327
    endloop
  endfacet
  facet normal 0.269079 -0.134545 -0.953674
    outer loop
      vertex 0.0365877 -0.0204983 -0.0165251
      vertex 0.0311155 -0.0149212 -0.0188559
      vertex 0.0377789 -0.018116 -0.0165251
    endloop
  endfacet
  facet normal 0.191988 -0.146091 -0.970463
    outer loop
      vertex 0.0278206 -0.0205984 -0.0188559
      vertex 0.0207176 -0.0174656 -0.0207327
      vertex 0.0217524 -0.0161057 -0.0207327
    endloop
  endfacet
  facet normal 0.151296 -0.100921 -0.983323
    outer loop
      vertex 0.0217524 -0.0161057 -0.0207327
      vertex 0.0155993 -0.0115499 -0.022147
      vertex 0.0227022 -0.0146818 -0.0207327
    endloop
  endfacet
  facet normal 0.226552 -0.196076 -0.954059
    outer loop
      vertex 0.0304365 -0.0291271 -0.0165251
      vertex 0.0250673 -0.0239897 -0.0188559
      vertex 0.0264969 -0.0223379 -0.0188559
    endloop
  endfacet
  facet normal 0.191986 -0.146095 -0.970463
    outer loop
      vertex 0.0264969 -0.0223379 -0.0188559
      vertex 0.0207176 -0.0174656 -0.0207327
      vertex 0.0278206 -0.0205984 -0.0188559
    endloop
  endfacet
  facet normal 0.144573 -0.110011 -0.98336
    outer loop
      vertex 0.0207176 -0.0174656 -0.0207327
      vertex 0.0155993 -0.0115499 -0.022147
      vertex 0.0217524 -0.0161057 -0.0207327
    endloop
  endfacet
  facet normal 0.129415 -0.126867 -0.983441
    outer loop
      vertex 0.0196009 -0.0187569 -0.0207327
      vertex 0.0131989 -0.0143242 -0.022147
      vertex 0.0140553 -0.0134506 -0.022147
    endloop
  endfacet
  facet normal 0.114939 -0.0406121 -0.992542
    outer loop
      vertex 0.0179281 -0.00723362 -0.022147
      vertex 0.0107851 -0.00435162 -0.0230921
      vertex 0.0110321 -0.00365257 -0.0230921
    endloop
  endfacet
  facet normal 0.0576272 -0.0203618 -0.998131
    outer loop
      vertex 0.0107851 -0.00435162 -0.0230921
      vertex 0.00368214 -0.0012188 -0.0235661
      vertex 0.0110321 -0.00365257 -0.0230921
    endloop
  endfacet
  facet normal 0.105181 -0.0609843 -0.992581
    outer loop
      vertex 0.0162802 -0.0105286 -0.022147
      vertex 0.0101643 -0.00569439 -0.0230921
      vertex 0.0168962 -0.00946617 -0.022147
    endloop
  endfacet
  facet normal 0.228517 -0.0807984 -0.970181
    outer loop
      vertex 0.0319729 -0.0129004 -0.0188559
      vertex 0.0249996 -0.010087 -0.0207327
      vertex 0.0327053 -0.010829 -0.0188559
    endloop
  endfacet
  facet normal 0.061216 -0.00188113 -0.998123
    outer loop
      vertex 0.0115767 -0.000741959 -0.0230921
      vertex 0.00387096 0 -0.0235661
      vertex 0.0115995 0 -0.0230921
    endloop
  endfacet
  facet normal 0.0405156 -0.0450783 -0.998162
    outer loop
      vertex 0.00739384 -0.00910759 -0.0230921
      vertex 0.00265026 -0.00287533 -0.0235661
      vertex 0.00794029 -0.00861645 -0.0230921
    endloop
  endfacet
  facet normal 0.300518 -0.027864 -0.953369
    outer loop
      vertex 0.0414238 -0.00533199 -0.0165251
      vertex 0.0341167 -0.00439167 -0.0188559
      vertex 0.0343199 -0.00220013 -0.0188559
    endloop
  endfacet
  facet normal 0.294643 -0.0646023 -0.953421
    outer loop
      vertex 0.0410128 -0.00797272 -0.0165251
      vertex 0.033308 -0.00871468 -0.0188559
      vertex 0.0337791 -0.00656605 -0.0188559
    endloop
  endfacet
  facet normal 0.237035 -0.0519713 -0.97011
    outer loop
      vertex 0.033308 -0.00871468 -0.0188559
      vertex 0.026412 -0.00513363 -0.0207327
      vertex 0.0337791 -0.00656605 -0.0188559
    endloop
  endfacet
  facet normal 0.120653 -0.018789 -0.992517
    outer loop
      vertex 0.01894 -0.00368118 -0.022147
      vertex 0.011508 -0.00148106 -0.0230921
      vertex 0.0191298 -0.00246239 -0.022147
    endloop
  endfacet
  facet normal 0.358572 -0.0333129 -0.932907
    outer loop
      vertex 0.0485659 -0.00625229 -0.0137471
      vertex 0.0414238 -0.00533199 -0.0165251
      vertex 0.0488558 -0.00313187 -0.0137471
    endloop
  endfacet
  facet normal 0.355703 -0.0553613 -0.932958
    outer loop
      vertex 0.0480852 -0.00934696 -0.0137471
      vertex 0.0410128 -0.00797272 -0.0165251
      vertex 0.0414238 -0.00533199 -0.0165251
    endloop
  endfacet
  facet normal 0.0564202 -0.349865 -0.9351
    outer loop
      vertex 0.00613499 -0.0494928 -0.0137471
      vertex 0.00523281 -0.0422134 -0.0165251
      vertex 0.00782299 -0.0417957 -0.0165251
    endloop
  endfacet
  facet normal 0.0564643 -0.349872 -0.935094
    outer loop
      vertex 0.00917244 -0.0490026 -0.0137471
      vertex 0.00613499 -0.0494928 -0.0137471
      vertex 0.00782299 -0.0417957 -0.0165251
    endloop
  endfacet
  facet normal 0.189746 -0.365593 -0.911229
    outer loop
      vertex 0.0238256 -0.0515985 -0.0105341
      vertex 0.0208426 -0.0451384 -0.0137471
      vertex 0.0269585 -0.0499725 -0.0105341
    endloop
  endfacet
  facet normal 0.215059 -0.414334 -0.884351
    outer loop
      vertex 0.0238256 -0.0515985 -0.0105341
      vertex 0.026825 -0.0542994 -0.00853928
      vertex 0.0250729 -0.0542994 -0.00896536
    endloop
  endfacet
  facet normal 0.215048 -0.414344 -0.884349
    outer loop
      vertex 0.026825 -0.0542994 -0.00853928
      vertex 0.0238256 -0.0515985 -0.0105341
      vertex 0.0269585 -0.0499725 -0.0105341
    endloop
  endfacet
  facet normal 0.2412 -0.400148 -0.88414
    outer loop
      vertex 0.0336199 -0.0539875 -0.00689969
      vertex 0.0269585 -0.0499725 -0.0105341
      vertex 0.0299835 -0.0481491 -0.0105341
    endloop
  endfacet
  facet normal 0.183646 -0.304722 -0.934569
    outer loop
      vertex 0.0235825 -0.0437155 -0.0137471
      vertex 0.0223722 -0.0359249 -0.0165251
      vertex 0.0262299 -0.04212 -0.0137471
    endloop
  endfacet
  facet normal 0.132247 -0.44662 -0.884896
    outer loop
      vertex 0.0173124 -0.0542994 -0.0104988
      vertex 0.0170762 -0.0542994 -0.0105341
      vertex 0.017292 -0.0542355 -0.0105341
    endloop
  endfacet
  facet normal 0.163837 -0.315481 -0.934681
    outer loop
      vertex 0.0208426 -0.0451384 -0.0137471
      vertex 0.0177774 -0.0384998 -0.0165251
      vertex 0.0235825 -0.0437155 -0.0137471
    endloop
  endfacet
  facet normal 0.212806 -0.353042 -0.911084
    outer loop
      vertex 0.0269585 -0.0499725 -0.0105341
      vertex 0.0262299 -0.04212 -0.0137471
      vertex 0.0299835 -0.0481491 -0.0105341
    endloop
  endfacet
  facet normal 0.24982 -0.166615 -0.95385
    outer loop
      vertex 0.0337782 -0.0250092 -0.0165251
      vertex 0.0278206 -0.0205984 -0.0188559
      vertex 0.0352526 -0.0227985 -0.0165251
    endloop
  endfacet
  facet normal 0.298072 -0.198796 -0.933613
    outer loop
      vertex 0.0396032 -0.0293217 -0.0137471
      vertex 0.0337782 -0.0250092 -0.0165251
      vertex 0.0352526 -0.0227985 -0.0165251
    endloop
  endfacet
  facet normal 0.345894 -0.0986382 -0.933074
    outer loop
      vertex 0.0465565 -0.0154152 -0.0137471
      vertex 0.0397091 -0.0131483 -0.0165251
      vertex 0.0474148 -0.0124054 -0.0137471
    endloop
  endfacet
  facet normal 0.382998 -0.162499 -0.909344
    outer loop
      vertex 0.0503492 -0.023952 -0.0107125
      vertex 0.0455151 -0.018364 -0.0137471
      vertex 0.0503492 -0.0203146 -0.0113625
    endloop
  endfacet
  facet normal 0.392522 -0.138742 -0.909218
    outer loop
      vertex 0.0503492 -0.0203146 -0.0113625
      vertex 0.0455151 -0.018364 -0.0137471
      vertex 0.0503492 -0.0178984 -0.0117312
    endloop
  endfacet
  facet normal 0.359205 -0.208488 -0.909673
    outer loop
      vertex 0.0472479 -0.0305557 -0.0105341
      vertex 0.0413313 -0.0267305 -0.0137471
      vertex 0.0428972 -0.0240326 -0.0137471
    endloop
  endfacet
  facet normal 0.391162 -0.260893 -0.882568
    outer loop
      vertex 0.0452719 -0.0335188 -0.0105341
      vertex 0.0503492 -0.0367593 -0.00732588
      vertex 0.0503492 -0.0372783 -0.00717246
    endloop
  endfacet
  facet normal 0.39118 -0.260866 -0.882569
    outer loop
      vertex 0.0503492 -0.0367593 -0.00732588
      vertex 0.0452719 -0.0335188 -0.0105341
      vertex 0.0472479 -0.0305557 -0.0105341
    endloop
  endfacet
  facet normal 0.321035 -0.160518 -0.933365
    outer loop
      vertex 0.0365877 -0.0204983 -0.0165251
      vertex 0.0442934 -0.0212402 -0.0137471
      vertex 0.0428972 -0.0240326 -0.0137471
    endloop
  endfacet
  facet normal 0.321034 -0.160524 -0.933364
    outer loop
      vertex 0.0442934 -0.0212402 -0.0137471
      vertex 0.0365877 -0.0204983 -0.0165251
      vertex 0.0377789 -0.018116 -0.0165251
    endloop
  endfacet
  facet normal 0.289937 -0.0826484 -0.95347
    outer loop
      vertex 0.0397091 -0.0131483 -0.0165251
      vertex 0.0327053 -0.010829 -0.0188559
      vertex 0.033308 -0.00871468 -0.0188559
    endloop
  endfacet
  facet normal 0.34589 -0.0985544 -0.933085
    outer loop
      vertex 0.0474148 -0.0124054 -0.0137471
      vertex 0.0397091 -0.0131483 -0.0165251
      vertex 0.0404406 -0.010581 -0.0165251
    endloop
  endfacet
  facet normal 0.415174 -0.0385491 -0.908925
    outer loop
      vertex 0.0485659 -0.00625229 -0.0137471
      vertex 0.0503492 -0.004032 -0.0130267
      vertex 0.0503492 -0.00648179 -0.0129228
    endloop
  endfacet
  facet normal 0.4152 -0.0385738 -0.908912
    outer loop
      vertex 0.0503492 -0.004032 -0.0130267
      vertex 0.0485659 -0.00625229 -0.0137471
      vertex 0.0488558 -0.00313187 -0.0137471
    endloop
  endfacet
  facet normal 0.334706 -0.328413 -0.883242
    outer loop
      vertex 0.0429516 -0.0466108 -0.00689969
      vertex 0.0407925 -0.0390368 -0.0105341
      vertex 0.0457382 -0.0437708 -0.00689969
    endloop
  endfacet
  facet normal 0.373041 -0.366027 -0.852564
    outer loop
      vertex 0.0474272 -0.0514679 -0.00285611
      vertex 0.0429516 -0.0466108 -0.00689969
      vertex 0.0457382 -0.0437708 -0.00689969
    endloop
  endfacet
  facet normal 0.395566 -0.34225 -0.852287
    outer loop
      vertex 0.0457382 -0.0437708 -0.00689969
      vertex 0.0503492 -0.0424468 -0.00529129
      vertex 0.0503492 -0.0445151 -0.00446073
    endloop
  endfacet
  facet normal 0.395566 -0.342248 -0.852287
    outer loop
      vertex 0.0503492 -0.0424468 -0.00529129
      vertex 0.0457382 -0.0437708 -0.00689969
      vertex 0.0483456 -0.0407572 -0.00689969
    endloop
  endfacet
  facet normal 0.313298 -0.270934 -0.910186
    outer loop
      vertex 0.0407925 -0.0390368 -0.0105341
      vertex 0.0377178 -0.0317984 -0.0137471
      vertex 0.0431166 -0.0363493 -0.0105341
    endloop
  endfacet
  facet normal 0.35494 -0.307098 -0.883011
    outer loop
      vertex 0.0457382 -0.0437708 -0.00689969
      vertex 0.0407925 -0.0390368 -0.0105341
      vertex 0.0483456 -0.0407572 -0.00689969
    endloop
  endfacet
  facet normal 0.354979 -0.306979 -0.883037
    outer loop
      vertex 0.0483456 -0.0407572 -0.00689969
      vertex 0.0407925 -0.0390368 -0.0105341
      vertex 0.0431166 -0.0363493 -0.0105341
    endloop
  endfacet
  facet normal 0.290178 -0.3672 -0.88372
    outer loop
      vertex 0.0368805 -0.0517292 -0.00689969
      vertex 0.0328913 -0.0461349 -0.0105341
      vertex 0.0356693 -0.0439396 -0.0105341
    endloop
  endfacet
  facet normal 0.256063 -0.324029 -0.910734
    outer loop
      vertex 0.0328913 -0.0461349 -0.0105341
      vertex 0.0287733 -0.0403585 -0.0137471
      vertex 0.0356693 -0.0439396 -0.0105341
    endloop
  endfacet
  facet normal 0.270469 -0.233936 -0.933874
    outer loop
      vertex 0.0356846 -0.0341492 -0.0137471
      vertex 0.0304365 -0.0291271 -0.0165251
      vertex 0.0321712 -0.0271215 -0.0165251
    endloop
  endfacet
  facet normal 0.313272 -0.270948 -0.910191
    outer loop
      vertex 0.0407925 -0.0390368 -0.0105341
      vertex 0.0356846 -0.0341492 -0.0137471
      vertex 0.0377178 -0.0317984 -0.0137471
    endloop
  endfacet
  facet normal 0.415222 -0.0385301 -0.908904
    outer loop
      vertex 0.0503492 -0.004032 -0.0130267
      vertex 0.0488558 -0.00313187 -0.0137471
      vertex 0.0503492 -0.0032276 -0.0130608
    endloop
  endfacet
  facet normal -0.116703 -0.394101 -0.911627
    outer loop
      vertex -0.0121737 -0.0483189 -0.0137471
      vertex -0.017292 -0.0542355 -0.0105341
      vertex -0.0151272 -0.0474443 -0.0137471
    endloop
  endfacet
  facet normal -0.122233 -0.333216 -0.934894
    outer loop
      vertex -0.0151272 -0.0474443 -0.0137471
      vertex -0.0153694 -0.0395613 -0.0165251
      vertex -0.0129023 -0.0404663 -0.0165251
    endloop
  endfacet
  facet normal -0.0843652 -0.284908 -0.954835
    outer loop
      vertex -0.0085516 -0.0339432 -0.0188559
      vertex -0.0129023 -0.0404663 -0.0165251
      vertex -0.0106258 -0.033329 -0.0188559
    endloop
  endfacet
  facet normal -0.100672 -0.340108 -0.934982
    outer loop
      vertex -0.0121737 -0.0483189 -0.0137471
      vertex -0.0129023 -0.0404663 -0.0165251
      vertex -0.0103827 -0.0412121 -0.0165251
    endloop
  endfacet
  facet normal -0.13724 -0.264277 -0.954632
    outer loop
      vertex -0.0146418 -0.0317087 -0.0188559
      vertex -0.0177774 -0.0384998 -0.0165251
      vertex -0.0165663 -0.0307093 -0.0188559
    endloop
  endfacet
  facet normal -0.120071 -0.272231 -0.954711
    outer loop
      vertex -0.0126591 -0.0325832 -0.0188559
      vertex -0.0177774 -0.0384998 -0.0165251
      vertex -0.0146418 -0.0317087 -0.0188559
    endloop
  endfacet
  facet normal -0.0339513 -0.352681 -0.935127
    outer loop
      vertex -0.00307369 -0.0497875 -0.0137471
      vertex -0.00613499 -0.0494928 -0.0137471
      vertex -0.00262165 -0.0424652 -0.0165251
    endloop
  endfacet
  facet normal -0.0113317 -0.354084 -0.935145
    outer loop
      vertex 0 -0.0425491 -0.0165251
      vertex -0.00307369 -0.0497875 -0.0137471
      vertex -0.00262165 -0.0424652 -0.0165251
    endloop
  endfacet
  facet normal -0.188243 -0.426811 -0.884532
    outer loop
      vertex -0.0222161 -0.0542994 -0.00957337
      vertex -0.0238256 -0.0515985 -0.0105341
      vertex -0.0205994 -0.0530214 -0.0105341
    endloop
  endfacet
  facet normal -0.188253 -0.426815 -0.884528
    outer loop
      vertex -0.0238256 -0.0515985 -0.0105341
      vertex -0.0222161 -0.0542994 -0.00957337
      vertex -0.0250729 -0.0542994 -0.00896536
    endloop
  endfacet
  facet normal -0.268871 -0.446077 -0.853653
    outer loop
      vertex -0.0336103 -0.0542994 -0.00673973
      vertex -0.0338141 -0.0542994 -0.00667554
      vertex -0.0336199 -0.0539875 -0.00689969
    endloop
  endfacet
  facet normal 0.0393114 -0.40868 -0.911831
    outer loop
      vertex 0.00569181 -0.0542994 -0.0116119
      vertex 0.00613499 -0.0494928 -0.0137471
      vertex 0.00673095 -0.0542994 -0.0115671
    endloop
  endfacet
  facet normal 0.0393423 -0.408682 -0.911828
    outer loop
      vertex 0.00613499 -0.0494928 -0.0137471
      vertex 0.00569181 -0.0542994 -0.0116119
      vertex 0.00307369 -0.0497875 -0.0137471
    endloop
  endfacet
  facet normal 0.0654791 -0.405415 -0.911785
    outer loop
      vertex 0.00613499 -0.0494928 -0.0137471
      vertex 0.00766252 -0.0542994 -0.0115002
      vertex 0.00673095 -0.0542994 -0.0115671
    endloop
  endfacet
  facet normal 0.0654303 -0.405429 -0.911782
    outer loop
      vertex 0.00766252 -0.0542994 -0.0115002
      vertex 0.00613499 -0.0494928 -0.0137471
      vertex 0.00917244 -0.0490026 -0.0137471
    endloop
  endfacet
  facet normal -0.222961 -0.0945996 -0.970226
    outer loop
      vertex -0.0311155 -0.0149212 -0.0188559
      vertex -0.0319729 -0.0129004 -0.0188559
      vertex -0.0249996 -0.010087 -0.0207327
    endloop
  endfacet
  facet normal -0.228517 -0.0807984 -0.970181
    outer loop
      vertex -0.0319729 -0.0129004 -0.0188559
      vertex -0.0327053 -0.010829 -0.0188559
      vertex -0.0249996 -0.010087 -0.0207327
    endloop
  endfacet
  facet normal -0.34589 -0.0985544 -0.933085
    outer loop
      vertex -0.0397091 -0.0131483 -0.0165251
      vertex -0.0474148 -0.0124054 -0.0137471
      vertex -0.0404406 -0.010581 -0.0165251
    endloop
  endfacet
  facet normal -0.289957 -0.0826175 -0.953467
    outer loop
      vertex -0.0397091 -0.0131483 -0.0165251
      vertex -0.0404406 -0.010581 -0.0165251
      vertex -0.033308 -0.00871468 -0.0188559
    endloop
  endfacet
  facet normal 0.0727103 -0.164785 -0.983646
    outer loop
      vertex 0.00989819 -0.0254765 -0.0207327
      vertex 0.00820923 -0.0177794 -0.022147
      vertex 0.0114479 -0.0247927 -0.0207327
    endloop
  endfacet
  facet normal 0.123713 -0.205303 -0.970848
    outer loop
      vertex 0.0184259 -0.0295887 -0.0188559
      vertex 0.0129528 -0.0240116 -0.0207327
      vertex 0.0144072 -0.0231352 -0.0207327
    endloop
  endfacet
  facet normal 0.0830486 -0.160005 -0.983616
    outer loop
      vertex 0.0114479 -0.0247927 -0.0207327
      vertex 0.00820923 -0.0177794 -0.022147
      vertex 0.0129528 -0.0240116 -0.0207327
    endloop
  endfacet
  facet normal 0.0843377 -0.284925 -0.954832
    outer loop
      vertex 0.0103827 -0.0412121 -0.0165251
      vertex 0.0085516 -0.0339432 -0.0188559
      vertex 0.0129023 -0.0404663 -0.0165251
    endloop
  endfacet
  facet normal -0.00579891 -0.179486 -0.983743
    outer loop
      vertex 0 -0.0196495 -0.022147
      vertex -0.001688 -0.0273466 -0.0207327
      vertex -0.00121021 -0.0196104 -0.022147
    endloop
  endfacet
  facet normal -0.00578447 -0.179489 -0.983743
    outer loop
      vertex 0 -0.027401 -0.0207327
      vertex -0.001688 -0.0273466 -0.0207327
      vertex 0 -0.0196495 -0.022147
    endloop
  endfacet
  facet normal 0.0114195 -0.119381 -0.992783
    outer loop
      vertex 0.00121021 -0.0196104 -0.022147
      vertex 0.000727654 -0.011797 -0.0230921
      vertex 0.00241661 -0.019495 -0.022147
    endloop
  endfacet
  facet normal -0.00942251 -0.296565 -0.954966
    outer loop
      vertex 0 -0.0425491 -0.0165251
      vertex -0.00215912 -0.0349751 -0.0188559
      vertex 0 -0.0350437 -0.0188559
    endloop
  endfacet
  facet normal -0.00757689 -0.238475 -0.971119
    outer loop
      vertex 0 -0.0350437 -0.0188559
      vertex -0.00215912 -0.0349751 -0.0188559
      vertex 0 -0.027401 -0.0207327
    endloop
  endfacet
  facet normal -0.00768453 -0.238446 -0.971125
    outer loop
      vertex 0 -0.027401 -0.0207327
      vertex -0.00215912 -0.0349751 -0.0188559
      vertex -0.001688 -0.0273466 -0.0207327
    endloop
  endfacet
  facet normal -0.0727103 -0.164785 -0.983646
    outer loop
      vertex -0.00989819 -0.0254765 -0.0207327
      vertex -0.0114479 -0.0247927 -0.0207327
      vertex -0.00820923 -0.0177794 -0.022147
    endloop
  endfacet
  facet normal -0.0287098 -0.177347 -0.98373
    outer loop
      vertex -0.00241661 -0.019495 -0.022147
      vertex -0.00503826 -0.0269156 -0.0207327
      vertex -0.00361252 -0.0193014 -0.022147
    endloop
  endfacet
  facet normal -0.221089 -0.279641 -0.934302
    outer loop
      vertex -0.0245419 -0.0344229 -0.0165251
      vertex -0.0312033 -0.0384378 -0.0137471
      vertex -0.0266142 -0.0327845 -0.0165251
    endloop
  endfacet
  facet normal -0.221063 -0.27968 -0.934297
    outer loop
      vertex -0.0287733 -0.0403585 -0.0137471
      vertex -0.0312033 -0.0384378 -0.0137471
      vertex -0.0245419 -0.0344229 -0.0165251
    endloop
  endfacet
  facet normal -0.183646 -0.304722 -0.934569
    outer loop
      vertex -0.0235825 -0.0437155 -0.0137471
      vertex -0.0262299 -0.04212 -0.0137471
      vertex -0.0223722 -0.0359249 -0.0165251
    endloop
  endfacet
  facet normal -0.21277 -0.353048 -0.911091
    outer loop
      vertex -0.0235825 -0.0437155 -0.0137471
      vertex -0.0269585 -0.0499725 -0.0105341
      vertex -0.0262299 -0.04212 -0.0137471
    endloop
  endfacet
  facet normal -0.226636 -0.196024 -0.95405
    outer loop
      vertex -0.0304365 -0.0291271 -0.0165251
      vertex -0.0321712 -0.0271215 -0.0165251
      vertex -0.0264969 -0.0223379 -0.0188559
    endloop
  endfacet
  facet normal -0.270469 -0.233936 -0.933874
    outer loop
      vertex -0.0304365 -0.0291271 -0.0165251
      vertex -0.0356846 -0.0341492 -0.0137471
      vertex -0.0321712 -0.0271215 -0.0165251
    endloop
  endfacet
  facet normal -0.226552 -0.196076 -0.954059
    outer loop
      vertex -0.0250673 -0.0239897 -0.0188559
      vertex -0.0304365 -0.0291271 -0.0165251
      vertex -0.0264969 -0.0223379 -0.0188559
    endloop
  endfacet
  facet normal -0.182234 -0.15772 -0.970523
    outer loop
      vertex -0.0250673 -0.0239897 -0.0188559
      vertex -0.0264969 -0.0223379 -0.0188559
      vertex -0.0196009 -0.0187569 -0.0207327
    endloop
  endfacet
  facet normal -0.321035 -0.160518 -0.933365
    outer loop
      vertex -0.0442934 -0.0212402 -0.0137471
      vertex -0.0365877 -0.0204983 -0.0165251
      vertex -0.0428972 -0.0240326 -0.0137471
    endloop
  endfacet
  facet normal -0.321034 -0.160524 -0.933364
    outer loop
      vertex -0.0365877 -0.0204983 -0.0165251
      vertex -0.0442934 -0.0212402 -0.0137471
      vertex -0.0377789 -0.018116 -0.0165251
    endloop
  endfacet
  facet normal -0.144455 -0.110116 -0.983365
    outer loop
      vertex -0.0148563 -0.0125246 -0.022147
      vertex -0.0207176 -0.0174656 -0.0207327
      vertex -0.0155993 -0.0115499 -0.022147
    endloop
  endfacet
  facet normal -0.137241 -0.118684 -0.983402
    outer loop
      vertex -0.0196009 -0.0187569 -0.0207327
      vertex -0.0207176 -0.0174656 -0.0207327
      vertex -0.0148563 -0.0125246 -0.022147
    endloop
  endfacet
  facet normal -0.0863649 -0.0847957 -0.992648
    outer loop
      vertex -0.00794029 -0.00861645 -0.0230921
      vertex -0.0131989 -0.0143242 -0.022147
      vertex -0.00845528 -0.00809193 -0.0230921
    endloop
  endfacet
  facet normal -0.0433007 -0.042514 -0.998157
    outer loop
      vertex -0.00794029 -0.00861645 -0.0230921
      vertex -0.00845528 -0.00809193 -0.0230921
      vertex -0.00282192 -0.00270081 -0.0235661
    endloop
  endfacet
  facet normal 0.0344068 -0.0497284 -0.99817
    outer loop
      vertex 0.00681782 -0.00956345 -0.0230921
      vertex 0.00207424 -0.00333118 -0.0235661
      vertex 0.00227547 -0.00319195 -0.0235661
    endloop
  endfacet
  facet normal -0.114953 -0.0405846 -0.992542
    outer loop
      vertex -0.0179281 -0.00723362 -0.022147
      vertex -0.0183382 -0.00607204 -0.022147
      vertex -0.0110321 -0.00365257 -0.0230921
    endloop
  endfacet
  facet normal -0.117326 -0.033414 -0.992531
    outer loop
      vertex -0.0183382 -0.00607204 -0.022147
      vertex -0.0186758 -0.00488663 -0.022147
      vertex -0.0110321 -0.00365257 -0.0230921
    endloop
  endfacet
  facet normal -0.0609734 -0.00566752 -0.998123
    outer loop
      vertex -0.011508 -0.00148106 -0.0230921
      vertex -0.0115767 -0.000741959 -0.0230921
      vertex -0.00384045 -0.000494003 -0.0235661
    endloop
  endfacet
  facet normal -0.0597974 -0.0129989 -0.998126
    outer loop
      vertex -0.00374985 -0.000980377 -0.0235661
      vertex -0.0113935 -0.00221443 -0.0230921
      vertex -0.0038023 -0.000739098 -0.0235661
    endloop
  endfacet
  facet normal -0.061216 -0.00188113 -0.998123
    outer loop
      vertex -0.0115767 -0.000741959 -0.0230921
      vertex -0.0115995 0 -0.0230921
      vertex -0.00387096 0 -0.0235661
    endloop
  endfacet
  facet normal -0.0414084 -0.112803 -0.992754
    outer loop
      vertex -0.0059576 -0.0186882 -0.022147
      vertex -0.0070982 -0.0182695 -0.022147
      vertex -0.00358391 -0.0112419 -0.0230921
    endloop
  endfacet
  facet normal -0.0343923 -0.0497395 -0.99817
    outer loop
      vertex -0.0062151 -0.0099802 -0.0230921
      vertex -0.00681782 -0.00956345 -0.0230921
      vertex -0.00207424 -0.00333118 -0.0235661
    endloop
  endfacet
  facet normal 0.0915883 -0.0793552 -0.99263
    outer loop
      vertex 0.0140553 -0.0134506 -0.022147
      vertex 0.00845528 -0.00809193 -0.0230921
      vertex 0.00893784 -0.00753498 -0.0230921
    endloop
  endfacet
  facet normal -0.0312064 -0.0517239 -0.998174
    outer loop
      vertex -0.00558758 -0.0103588 -0.0230921
      vertex -0.0062151 -0.0099802 -0.0230921
      vertex -0.00207424 -0.00333118 -0.0235661
    endloop
  endfacet
  facet normal -0.0277742 -0.0535728 -0.998178
    outer loop
      vertex -0.00493813 -0.0106955 -0.0230921
      vertex -0.00558758 -0.0103588 -0.0230921
      vertex -0.00164795 -0.0035696 -0.0235661
    endloop
  endfacet
  facet normal 0.0131999 -0.0586876 -0.998189
    outer loop
      vertex 0.00217342 -0.011611 -0.0230921
      vertex 0.000724792 -0.00387478 -0.0235661
      vertex 0.000962257 -0.00382137 -0.0235661
    endloop
  endfacet
  facet normal -0.178486 -0.0392051 -0.983161
    outer loop
      vertex -0.0260429 -0.006814 -0.0207327
      vertex -0.026412 -0.00513363 -0.0207327
      vertex -0.0186758 -0.00488663 -0.022147
    endloop
  endfacet
  facet normal -0.175658 -0.0500267 -0.983179
    outer loop
      vertex -0.0183382 -0.00607204 -0.022147
      vertex -0.0260429 -0.006814 -0.0207327
      vertex -0.0186758 -0.00488663 -0.022147
    endloop
  endfacet
  facet normal -0.242764 -0.00756939 -0.970056
    outer loop
      vertex -0.0343199 -0.00220013 -0.0188559
      vertex -0.0343885 0 -0.0188559
      vertex -0.0268354 -0.00172043 -0.0207327
    endloop
  endfacet
  facet normal -0.241814 -0.0224211 -0.970063
    outer loop
      vertex -0.0341167 -0.00439167 -0.0188559
      vertex -0.0343199 -0.00220013 -0.0188559
      vertex -0.0268354 -0.00172043 -0.0207327
    endloop
  endfacet
  facet normal -0.182065 -0.0167952 -0.983143
    outer loop
      vertex -0.0191298 -0.00246239 -0.022147
      vertex -0.0268354 -0.00172043 -0.0207327
      vertex -0.0192432 -0.0012331 -0.022147
    endloop
  endfacet
  facet normal -0.182779 -0.00566227 -0.983138
    outer loop
      vertex -0.0192432 -0.0012331 -0.022147
      vertex -0.0268354 -0.00172043 -0.0207327
      vertex -0.0192814 0 -0.022147
    endloop
  endfacet
  facet normal 0.101072 -0.0673278 -0.992598
    outer loop
      vertex 0.0162802 -0.0105286 -0.022147
      vertex 0.00938416 -0.00694752 -0.0230921
      vertex 0.00979328 -0.00633335 -0.0230921
    endloop
  endfacet
  facet normal -0.0965824 -0.218887 -0.970959
    outer loop
      vertex -0.00989819 -0.0254765 -0.0207327
      vertex -0.0146418 -0.0317087 -0.0188559
      vertex -0.0114479 -0.0247927 -0.0207327
    endloop
  endfacet
  facet normal -0.0930579 -0.154589 -0.983587
    outer loop
      vertex -0.00928879 -0.0172186 -0.022147
      vertex -0.0129528 -0.0240116 -0.0207327
      vertex -0.0103312 -0.0165911 -0.022147
    endloop
  endfacet
  facet normal -0.0114643 -0.119371 -0.992784
    outer loop
      vertex -0.000727654 -0.011797 -0.0230921
      vertex -0.00241661 -0.019495 -0.022147
      vertex -0.0014534 -0.0117273 -0.0230921
    endloop
  endfacet
  facet normal -0.00958898 -0.0593659 -0.99819
    outer loop
      vertex -0.0014534 -0.0117273 -0.0230921
      vertex -0.00217342 -0.011611 -0.0230921
      vertex -0.000484467 -0.00391388 -0.0235661
    endloop
  endfacet
  facet normal -0.0172383 -0.178799 -0.983735
    outer loop
      vertex -0.001688 -0.0273466 -0.0207327
      vertex -0.00336933 -0.0271845 -0.0207327
      vertex -0.00241661 -0.019495 -0.022147
    endloop
  endfacet
  facet normal -0.0228973 -0.237495 -0.971119
    outer loop
      vertex -0.001688 -0.0273466 -0.0207327
      vertex -0.00430965 -0.0347681 -0.0188559
      vertex -0.00336933 -0.0271845 -0.0207327
    endloop
  endfacet
  facet normal -0.0399651 -0.175254 -0.983712
    outer loop
      vertex -0.00503826 -0.0269156 -0.0207327
      vertex -0.00668621 -0.0265398 -0.0207327
      vertex -0.00479507 -0.0190325 -0.022147
    endloop
  endfacet
  facet normal -0.0530871 -0.232797 -0.971075
    outer loop
      vertex -0.00503826 -0.0269156 -0.0207327
      vertex -0.0085516 -0.0339432 -0.0188559
      vertex -0.00668621 -0.0265398 -0.0207327
    endloop
  endfacet
  facet normal 0.00588781 -0.059825 -0.998192
    outer loop
      vertex 0.0014534 -0.0117273 -0.0230921
      vertex 0.000242233 -0.00393772 -0.0235661
      vertex 0.000484467 -0.00391388 -0.0235661
    endloop
  endfacet
  facet normal 0.0170715 -0.0577297 -0.998186
    outer loop
      vertex 0.00288391 -0.0114489 -0.0230921
      vertex 0.000962257 -0.00382137 -0.0235661
      vertex 0.00358391 -0.0112419 -0.0230921
    endloop
  endfacet
  facet normal 0.259976 -0.150783 -0.95377
    outer loop
      vertex 0.0365877 -0.0204983 -0.0165251
      vertex 0.0290346 -0.0187778 -0.0188559
      vertex 0.0301342 -0.0168819 -0.0188559
    endloop
  endfacet
  facet normal 0.157446 -0.0913868 -0.98329
    outer loop
      vertex 0.0227022 -0.0146818 -0.0207327
      vertex 0.0162802 -0.0105286 -0.022147
      vertex 0.0235624 -0.0131998 -0.0207327
    endloop
  endfacet
  facet normal 0.213659 -0.209596 -0.954159
    outer loop
      vertex 0.0304365 -0.0291271 -0.0165251
      vertex 0.0235405 -0.0255461 -0.0188559
      vertex 0.0250673 -0.0239897 -0.0188559
    endloop
  endfacet
  facet normal 0.129363 -0.126941 -0.983438
    outer loop
      vertex 0.0184059 -0.0199747 -0.0207327
      vertex 0.0131989 -0.0143242 -0.022147
      vertex 0.0196009 -0.0187569 -0.0207327
    endloop
  endfacet
  facet normal 0.151314 -0.100881 -0.983325
    outer loop
      vertex 0.0227022 -0.0146818 -0.0207327
      vertex 0.0155993 -0.0115499 -0.022147
      vertex 0.0162802 -0.0105286 -0.022147
    endloop
  endfacet
  facet normal 0.0526555 -0.0306965 -0.998141
    outer loop
      vertex 0.00979328 -0.00633335 -0.0230921
      vertex 0.00326824 -0.00211334 -0.0235661
      vertex 0.00339222 -0.00190067 -0.0235661
    endloop
  endfacet
  facet normal 0.11923 -0.0261318 -0.992523
    outer loop
      vertex 0.0186758 -0.00488663 -0.022147
      vertex 0.0112352 -0.00293922 -0.0230921
      vertex 0.01894 -0.00368118 -0.022147
    endloop
  endfacet
  facet normal 0.0604882 -0.00944393 -0.998124
    outer loop
      vertex 0.0113935 -0.00221443 -0.0230921
      vertex 0.0038023 -0.000739098 -0.0235661
      vertex 0.011508 -0.00148106 -0.0230921
    endloop
  endfacet
  facet normal 0.0597974 -0.0129989 -0.998126
    outer loop
      vertex 0.0113935 -0.00221443 -0.0230921
      vertex 0.00374985 -0.000980377 -0.0235661
      vertex 0.0038023 -0.000739098 -0.0235661
    endloop
  endfacet
  facet normal 0.222935 -0.094634 -0.970229
    outer loop
      vertex 0.0311155 -0.0149212 -0.0188559
      vertex 0.0243292 -0.0116663 -0.0207327
      vertex 0.0249996 -0.010087 -0.0207327
    endloop
  endfacet
  facet normal 0.114953 -0.0405846 -0.992542
    outer loop
      vertex 0.0179281 -0.00723362 -0.022147
      vertex 0.0110321 -0.00365257 -0.0230921
      vertex 0.0183382 -0.00607204 -0.022147
    endloop
  endfacet
  facet normal 0.167889 -0.0712674 -0.983227
    outer loop
      vertex 0.0243292 -0.0116663 -0.0207327
      vertex 0.0179281 -0.00723362 -0.022147
      vertex 0.0249996 -0.010087 -0.0207327
    endloop
  endfacet
  facet normal 0.172117 -0.0607665 -0.983201
    outer loop
      vertex 0.0255718 -0.00846672 -0.0207327
      vertex 0.0179281 -0.00723362 -0.022147
      vertex 0.0183382 -0.00607204 -0.022147
    endloop
  endfacet
  facet normal 0.233227 -0.0664801 -0.970147
    outer loop
      vertex 0.033308 -0.00871468 -0.0188559
      vertex 0.0255718 -0.00846672 -0.0207327
      vertex 0.0260429 -0.006814 -0.0207327
    endloop
  endfacet
  facet normal 0.236992 -0.0520563 -0.970116
    outer loop
      vertex 0.033308 -0.00871468 -0.0188559
      vertex 0.0260429 -0.006814 -0.0207327
      vertex 0.026412 -0.00513363 -0.0207327
    endloop
  endfacet
  facet normal 0.2418 -0.0224622 -0.970066
    outer loop
      vertex 0.0341167 -0.00439167 -0.0188559
      vertex 0.0266762 -0.00343418 -0.0207327
      vertex 0.0268354 -0.00172043 -0.0207327
    endloop
  endfacet
  facet normal 0.241814 -0.0224211 -0.970063
    outer loop
      vertex 0.0341167 -0.00439167 -0.0188559
      vertex 0.0268354 -0.00172043 -0.0207327
      vertex 0.0343199 -0.00220013 -0.0188559
    endloop
  endfacet
  facet normal 0.116695 -0.394107 -0.911626
    outer loop
      vertex 0.0121737 -0.0483189 -0.0137471
      vertex 0.0170762 -0.0542994 -0.0105341
      vertex 0.0136803 -0.0542994 -0.0109688
    endloop
  endfacet
  facet normal 0.116698 -0.394105 -0.911626
    outer loop
      vertex 0.0170762 -0.0542994 -0.0105341
      vertex 0.0121737 -0.0483189 -0.0137471
      vertex 0.017292 -0.0542355 -0.0105341
    endloop
  endfacet
  facet normal 0.0910949 -0.400597 -0.911715
    outer loop
      vertex 0.0132039 -0.0542994 -0.0110164
      vertex 0.0121737 -0.0483189 -0.0137471
      vertex 0.0136803 -0.0542994 -0.0109688
    endloop
  endfacet
  facet normal 0.0912514 -0.400569 -0.911711
    outer loop
      vertex 0.0121737 -0.0483189 -0.0137471
      vertex 0.0132039 -0.0542994 -0.0110164
      vertex 0.00917244 -0.0490026 -0.0137471
    endloop
  endfacet
  facet normal 0.122235 -0.333216 -0.934893
    outer loop
      vertex 0.0180206 -0.0463829 -0.0137471
      vertex 0.0151272 -0.0474443 -0.0137471
      vertex 0.0153694 -0.0395613 -0.0165251
    endloop
  endfacet
  facet normal 0.169829 -0.245326 -0.954449
    outer loop
      vertex 0.0223722 -0.0359249 -0.0165251
      vertex 0.0184259 -0.0295887 -0.0188559
      vertex 0.0245419 -0.0344229 -0.0165251
    endloop
  endfacet
  facet normal 0.141636 -0.386102 -0.911518
    outer loop
      vertex 0.017292 -0.0542355 -0.0105341
      vertex 0.0151272 -0.0474443 -0.0137471
      vertex 0.0180206 -0.0463829 -0.0137471
    endloop
  endfacet
  facet normal 0.122233 -0.333216 -0.934894
    outer loop
      vertex 0.0151272 -0.0474443 -0.0137471
      vertex 0.0129023 -0.0404663 -0.0165251
      vertex 0.0153694 -0.0395613 -0.0165251
    endloop
  endfacet
  facet normal 0.289957 -0.0826175 -0.953467
    outer loop
      vertex 0.0397091 -0.0131483 -0.0165251
      vertex 0.033308 -0.00871468 -0.0188559
      vertex 0.0404406 -0.010581 -0.0165251
    endloop
  endfacet
  facet normal 0.294646 -0.0646389 -0.953418
    outer loop
      vertex 0.0404406 -0.010581 -0.0165251
      vertex 0.033308 -0.00871468 -0.0188559
      vertex 0.0410128 -0.00797272 -0.0165251
    endloop
  endfacet
  facet normal 0.407037 -0.0892458 -0.909041
    outer loop
      vertex 0.0503492 -0.0131732 -0.0123578
      vertex 0.0474148 -0.0124054 -0.0137471
      vertex 0.0503492 -0.011737 -0.0124988
    endloop
  endfacet
  facet normal 0.407023 -0.0892308 -0.909049
    outer loop
      vertex 0.0503492 -0.011737 -0.0124988
      vertex 0.0480852 -0.00934696 -0.0137471
      vertex 0.0503492 -0.00978709 -0.0126902
    endloop
  endfacet
  facet normal 0.407033 -0.0892202 -0.909046
    outer loop
      vertex 0.0480852 -0.00934696 -0.0137471
      vertex 0.0503492 -0.011737 -0.0124988
      vertex 0.0474148 -0.0124054 -0.0137471
    endloop
  endfacet
  facet normal 0.373847 -0.284525 -0.882771
    outer loop
      vertex 0.0483456 -0.0407572 -0.00689969
      vertex 0.0503492 -0.0372783 -0.00717246
      vertex 0.0503492 -0.0381246 -0.00689969
    endloop
  endfacet
  facet normal 0.37382 -0.28451 -0.882787
    outer loop
      vertex 0.0503492 -0.0372783 -0.00717246
      vertex 0.0483456 -0.0407572 -0.00689969
      vertex 0.0452719 -0.0335188 -0.0105341
    endloop
  endfacet
  facet normal 0.416591 -0.317056 -0.852014
    outer loop
      vertex 0.0503492 -0.0424468 -0.00529129
      vertex 0.0483456 -0.0407572 -0.00689969
      vertex 0.0503492 -0.0381246 -0.00689969
    endloop
  endfacet
  facet normal 0.29532 -0.289887 -0.910358
    outer loop
      vertex 0.0383062 -0.0415697 -0.0105341
      vertex 0.0335102 -0.0363655 -0.0137471
      vertex 0.0407925 -0.0390368 -0.0105341
    endloop
  endfacet
  facet normal 0.334608 -0.328452 -0.883265
    outer loop
      vertex 0.0429516 -0.0466108 -0.00689969
      vertex 0.0383062 -0.0415697 -0.0105341
      vertex 0.0407925 -0.0390368 -0.0105341
    endloop
  endfacet
  facet normal 0.270475 -0.233933 -0.933873
    outer loop
      vertex 0.0356846 -0.0341492 -0.0137471
      vertex 0.0321712 -0.0271215 -0.0165251
      vertex 0.0377178 -0.0317984 -0.0137471
    endloop
  endfacet
  facet normal 0.284829 -0.216827 -0.933734
    outer loop
      vertex 0.0377178 -0.0317984 -0.0137471
      vertex 0.0321712 -0.0271215 -0.0165251
      vertex 0.0396032 -0.0293217 -0.0137471
    endloop
  endfacet
  facet normal -0.268854 -0.446079 -0.853657
    outer loop
      vertex -0.0336103 -0.0542994 -0.00673973
      vertex -0.0336199 -0.0539875 -0.00689969
      vertex -0.0331024 -0.0542994 -0.00689969
    endloop
  endfacet
  facet normal -0.0843377 -0.284925 -0.954832
    outer loop
      vertex -0.0103827 -0.0412121 -0.0165251
      vertex -0.0129023 -0.0404663 -0.0165251
      vertex -0.0085516 -0.0339432 -0.0188559
    endloop
  endfacet
  facet normal -0.0660172 -0.289556 -0.954882
    outer loop
      vertex -0.00782299 -0.0417957 -0.0165251
      vertex -0.0103827 -0.0412121 -0.0165251
      vertex -0.0085516 -0.0339432 -0.0188559
    endloop
  endfacet
  facet normal -0.0113127 -0.354091 -0.935142
    outer loop
      vertex 0 -0.0498857 -0.0137471
      vertex -0.00307369 -0.0497875 -0.0137471
      vertex 0 -0.0425491 -0.0165251
    endloop
  endfacet
  facet normal -0.296872 -0.428541 -0.853358
    outer loop
      vertex -0.0369595 -0.0542994 -0.0055815
      vertex -0.0387126 -0.0542994 -0.00497162
      vertex -0.0368805 -0.0517292 -0.00689969
    endloop
  endfacet
  facet normal -0.296831 -0.428486 -0.8534
    outer loop
      vertex -0.0369595 -0.0542994 -0.0055815
      vertex -0.0336199 -0.0539875 -0.00689969
      vertex -0.0338141 -0.0542994 -0.00667554
    endloop
  endfacet
  facet normal -0.296815 -0.42855 -0.853373
    outer loop
      vertex -0.0336199 -0.0539875 -0.00689969
      vertex -0.0369595 -0.0542994 -0.0055815
      vertex -0.0368805 -0.0517292 -0.00689969
    endloop
  endfacet
  facet normal -0.167805 -0.0713904 -0.983232
    outer loop
      vertex -0.0174465 -0.00836563 -0.022147
      vertex -0.0243292 -0.0116663 -0.0207327
      vertex -0.0179281 -0.00723362 -0.022147
    endloop
  endfacet
  facet normal -0.162968 -0.0814891 -0.98326
    outer loop
      vertex -0.0243292 -0.0116663 -0.0207327
      vertex -0.0168962 -0.00946617 -0.022147
      vertex -0.0235624 -0.0131998 -0.0207327
    endloop
  endfacet
  facet normal -0.162968 -0.0814884 -0.98326
    outer loop
      vertex -0.0168962 -0.00946617 -0.022147
      vertex -0.0243292 -0.0116663 -0.0207327
      vertex -0.0174465 -0.00836563 -0.022147
    endloop
  endfacet
  facet normal 0.169881 -0.245263 -0.954456
    outer loop
      vertex 0.0245419 -0.0344229 -0.0165251
      vertex 0.0184259 -0.0295887 -0.0188559
      vertex 0.0202131 -0.0283508 -0.0188559
    endloop
  endfacet
  facet normal 0.221089 -0.279641 -0.934302
    outer loop
      vertex 0.0312033 -0.0384378 -0.0137471
      vertex 0.0245419 -0.0344229 -0.0165251
      vertex 0.0266142 -0.0327845 -0.0165251
    endloop
  endfacet
  facet normal 0.065997 -0.289555 -0.954883
    outer loop
      vertex 0.00782299 -0.0417957 -0.0165251
      vertex 0.00644302 -0.0344238 -0.0188559
      vertex 0.0085516 -0.0339432 -0.0188559
    endloop
  endfacet
  facet normal 0.0472975 -0.293067 -0.954921
    outer loop
      vertex 0.00782299 -0.0417957 -0.0165251
      vertex 0.00430965 -0.0347681 -0.0188559
      vertex 0.00644302 -0.0344238 -0.0188559
    endloop
  endfacet
  facet normal 0.0554017 -0.106863 -0.992729
    outer loop
      vertex 0.00820923 -0.0177794 -0.022147
      vertex 0.00493813 -0.0106955 -0.0230921
      vertex 0.00558758 -0.0103588 -0.0230921
    endloop
  endfacet
  facet normal 0.102805 -0.148531 -0.98355
    outer loop
      vertex 0.0144072 -0.0231352 -0.0207327
      vertex 0.0103312 -0.0165911 -0.022147
      vertex 0.0158043 -0.0221682 -0.0207327
    endloop
  endfacet
  facet normal 0.112081 -0.141898 -0.983516
    outer loop
      vertex 0.0158043 -0.0221682 -0.0207327
      vertex 0.0113335 -0.0158968 -0.022147
      vertex 0.012291 -0.0151405 -0.022147
    endloop
  endfacet
  facet normal 0.0266931 -0.116997 -0.992774
    outer loop
      vertex 0.00479507 -0.0190325 -0.022147
      vertex 0.00217342 -0.011611 -0.0230921
      vertex 0.00288391 -0.0114489 -0.0230921
    endloop
  endfacet
  facet normal 0.0284347 -0.295409 -0.954948
    outer loop
      vertex 0.00262165 -0.0424652 -0.0165251
      vertex 0.00215912 -0.0349751 -0.0188559
      vertex 0.00430965 -0.0347681 -0.0188559
    endloop
  endfacet
  facet normal 0.00949145 -0.296582 -0.95496
    outer loop
      vertex 0.00262165 -0.0424652 -0.0165251
      vertex 0 -0.0425491 -0.0165251
      vertex 0.00215912 -0.0349751 -0.0188559
    endloop
  endfacet
  facet normal -0.110312 -0.212532 -0.970907
    outer loop
      vertex -0.0114479 -0.0247927 -0.0207327
      vertex -0.0146418 -0.0317087 -0.0188559
      vertex -0.0129528 -0.0240116 -0.0207327
    endloop
  endfacet
  facet normal -0.0830486 -0.160005 -0.983616
    outer loop
      vertex -0.0114479 -0.0247927 -0.0207327
      vertex -0.0129528 -0.0240116 -0.0207327
      vertex -0.00820923 -0.0177794 -0.022147
    endloop
  endfacet
  facet normal -0.310159 -0.180025 -0.933484
    outer loop
      vertex -0.0352526 -0.0227985 -0.0165251
      vertex -0.0413313 -0.0267305 -0.0137471
      vertex -0.0365877 -0.0204983 -0.0165251
    endloop
  endfacet
  facet normal -0.259951 -0.150883 -0.953761
    outer loop
      vertex -0.0352526 -0.0227985 -0.0165251
      vertex -0.0365877 -0.0204983 -0.0165251
      vertex -0.0290346 -0.0187778 -0.0188559
    endloop
  endfacet
  facet normal -0.144573 -0.110011 -0.98336
    outer loop
      vertex -0.0207176 -0.0174656 -0.0207327
      vertex -0.0217524 -0.0161057 -0.0207327
      vertex -0.0155993 -0.0115499 -0.022147
    endloop
  endfacet
  facet normal -0.200939 -0.133989 -0.970397
    outer loop
      vertex -0.0278206 -0.0205984 -0.0188559
      vertex -0.0290346 -0.0187778 -0.0188559
      vertex -0.0227022 -0.0146818 -0.0207327
    endloop
  endfacet
  facet normal -0.0604882 -0.00944393 -0.998124
    outer loop
      vertex -0.0113935 -0.00221443 -0.0230921
      vertex -0.011508 -0.00148106 -0.0230921
      vertex -0.0038023 -0.000739098 -0.0235661
    endloop
  endfacet
  facet normal -0.122108 -0.00375231 -0.99251
    outer loop
      vertex -0.0115767 -0.000741959 -0.0230921
      vertex -0.0192814 0 -0.022147
      vertex -0.0115995 0 -0.0230921
    endloop
  endfacet
  facet normal -0.0484858 -0.0367185 -0.998149
    outer loop
      vertex -0.00298309 -0.00251484 -0.0235661
      vertex -0.00938416 -0.00694752 -0.0230921
      vertex -0.00313187 -0.00231838 -0.0235661
    endloop
  endfacet
  facet normal -0.00189238 -0.0600782 -0.998192
    outer loop
      vertex 0 -0.0118208 -0.0230921
      vertex -0.000242233 -0.00393772 -0.0235661
      vertex 0 -0.00394535 -0.0235661
    endloop
  endfacet
  facet normal 0.043259 -0.0425501 -0.998157
    outer loop
      vertex 0.00794029 -0.00861645 -0.0230921
      vertex 0.00265026 -0.00287533 -0.0235661
      vertex 0.00282192 -0.00270081 -0.0235661
    endloop
  endfacet
  facet normal -0.0405156 -0.0450783 -0.998162
    outer loop
      vertex -0.00739384 -0.00910759 -0.0230921
      vertex -0.00794029 -0.00861645 -0.0230921
      vertex -0.00265026 -0.00287533 -0.0235661
    endloop
  endfacet
  facet normal 0.0506774 -0.033758 -0.998144
    outer loop
      vertex 0.00938416 -0.00694752 -0.0230921
      vertex 0.00313187 -0.00231838 -0.0235661
      vertex 0.00979328 -0.00633335 -0.0230921
    endloop
  endfacet
  facet normal 0.0484858 -0.0367185 -0.998149
    outer loop
      vertex 0.00938416 -0.00694752 -0.0230921
      vertex 0.00298309 -0.00251484 -0.0235661
      vertex 0.00313187 -0.00231838 -0.0235661
    endloop
  endfacet
  facet normal -0.0191276 -0.11842 -0.992779
    outer loop
      vertex -0.0014534 -0.0117273 -0.0230921
      vertex -0.00241661 -0.019495 -0.022147
      vertex -0.00217342 -0.011611 -0.0230921
    endloop
  endfacet
  facet normal 0.00189238 -0.0600782 -0.998192
    outer loop
      vertex 0.000242233 -0.00393772 -0.0235661
      vertex 0 -0.0118208 -0.0230921
      vertex 0 -0.00394535 -0.0235661
    endloop
  endfacet
  facet normal -0.0207659 -0.0565486 -0.998184
    outer loop
      vertex -0.00358391 -0.0112419 -0.0230921
      vertex -0.0042696 -0.0109901 -0.0230921
      vertex -0.00142479 -0.00366783 -0.0235661
    endloop
  endfacet
  facet normal 0.0484321 -0.0367961 -0.998148
    outer loop
      vertex 0.00893784 -0.00753498 -0.0230921
      vertex 0.00298309 -0.00251484 -0.0235661
      vertex 0.00938416 -0.00694752 -0.0230921
    endloop
  endfacet
  facet normal -0.03757 -0.047473 -0.998166
    outer loop
      vertex -0.00681782 -0.00956345 -0.0230921
      vertex -0.00739384 -0.00910759 -0.0230921
      vertex -0.00227547 -0.00319195 -0.0235661
    endloop
  endfacet
  facet normal 0.03757 -0.047473 -0.998166
    outer loop
      vertex 0.00681782 -0.00956345 -0.0230921
      vertex 0.00227547 -0.00319195 -0.0235661
      vertex 0.00739384 -0.00910759 -0.0230921
    endloop
  endfacet
  facet normal 0.0377001 -0.0473605 -0.998166
    outer loop
      vertex 0.00739384 -0.00910759 -0.0230921
      vertex 0.00227547 -0.00319195 -0.0235661
      vertex 0.00246716 -0.00303936 -0.0235661
    endloop
  endfacet
  facet normal -0.298154 -0.0462922 -0.953395
    outer loop
      vertex -0.0337791 -0.00656605 -0.0188559
      vertex -0.0414238 -0.00533199 -0.0165251
      vertex -0.0341167 -0.00439167 -0.0188559
    endloop
  endfacet
  facet normal -0.182076 -0.0169141 -0.983139
    outer loop
      vertex -0.0266762 -0.00343418 -0.0207327
      vertex -0.0268354 -0.00172043 -0.0207327
      vertex -0.0191298 -0.00246239 -0.022147
    endloop
  endfacet
  facet normal -0.180639 -0.0280826 -0.983148
    outer loop
      vertex -0.026412 -0.00513363 -0.0207327
      vertex -0.0266762 -0.00343418 -0.0207327
      vertex -0.0191298 -0.00246239 -0.022147
    endloop
  endfacet
  facet normal -0.239882 -0.0372926 -0.970085
    outer loop
      vertex -0.026412 -0.00513363 -0.0207327
      vertex -0.0337791 -0.00656605 -0.0188559
      vertex -0.0266762 -0.00343418 -0.0207327
    endloop
  endfacet
  facet normal -0.172117 -0.0607665 -0.983201
    outer loop
      vertex -0.0179281 -0.00723362 -0.022147
      vertex -0.0255718 -0.00846672 -0.0207327
      vertex -0.0183382 -0.00607204 -0.022147
    endloop
  endfacet
  facet normal -0.236992 -0.0520563 -0.970116
    outer loop
      vertex -0.0260429 -0.006814 -0.0207327
      vertex -0.033308 -0.00871468 -0.0188559
      vertex -0.026412 -0.00513363 -0.0207327
    endloop
  endfacet
  facet normal 0.0964945 -0.0735564 -0.992612
    outer loop
      vertex 0.0148563 -0.0125246 -0.022147
      vertex 0.00893784 -0.00753498 -0.0230921
      vertex 0.0155993 -0.0115499 -0.022147
    endloop
  endfacet
  facet normal 0.144455 -0.110116 -0.983365
    outer loop
      vertex 0.0207176 -0.0174656 -0.0207327
      vertex 0.0148563 -0.0125246 -0.022147
      vertex 0.0155993 -0.0115499 -0.022147
    endloop
  endfacet
  facet normal -0.0621466 -0.103239 -0.992713
    outer loop
      vertex -0.00928879 -0.0172186 -0.022147
      vertex -0.0103312 -0.0165911 -0.022147
      vertex -0.00558758 -0.0103588 -0.0230921
    endloop
  endfacet
  facet normal -0.0554948 -0.106829 -0.992727
    outer loop
      vertex -0.00820923 -0.0177794 -0.022147
      vertex -0.00928879 -0.0172186 -0.022147
      vertex -0.00558758 -0.0103588 -0.0230921
    endloop
  endfacet
  facet normal -0.040437 -0.0451382 -0.998162
    outer loop
      vertex -0.00246716 -0.00303936 -0.0235661
      vertex -0.00739384 -0.00910759 -0.0230921
      vertex -0.00265026 -0.00287533 -0.0235661
    endloop
  endfacet
  facet normal -0.0726921 -0.164789 -0.983647
    outer loop
      vertex -0.0070982 -0.0182695 -0.022147
      vertex -0.00989819 -0.0254765 -0.0207327
      vertex -0.00820923 -0.0177794 -0.022147
    endloop
  endfacet
  facet normal -0.0485383 -0.110034 -0.992742
    outer loop
      vertex -0.0070982 -0.0182695 -0.022147
      vertex -0.00820923 -0.0177794 -0.022147
      vertex -0.00493813 -0.0106955 -0.0230921
    endloop
  endfacet
  facet normal -0.0191702 -0.118419 -0.992779
    outer loop
      vertex -0.00241661 -0.019495 -0.022147
      vertex -0.00361252 -0.0193014 -0.022147
      vertex -0.00217342 -0.011611 -0.0230921
    endloop
  endfacet
  facet normal 0.0562144 -0.0238559 -0.998134
    outer loop
      vertex 0.0107851 -0.00435162 -0.0230921
      vertex 0.00350285 -0.00167942 -0.0235661
      vertex 0.00359917 -0.00145245 -0.0235661
    endloop
  endfacet
  facet normal -0.0114195 -0.119381 -0.992783
    outer loop
      vertex -0.00121021 -0.0196104 -0.022147
      vertex -0.00241661 -0.019495 -0.022147
      vertex -0.000727654 -0.011797 -0.0230921
    endloop
  endfacet
  facet normal 0.0277742 -0.0535728 -0.998178
    outer loop
      vertex 0.00493813 -0.0106955 -0.0230921
      vertex 0.00164795 -0.0035696 -0.0235661
      vertex 0.00558758 -0.0103588 -0.0230921
    endloop
  endfacet
  facet normal 0.216431 -0.108223 -0.970281
    outer loop
      vertex 0.0311155 -0.0149212 -0.0188559
      vertex 0.0235624 -0.0131998 -0.0207327
      vertex 0.0243292 -0.0116663 -0.0207327
    endloop
  endfacet
  facet normal 0.21641 -0.10831 -0.970276
    outer loop
      vertex 0.0301342 -0.0168819 -0.0188559
      vertex 0.0235624 -0.0131998 -0.0207327
      vertex 0.0311155 -0.0149212 -0.0188559
    endloop
  endfacet
  facet normal 0.18228 -0.157633 -0.970529
    outer loop
      vertex 0.0264969 -0.0223379 -0.0188559
      vertex 0.0196009 -0.0187569 -0.0207327
      vertex 0.0207176 -0.0174656 -0.0207327
    endloop
  endfacet
  facet normal 0.182234 -0.15772 -0.970523
    outer loop
      vertex 0.0250673 -0.0239897 -0.0188559
      vertex 0.0196009 -0.0187569 -0.0207327
      vertex 0.0264969 -0.0223379 -0.0188559
    endloop
  endfacet
  facet normal 0.162968 -0.0814891 -0.98326
    outer loop
      vertex 0.0168962 -0.00946617 -0.022147
      vertex 0.0243292 -0.0116663 -0.0207327
      vertex 0.0235624 -0.0131998 -0.0207327
    endloop
  endfacet
  facet normal 0.162968 -0.0814884 -0.98326
    outer loop
      vertex 0.0243292 -0.0116663 -0.0207327
      vertex 0.0168962 -0.00946617 -0.022147
      vertex 0.0174465 -0.00836563 -0.022147
    endloop
  endfacet
  facet normal 0.11207 -0.0477134 -0.992554
    outer loop
      vertex 0.0174465 -0.00836563 -0.022147
      vertex 0.0104952 -0.00503254 -0.0230921
      vertex 0.0107851 -0.00435162 -0.0230921
    endloop
  endfacet
  facet normal 0.120639 -0.0188352 -0.992518
    outer loop
      vertex 0.01894 -0.00368118 -0.022147
      vertex 0.0113935 -0.00221443 -0.0230921
      vertex 0.011508 -0.00148106 -0.0230921
    endloop
  endfacet
  facet normal 0.119239 -0.0260427 -0.992524
    outer loop
      vertex 0.01894 -0.00368118 -0.022147
      vertex 0.0112352 -0.00293922 -0.0230921
      vertex 0.0113935 -0.00221443 -0.0230921
    endloop
  endfacet
  facet normal 0.167805 -0.0713904 -0.983232
    outer loop
      vertex 0.0243292 -0.0116663 -0.0207327
      vertex 0.0174465 -0.00836563 -0.022147
      vertex 0.0179281 -0.00723362 -0.022147
    endloop
  endfacet
  facet normal 0.112086 -0.0476857 -0.992554
    outer loop
      vertex 0.0174465 -0.00836563 -0.022147
      vertex 0.0107851 -0.00435162 -0.0230921
      vertex 0.0179281 -0.00723362 -0.022147
    endloop
  endfacet
  facet normal 0.117326 -0.033414 -0.992531
    outer loop
      vertex 0.0183382 -0.00607204 -0.022147
      vertex 0.0110321 -0.00365257 -0.0230921
      vertex 0.0186758 -0.00488663 -0.022147
    endloop
  endfacet
  facet normal 0.117328 -0.0334047 -0.992531
    outer loop
      vertex 0.0186758 -0.00488663 -0.022147
      vertex 0.0110321 -0.00365257 -0.0230921
      vertex 0.0112352 -0.00293922 -0.0230921
    endloop
  endfacet
  facet normal 0.189819 -0.365511 -0.911246
    outer loop
      vertex 0.0269585 -0.0499725 -0.0105341
      vertex 0.0208426 -0.0451384 -0.0137471
      vertex 0.0235825 -0.0437155 -0.0137471
    endloop
  endfacet
  facet normal 0.183633 -0.304724 -0.93457
    outer loop
      vertex 0.0235825 -0.0437155 -0.0137471
      vertex 0.0201139 -0.0372858 -0.0165251
      vertex 0.0223722 -0.0359249 -0.0165251
    endloop
  endfacet
  facet normal 0.329853 -0.251168 -0.910006
    outer loop
      vertex 0.0431166 -0.0363493 -0.0105341
      vertex 0.0377178 -0.0317984 -0.0137471
      vertex 0.0452719 -0.0335188 -0.0105341
    endloop
  endfacet
  facet normal 0.373715 -0.284568 -0.882813
    outer loop
      vertex 0.0483456 -0.0407572 -0.00689969
      vertex 0.0431166 -0.0363493 -0.0105341
      vertex 0.0452719 -0.0335188 -0.0105341
    endloop
  endfacet
  facet normal -0.122235 -0.333216 -0.934893
    outer loop
      vertex -0.0151272 -0.0474443 -0.0137471
      vertex -0.0180206 -0.0463829 -0.0137471
      vertex -0.0153694 -0.0395613 -0.0165251
    endloop
  endfacet
  facet normal -0.166091 -0.376586 -0.911371
    outer loop
      vertex -0.0205994 -0.0530214 -0.0105341
      vertex -0.0238256 -0.0515985 -0.0105341
      vertex -0.0208426 -0.0451384 -0.0137471
    endloop
  endfacet
  facet normal -0.241158 -0.400202 -0.884127
    outer loop
      vertex -0.0331024 -0.0542994 -0.00689969
      vertex -0.0269585 -0.0499725 -0.0105341
      vertex -0.0292921 -0.0542994 -0.007939
    endloop
  endfacet
  facet normal -0.241184 -0.40017 -0.884135
    outer loop
      vertex -0.0269585 -0.0499725 -0.0105341
      vertex -0.0331024 -0.0542994 -0.00689969
      vertex -0.0336199 -0.0539875 -0.00689969
    endloop
  endfacet
  facet normal -0.215059 -0.414334 -0.884351
    outer loop
      vertex -0.026825 -0.0542994 -0.00853928
      vertex -0.0238256 -0.0515985 -0.0105341
      vertex -0.0250729 -0.0542994 -0.00896536
    endloop
  endfacet
  facet normal -0.215048 -0.414344 -0.884349
    outer loop
      vertex -0.0238256 -0.0515985 -0.0105341
      vertex -0.026825 -0.0542994 -0.00853928
      vertex -0.0269585 -0.0499725 -0.0105341
    endloop
  endfacet
  facet normal -0.0131317 -0.410319 -0.911848
    outer loop
      vertex -0.0011578 -0.0542994 -0.0117444
      vertex -0.00335206 -0.0542994 -0.0117128
      vertex -0.00307369 -0.0497875 -0.0137471
    endloop
  endfacet
  facet normal -0.0130737 -0.410318 -0.911849
    outer loop
      vertex -0.0011578 -0.0542994 -0.0117444
      vertex 0 -0.0498857 -0.0137471
      vertex 0 -0.0542994 -0.011761
    endloop
  endfacet
  facet normal -0.0131088 -0.410311 -0.911852
    outer loop
      vertex 0 -0.0498857 -0.0137471
      vertex -0.0011578 -0.0542994 -0.0117444
      vertex -0.00307369 -0.0497875 -0.0137471
    endloop
  endfacet
  facet normal 0.120023 -0.27227 -0.954706
    outer loop
      vertex 0.0153694 -0.0395613 -0.0165251
      vertex 0.0126591 -0.0325832 -0.0188559
      vertex 0.0177774 -0.0384998 -0.0165251
    endloop
  endfacet
  facet normal 0.143268 -0.325002 -0.934798
    outer loop
      vertex 0.0180206 -0.0463829 -0.0137471
      vertex 0.0153694 -0.0395613 -0.0165251
      vertex 0.0177774 -0.0384998 -0.0165251
    endloop
  endfacet
  facet normal 0.120948 -0.134736 -0.983472
    outer loop
      vertex 0.0171385 -0.0211124 -0.0207327
      vertex 0.012291 -0.0151405 -0.022147
      vertex 0.0184059 -0.0199747 -0.0207327
    endloop
  endfacet
  facet normal 0.18519 -0.234313 -0.95436
    outer loop
      vertex 0.0245419 -0.0344229 -0.0165251
      vertex 0.0202131 -0.0283508 -0.0188559
      vertex 0.0219193 -0.0270023 -0.0188559
    endloop
  endfacet
  facet normal 0.202774 -0.292781 -0.934431
    outer loop
      vertex 0.0262299 -0.04212 -0.0137471
      vertex 0.0245419 -0.0344229 -0.0165251
      vertex 0.0287733 -0.0403585 -0.0137471
    endloop
  endfacet
  facet normal 0.202696 -0.292802 -0.934442
    outer loop
      vertex 0.0262299 -0.04212 -0.0137471
      vertex 0.0223722 -0.0359249 -0.0165251
      vertex 0.0245419 -0.0344229 -0.0165251
    endloop
  endfacet
  facet normal 0.0749332 -0.0946848 -0.992683
    outer loop
      vertex 0.012291 -0.0151405 -0.022147
      vertex 0.00681782 -0.00956345 -0.0230921
      vertex 0.00739384 -0.00910759 -0.0230921
    endloop
  endfacet
  facet normal 0.0748517 -0.0947646 -0.992682
    outer loop
      vertex 0.0113335 -0.0158968 -0.022147
      vertex 0.00681782 -0.00956345 -0.0230921
      vertex 0.012291 -0.0151405 -0.022147
    endloop
  endfacet
  facet normal 0.110363 -0.21252 -0.970904
    outer loop
      vertex 0.0146418 -0.0317087 -0.0188559
      vertex 0.0129528 -0.0240116 -0.0207327
      vertex 0.0165663 -0.0307093 -0.0188559
    endloop
  endfacet
  facet normal 0.0554948 -0.106829 -0.992727
    outer loop
      vertex 0.00820923 -0.0177794 -0.022147
      vertex 0.00558758 -0.0103588 -0.0230921
      vertex 0.00928879 -0.0172186 -0.022147
    endloop
  endfacet
  facet normal 0.0243123 -0.0551714 -0.998181
    outer loop
      vertex 0.0042696 -0.0109901 -0.0230921
      vertex 0.00164795 -0.0035696 -0.0235661
      vertex 0.00493813 -0.0106955 -0.0230921
    endloop
  endfacet
  facet normal 0.0678371 -0.229091 -0.971038
    outer loop
      vertex 0.0085516 -0.0339432 -0.0188559
      vertex 0.00830841 -0.0260601 -0.0207327
      vertex 0.0106258 -0.033329 -0.0188559
    endloop
  endfacet
  facet normal 0.13724 -0.264277 -0.954632
    outer loop
      vertex 0.0177774 -0.0384998 -0.0165251
      vertex 0.0146418 -0.0317087 -0.0188559
      vertex 0.0165663 -0.0307093 -0.0188559
    endloop
  endfacet
  facet normal 0.0485383 -0.110034 -0.992742
    outer loop
      vertex 0.0070982 -0.0182695 -0.022147
      vertex 0.00493813 -0.0106955 -0.0230921
      vertex 0.00820923 -0.0177794 -0.022147
    endloop
  endfacet
  facet normal 0.136632 -0.19726 -0.970783
    outer loop
      vertex 0.0184259 -0.0295887 -0.0188559
      vertex 0.0158043 -0.0221682 -0.0207327
      vertex 0.0202131 -0.0283508 -0.0188559
    endloop
  endfacet
  facet normal 0.136554 -0.19729 -0.970788
    outer loop
      vertex 0.0184259 -0.0295887 -0.0188559
      vertex 0.0144072 -0.0231352 -0.0207327
      vertex 0.0158043 -0.0221682 -0.0207327
    endloop
  endfacet
  facet normal 0.00579891 -0.179486 -0.983743
    outer loop
      vertex 0.001688 -0.0273466 -0.0207327
      vertex 0 -0.0196495 -0.022147
      vertex 0.00121021 -0.0196104 -0.022147
    endloop
  endfacet
  facet normal 0.00391984 -0.119844 -0.992785
    outer loop
      vertex 0.00121021 -0.0196104 -0.022147
      vertex 0 -0.0118208 -0.0230921
      vertex 0.000727654 -0.011797 -0.0230921
    endloop
  endfacet
  facet normal -0.00391984 -0.119844 -0.992785
    outer loop
      vertex 0 -0.0118208 -0.0230921
      vertex -0.00121021 -0.0196104 -0.022147
      vertex -0.000727654 -0.011797 -0.0230921
    endloop
  endfacet
  facet normal -0.00387221 -0.119851 -0.992784
    outer loop
      vertex 0 -0.0196495 -0.022147
      vertex -0.00121021 -0.0196104 -0.022147
      vertex 0 -0.0118208 -0.0230921
    endloop
  endfacet
  facet normal -0.191988 -0.146091 -0.970463
    outer loop
      vertex -0.0207176 -0.0174656 -0.0207327
      vertex -0.0278206 -0.0205984 -0.0188559
      vertex -0.0217524 -0.0161057 -0.0207327
    endloop
  endfacet
  facet normal -0.200909 -0.134015 -0.9704
    outer loop
      vertex -0.0217524 -0.0161057 -0.0207327
      vertex -0.0278206 -0.0205984 -0.0188559
      vertex -0.0227022 -0.0146818 -0.0207327
    endloop
  endfacet
  facet normal -0.00588781 -0.059825 -0.998192
    outer loop
      vertex -0.000242233 -0.00393772 -0.0235661
      vertex -0.0014534 -0.0117273 -0.0230921
      vertex -0.000484467 -0.00391388 -0.0235661
    endloop
  endfacet
  facet normal 0.0207369 -0.0565569 -0.998184
    outer loop
      vertex 0.00358391 -0.0112419 -0.0230921
      vertex 0.00119591 -0.00375175 -0.0235661
      vertex 0.00142479 -0.00366783 -0.0235661
    endloop
  endfacet
  facet normal -0.0484321 -0.0367961 -0.998148
    outer loop
      vertex -0.00893784 -0.00753498 -0.0230921
      vertex -0.00938416 -0.00694752 -0.0230921
      vertex -0.00298309 -0.00251484 -0.0235661
    endloop
  endfacet
  facet normal 0.0019651 -0.0600804 -0.998192
    outer loop
      vertex 0.000727654 -0.011797 -0.0230921
      vertex 0 -0.0118208 -0.0230921
      vertex 0.000242233 -0.00393772 -0.0235661
    endloop
  endfacet
  facet normal 0.0561899 -0.0239227 -0.998133
    outer loop
      vertex 0.0104952 -0.00503254 -0.0230921
      vertex 0.00350285 -0.00167942 -0.0235661
      vertex 0.0107851 -0.00435162 -0.0230921
    endloop
  endfacet
  facet normal -0.0278309 -0.0535398 -0.998178
    outer loop
      vertex -0.00164795 -0.0035696 -0.0235661
      vertex -0.00558758 -0.0103588 -0.0230921
      vertex -0.00186443 -0.00345707 -0.0235661
    endloop
  endfacet
  facet normal -0.0207369 -0.0565569 -0.998184
    outer loop
      vertex -0.00119591 -0.00375175 -0.0235661
      vertex -0.00358391 -0.0112419 -0.0230921
      vertex -0.00142479 -0.00366783 -0.0235661
    endloop
  endfacet
  facet normal -0.294646 -0.0646389 -0.953418
    outer loop
      vertex -0.0404406 -0.010581 -0.0165251
      vertex -0.0410128 -0.00797272 -0.0165251
      vertex -0.033308 -0.00871468 -0.0188559
    endloop
  endfacet
  facet normal -0.294643 -0.0646023 -0.953421
    outer loop
      vertex -0.033308 -0.00871468 -0.0188559
      vertex -0.0410128 -0.00797272 -0.0165251
      vertex -0.0337791 -0.00656605 -0.0188559
    endloop
  endfacet
  facet normal -0.233227 -0.0664827 -0.970147
    outer loop
      vertex -0.0327053 -0.010829 -0.0188559
      vertex -0.033308 -0.00871468 -0.0188559
      vertex -0.0255718 -0.00846672 -0.0207327
    endloop
  endfacet
  facet normal -0.233227 -0.0664801 -0.970147
    outer loop
      vertex -0.0255718 -0.00846672 -0.0207327
      vertex -0.033308 -0.00871468 -0.0188559
      vertex -0.0260429 -0.006814 -0.0207327
    endloop
  endfacet
  facet normal 0.00958898 -0.0593659 -0.99819
    outer loop
      vertex 0.0014534 -0.0117273 -0.0230921
      vertex 0.000484467 -0.00391388 -0.0235661
      vertex 0.00217342 -0.011611 -0.0230921
    endloop
  endfacet
  facet normal 0.0863649 -0.0847957 -0.992648
    outer loop
      vertex 0.0131989 -0.0143242 -0.022147
      vertex 0.00794029 -0.00861645 -0.0230921
      vertex 0.00845528 -0.00809193 -0.0230921
    endloop
  endfacet
  facet normal 0.0864401 -0.0847382 -0.992647
    outer loop
      vertex 0.0131989 -0.0143242 -0.022147
      vertex 0.00845528 -0.00809193 -0.0230921
      vertex 0.0140553 -0.0134506 -0.022147
    endloop
  endfacet
  facet normal 0.00965622 -0.0593512 -0.99819
    outer loop
      vertex 0.00217342 -0.011611 -0.0230921
      vertex 0.000484467 -0.00391388 -0.0235661
      vertex 0.000724792 -0.00387478 -0.0235661
    endloop
  endfacet
  facet normal -0.0510012 -0.17247 -0.983693
    outer loop
      vertex -0.00668621 -0.0265398 -0.0207327
      vertex -0.00830841 -0.0260601 -0.0207327
      vertex -0.00479507 -0.0190325 -0.022147
    endloop
  endfacet
  facet normal -0.0340986 -0.115134 -0.992765
    outer loop
      vertex -0.00479507 -0.0190325 -0.022147
      vertex -0.0059576 -0.0186882 -0.022147
      vertex -0.00358391 -0.0112419 -0.0230921
    endloop
  endfacet
  facet normal 0.0191276 -0.11842 -0.992779
    outer loop
      vertex 0.00241661 -0.019495 -0.022147
      vertex 0.0014534 -0.0117273 -0.0230921
      vertex 0.00217342 -0.011611 -0.0230921
    endloop
  endfacet
  facet normal -0.043259 -0.0425501 -0.998157
    outer loop
      vertex -0.00265026 -0.00287533 -0.0235661
      vertex -0.00794029 -0.00861645 -0.0230921
      vertex -0.00282192 -0.00270081 -0.0235661
    endloop
  endfacet
  facet normal 0.121616 -0.0113043 -0.992513
    outer loop
      vertex 0.0191298 -0.00246239 -0.022147
      vertex 0.011508 -0.00148106 -0.0230921
      vertex 0.0115767 -0.000741959 -0.0230921
    endloop
  endfacet
  facet normal 0.182065 -0.0167952 -0.983143
    outer loop
      vertex 0.0268354 -0.00172043 -0.0207327
      vertex 0.0191298 -0.00246239 -0.022147
      vertex 0.0192432 -0.0012331 -0.022147
    endloop
  endfacet
  facet normal 0.175654 -0.0500693 -0.983178
    outer loop
      vertex 0.0255718 -0.00846672 -0.0207327
      vertex 0.0183382 -0.00607204 -0.022147
      vertex 0.0260429 -0.006814 -0.0207327
    endloop
  endfacet
  facet normal 0.175658 -0.0500267 -0.983179
    outer loop
      vertex 0.0260429 -0.006814 -0.0207327
      vertex 0.0183382 -0.00607204 -0.022147
      vertex 0.0186758 -0.00488663 -0.022147
    endloop
  endfacet
  facet normal 0.110312 -0.212532 -0.970907
    outer loop
      vertex 0.0146418 -0.0317087 -0.0188559
      vertex 0.0114479 -0.0247927 -0.0207327
      vertex 0.0129528 -0.0240116 -0.0207327
    endloop
  endfacet
  facet normal 0.16389 -0.315427 -0.93469
    outer loop
      vertex 0.0235825 -0.0437155 -0.0137471
      vertex 0.0177774 -0.0384998 -0.0165251
      vertex 0.0201139 -0.0372858 -0.0165251
    endloop
  endfacet
  facet normal -0.141733 -0.386104 -0.911502
    outer loop
      vertex -0.017292 -0.0542355 -0.0105341
      vertex -0.0205994 -0.0530214 -0.0105341
      vertex -0.0180206 -0.0463829 -0.0137471
    endloop
  endfacet
  facet normal -0.166074 -0.376587 -0.911374
    outer loop
      vertex -0.0205994 -0.0530214 -0.0105341
      vertex -0.0208426 -0.0451384 -0.0137471
      vertex -0.0180206 -0.0463829 -0.0137471
    endloop
  endfacet
  facet normal -0.215168 -0.414336 -0.884324
    outer loop
      vertex -0.026825 -0.0542994 -0.00853928
      vertex -0.0292921 -0.0542994 -0.007939
      vertex -0.0269585 -0.0499725 -0.0105341
    endloop
  endfacet
  facet normal 0.0399651 -0.175254 -0.983712
    outer loop
      vertex 0.00503826 -0.0269156 -0.0207327
      vertex 0.00479507 -0.0190325 -0.022147
      vertex 0.00668621 -0.0265398 -0.0207327
    endloop
  endfacet
  facet normal 0.102396 -0.27914 -0.954775
    outer loop
      vertex 0.0129023 -0.0404663 -0.0165251
      vertex 0.0126591 -0.0325832 -0.0188559
      vertex 0.0153694 -0.0395613 -0.0165251
    endloop
  endfacet
  facet normal 0.0622427 -0.103166 -0.992715
    outer loop
      vertex 0.0103312 -0.0165911 -0.022147
      vertex 0.00558758 -0.0103588 -0.0230921
      vertex 0.0062151 -0.0099802 -0.0230921
    endloop
  endfacet
  facet normal 0.0685967 -0.0992073 -0.9927
    outer loop
      vertex 0.0103312 -0.0165911 -0.022147
      vertex 0.0062151 -0.0099802 -0.0230921
      vertex 0.00681782 -0.00956345 -0.0230921
    endloop
  endfacet
  facet normal 0.0207659 -0.0565486 -0.998184
    outer loop
      vertex 0.00358391 -0.0112419 -0.0230921
      vertex 0.00142479 -0.00366783 -0.0235661
      vertex 0.0042696 -0.0109901 -0.0230921
    endloop
  endfacet
  facet normal 0.0242889 -0.0551797 -0.998181
    outer loop
      vertex 0.0042696 -0.0109901 -0.0230921
      vertex 0.00142479 -0.00366783 -0.0235661
      vertex 0.00164795 -0.0035696 -0.0235661
    endloop
  endfacet
  facet normal 0.0843652 -0.284908 -0.954835
    outer loop
      vertex 0.0129023 -0.0404663 -0.0165251
      vertex 0.0085516 -0.0339432 -0.0188559
      vertex 0.0106258 -0.033329 -0.0188559
    endloop
  endfacet
  facet normal 0.0171021 -0.178787 -0.983739
    outer loop
      vertex 0.001688 -0.0273466 -0.0207327
      vertex 0.00121021 -0.0196104 -0.022147
      vertex 0.00241661 -0.019495 -0.022147
    endloop
  endfacet
  facet normal 0.0830984 -0.159967 -0.983618
    outer loop
      vertex 0.0129528 -0.0240116 -0.0207327
      vertex 0.00820923 -0.0177794 -0.022147
      vertex 0.00928879 -0.0172186 -0.022147
    endloop
  endfacet
  facet normal 0.093136 -0.154561 -0.983584
    outer loop
      vertex 0.0129528 -0.0240116 -0.0207327
      vertex 0.0103312 -0.0165911 -0.022147
      vertex 0.0144072 -0.0231352 -0.0207327
    endloop
  endfacet
  facet normal 0.160617 -0.178927 -0.970663
    outer loop
      vertex 0.0219193 -0.0270023 -0.0188559
      vertex 0.0171385 -0.0211124 -0.0207327
      vertex 0.0184059 -0.0199747 -0.0207327
    endloop
  endfacet
  facet normal 0.149042 -0.188343 -0.970728
    outer loop
      vertex 0.0219193 -0.0270023 -0.0188559
      vertex 0.0158043 -0.0221682 -0.0207327
      vertex 0.0171385 -0.0211124 -0.0207327
    endloop
  endfacet
  facet normal 0.0379638 -0.235623 -0.971103
    outer loop
      vertex 0.00430965 -0.0347681 -0.0188559
      vertex 0.00336933 -0.0271845 -0.0207327
      vertex 0.00503826 -0.0269156 -0.0207327
    endloop
  endfacet
  facet normal 0.0228613 -0.237507 -0.971117
    outer loop
      vertex 0.00215912 -0.0349751 -0.0188559
      vertex 0.001688 -0.0273466 -0.0207327
      vertex 0.00430965 -0.0347681 -0.0188559
    endloop
  endfacet
  facet normal 0.0823852 -0.224425 -0.971003
    outer loop
      vertex 0.0126591 -0.0325832 -0.0188559
      vertex 0.00830841 -0.0260601 -0.0207327
      vertex 0.00989819 -0.0254765 -0.0207327
    endloop
  endfacet
  facet normal 0.0726921 -0.164789 -0.983647
    outer loop
      vertex 0.00989819 -0.0254765 -0.0207327
      vertex 0.0070982 -0.0182695 -0.022147
      vertex 0.00820923 -0.0177794 -0.022147
    endloop
  endfacet
  facet normal -0.0459097 -0.0397874 -0.998153
    outer loop
      vertex -0.00282192 -0.00270081 -0.0235661
      vertex -0.00845528 -0.00809193 -0.0230921
      vertex -0.00298309 -0.00251484 -0.0235661
    endloop
  endfacet
  facet normal -0.045915 -0.0397822 -0.998153
    outer loop
      vertex -0.00845528 -0.00809193 -0.0230921
      vertex -0.00893784 -0.00753498 -0.0230921
      vertex -0.00298309 -0.00251484 -0.0235661
    endloop
  endfacet
  facet normal -0.0377001 -0.0473605 -0.998166
    outer loop
      vertex -0.00227547 -0.00319195 -0.0235661
      vertex -0.00739384 -0.00910759 -0.0230921
      vertex -0.00246716 -0.00303936 -0.0235661
    endloop
  endfacet
  facet normal 0.054577 -0.0272864 -0.998137
    outer loop
      vertex 0.00339222 -0.00190067 -0.0235661
      vertex 0.0104952 -0.00503254 -0.0230921
      vertex 0.0101643 -0.00569439 -0.0230921
    endloop
  endfacet
  facet normal 0.0545758 -0.0272891 -0.998137
    outer loop
      vertex 0.0104952 -0.00503254 -0.0230921
      vertex 0.00339222 -0.00190067 -0.0235661
      vertex 0.00350285 -0.00167942 -0.0235661
    endloop
  endfacet
  facet normal 0.0433007 -0.042514 -0.998157
    outer loop
      vertex 0.00794029 -0.00861645 -0.0230921
      vertex 0.00282192 -0.00270081 -0.0235661
      vertex 0.00845528 -0.00809193 -0.0230921
    endloop
  endfacet
  facet normal 0.137222 -0.118698 -0.983403
    outer loop
      vertex 0.0196009 -0.0187569 -0.0207327
      vertex 0.0140553 -0.0134506 -0.022147
      vertex 0.0148563 -0.0125246 -0.022147
    endloop
  endfacet
  facet normal 0.0916635 -0.0792899 -0.992628
    outer loop
      vertex 0.0140553 -0.0134506 -0.022147
      vertex 0.00893784 -0.00753498 -0.0230921
      vertex 0.0148563 -0.0125246 -0.022147
    endloop
  endfacet
  facet normal -0.0131999 -0.0586876 -0.998189
    outer loop
      vertex -0.000724792 -0.00387478 -0.0235661
      vertex -0.00217342 -0.011611 -0.0230921
      vertex -0.000962257 -0.00382137 -0.0235661
    endloop
  endfacet
  facet normal -0.0510696 -0.172437 -0.983696
    outer loop
      vertex -0.00479507 -0.0190325 -0.022147
      vertex -0.00830841 -0.0260601 -0.0207327
      vertex -0.0059576 -0.0186882 -0.022147
    endloop
  endfacet
  facet normal -0.0620163 -0.168942 -0.983673
    outer loop
      vertex -0.0059576 -0.0186882 -0.022147
      vertex -0.00830841 -0.0260601 -0.0207327
      vertex -0.0070982 -0.0182695 -0.022147
    endloop
  endfacet
  facet normal -0.0170715 -0.0577297 -0.998186
    outer loop
      vertex -0.00288391 -0.0114489 -0.0230921
      vertex -0.00358391 -0.0112419 -0.0230921
      vertex -0.000962257 -0.00382137 -0.0235661
    endloop
  endfacet
  facet normal -0.0133832 -0.058659 -0.998188
    outer loop
      vertex -0.00217342 -0.011611 -0.0230921
      vertex -0.00288391 -0.0114489 -0.0230921
      vertex -0.000962257 -0.00382137 -0.0235661
    endloop
  endfacet
  facet normal -0.0398519 -0.175258 -0.983716
    outer loop
      vertex -0.00361252 -0.0193014 -0.022147
      vertex -0.00503826 -0.0269156 -0.0207327
      vertex -0.00479507 -0.0190325 -0.022147
    endloop
  endfacet
  facet normal -0.0266105 -0.117026 -0.992772
    outer loop
      vertex -0.00361252 -0.0193014 -0.022147
      vertex -0.00479507 -0.0190325 -0.022147
      vertex -0.00217342 -0.011611 -0.0230921
    endloop
  endfacet
  facet normal 0.0340986 -0.115134 -0.992765
    outer loop
      vertex 0.00479507 -0.0190325 -0.022147
      vertex 0.00358391 -0.0112419 -0.0230921
      vertex 0.0059576 -0.0186882 -0.022147
    endloop
  endfacet
  facet normal 0.0133832 -0.058659 -0.998188
    outer loop
      vertex 0.00217342 -0.011611 -0.0230921
      vertex 0.000962257 -0.00382137 -0.0235661
      vertex 0.00288391 -0.0114489 -0.0230921
    endloop
  endfacet
  facet normal 0.0575884 -0.0204499 -0.998131
    outer loop
      vertex 0.0107851 -0.00435162 -0.0230921
      vertex 0.00359917 -0.00145245 -0.0235661
      vertex 0.00368214 -0.0012188 -0.0235661
    endloop
  endfacet
  facet normal 0.121635 -0.0112206 -0.992512
    outer loop
      vertex 0.0191298 -0.00246239 -0.022147
      vertex 0.0115767 -0.000741959 -0.0230921
      vertex 0.0192432 -0.0012331 -0.022147
    endloop
  endfacet
  facet normal 0.122111 -0.00378285 -0.992509
    outer loop
      vertex 0.0192432 -0.0012331 -0.022147
      vertex 0.0115767 -0.000741959 -0.0230921
      vertex 0.0192814 0 -0.022147
    endloop
  endfacet
  facet normal 0.15385 -0.25531 -0.95454
    outer loop
      vertex 0.0201139 -0.0372858 -0.0165251
      vertex 0.0165663 -0.0307093 -0.0188559
      vertex 0.0184259 -0.0295887 -0.0188559
    endloop
  endfacet
  facet normal 0.153854 -0.255309 -0.95454
    outer loop
      vertex 0.0201139 -0.0372858 -0.0165251
      vertex 0.0184259 -0.0295887 -0.0188559
      vertex 0.0223722 -0.0359249 -0.0165251
    endloop
  endfacet
  facet normal 0.0965529 -0.218909 -0.970957
    outer loop
      vertex 0.0126591 -0.0325832 -0.0188559
      vertex 0.00989819 -0.0254765 -0.0207327
      vertex 0.0146418 -0.0317087 -0.0188559
    endloop
  endfacet
  facet normal 0.0965824 -0.218887 -0.970959
    outer loop
      vertex 0.0146418 -0.0317087 -0.0188559
      vertex 0.00989819 -0.0254765 -0.0207327
      vertex 0.0114479 -0.0247927 -0.0207327
    endloop
  endfacet
  facet normal 0.0930579 -0.154589 -0.983587
    outer loop
      vertex 0.0129528 -0.0240116 -0.0207327
      vertex 0.00928879 -0.0172186 -0.022147
      vertex 0.0103312 -0.0165911 -0.022147
    endloop
  endfacet
  facet normal 0.0621466 -0.103239 -0.992713
    outer loop
      vertex 0.00928879 -0.0172186 -0.022147
      vertex 0.00558758 -0.0103588 -0.0230921
      vertex 0.0103312 -0.0165911 -0.022147
    endloop
  endfacet
  facet normal 0.0278309 -0.0535398 -0.998178
    outer loop
      vertex 0.00558758 -0.0103588 -0.0230921
      vertex 0.00164795 -0.0035696 -0.0235661
      vertex 0.00186443 -0.00345707 -0.0235661
    endloop
  endfacet
  facet normal 0.0510696 -0.172437 -0.983696
    outer loop
      vertex 0.00830841 -0.0260601 -0.0207327
      vertex 0.00479507 -0.0190325 -0.022147
      vertex 0.0059576 -0.0186882 -0.022147
    endloop
  endfacet
  facet normal 0.053063 -0.232808 -0.971074
    outer loop
      vertex 0.00644302 -0.0344238 -0.0188559
      vertex 0.00503826 -0.0269156 -0.0207327
      vertex 0.0085516 -0.0339432 -0.0188559
    endloop
  endfacet
  facet normal 0.0510012 -0.17247 -0.983693
    outer loop
      vertex 0.00668621 -0.0265398 -0.0207327
      vertex 0.00479507 -0.0190325 -0.022147
      vertex 0.00830841 -0.0260601 -0.0207327
    endloop
  endfacet
  facet normal 0.102387 -0.27914 -0.954776
    outer loop
      vertex 0.0129023 -0.0404663 -0.0165251
      vertex 0.0106258 -0.033329 -0.0188559
      vertex 0.0126591 -0.0325832 -0.0188559
    endloop
  endfacet
  facet normal 0.00574763 -0.0598468 -0.998191
    outer loop
      vertex 0.000727654 -0.011797 -0.0230921
      vertex 0.000242233 -0.00393772 -0.0235661
      vertex 0.0014534 -0.0117273 -0.0230921
    endloop
  endfacet
  facet normal 0.0114643 -0.119371 -0.992784
    outer loop
      vertex 0.00241661 -0.019495 -0.022147
      vertex 0.000727654 -0.011797 -0.0230921
      vertex 0.0014534 -0.0117273 -0.0230921
    endloop
  endfacet
  facet normal 0.0414084 -0.112803 -0.992754
    outer loop
      vertex 0.0059576 -0.0186882 -0.022147
      vertex 0.00358391 -0.0112419 -0.0230921
      vertex 0.0070982 -0.0182695 -0.022147
    endloop
  endfacet
  facet normal 0.0414212 -0.112796 -0.992754
    outer loop
      vertex 0.0070982 -0.0182695 -0.022147
      vertex 0.00358391 -0.0112419 -0.0230921
      vertex 0.0042696 -0.0109901 -0.0230921
    endloop
  endfacet
  facet normal 0.10105 -0.0673701 -0.992598
    outer loop
      vertex 0.0155993 -0.0115499 -0.022147
      vertex 0.00938416 -0.00694752 -0.0230921
      vertex 0.0162802 -0.0105286 -0.022147
    endloop
  endfacet
  facet normal 0.0965961 -0.0733884 -0.992614
    outer loop
      vertex 0.0155993 -0.0115499 -0.022147
      vertex 0.00893784 -0.00753498 -0.0230921
      vertex 0.00938416 -0.00694752 -0.0230921
    endloop
  endfacet
  facet normal 0 0 -1
    outer loop
      vertex 0.00384045 -0.000494003 -0.0235661
      vertex 0.00387096 0 -0.0235661
      vertex 0.00386333 -0.000247002 -0.0235661
    endloop
  endfacet
  facet normal 0 0 -1
    outer loop
      vertex 0.0038023 -0.000739098 -0.0235661
      vertex 0.00387096 0 -0.0235661
      vertex 0.00384045 -0.000494003 -0.0235661
    endloop
  endfacet
  facet normal 0 0 -1
    outer loop
      vertex 0.00374985 -0.000980377 -0.0235661
      vertex 0.00387096 0 -0.0235661
      vertex 0.0038023 -0.000739098 -0.0235661
    endloop
  endfacet
  facet normal 0 0 -1
    outer loop
      vertex 0.00368214 -0.0012188 -0.0235661
      vertex 0.00387096 0 -0.0235661
      vertex 0.00374985 -0.000980377 -0.0235661
    endloop
  endfacet
  facet normal 0 0 -1
    outer loop
      vertex 0.00359917 -0.00145245 -0.0235661
      vertex 0.00387096 0 -0.0235661
      vertex 0.00368214 -0.0012188 -0.0235661
    endloop
  endfacet
  facet normal 0 0 -1
    outer loop
      vertex 0.00350285 -0.00167942 -0.0235661
      vertex 0.00387096 0 -0.0235661
      vertex 0.00359917 -0.00145245 -0.0235661
    endloop
  endfacet
  facet normal 0 0 -1
    outer loop
      vertex 0.00339222 -0.00190067 -0.0235661
      vertex 0.00387096 0 -0.0235661
      vertex 0.00350285 -0.00167942 -0.0235661
    endloop
  endfacet
  facet normal 0 0 -1
    outer loop
      vertex 0.00326824 -0.00211334 -0.0235661
      vertex 0.00387096 0 -0.0235661
      vertex 0.00339222 -0.00190067 -0.0235661
    endloop
  endfacet
  facet normal 0 0 -1
    outer loop
      vertex 0.00313187 -0.00231838 -0.0235661
      vertex 0.00387096 0 -0.0235661
      vertex 0.00326824 -0.00211334 -0.0235661
    endloop
  endfacet
  facet normal 0 0 -1
    outer loop
      vertex 0.00298309 -0.00251484 -0.0235661
      vertex 0.00387096 0 -0.0235661
      vertex 0.00313187 -0.00231838 -0.0235661
    endloop
  endfacet
  facet normal 0 0 -1
    outer loop
      vertex 0.00282192 -0.00270081 -0.0235661
      vertex 0.00387096 0 -0.0235661
      vertex 0.00298309 -0.00251484 -0.0235661
    endloop
  endfacet
  facet normal 0 0 -1
    outer loop
      vertex 0.00265026 -0.00287533 -0.0235661
      vertex 0.00387096 0 -0.0235661
      vertex 0.00282192 -0.00270081 -0.0235661
    endloop
  endfacet
  facet normal 0 0 -1
    outer loop
      vertex 0.00246716 -0.00303936 -0.0235661
      vertex 0.00387096 0 -0.0235661
      vertex 0.00265026 -0.00287533 -0.0235661
    endloop
  endfacet
  facet normal 0 0 -1
    outer loop
      vertex 0.00227547 -0.00319195 -0.0235661
      vertex 0.00387096 0 -0.0235661
      vertex 0.00246716 -0.00303936 -0.0235661
    endloop
  endfacet
  facet normal 0 0 -1
    outer loop
      vertex 0.00207424 -0.00333118 -0.0235661
      vertex 0.00387096 0 -0.0235661
      vertex 0.00227547 -0.00319195 -0.0235661
    endloop
  endfacet
  facet normal 0 0 -1
    outer loop
      vertex 0.00186443 -0.00345707 -0.0235661
      vertex 0.00387096 0 -0.0235661
      vertex 0.00207424 -0.00333118 -0.0235661
    endloop
  endfacet
  facet normal 0 0 -1
    outer loop
      vertex 0.00164795 -0.0035696 -0.0235661
      vertex 0.00387096 0 -0.0235661
      vertex 0.00186443 -0.00345707 -0.0235661
    endloop
  endfacet
  facet normal 0 0 -1
    outer loop
      vertex 0.00142479 -0.00366783 -0.0235661
      vertex 0.00387096 0 -0.0235661
      vertex 0.00164795 -0.0035696 -0.0235661
    endloop
  endfacet
  facet normal 0 0 -1
    outer loop
      vertex 0.00119591 -0.00375175 -0.0235661
      vertex 0.00387096 0 -0.0235661
      vertex 0.00142479 -0.00366783 -0.0235661
    endloop
  endfacet
  facet normal 0 0 -1
    outer loop
      vertex 0.000962257 -0.00382137 -0.0235661
      vertex 0.00387096 0 -0.0235661
      vertex 0.00119591 -0.00375175 -0.0235661
    endloop
  endfacet
  facet normal 0 0 -1
    outer loop
      vertex 0.000724792 -0.00387478 -0.0235661
      vertex 0.00387096 0 -0.0235661
      vertex 0.000962257 -0.00382137 -0.0235661
    endloop
  endfacet
  facet normal 0 0 -1
    outer loop
      vertex 0.000484467 -0.00391388 -0.0235661
      vertex 0.00387096 0 -0.0235661
      vertex 0.000724792 -0.00387478 -0.0235661
    endloop
  endfacet
  facet normal 0 0 -1
    outer loop
      vertex 0.000242233 -0.00393772 -0.0235661
      vertex 0.00387096 0 -0.0235661
      vertex 0.000484467 -0.00391388 -0.0235661
    endloop
  endfacet
  facet normal 0 0 -1
    outer loop
      vertex 0 -0.00394535 -0.0235661
      vertex 0.00387096 0 -0.0235661
      vertex 0.000242233 -0.00393772 -0.0235661
    endloop
  endfacet
  facet normal 0 0 -1
    outer loop
      vertex -0.000242233 -0.00393772 -0.0235661
      vertex 0.00387096 0 -0.0235661
      vertex 0 -0.00394535 -0.0235661
    endloop
  endfacet
  facet normal 0 0 -1
    outer loop
      vertex -0.000484467 -0.00391388 -0.0235661
      vertex 0.00387096 0 -0.0235661
      vertex -0.000242233 -0.00393772 -0.0235661
    endloop
  endfacet
  facet normal 0 0 -1
    outer loop
      vertex -0.000724792 -0.00387478 -0.0235661
      vertex 0.00387096 0 -0.0235661
      vertex -0.000484467 -0.00391388 -0.0235661
    endloop
  endfacet
  facet normal 0 0 -1
    outer loop
      vertex -0.000962257 -0.00382137 -0.0235661
      vertex 0.00387096 0 -0.0235661
      vertex -0.000724792 -0.00387478 -0.0235661
    endloop
  endfacet
  facet normal 0 0 -1
    outer loop
      vertex -0.00119591 -0.00375175 -0.0235661
      vertex 0.00387096 0 -0.0235661
      vertex -0.000962257 -0.00382137 -0.0235661
    endloop
  endfacet
  facet normal 0 0 -1
    outer loop
      vertex -0.00142479 -0.00366783 -0.0235661
      vertex 0.00387096 0 -0.0235661
      vertex -0.00119591 -0.00375175 -0.0235661
    endloop
  endfacet
  facet normal 0 0 -1
    outer loop
      vertex -0.00164795 -0.0035696 -0.0235661
      vertex 0.00387096 0 -0.0235661
      vertex -0.00142479 -0.00366783 -0.0235661
    endloop
  endfacet
  facet normal 0 0 -1
    outer loop
      vertex -0.00186443 -0.00345707 -0.0235661
      vertex 0.00387096 0 -0.0235661
      vertex -0.00164795 -0.0035696 -0.0235661
    endloop
  endfacet
  facet normal 0 0 -1
    outer loop
      vertex -0.00207424 -0.00333118 -0.0235661
      vertex 0.00387096 0 -0.0235661
      vertex -0.00186443 -0.00345707 -0.0235661
    endloop
  endfacet
  facet normal 0 0 -1
    outer loop
      vertex -0.00227547 -0.00319195 -0.0235661
      vertex 0.00387096 0 -0.0235661
      vertex -0.00207424 -0.00333118 -0.0235661
    endloop
  endfacet
  facet normal 0 0 -1
    outer loop
      vertex -0.00246716 -0.00303936 -0.0235661
      vertex 0.00387096 0 -0.0235661
      vertex -0.00227547 -0.00319195 -0.0235661
    endloop
  endfacet
  facet normal 0 0 -1
    outer loop
      vertex -0.00265026 -0.00287533 -0.0235661
      vertex 0.00387096 0 -0.0235661
      vertex -0.00246716 -0.00303936 -0.0235661
    endloop
  endfacet
  facet normal 0 0 -1
    outer loop
      vertex -0.00282192 -0.00270081 -0.0235661
      vertex 0.00387096 0 -0.0235661
      vertex -0.00265026 -0.00287533 -0.0235661
    endloop
  endfacet
  facet normal 0 0 -1
    outer loop
      vertex -0.00298309 -0.00251484 -0.0235661
      vertex 0.00387096 0 -0.0235661
      vertex -0.00282192 -0.00270081 -0.0235661
    endloop
  endfacet
  facet normal 0 0 -1
    outer loop
      vertex -0.00313187 -0.00231838 -0.0235661
      vertex 0.00387096 0 -0.0235661
      vertex -0.00298309 -0.00251484 -0.0235661
    endloop
  endfacet
  facet normal 0 0 -1
    outer loop
      vertex -0.00326824 -0.00211334 -0.0235661
      vertex 0.00387096 0 -0.0235661
      vertex -0.00313187 -0.00231838 -0.0235661
    endloop
  endfacet
  facet normal 0 0 -1
    outer loop
      vertex -0.00339222 -0.00190067 -0.0235661
      vertex 0.00387096 0 -0.0235661
      vertex -0.00326824 -0.00211334 -0.0235661
    endloop
  endfacet
  facet normal 0 0 -1
    outer loop
      vertex -0.00350285 -0.00167942 -0.0235661
      vertex 0.00387096 0 -0.0235661
      vertex -0.00339222 -0.00190067 -0.0235661
    endloop
  endfacet
  facet normal 0 0 -1
    outer loop
      vertex -0.00359917 -0.00145245 -0.0235661
      vertex 0.00387096 0 -0.0235661
      vertex -0.00350285 -0.00167942 -0.0235661
    endloop
  endfacet
  facet normal 0 0 -1
    outer loop
      vertex -0.00368214 -0.0012188 -0.0235661
      vertex 0.00387096 0 -0.0235661
      vertex -0.00359917 -0.00145245 -0.0235661
    endloop
  endfacet
  facet normal 0 0 -1
    outer loop
      vertex -0.00374985 -0.000980377 -0.0235661
      vertex 0.00387096 0 -0.0235661
      vertex -0.00368214 -0.0012188 -0.0235661
    endloop
  endfacet
  facet normal 0 0 -1
    outer loop
      vertex -0.0038023 -0.000739098 -0.0235661
      vertex 0.00387096 0 -0.0235661
      vertex -0.00374985 -0.000980377 -0.0235661
    endloop
  endfacet
  facet normal 0 0 -1
    outer loop
      vertex -0.00384045 -0.000494003 -0.0235661
      vertex 0.00387096 0 -0.0235661
      vertex -0.0038023 -0.000739098 -0.0235661
    endloop
  endfacet
  facet normal 0 0 -1
    outer loop
      vertex -0.00386333 -0.000247002 -0.0235661
      vertex 0.00387096 0 -0.0235661
      vertex -0.00384045 -0.000494003 -0.0235661
    endloop
  endfacet
  facet normal -0 0 -1
    outer loop
      vertex 0.00387096 0 -0.0235661
      vertex -0.00386333 -0.000247002 -0.0235661
      vertex -0.00387096 0 -0.0235661
    endloop
  endfacet
  facet normal 0.102855 -0.148483 -0.983552
    outer loop
      vertex 0.0158043 -0.0221682 -0.0207327
      vertex 0.0103312 -0.0165911 -0.022147
      vertex 0.0113335 -0.0158968 -0.022147
    endloop
  endfacet
  facet normal 0.0686893 -0.0991607 -0.992698
    outer loop
      vertex 0.0103312 -0.0165911 -0.022147
      vertex 0.00681782 -0.00956345 -0.0230921
      vertex 0.0113335 -0.0158968 -0.022147
    endloop
  endfacet
  facet normal 0.0310748 -0.0517897 -0.998174
    outer loop
      vertex 0.00558758 -0.0103588 -0.0230921
      vertex 0.00186443 -0.00345707 -0.0235661
      vertex 0.00207424 -0.00333118 -0.0235661
    endloop
  endfacet
  facet normal 0.00768453 -0.238446 -0.971125
    outer loop
      vertex 0.00215912 -0.0349751 -0.0188559
      vertex 0 -0.027401 -0.0207327
      vertex 0.001688 -0.0273466 -0.0207327
    endloop
  endfacet
  facet normal 0.00578447 -0.179489 -0.983743
    outer loop
      vertex 0.001688 -0.0273466 -0.0207327
      vertex 0 -0.027401 -0.0207327
      vertex 0 -0.0196495 -0.022147
    endloop
  endfacet
  facet normal 0.0823304 -0.22446 -0.970999
    outer loop
      vertex 0.0106258 -0.033329 -0.0188559
      vertex 0.00830841 -0.0260601 -0.0207327
      vertex 0.0126591 -0.0325832 -0.0188559
    endloop
  endfacet
  facet normal 0.0266105 -0.117026 -0.992772
    outer loop
      vertex 0.00361252 -0.0193014 -0.022147
      vertex 0.00217342 -0.011611 -0.0230921
      vertex 0.00479507 -0.0190325 -0.022147
    endloop
  endfacet
  facet normal 0.040437 -0.0451382 -0.998162
    outer loop
      vertex 0.00739384 -0.00910759 -0.0230921
      vertex 0.00246716 -0.00303936 -0.0235661
      vertex 0.00265026 -0.00287533 -0.0235661
    endloop
  endfacet
  facet normal 0.0527154 -0.0306099 -0.99814
    outer loop
      vertex 0.00979328 -0.00633335 -0.0230921
      vertex 0.00339222 -0.00190067 -0.0235661
      vertex 0.0101643 -0.00569439 -0.0230921
    endloop
  endfacet
  facet normal 0.105132 -0.0610464 -0.992583
    outer loop
      vertex 0.0162802 -0.0105286 -0.022147
      vertex 0.00979328 -0.00633335 -0.0230921
      vertex 0.0101643 -0.00569439 -0.0230921
    endloop
  endfacet
  facet normal 0.0228973 -0.237495 -0.971119
    outer loop
      vertex 0.00430965 -0.0347681 -0.0188559
      vertex 0.001688 -0.0273466 -0.0207327
      vertex 0.00336933 -0.0271845 -0.0207327
    endloop
  endfacet
  facet normal 0.0172383 -0.178799 -0.983735
    outer loop
      vertex 0.00336933 -0.0271845 -0.0207327
      vertex 0.001688 -0.0273466 -0.0207327
      vertex 0.00241661 -0.019495 -0.022147
    endloop
  endfacet
  facet normal 0.0398519 -0.175258 -0.983716
    outer loop
      vertex 0.00503826 -0.0269156 -0.0207327
      vertex 0.00361252 -0.0193014 -0.022147
      vertex 0.00479507 -0.0190325 -0.022147
    endloop
  endfacet
  facet normal 0.0287098 -0.177347 -0.98373
    outer loop
      vertex 0.00503826 -0.0269156 -0.0207327
      vertex 0.00241661 -0.019495 -0.022147
      vertex 0.00361252 -0.0193014 -0.022147
    endloop
  endfacet
  facet normal 0.0620163 -0.168942 -0.983673
    outer loop
      vertex 0.00830841 -0.0260601 -0.0207327
      vertex 0.0059576 -0.0186882 -0.022147
      vertex 0.0070982 -0.0182695 -0.022147
    endloop
  endfacet
  facet normal 0.0620175 -0.168941 -0.983673
    outer loop
      vertex 0.00830841 -0.0260601 -0.0207327
      vertex 0.0070982 -0.0182695 -0.022147
      vertex 0.00989819 -0.0254765 -0.0207327
    endloop
  endfacet
  facet normal 0.0507002 -0.0337202 -0.998144
    outer loop
      vertex 0.00979328 -0.00633335 -0.0230921
      vertex 0.00313187 -0.00231838 -0.0235661
      vertex 0.00326824 -0.00211334 -0.0235661
    endloop
  endfacet
  facet normal 0.0677456 -0.229095 -0.971044
    outer loop
      vertex 0.0085516 -0.0339432 -0.0188559
      vertex 0.00668621 -0.0265398 -0.0207327
      vertex 0.00830841 -0.0260601 -0.0207327
    endloop
  endfacet
  facet normal 0.0530871 -0.232797 -0.971075
    outer loop
      vertex 0.0085516 -0.0339432 -0.0188559
      vertex 0.00503826 -0.0269156 -0.0207327
      vertex 0.00668621 -0.0265398 -0.0207327
    endloop
  endfacet
  facet normal 1 0 0
    outer loop
      vertex 0.0503492 0 1.4491e-07
      vertex 0.0503492 -0.00247337 -0.0130715
      vertex 0.0503492 0 -0.0131064
    endloop
  endfacet
  facet normal 1 0 0
    outer loop
      vertex 0.0503492 0 1.4491e-07
      vertex 0.0503492 -0.0032276 -0.0130608
      vertex 0.0503492 -0.00247337 -0.0130715
    endloop
  endfacet
  facet normal 1 0 0
    outer loop
      vertex 0.0503492 0 1.4491e-07
      vertex 0.0503492 -0.004032 -0.0130267
      vertex 0.0503492 -0.0032276 -0.0130608
    endloop
  endfacet
  facet normal 1 0 0
    outer loop
      vertex 0.0503492 0 1.4491e-07
      vertex 0.0503492 -0.00648179 -0.0129228
      vertex 0.0503492 -0.004032 -0.0130267
    endloop
  endfacet
  facet normal 1 0 0
    outer loop
      vertex 0.0503492 0 1.4491e-07
      vertex 0.0503492 -0.00748707 -0.0128521
      vertex 0.0503492 -0.00648179 -0.0129228
    endloop
  endfacet
  facet normal 1 0 0
    outer loop
      vertex 0.0503492 0 1.4491e-07
      vertex 0.0503492 -0.00978709 -0.0126902
      vertex 0.0503492 -0.00748707 -0.0128521
    endloop
  endfacet
  facet normal 1 0 0
    outer loop
      vertex 0.0503492 0 1.4491e-07
      vertex 0.0503492 -0.011737 -0.0124988
      vertex 0.0503492 -0.00978709 -0.0126902
    endloop
  endfacet
  facet normal 1 0 0
    outer loop
      vertex 0.0503492 0 1.4491e-07
      vertex 0.0503492 -0.0131732 -0.0123578
      vertex 0.0503492 -0.011737 -0.0124988
    endloop
  endfacet
  facet normal 1 0 0
    outer loop
      vertex 0.0503492 0 1.4491e-07
      vertex 0.0503492 -0.0148029 -0.012153
      vertex 0.0503492 -0.0131732 -0.0123578
    endloop
  endfacet
  facet normal 1 0 0
    outer loop
      vertex 0.0503492 0 1.4491e-07
      vertex 0.0503492 -0.0166713 -0.0119183
      vertex 0.0503492 -0.0148029 -0.012153
    endloop
  endfacet
  facet normal 1 0 0
    outer loop
      vertex 0.0503492 0 1.4491e-07
      vertex 0.0503492 -0.0178984 -0.0117312
      vertex 0.0503492 -0.0166713 -0.0119183
    endloop
  endfacet
  facet normal 1 0 0
    outer loop
      vertex 0.0503492 0 1.4491e-07
      vertex 0.0503492 -0.0203146 -0.0113625
      vertex 0.0503492 -0.0178984 -0.0117312
    endloop
  endfacet
  facet normal 1 0 0
    outer loop
      vertex 0.0503492 0 1.4491e-07
      vertex 0.0503492 -0.023952 -0.0107125
      vertex 0.0503492 -0.0203146 -0.0113625
    endloop
  endfacet
  facet normal 1 -0 0
    outer loop
      vertex 0.0503492 -0.0242714 -0.0106522
      vertex 0.0503492 -0.023952 -0.0107125
      vertex 0.0503492 0 1.4491e-07
    endloop
  endfacet
  facet normal 1 0 0
    outer loop
      vertex 0.0503492 -0.023952 -0.0107125
      vertex 0.0503492 -0.0242714 -0.0106522
      vertex 0.0503492 -0.0241443 -0.0106782
    endloop
  endfacet
  facet normal 1 0 0
    outer loop
      vertex 0.0503492 0 1.4491e-07
      vertex 0.0503492 -0.0248488 -0.0105341
      vertex 0.0503492 -0.0242714 -0.0106522
    endloop
  endfacet
  facet normal 1 0 0
    outer loop
      vertex 0.0503492 0 1.4491e-07
      vertex 0.0503492 -0.0282077 -0.00973206
      vertex 0.0503492 -0.0248488 -0.0105341
    endloop
  endfacet
  facet normal 1 0 0
    outer loop
      vertex 0.0503492 0 1.4491e-07
      vertex 0.0503492 -0.0306551 -0.00907695
      vertex 0.0503492 -0.0282077 -0.00973206
    endloop
  endfacet
  facet normal 1 0 0
    outer loop
      vertex 0.0503492 0 1.4491e-07
      vertex 0.0503492 -0.0325615 -0.00856656
      vertex 0.0503492 -0.0306551 -0.00907695
    endloop
  endfacet
  facet normal 1 0 0
    outer loop
      vertex 0.0503492 0 1.4491e-07
      vertex 0.0503492 -0.0367593 -0.00732588
      vertex 0.0503492 -0.0325615 -0.00856656
    endloop
  endfacet
  facet normal 1 0 0
    outer loop
      vertex 0.0503492 0 1.4491e-07
      vertex 0.0503492 -0.0372783 -0.00717246
      vertex 0.0503492 -0.0367593 -0.00732588
    endloop
  endfacet
  facet normal 1 0 0
    outer loop
      vertex 0.0503492 0 1.4491e-07
      vertex 0.0503492 -0.0381246 -0.00689969
      vertex 0.0503492 -0.0372783 -0.00717246
    endloop
  endfacet
  facet normal 1 0 0
    outer loop
      vertex 0.0503492 0 1.4491e-07
      vertex 0.0503492 -0.0424468 -0.00529129
      vertex 0.0503492 -0.0381246 -0.00689969
    endloop
  endfacet
  facet normal 1 0 0
    outer loop
      vertex 0.0503492 0 1.4491e-07
      vertex 0.0503492 -0.0445151 -0.00446073
      vertex 0.0503492 -0.0424468 -0.00529129
    endloop
  endfacet
  facet normal 1 0 0
    outer loop
      vertex 0.0503492 0 1.4491e-07
      vertex 0.0503492 -0.0481825 -0.00298798
      vertex 0.0503492 -0.0445151 -0.00446073
    endloop
  endfacet
  facet normal 1 -0 0
    outer loop
      vertex 0.0503492 -0.0519397 -0.00116084
      vertex 0.0503492 -0.0481825 -0.00298798
      vertex 0.0503492 0 1.4491e-07
    endloop
  endfacet
  facet normal 1 0 0
    outer loop
      vertex 0.0503492 -0.0481825 -0.00298798
      vertex 0.0503492 -0.0519397 -0.00116084
      vertex 0.0503492 -0.0484897 -0.00285611
    endloop
  endfacet
  facet normal 1 -0 0
    outer loop
      vertex 0.0503492 -0.0542994 1.4491e-07
      vertex 0.0503492 -0.0519397 -0.00116084
      vertex 0.0503492 0 1.4491e-07
    endloop
  endfacet
  facet normal 1 0 0
    outer loop
      vertex 0.0503492 -0.0519397 -0.00116084
      vertex 0.0503492 -0.0542994 1.4491e-07
      vertex 0.0503492 -0.0542994 -1.1432e-06
    endloop
  endfacet
  facet normal -0 0 1
    outer loop
      vertex -0.0503492 0 1.4491e-07
      vertex 0.0503492 -0.0542994 1.4491e-07
      vertex 0.0503492 0 1.4491e-07
    endloop
  endfacet
  facet normal 0 0 1
    outer loop
      vertex 0.0503492 -0.0542994 1.4491e-07
      vertex -0.0503492 0 1.4491e-07
      vertex -0.0503492 -0.0542994 1.4491e-07
    endloop
  endfacet
  facet normal -1 0 0
    outer loop
      vertex -0.0503492 -0.00247337 -0.0130715
      vertex -0.0503492 0 1.4491e-07
      vertex -0.0503492 0 -0.0131064
    endloop
  endfacet
  facet normal -1 0 0
    outer loop
      vertex -0.0503492 -0.0032276 -0.0130608
      vertex -0.0503492 0 1.4491e-07
      vertex -0.0503492 -0.00247337 -0.0130715
    endloop
  endfacet
  facet normal -1 0 0
    outer loop
      vertex -0.0503492 -0.004032 -0.0130267
      vertex -0.0503492 0 1.4491e-07
      vertex -0.0503492 -0.0032276 -0.0130608
    endloop
  endfacet
  facet normal -1 0 0
    outer loop
      vertex -0.0503492 -0.00648179 -0.0129228
      vertex -0.0503492 0 1.4491e-07
      vertex -0.0503492 -0.004032 -0.0130267
    endloop
  endfacet
  facet normal -1 0 0
    outer loop
      vertex -0.0503492 -0.00748707 -0.0128521
      vertex -0.0503492 0 1.4491e-07
      vertex -0.0503492 -0.00648179 -0.0129228
    endloop
  endfacet
  facet normal -1 0 0
    outer loop
      vertex -0.0503492 -0.00978709 -0.0126902
      vertex -0.0503492 0 1.4491e-07
      vertex -0.0503492 -0.00748707 -0.0128521
    endloop
  endfacet
  facet normal -1 0 0
    outer loop
      vertex -0.0503492 -0.011737 -0.0124988
      vertex -0.0503492 0 1.4491e-07
      vertex -0.0503492 -0.00978709 -0.0126902
    endloop
  endfacet
  facet normal -1 0 0
    outer loop
      vertex -0.0503492 -0.0131732 -0.0123578
      vertex -0.0503492 0 1.4491e-07
      vertex -0.0503492 -0.011737 -0.0124988
    endloop
  endfacet
  facet normal -1 0 0
    outer loop
      vertex -0.0503492 -0.0148029 -0.012153
      vertex -0.0503492 0 1.4491e-07
      vertex -0.0503492 -0.0131732 -0.0123578
    endloop
  endfacet
  facet normal -1 0 0
    outer loop
      vertex -0.0503492 -0.0166713 -0.0119183
      vertex -0.0503492 0 1.4491e-07
      vertex -0.0503492 -0.0148029 -0.012153
    endloop
  endfacet
  facet normal -1 0 0
    outer loop
      vertex -0.0503492 -0.0178984 -0.0117312
      vertex -0.0503492 0 1.4491e-07
      vertex -0.0503492 -0.0166713 -0.0119183
    endloop
  endfacet
  facet normal -1 0 0
    outer loop
      vertex -0.0503492 -0.0203146 -0.0113625
      vertex -0.0503492 0 1.4491e-07
      vertex -0.0503492 -0.0178984 -0.0117312
    endloop
  endfacet
  facet normal -1 0 0
    outer loop
      vertex -0.0503492 -0.023952 -0.0107125
      vertex -0.0503492 0 1.4491e-07
      vertex -0.0503492 -0.0203146 -0.0113625
    endloop
  endfacet
  facet normal -1 0 0
    outer loop
      vertex -0.0503492 -0.0242714 -0.0106522
      vertex -0.0503492 -0.023952 -0.0107125
      vertex -0.0503492 -0.0241443 -0.0106782
    endloop
  endfacet
  facet normal -1 0 0
    outer loop
      vertex -0.0503492 -0.023952 -0.0107125
      vertex -0.0503492 -0.0242714 -0.0106522
      vertex -0.0503492 0 1.4491e-07
    endloop
  endfacet
  facet normal -1 0 0
    outer loop
      vertex -0.0503492 -0.0248488 -0.0105341
      vertex -0.0503492 0 1.4491e-07
      vertex -0.0503492 -0.0242714 -0.0106522
    endloop
  endfacet
  facet normal -1 0 0
    outer loop
      vertex -0.0503492 -0.0282077 -0.00973206
      vertex -0.0503492 0 1.4491e-07
      vertex -0.0503492 -0.0248488 -0.0105341
    endloop
  endfacet
  facet normal -1 0 0
    outer loop
      vertex -0.0503492 -0.0306551 -0.00907695
      vertex -0.0503492 0 1.4491e-07
      vertex -0.0503492 -0.0282077 -0.00973206
    endloop
  endfacet
  facet normal -1 0 0
    outer loop
      vertex -0.0503492 -0.0325615 -0.00856656
      vertex -0.0503492 0 1.4491e-07
      vertex -0.0503492 -0.0306551 -0.00907695
    endloop
  endfacet
  facet normal -1 0 0
    outer loop
      vertex -0.0503492 -0.0367593 -0.00732588
      vertex -0.0503492 0 1.4491e-07
      vertex -0.0503492 -0.0325615 -0.00856656
    endloop
  endfacet
  facet normal -1 0 0
    outer loop
      vertex -0.0503492 -0.0372783 -0.00717246
      vertex -0.0503492 0 1.4491e-07
      vertex -0.0503492 -0.0367593 -0.00732588
    endloop
  endfacet
  facet normal -1 0 0
    outer loop
      vertex -0.0503492 -0.0381246 -0.00689969
      vertex -0.0503492 0 1.4491e-07
      vertex -0.0503492 -0.0372783 -0.00717246
    endloop
  endfacet
  facet normal -1 0 0
    outer loop
      vertex -0.0503492 -0.0424468 -0.00529129
      vertex -0.0503492 0 1.4491e-07
      vertex -0.0503492 -0.0381246 -0.00689969
    endloop
  endfacet
  facet normal -1 0 0
    outer loop
      vertex -0.0503492 -0.0445151 -0.00446073
      vertex -0.0503492 0 1.4491e-07
      vertex -0.0503492 -0.0424468 -0.00529129
    endloop
  endfacet
  facet normal -1 0 0
    outer loop
      vertex -0.0503492 -0.0481825 -0.00298798
      vertex -0.0503492 0 1.4491e-07
      vertex -0.0503492 -0.0445151 -0.00446073
    endloop
  endfacet
  facet normal -1 0 0
    outer loop
      vertex -0.0503492 -0.0519397 -0.00116084
      vertex -0.0503492 -0.0481825 -0.00298798
      vertex -0.0503492 -0.0484897 -0.00285611
    endloop
  endfacet
  facet normal -1 0 0
    outer loop
      vertex -0.0503492 -0.0481825 -0.00298798
      vertex -0.0503492 -0.0519397 -0.00116084
      vertex -0.0503492 0 1.4491e-07
    endloop
  endfacet
  facet normal -1 0 0
    outer loop
      vertex -0.0503492 -0.0542994 1.4491e-07
      vertex -0.0503492 -0.0519397 -0.00116084
      vertex -0.0503492 -0.0542994 -1.1432e-06
    endloop
  endfacet
  facet normal -1 0 0
    outer loop
      vertex -0.0503492 -0.0519397 -0.00116084
      vertex -0.0503492 -0.0542994 1.4491e-07
      vertex -0.0503492 0 1.4491e-07
    endloop
  endfacet
  facet normal 0 1 0
    outer loop
      vertex 0.0489521 0 -0.0137471
      vertex 0.0503492 0 1.4491e-07
      vertex 0.0503492 0 -0.0131064
    endloop
  endfacet
  facet normal 0 1 0
    outer loop
      vertex 0.0343885 0 -0.0188559
      vertex 0.0503492 0 1.4491e-07
      vertex 0.0417528 0 -0.0165251
    endloop
  endfacet
  facet normal 0 1 0
    outer loop
      vertex 0.0503492 0 1.4491e-07
      vertex 0.0489521 0 -0.0137471
      vertex 0.0417528 0 -0.0165251
    endloop
  endfacet
  facet normal 0 1 0
    outer loop
      vertex 0.0268879 0 -0.0207327
      vertex 0.0503492 0 1.4491e-07
      vertex 0.0343885 0 -0.0188559
    endloop
  endfacet
  facet normal -0 1 -0
    outer loop
      vertex -0.0489521 0 -0.0137471
      vertex -0.0503492 0 1.4491e-07
      vertex -0.0417528 0 -0.0165251
    endloop
  endfacet
  facet normal 0 1 0
    outer loop
      vertex -0.0503492 0 1.4491e-07
      vertex -0.0489521 0 -0.0137471
      vertex -0.0503492 0 -0.0131064
    endloop
  endfacet
  facet normal 0 1 0
    outer loop
      vertex 0.0192814 0 -0.022147
      vertex 0.0503492 0 1.4491e-07
      vertex 0.0268879 0 -0.0207327
    endloop
  endfacet
  facet normal 0 1 0
    outer loop
      vertex -0.0503492 0 1.4491e-07
      vertex -0.0343885 0 -0.0188559
      vertex -0.0417528 0 -0.0165251
    endloop
  endfacet
  facet normal 0 1 0
    outer loop
      vertex 0.0115995 0 -0.0230921
      vertex 0.0503492 0 1.4491e-07
      vertex 0.0192814 0 -0.022147
    endloop
  endfacet
  facet normal 0 1 0
    outer loop
      vertex -0.0503492 0 1.4491e-07
      vertex -0.0268879 0 -0.0207327
      vertex -0.0343885 0 -0.0188559
    endloop
  endfacet
  facet normal 0 1 0
    outer loop
      vertex 0.00387096 0 -0.0235661
      vertex 0.0503492 0 1.4491e-07
      vertex 0.0115995 0 -0.0230921
    endloop
  endfacet
  facet normal 0 1 0
    outer loop
      vertex -0.0503492 0 1.4491e-07
      vertex -0.0192814 0 -0.022147
      vertex -0.0268879 0 -0.0207327
    endloop
  endfacet
  facet normal 0 1 0
    outer loop
      vertex 0.0503492 0 1.4491e-07
      vertex 0.00387096 0 -0.0235661
      vertex -0.0503492 0 1.4491e-07
    endloop
  endfacet
  facet normal 0 1 0
    outer loop
      vertex -0.0503492 0 1.4491e-07
      vertex -0.0115995 0 -0.0230921
      vertex -0.0192814 0 -0.022147
    endloop
  endfacet
  facet normal 0 1 -0
    outer loop
      vertex -0.00387096 0 -0.0235661
      vertex -0.0503492 0 1.4491e-07
      vertex 0.00387096 0 -0.0235661
    endloop
  endfacet
  facet normal 0 1 0
    outer loop
      vertex -0.0503492 0 1.4491e-07
      vertex -0.00387096 0 -0.0235661
      vertex -0.0115995 0 -0.0230921
    endloop
  endfacet
  facet normal 0 -1 0
    outer loop
      vertex -0.0500358 -0.0542994 -0.000158101
      vertex -0.0503492 -0.0542994 1.4491e-07
      vertex -0.0503492 -0.0542994 -1.1432e-06
    endloop
  endfacet
  facet normal 0 -1 0
    outer loop
      vertex -0.0503492 -0.0542994 1.4491e-07
      vertex -0.0476896 -0.0542994 -0.0012571
      vertex 0.0503492 -0.0542994 1.4491e-07
    endloop
  endfacet
  facet normal 0 -1 0
    outer loop
      vertex -0.0503492 -0.0542994 1.4491e-07
      vertex -0.0500358 -0.0542994 -0.000158101
      vertex -0.0476896 -0.0542994 -0.0012571
    endloop
  endfacet
  facet normal 0 -1 0
    outer loop
      vertex 0.0476896 -0.0542994 -0.0012571
      vertex 0.0503492 -0.0542994 1.4491e-07
      vertex -0.0476896 -0.0542994 -0.0012571
    endloop
  endfacet
  facet normal -0 -1 0
    outer loop
      vertex 0.0500358 -0.0542994 -0.000158101
      vertex 0.0503492 -0.0542994 1.4491e-07
      vertex 0.0476896 -0.0542994 -0.0012571
    endloop
  endfacet
  facet normal 0 -1 -0
    outer loop
      vertex 0.0503492 -0.0542994 1.4491e-07
      vertex 0.0500358 -0.0542994 -0.000158101
      vertex 0.0503492 -0.0542994 -1.1432e-06
    endloop
  endfacet
  facet normal 0 -1 0
    outer loop
      vertex -0.0438837 -0.0542994 -0.00301052
      vertex -0.0476896 -0.0542994 -0.0012571
      vertex -0.0442754 -0.0542994 -0.00285611
    endloop
  endfacet
  facet normal 0 -1 0
    outer loop
      vertex -0.0387126 -0.0542994 -0.00497162
      vertex -0.0476896 -0.0542994 -0.0012571
      vertex -0.0438837 -0.0542994 -0.00301052
    endloop
  endfacet
  facet normal 0 -1 0
    outer loop
      vertex -0.0438837 -0.0542994 -0.00301052
      vertex -0.0442754 -0.0542994 -0.00285611
      vertex -0.044079 -0.0542994 -0.00293649
    endloop
  endfacet
  facet normal 0 -1 0
    outer loop
      vertex -0.0476896 -0.0542994 -0.0012571
      vertex -0.0387126 -0.0542994 -0.00497162
      vertex 0.0476896 -0.0542994 -0.0012571
    endloop
  endfacet
  facet normal 0 -1 0
    outer loop
      vertex 0.0476896 -0.0542994 -0.0012571
      vertex 0.0438837 -0.0542994 -0.00301052
      vertex 0.0442754 -0.0542994 -0.00285611
    endloop
  endfacet
  facet normal 0 -1 0
    outer loop
      vertex 0.0442754 -0.0542994 -0.00285611
      vertex 0.0438837 -0.0542994 -0.00301052
      vertex 0.044079 -0.0542994 -0.00293649
    endloop
  endfacet
  facet normal 0 -1 0
    outer loop
      vertex 0.0387126 -0.0542994 -0.00497162
      vertex 0.0476896 -0.0542994 -0.0012571
      vertex -0.0387126 -0.0542994 -0.00497162
    endloop
  endfacet
  facet normal 0 -1 0
    outer loop
      vertex 0.0476896 -0.0542994 -0.0012571
      vertex 0.0387126 -0.0542994 -0.00497162
      vertex 0.0438837 -0.0542994 -0.00301052
    endloop
  endfacet
  facet normal 0 -1 0
    outer loop
      vertex -0.0369595 -0.0542994 -0.0055815
      vertex 0.0387126 -0.0542994 -0.00497162
      vertex -0.0387126 -0.0542994 -0.00497162
    endloop
  endfacet
  facet normal 0 -1 0
    outer loop
      vertex -0.0369595 -0.0542994 -0.0055815
      vertex 0.0369595 -0.0542994 -0.0055815
      vertex 0.0387126 -0.0542994 -0.00497162
    endloop
  endfacet
  facet normal 0 -1 0
    outer loop
      vertex -0.0292921 -0.0542994 -0.007939
      vertex -0.0369595 -0.0542994 -0.0055815
      vertex -0.0338141 -0.0542994 -0.00667554
    endloop
  endfacet
  facet normal 0 -1 0
    outer loop
      vertex -0.026825 -0.0542994 -0.00853928
      vertex -0.0369595 -0.0542994 -0.0055815
      vertex -0.0292921 -0.0542994 -0.007939
    endloop
  endfacet
  facet normal 0 -1 0
    outer loop
      vertex -0.0292921 -0.0542994 -0.007939
      vertex -0.0338141 -0.0542994 -0.00667554
      vertex -0.0336103 -0.0542994 -0.00673973
    endloop
  endfacet
  facet normal 0 -1 0
    outer loop
      vertex -0.0369595 -0.0542994 -0.0055815
      vertex -0.026825 -0.0542994 -0.00853928
      vertex 0.0369595 -0.0542994 -0.0055815
    endloop
  endfacet
  facet normal 0 -1 0
    outer loop
      vertex -0.0292921 -0.0542994 -0.007939
      vertex -0.0336103 -0.0542994 -0.00673973
      vertex -0.0331024 -0.0542994 -0.00689969
    endloop
  endfacet
  facet normal 0 -1 0
    outer loop
      vertex 0.0369595 -0.0542994 -0.0055815
      vertex 0.0292921 -0.0542994 -0.007939
      vertex 0.0338141 -0.0542994 -0.00667554
    endloop
  endfacet
  facet normal 0 -1 0
    outer loop
      vertex 0.0338141 -0.0542994 -0.00667554
      vertex 0.0292921 -0.0542994 -0.007939
      vertex 0.0336103 -0.0542994 -0.00673973
    endloop
  endfacet
  facet normal 0 -1 0
    outer loop
      vertex 0.0336103 -0.0542994 -0.00673973
      vertex 0.0292921 -0.0542994 -0.007939
      vertex 0.0331024 -0.0542994 -0.00689969
    endloop
  endfacet
  facet normal 0 -1 0
    outer loop
      vertex 0.026825 -0.0542994 -0.00853928
      vertex 0.0369595 -0.0542994 -0.0055815
      vertex -0.026825 -0.0542994 -0.00853928
    endloop
  endfacet
  facet normal 0 -1 0
    outer loop
      vertex 0.0369595 -0.0542994 -0.0055815
      vertex 0.026825 -0.0542994 -0.00853928
      vertex 0.0292921 -0.0542994 -0.007939
    endloop
  endfacet
  facet normal 0 -1 0
    outer loop
      vertex -0.0250729 -0.0542994 -0.00896536
      vertex 0.026825 -0.0542994 -0.00853928
      vertex -0.026825 -0.0542994 -0.00853928
    endloop
  endfacet
  facet normal 0 -1 0
    outer loop
      vertex -0.0250729 -0.0542994 -0.00896536
      vertex 0.0250729 -0.0542994 -0.00896536
      vertex 0.026825 -0.0542994 -0.00853928
    endloop
  endfacet
  facet normal 0 -1 0
    outer loop
      vertex -0.0222161 -0.0542994 -0.00957337
      vertex 0.0250729 -0.0542994 -0.00896536
      vertex -0.0250729 -0.0542994 -0.00896536
    endloop
  endfacet
  facet normal 0 -1 0
    outer loop
      vertex -0.0222161 -0.0542994 -0.00957337
      vertex 0.0222161 -0.0542994 -0.00957337
      vertex 0.0250729 -0.0542994 -0.00896536
    endloop
  endfacet
  facet normal 0 -1 0
    outer loop
      vertex -0.0132039 -0.0542994 -0.0110164
      vertex -0.0222161 -0.0542994 -0.00957337
      vertex -0.0210958 -0.0542994 -0.00981178
    endloop
  endfacet
  facet normal 0 -1 0
    outer loop
      vertex -0.0222161 -0.0542994 -0.00957337
      vertex -0.0132039 -0.0542994 -0.0110164
      vertex 0.0222161 -0.0542994 -0.00957337
    endloop
  endfacet
  facet normal 0 -1 0
    outer loop
      vertex -0.0132039 -0.0542994 -0.0110164
      vertex -0.0210958 -0.0542994 -0.00981178
      vertex -0.0173631 -0.0542994 -0.0104896
    endloop
  endfacet
  facet normal 0 -1 0
    outer loop
      vertex 0.0132039 -0.0542994 -0.0110164
      vertex 0.0222161 -0.0542994 -0.00957337
      vertex -0.0132039 -0.0542994 -0.0110164
    endloop
  endfacet
  facet normal 0 -1 0
    outer loop
      vertex -0.0170762 -0.0542994 -0.0105341
      vertex -0.0173631 -0.0542994 -0.0104896
      vertex -0.0173124 -0.0542994 -0.0104988
    endloop
  endfacet
  facet normal 0 -1 0
    outer loop
      vertex -0.0132039 -0.0542994 -0.0110164
      vertex -0.0173631 -0.0542994 -0.0104896
      vertex -0.0170762 -0.0542994 -0.0105341
    endloop
  endfacet
  facet normal 0 -1 0
    outer loop
      vertex 0.0222161 -0.0542994 -0.00957337
      vertex 0.0132039 -0.0542994 -0.0110164
      vertex 0.0210958 -0.0542994 -0.00981178
    endloop
  endfacet
  facet normal 0 -1 0
    outer loop
      vertex 0.0173631 -0.0542994 -0.0104896
      vertex 0.0170762 -0.0542994 -0.0105341
      vertex 0.0173124 -0.0542994 -0.0104988
    endloop
  endfacet
  facet normal 0 -1 0
    outer loop
      vertex -0.0132039 -0.0542994 -0.0110164
      vertex -0.0170762 -0.0542994 -0.0105341
      vertex -0.0136803 -0.0542994 -0.0109688
    endloop
  endfacet
  facet normal 0 -1 0
    outer loop
      vertex 0.0210958 -0.0542994 -0.00981178
      vertex 0.0132039 -0.0542994 -0.0110164
      vertex 0.0173631 -0.0542994 -0.0104896
    endloop
  endfacet
  facet normal 0 -1 0
    outer loop
      vertex 0.0173631 -0.0542994 -0.0104896
      vertex 0.0132039 -0.0542994 -0.0110164
      vertex 0.0170762 -0.0542994 -0.0105341
    endloop
  endfacet
  facet normal 0 -1 0
    outer loop
      vertex 0.0170762 -0.0542994 -0.0105341
      vertex 0.0132039 -0.0542994 -0.0110164
      vertex 0.0136803 -0.0542994 -0.0109688
    endloop
  endfacet
  facet normal 0 -1 0
    outer loop
      vertex -0.0101642 -0.0542994 -0.0113206
      vertex 0.0132039 -0.0542994 -0.0110164
      vertex -0.0132039 -0.0542994 -0.0110164
    endloop
  endfacet
  facet normal 0 -1 0
    outer loop
      vertex -0.0101642 -0.0542994 -0.0113206
      vertex 0.0101642 -0.0542994 -0.0113206
      vertex 0.0132039 -0.0542994 -0.0110164
    endloop
  endfacet
  facet normal 0 -1 0
    outer loop
      vertex -0.00766252 -0.0542994 -0.0115002
      vertex 0.0101642 -0.0542994 -0.0113206
      vertex -0.0101642 -0.0542994 -0.0113206
    endloop
  endfacet
  facet normal 0 -1 0
    outer loop
      vertex -0.00766252 -0.0542994 -0.0115002
      vertex 0.00766252 -0.0542994 -0.0115002
      vertex 0.0101642 -0.0542994 -0.0113206
    endloop
  endfacet
  facet normal 0 -1 0
    outer loop
      vertex -0.00569181 -0.0542994 -0.0116119
      vertex -0.00766252 -0.0542994 -0.0115002
      vertex -0.00673095 -0.0542994 -0.0115671
    endloop
  endfacet
  facet normal 0 -1 0
    outer loop
      vertex -0.00766252 -0.0542994 -0.0115002
      vertex -0.00569181 -0.0542994 -0.0116119
      vertex 0.00766252 -0.0542994 -0.0115002
    endloop
  endfacet
  facet normal 0 -1 0
    outer loop
      vertex 0.00569181 -0.0542994 -0.0116119
      vertex 0.00766252 -0.0542994 -0.0115002
      vertex -0.00569181 -0.0542994 -0.0116119
    endloop
  endfacet
  facet normal 0 -1 0
    outer loop
      vertex 0.00766252 -0.0542994 -0.0115002
      vertex 0.00569181 -0.0542994 -0.0116119
      vertex 0.00673095 -0.0542994 -0.0115671
    endloop
  endfacet
  facet normal 0 -1 0
    outer loop
      vertex -0.00335206 -0.0542994 -0.0117128
      vertex 0.00569181 -0.0542994 -0.0116119
      vertex -0.00569181 -0.0542994 -0.0116119
    endloop
  endfacet
  facet normal 0 -1 0
    outer loop
      vertex -0.0011578 -0.0542994 -0.0117444
      vertex 0.00569181 -0.0542994 -0.0116119
      vertex -0.00335206 -0.0542994 -0.0117128
    endloop
  endfacet
  facet normal 0 -1 0
    outer loop
      vertex 0.00569181 -0.0542994 -0.0116119
      vertex -0.0011578 -0.0542994 -0.0117444
      vertex 0.00335206 -0.0542994 -0.0117128
    endloop
  endfacet
  facet normal 0 -1 0
    outer loop
      vertex -0.0011578 -0.0542994 -0.0117444
      vertex 0.0011578 -0.0542994 -0.0117444
      vertex 0.00335206 -0.0542994 -0.0117128
    endloop
  endfacet
  facet normal -0 -1 0
    outer loop
      vertex 0.0011578 -0.0542994 -0.0117444
      vertex -0.0011578 -0.0542994 -0.0117444
      vertex 0 -0.0542994 -0.011761
    endloop
  endfacet
endsolid OpenSCAD_Model
