solid OpenSCAD_Model
  facet normal -0.155027 0.201187 -0.967208
    outer loop
      vertex -0.0166521 0.0199947 -0.0220719
      vertex -0.0212965 0.0255718 -0.0201674
      vertex -0.0196381 0.0268497 -0.0201674
    endloop
  endfacet
  facet normal 0.459484 0.166511 -0.872438
    outer loop
      vertex 0.0509996 0.0186435 -0.0117245
      vertex 0.0505514 0.0198803 -0.0117245
      vertex 0.0509996 0.0200566 -0.0114548
    endloop
  endfacet
  facet normal 0.0351635 0.374353 -0.926619
    outer loop
      vertex 0.00508404 0.039978 -0.0178023
      vertex 0.00298595 0.0471506 -0.0149842
      vertex 0.00596046 0.0468712 -0.0149842
    endloop
  endfacet
  facet normal 0.383257 0.385965 -0.839134
    outer loop
      vertex 0.0444393 0.0414524 -0.00803665
      vertex 0.0417309 0.0441418 -0.00803665
      vertex 0.0460796 0.0487413 -0.0039349
    endloop
  endfacet
  facet normal -0.235481 0.208921 -0.949158
    outer loop
      vertex -0.0257435 0.0211544 -0.0201674
      vertex -0.0312567 0.0256853 -0.0178023
      vertex -0.0243559 0.0227184 -0.0201674
    endloop
  endfacet
  facet normal -0.309113 0.211473 -0.927215
    outer loop
      vertex -0.0342512 0.0215912 -0.0178023
      vertex -0.0401573 0.0253143 -0.0149842
      vertex -0.0384779 0.0277691 -0.0149842
    endloop
  endfacet
  facet normal -0.0875294 0.303365 -0.948846
    outer loop
      vertex -0.0103245 0.0315638 -0.0201674
      vertex -0.0125351 0.0383234 -0.0178023
      vertex -0.00830841 0.0321455 -0.0201674
    endloop
  endfacet
  facet normal 0.426786 0.0679878 -0.901794
    outer loop
      vertex 0.0509996 0.0063991 -0.0131437
      vertex 0.0471869 0.00592041 -0.0149842
      vertex 0.0509996 0.00849482 -0.0129857
    endloop
  endfacet
  facet normal -0.159752 0.271966 -0.948954
    outer loop
      vertex -0.0179024 0.0280218 -0.0201674
      vertex -0.0217361 0.0340223 -0.0178023
      vertex -0.0195427 0.0353107 -0.0178023
    endloop
  endfacet
  facet normal -0.0406664 0.432517 -0.900708
    outer loop
      vertex -0.00596046 0.0468712 -0.0149842
      vertex -0.00652387 0.0512991 -0.0128325
      vertex -0.00435551 0.0512991 -0.0129304
    endloop
  endfacet
  facet normal -0.434998 0.223133 -0.872347
    outer loop
      vertex -0.0509996 0.0259124 -0.0100778
      vertex -0.0491943 0.022994 -0.0117245
      vertex -0.0509996 0.023838 -0.0106084
    endloop
  endfacet
  facet normal -0.435015 0.223119 -0.872341
    outer loop
      vertex -0.0491943 0.022994 -0.0117245
      vertex -0.0509996 0.0259124 -0.0100778
      vertex -0.0476437 0.0260172 -0.0117245
    endloop
  endfacet
  facet normal 0.12598 0.0200821 -0.99183
    outer loop
      vertex 0.0185862 0.00233173 -0.0235062
      vertex 0.0110703 0.00209713 -0.0244656
      vertex 0.0184021 0.00348663 -0.0235062
    endloop
  endfacet
  facet normal -0.396415 0.172777 -0.901667
    outer loop
      vertex -0.0442219 0.0173912 -0.0149842
      vertex -0.0505514 0.0198803 -0.0117245
      vertex -0.0491943 0.022994 -0.0117245
    endloop
  endfacet
  facet normal -0.32385 0.287562 -0.901349
    outer loop
      vertex -0.0346708 0.03234 -0.0149842
      vertex -0.0418921 0.0344248 -0.0117245
      vertex -0.0396328 0.0369692 -0.0117245
    endloop
  endfacet
  facet normal -0.0645634 0.180525 -0.981449
    outer loop
      vertex -0.0057888 0.0176983 -0.0235062
      vertex -0.00961685 0.024127 -0.0220719
      vertex -0.00807285 0.0246792 -0.0220719
    endloop
  endfacet
  facet normal -0.0684632 0.308301 -0.948822
    outer loop
      vertex -0.00830841 0.0321455 -0.0201674
      vertex -0.010088 0.0390291 -0.0178023
      vertex -0.00625992 0.0326004 -0.0201674
    endloop
  endfacet
  facet normal -0.357213 0.24438 -0.901486
    outer loop
      vertex -0.0401573 0.0253143 -0.0149842
      vertex -0.0459051 0.0289373 -0.0117245
      vertex -0.0384779 0.0277691 -0.0149842
    endloop
  endfacet
  facet normal 0.0178426 0.191012 -0.981426
    outer loop
      vertex 0.00327396 0.0257454 -0.0220719
      vertex 0.00117588 0.0185719 -0.0235062
      vertex 0.00164032 0.025898 -0.0220719
    endloop
  endfacet
  facet normal -0.321718 0.191478 -0.927272
    outer loop
      vertex -0.0355482 0.019412 -0.0178023
      vertex -0.0416784 0.0227594 -0.0149842
      vertex -0.0342512 0.0215912 -0.0178023
    endloop
  endfacet
  facet normal -0.0568756 0.029346 -0.99795
    outer loop
      vertex -0.00340366 0.00159073 -0.0249463
      vertex -0.00987625 0.00539303 -0.0244656
      vertex -0.0032959 0.00179958 -0.0249463
    endloop
  endfacet
  facet normal 0.117072 0.0509908 -0.991814
    outer loop
      vertex 0.0174179 0.00685024 -0.0235062
      vertex 0.0101976 0.00476646 -0.0244656
      vertex 0.0169506 0.00792313 -0.0235062
    endloop
  endfacet
  facet normal 0.434998 0.223133 -0.872347
    outer loop
      vertex 0.0491943 0.022994 -0.0117245
      vertex 0.0509996 0.0259124 -0.0100778
      vertex 0.0509996 0.023838 -0.0106084
    endloop
  endfacet
  facet normal 0.435015 0.223119 -0.872341
    outer loop
      vertex 0.0509996 0.0259124 -0.0100778
      vertex 0.0491943 0.022994 -0.0117245
      vertex 0.0476437 0.0260172 -0.0117245
    endloop
  endfacet
  facet normal -0.12651 0.353831 -0.926714
    outer loop
      vertex -0.0149336 0.037466 -0.0178023
      vertex -0.0175085 0.0439262 -0.0149842
      vertex -0.0146971 0.0449314 -0.0149842
    endloop
  endfacet
  facet normal -0.029019 0.0573397 -0.997933
    outer loop
      vertex -0.00160122 0.00338078 -0.0249463
      vertex -0.00542927 0.00980949 -0.0244656
      vertex -0.00479794 0.010129 -0.0244656
    endloop
  endfacet
  facet normal 0.392769 0.448449 -0.802886
    outer loop
      vertex 0.0460796 0.0487413 -0.0039349
      vertex 0.0431592 0.0512991 -0.0039349
      vertex 0.0484974 0.0512991 -0.00132347
    endloop
  endfacet
  facet normal 0.113658 0.0582919 -0.991808
    outer loop
      vertex 0.0101976 0.00476646 -0.0244656
      vertex 0.00987625 0.00539303 -0.0244656
      vertex 0.0164165 0.00896454 -0.0235062
    endloop
  endfacet
  facet normal -0.341232 0.26644 -0.901427
    outer loop
      vertex -0.0384779 0.0277691 -0.0149842
      vertex -0.0418921 0.0344248 -0.0117245
      vertex -0.0366468 0.0301142 -0.0149842
    endloop
  endfacet
  facet normal -0.406461 0.147294 -0.901717
    outer loop
      vertex -0.0509996 0.0186435 -0.0117245
      vertex -0.0442219 0.0173912 -0.0149842
      vertex -0.0509996 0.0167549 -0.012033
    endloop
  endfacet
  facet normal -0.406461 0.147296 -0.901717
    outer loop
      vertex -0.0442219 0.0173912 -0.0149842
      vertex -0.0509996 0.0186435 -0.0117245
      vertex -0.0505514 0.0198803 -0.0117245
    endloop
  endfacet
  facet normal -0.459484 0.166511 -0.872438
    outer loop
      vertex -0.0505514 0.0198803 -0.0117245
      vertex -0.0509996 0.0186435 -0.0117245
      vertex -0.0509996 0.0200566 -0.0114548
    endloop
  endfacet
  facet normal -0.305372 0.307319 -0.901278
    outer loop
      vertex -0.0346708 0.03234 -0.0149842
      vertex -0.0396328 0.0369692 -0.0117245
      vertex -0.0372181 0.0393686 -0.0117245
    endloop
  endfacet
  facet normal -0.448531 0.306855 -0.83944
    outer loop
      vertex -0.0493193 0.035593 -0.00803665
      vertex -0.0509996 0.0331369 -0.00803665
      vertex -0.0509996 0.0368057 -0.00669553
    endloop
  endfacet
  facet normal -0.304644 0.451172 -0.83883
    outer loop
      vertex -0.0358324 0.0489893 -0.00803665
      vertex -0.0375217 0.0512991 -0.00618079
      vertex -0.0359056 0.0512991 -0.00676772
    endloop
  endfacet
  facet normal 0.18977 0.0180395 -0.981663
    outer loop
      vertex 0.0186968 0.00116825 -0.0235062
      vertex 0.0185862 0.00233173 -0.0235062
      vertex 0.0260725 0.00162888 -0.0220719
    endloop
  endfacet
  facet normal -0.157585 0.107953 -0.981587
    outer loop
      vertex -0.0151558 0.0109377 -0.0235062
      vertex -0.0220575 0.0139046 -0.0220719
      vertex -0.0211344 0.0152521 -0.0220719
    endloop
  endfacet
  facet normal -0.27018 0.160928 -0.949265
    outer loop
      vertex -0.0292788 0.0159883 -0.0201674
      vertex -0.0342512 0.0215912 -0.0178023
      vertex -0.0282097 0.0177832 -0.0201674
    endloop
  endfacet
  facet normal -0.192371 0.24965 -0.949035
    outer loop
      vertex -0.0212965 0.0255718 -0.0201674
      vertex -0.0258579 0.0310478 -0.0178023
      vertex -0.0196381 0.0268497 -0.0201674
    endloop
  endfacet
  facet normal -0.113658 0.0582919 -0.991808
    outer loop
      vertex -0.0101976 0.00476646 -0.0244656
      vertex -0.0164165 0.00896454 -0.0235062
      vertex -0.00987625 0.00539303 -0.0244656
    endloop
  endfacet
  facet normal -0.270261 0.160852 -0.949255
    outer loop
      vertex -0.0292788 0.0159883 -0.0201674
      vertex -0.0355482 0.019412 -0.0178023
      vertex -0.0342512 0.0215912 -0.0178023
    endloop
  endfacet
  facet normal 0.301503 0.0882006 -0.949377
    outer loop
      vertex 0.032362 0.0082531 -0.0201674
      vertex 0.0317764 0.0102549 -0.0201674
      vertex 0.0392923 0.0100203 -0.0178023
    endloop
  endfacet
  facet normal 0.237979 0.0862834 -0.96743
    outer loop
      vertex 0.0248451 0.00801849 -0.0220719
      vertex 0.0242891 0.009552 -0.0220719
      vertex 0.0317764 0.0102549 -0.0201674
    endloop
  endfacet
  facet normal -0.295368 0.107114 -0.94936
    outer loop
      vertex -0.0317764 0.0102549 -0.0201674
      vertex -0.0377178 0.0148335 -0.0178023
      vertex -0.031065 0.0122166 -0.0201674
    endloop
  endfacet
  facet normal 0.0648717 0.110544 -0.991752
    outer loop
      vertex 0.00603867 0.00945187 -0.0244656
      vertex 0.00542927 0.00980949 -0.0244656
      vertex 0.00902462 0.0163069 -0.0235062
    endloop
  endfacet
  facet normal 0.322718 0.368474 -0.871826
    outer loop
      vertex 0.0417309 0.0441418 -0.00803665
      vertex 0.0372181 0.0393686 -0.0117245
      vertex 0.0388584 0.0466576 -0.00803665
    endloop
  endfacet
  facet normal -0.332188 0.431102 -0.838929
    outer loop
      vertex -0.0388584 0.0466576 -0.00803665
      vertex -0.0422917 0.0512991 -0.00429204
      vertex -0.0358324 0.0489893 -0.00803665
    endloop
  endfacet
  facet normal -0.332235 0.431067 -0.838929
    outer loop
      vertex -0.0422917 0.0512991 -0.00429204
      vertex -0.0388584 0.0466576 -0.00803665
      vertex -0.0427242 0.0512991 -0.00412076
    endloop
  endfacet
  facet normal -0.210012 0.311061 -0.926896
    outer loop
      vertex -0.0238438 0.0325994 -0.0178023
      vertex -0.027956 0.0382204 -0.0149842
      vertex -0.0254841 0.0398893 -0.0149842
    endloop
  endfacet
  facet normal -0.190143 0.323704 -0.926856
    outer loop
      vertex -0.0217361 0.0340223 -0.0178023
      vertex -0.022913 0.0414 -0.0149842
      vertex -0.0195427 0.0353107 -0.0178023
    endloop
  endfacet
  facet normal 0.124475 0.0280075 -0.991827
    outer loop
      vertex 0.0110703 0.00209713 -0.0244656
      vertex 0.0109158 0.00278378 -0.0244656
      vertex 0.0181456 0.00462723 -0.0235062
    endloop
  endfacet
  facet normal 0.421585 0.0949637 -0.901802
    outer loop
      vertex 0.0460672 0.0117483 -0.0149842
      vertex 0.0509996 0.0121504 -0.012636
      vertex 0.0467196 0.00885201 -0.0149842
    endloop
  endfacet
  facet normal 0.421582 0.0949929 -0.901801
    outer loop
      vertex 0.0509996 0.0121504 -0.012636
      vertex 0.0460672 0.0117483 -0.0149842
      vertex 0.0509996 0.0130067 -0.0125458
    endloop
  endfacet
  facet normal 0.0252554 0.0591059 -0.997932
    outer loop
      vertex 0.00160122 0.00338078 -0.0249463
      vertex 0.00138474 0.00347328 -0.0249463
      vertex 0.00414848 0.0104084 -0.0244656
    endloop
  endfacet
  facet normal -0.414855 0.121298 -0.901766
    outer loop
      vertex -0.0452337 0.0145988 -0.0149842
      vertex -0.0509996 0.0136919 -0.0124536
      vertex -0.0509996 0.0164597 -0.0120813
    endloop
  endfacet
  facet normal -0.333076 0.170814 -0.927299
    outer loop
      vertex -0.036706 0.0171566 -0.0178023
      vertex -0.0430346 0.0201149 -0.0149842
      vertex -0.0416784 0.0227594 -0.0149842
    endloop
  endfacet
  facet normal -0.343051 0.149412 -0.927358
    outer loop
      vertex -0.0377178 0.0148335 -0.0178023
      vertex -0.0442219 0.0173912 -0.0149842
      vertex -0.036706 0.0171566 -0.0178023
    endloop
  endfacet
  facet normal -0.414843 0.121341 -0.901766
    outer loop
      vertex -0.0509996 0.0136919 -0.0124536
      vertex -0.0460672 0.0117483 -0.0149842
      vertex -0.0509996 0.0130067 -0.0125458
    endloop
  endfacet
  facet normal -0.414856 0.121306 -0.901765
    outer loop
      vertex -0.0460672 0.0117483 -0.0149842
      vertex -0.0509996 0.0136919 -0.0124536
      vertex -0.0452337 0.0145988 -0.0149842
    endloop
  endfacet
  facet normal -0.420166 0.250163 -0.872284
    outer loop
      vertex -0.0509996 0.031654 -0.00849143
      vertex -0.0459051 0.0289373 -0.0117245
      vertex -0.0476437 0.0260172 -0.0117245
    endloop
  endfacet
  facet normal -0.420155 0.250183 -0.872283
    outer loop
      vertex -0.0459051 0.0289373 -0.0117245
      vertex -0.0509996 0.031654 -0.00849143
      vertex -0.0509996 0.0321492 -0.0083494
    endloop
  endfacet
  facet normal -0.221923 0.22346 -0.949113
    outer loop
      vertex -0.0243559 0.0227184 -0.0201674
      vertex -0.0295715 0.0275841 -0.0178023
      vertex -0.0277691 0.0293741 -0.0178023
    endloop
  endfacet
  facet normal -0.345089 0.347289 -0.871954
    outer loop
      vertex -0.0396328 0.0369692 -0.0117245
      vertex -0.0444393 0.0414524 -0.00803665
      vertex -0.0372181 0.0393686 -0.0117245
    endloop
  endfacet
  facet normal -0.34502 0.347457 -0.871914
    outer loop
      vertex -0.0372181 0.0393686 -0.0117245
      vertex -0.0444393 0.0414524 -0.00803665
      vertex -0.0417309 0.0441418 -0.00803665
    endloop
  endfacet
  facet normal -0.365976 0.324968 -0.872042
    outer loop
      vertex -0.0418921 0.0344248 -0.0117245
      vertex -0.0444393 0.0414524 -0.00803665
      vertex -0.0396328 0.0369692 -0.0117245
    endloop
  endfacet
  facet normal 0.249859 0.0398117 -0.967463
    outer loop
      vertex 0.025918 0.00325203 -0.0220719
      vertex 0.0256615 0.00486183 -0.0220719
      vertex 0.0328197 0.00621796 -0.0201674
    endloop
  endfacet
  facet normal -0.299039 0.388082 -0.871762
    outer loop
      vertex -0.0319567 0.0436916 -0.0117245
      vertex -0.0388584 0.0466576 -0.00803665
      vertex -0.0358324 0.0489893 -0.00803665
    endloop
  endfacet
  facet normal -0.192348 0.249682 -0.949032
    outer loop
      vertex -0.0196381 0.0268497 -0.0201674
      vertex -0.0258579 0.0310478 -0.0178023
      vertex -0.0238438 0.0325994 -0.0178023
    endloop
  endfacet
  facet normal -0.189772 0.0180635 -0.981662
    outer loop
      vertex -0.0185862 0.00233173 -0.0235062
      vertex -0.0260725 0.00162888 -0.0220719
      vertex -0.025918 0.00325203 -0.0220719
    endloop
  endfacet
  facet normal -0.157622 0.107869 -0.98159
    outer loop
      vertex -0.0158176 0.00997066 -0.0235062
      vertex -0.0220575 0.0139046 -0.0220719
      vertex -0.0151558 0.0109377 -0.0235062
    endloop
  endfacet
  facet normal -0.128675 0.219166 -0.967165
    outer loop
      vertex -0.013998 0.0219097 -0.0220719
      vertex -0.0179024 0.0280218 -0.0201674
      vertex -0.0160961 0.0290823 -0.0201674
    endloop
  endfacet
  facet normal -0.0138822 0.0628128 -0.997929
    outer loop
      vertex -0.000704765 0.00366974 -0.0249463
      vertex -0.0028019 0.0108433 -0.0244656
      vertex -0.00211143 0.0109959 -0.0244656
    endloop
  endfacet
  facet normal 0.0705418 0.244457 -0.967091
    outer loop
      vertex 0.00807285 0.0246792 -0.0220719
      vertex 0.00649643 0.0251341 -0.0220719
      vertex 0.0103245 0.0315638 -0.0201674
    endloop
  endfacet
  facet normal -0.00397129 0.128319 -0.991725
    outer loop
      vertex 0 0.0111942 -0.0244656
      vertex -0.000707626 0.0111723 -0.0244656
      vertex 0 0.018609 -0.0235062
    endloop
  endfacet
  facet normal -0.351708 0.127438 -0.927395
    outer loop
      vertex -0.0377178 0.0148335 -0.0178023
      vertex -0.0452337 0.0145988 -0.0149842
      vertex -0.0442219 0.0173912 -0.0149842
    endloop
  endfacet
  facet normal -0.406364 0.147538 -0.901721
    outer loop
      vertex -0.0509996 0.0167549 -0.012033
      vertex -0.0452337 0.0145988 -0.0149842
      vertex -0.0509996 0.0164597 -0.0120813
    endloop
  endfacet
  facet normal -0.406461 0.147277 -0.90172
    outer loop
      vertex -0.0452337 0.0145988 -0.0149842
      vertex -0.0509996 0.0167549 -0.012033
      vertex -0.0442219 0.0173912 -0.0149842
    endloop
  endfacet
  facet normal 0.207561 0.237014 -0.949075
    outer loop
      vertex 0.0277691 0.0293741 -0.0178023
      vertex 0.0212965 0.0255718 -0.0201674
      vertex 0.0258579 0.0310478 -0.0178023
    endloop
  endfacet
  facet normal -0.24261 0.359486 -0.901061
    outer loop
      vertex -0.0254841 0.0398893 -0.0149842
      vertex -0.0319567 0.0436916 -0.0117245
      vertex -0.0291319 0.045598 -0.0117245
    endloop
  endfacet
  facet normal -0.17645 0.261295 -0.948994
    outer loop
      vertex -0.0196381 0.0268497 -0.0201674
      vertex -0.0238438 0.0325994 -0.0178023
      vertex -0.0179024 0.0280218 -0.0201674
    endloop
  endfacet
  facet normal -0.228969 0.297219 -0.926949
    outer loop
      vertex -0.0258579 0.0310478 -0.0178023
      vertex -0.027956 0.0382204 -0.0149842
      vertex -0.0238438 0.0325994 -0.0178023
    endloop
  endfacet
  facet normal -0.0674267 0.429121 -0.900727
    outer loop
      vertex -0.00596046 0.0468712 -0.0149842
      vertex -0.00898987 0.0512991 -0.0126479
      vertex -0.00652387 0.0512991 -0.0128325
    endloop
  endfacet
  facet normal -0.00199071 0.0643233 -0.997927
    outer loop
      vertex 0 0.0037365 -0.0249463
      vertex -0.000707626 0.0111723 -0.0244656
      vertex 0 0.0111942 -0.0244656
    endloop
  endfacet
  facet normal -0.00208322 0.0643145 -0.997928
    outer loop
      vertex -0.000235558 0.00372887 -0.0249463
      vertex -0.000707626 0.0111723 -0.0244656
      vertex 0 0.0037365 -0.0249463
    endloop
  endfacet
  facet normal 0.186028 0.0418342 -0.981653
    outer loop
      vertex 0.0184021 0.00348663 -0.0235062
      vertex 0.0181456 0.00462723 -0.0235062
      vertex 0.0253038 0.00645256 -0.0220719
    endloop
  endfacet
  facet normal 0.179308 0.0651057 -0.981636
    outer loop
      vertex 0.0178175 0.0057497 -0.0235062
      vertex 0.0174179 0.00685024 -0.0235062
      vertex 0.0242891 0.009552 -0.0220719
    endloop
  endfacet
  facet normal 0.312572 0.029733 -0.949429
    outer loop
      vertex 0.0333452 0.00208378 -0.0201674
      vertex 0.0331478 0.00415897 -0.0201674
      vertex 0.040247 0.00504971 -0.0178023
    endloop
  endfacet
  facet normal 0.246882 0.0555152 -0.967454
    outer loop
      vertex 0.0256615 0.00486183 -0.0220719
      vertex 0.0253038 0.00645256 -0.0220719
      vertex 0.0328197 0.00621796 -0.0201674
    endloop
  endfacet
  facet normal 0.313819 0.00990953 -0.949431
    outer loop
      vertex 0.033411 0 -0.0201674
      vertex 0.0333452 0.00208378 -0.0201674
      vertex 0.0405664 0 -0.0178023
    endloop
  endfacet
  facet normal -0.0584471 0.371398 -0.926632
    outer loop
      vertex -0.00508404 0.039978 -0.0178023
      vertex -0.00891209 0.0464067 -0.0149842
      vertex -0.00596046 0.0468712 -0.0149842
    endloop
  endfacet
  facet normal 0.0406664 0.432517 -0.900708
    outer loop
      vertex 0.00596046 0.0468712 -0.0149842
      vertex 0.00435551 0.0512991 -0.0129304
      vertex 0.00652387 0.0512991 -0.0128325
    endloop
  endfacet
  facet normal -0.0551858 0.248425 -0.967078
    outer loop
      vertex -0.00649643 0.0251341 -0.0220719
      vertex -0.00830841 0.0321455 -0.0201674
      vertex -0.00489521 0.0254898 -0.0220719
    endloop
  endfacet
  facet normal -0.221376 0.437467 -0.871559
    outer loop
      vertex -0.0231485 0.0488653 -0.0117245
      vertex -0.0260668 0.0512991 -0.00976164
      vertex -0.0243016 0.0512991 -0.01021
    endloop
  endfacet
  facet normal -0.221348 0.437494 -0.871552
    outer loop
      vertex -0.0260668 0.0512991 -0.00976164
      vertex -0.0231485 0.0488653 -0.0117245
      vertex -0.0261927 0.0473251 -0.0117245
    endloop
  endfacet
  facet normal -0.304596 0.451188 -0.838839
    outer loop
      vertex -0.0358324 0.0489893 -0.00803665
      vertex -0.0327749 0.0512991 -0.0079045
      vertex -0.0326653 0.0511274 -0.00803665
    endloop
  endfacet
  facet normal -0.304591 0.451181 -0.838844
    outer loop
      vertex -0.0327749 0.0512991 -0.0079045
      vertex -0.0358324 0.0489893 -0.00803665
      vertex -0.0359056 0.0512991 -0.00676772
    endloop
  endfacet
  facet normal -0.430174 0.0410731 -0.901811
    outer loop
      vertex -0.0471869 0.00592041 -0.0149842
      vertex -0.0509996 0.00455697 -0.0132276
      vertex -0.0509996 0.0063991 -0.0131437
    endloop
  endfacet
  facet normal -0.448061 0.195286 -0.872413
    outer loop
      vertex -0.0509996 0.0204544 -0.0113658
      vertex -0.0491943 0.022994 -0.0117245
      vertex -0.0505514 0.0198803 -0.0117245
    endloop
  endfacet
  facet normal -0.448059 0.195285 -0.872414
    outer loop
      vertex -0.0491943 0.022994 -0.0117245
      vertex -0.0509996 0.0204544 -0.0113658
      vertex -0.0509996 0.023838 -0.0106084
    endloop
  endfacet
  facet normal -0.448173 0.195178 -0.87238
    outer loop
      vertex -0.0505514 0.0198803 -0.0117245
      vertex -0.0509996 0.0200566 -0.0114548
      vertex -0.0509996 0.0204544 -0.0113658
    endloop
  endfacet
  facet normal -0.38569 0.301053 -0.87213
    outer loop
      vertex -0.0439854 0.031743 -0.0117245
      vertex -0.0493193 0.035593 -0.00803665
      vertex -0.0418921 0.0344248 -0.0117245
    endloop
  endfacet
  facet normal -0.371765 0.221346 -0.901552
    outer loop
      vertex -0.0416784 0.0227594 -0.0149842
      vertex -0.0476437 0.0260172 -0.0117245
      vertex -0.0459051 0.0289373 -0.0117245
    endloop
  endfacet
  facet normal -0.383257 0.385965 -0.839134
    outer loop
      vertex -0.0444393 0.0414524 -0.00803665
      vertex -0.0460796 0.0487413 -0.0039349
      vertex -0.0417309 0.0441418 -0.00803665
    endloop
  endfacet
  facet normal -0.383339 0.385934 -0.839111
    outer loop
      vertex -0.0444393 0.0414524 -0.00803665
      vertex -0.0490694 0.0457716 -0.0039349
      vertex -0.0460796 0.0487413 -0.0039349
    endloop
  endfacet
  facet normal -0.275861 0.469462 -0.838752
    outer loop
      vertex -0.0326653 0.0511274 -0.00803665
      vertex -0.0327749 0.0512991 -0.0079045
      vertex -0.0323731 0.0512991 -0.00803665
    endloop
  endfacet
  facet normal 0.431844 0.0135992 -0.901846
    outer loop
      vertex 0.0474682 0.00296593 -0.0149842
      vertex 0.0509996 0.00173955 -0.0133117
      vertex 0.0475616 0 -0.0149842
    endloop
  endfacet
  facet normal 0.431858 0.0136494 -0.901838
    outer loop
      vertex 0.0509996 0.00173955 -0.0133117
      vertex 0.0474682 0.00296593 -0.0149842
      vertex 0.0509996 0.00318652 -0.0132898
    endloop
  endfacet
  facet normal 0.406364 0.147538 -0.901721
    outer loop
      vertex 0.0452337 0.0145988 -0.0149842
      vertex 0.0509996 0.0167549 -0.012033
      vertex 0.0509996 0.0164597 -0.0120813
    endloop
  endfacet
  facet normal 0.406461 0.147277 -0.90172
    outer loop
      vertex 0.0509996 0.0167549 -0.012033
      vertex 0.0452337 0.0145988 -0.0149842
      vertex 0.0442219 0.0173912 -0.0149842
    endloop
  endfacet
  facet normal 0.358996 0.104972 -0.927417
    outer loop
      vertex 0.0460672 0.0117483 -0.0149842
      vertex 0.0392923 0.0100203 -0.0178023
      vertex 0.0452337 0.0145988 -0.0149842
    endloop
  endfacet
  facet normal 0.0395777 0.251436 -0.967064
    outer loop
      vertex 0.00625992 0.0326004 -0.0201674
      vertex 0.00327396 0.0257454 -0.0220719
      vertex 0.00418758 0.0329266 -0.0201674
    endloop
  endfacet
  facet normal -0.207561 0.237014 -0.949075
    outer loop
      vertex -0.0212965 0.0255718 -0.0201674
      vertex -0.0277691 0.0293741 -0.0178023
      vertex -0.0258579 0.0310478 -0.0178023
    endloop
  endfacet
  facet normal -0.126485 0.353832 -0.926717
    outer loop
      vertex -0.0125351 0.0383234 -0.0178023
      vertex -0.0149336 0.037466 -0.0178023
      vertex -0.0146971 0.0449314 -0.0149842
    endloop
  endfacet
  facet normal -0.075717 0.17609 -0.981458
    outer loop
      vertex -0.00797653 0.0168381 -0.0235062
      vertex -0.0111227 0.0234795 -0.0220719
      vertex -0.00961685 0.024127 -0.0220719
    endloop
  endfacet
  facet normal -0.167297 0.190966 -0.967235
    outer loop
      vertex -0.0178833 0.0189161 -0.0220719
      vertex -0.022871 0.0241928 -0.0201674
      vertex -0.0166521 0.0199947 -0.0220719
    endloop
  endfacet
  facet normal -0.343041 0.149536 -0.927341
    outer loop
      vertex -0.036706 0.0171566 -0.0178023
      vertex -0.0442219 0.0173912 -0.0149842
      vertex -0.0430346 0.0201149 -0.0149842
    endloop
  endfacet
  facet normal -0.279703 0.143585 -0.949289
    outer loop
      vertex -0.0292788 0.0159883 -0.0201674
      vertex -0.036706 0.0171566 -0.0178023
      vertex -0.0355482 0.019412 -0.0178023
    endloop
  endfacet
  facet normal -0.358996 0.104972 -0.927417
    outer loop
      vertex -0.0392923 0.0100203 -0.0178023
      vertex -0.0460672 0.0117483 -0.0149842
      vertex -0.0452337 0.0145988 -0.0149842
    endloop
  endfacet
  facet normal -0.188274 0.0299989 -0.981658
    outer loop
      vertex -0.0185862 0.00233173 -0.0235062
      vertex -0.025918 0.00325203 -0.0220719
      vertex -0.0256615 0.00486183 -0.0220719
    endloop
  endfacet
  facet normal -0.090223 0.0907413 -0.991779
    outer loop
      vertex -0.00821495 0.00766277 -0.0244656
      vertex -0.0136566 0.0127382 -0.0235062
      vertex -0.00771427 0.00816059 -0.0244656
    endloop
  endfacet
  facet normal -0.0100546 0.0635496 -0.997928
    outer loop
      vertex -0.000471115 0.00370693 -0.0249463
      vertex -0.00211143 0.0109959 -0.0244656
      vertex -0.00141239 0.0111065 -0.0244656
    endloop
  endfacet
  facet normal -0.225388 0.115587 -0.967388
    outer loop
      vertex -0.022893 0.0125008 -0.0220719
      vertex -0.0302315 0.0141306 -0.0201674
      vertex -0.0292788 0.0159883 -0.0201674
    endloop
  endfacet
  facet normal -0.122487 0.0358031 -0.991824
    outer loop
      vertex -0.0109158 0.00278378 -0.0244656
      vertex -0.0181456 0.00462723 -0.0235062
      vertex -0.0178175 0.0057497 -0.0235062
    endloop
  endfacet
  facet normal 0.029019 0.0573397 -0.997933
    outer loop
      vertex 0.00542927 0.00980949 -0.0244656
      vertex 0.00160122 0.00338078 -0.0249463
      vertex 0.00479794 0.010129 -0.0244656
    endloop
  endfacet
  facet normal -0.013597 0.434225 -0.900702
    outer loop
      vertex -0.00298595 0.0471506 -0.0149842
      vertex -0.00207981 0.0512991 -0.0129979
      vertex 0 0.0472441 -0.0149842
    endloop
  endfacet
  facet normal -0.013563 0.43422 -0.900705
    outer loop
      vertex -0.00207981 0.0512991 -0.0129979
      vertex -0.00298595 0.0471506 -0.0149842
      vertex -0.00324861 0.0512991 -0.0129803
    endloop
  endfacet
  facet normal -0.0684492 0.308309 -0.94882
    outer loop
      vertex -0.00625992 0.0326004 -0.0201674
      vertex -0.010088 0.0390291 -0.0178023
      vertex -0.00760078 0.0395813 -0.0178023
    endloop
  endfacet
  facet normal 0.306413 0.0689722 -0.949397
    outer loop
      vertex 0.0398483 0.00755024 -0.0178023
      vertex 0.032362 0.0082531 -0.0201674
      vertex 0.0392923 0.0100203 -0.0178023
    endloop
  endfacet
  facet normal 0.232162 0.101101 -0.967409
    outer loop
      vertex 0.031065 0.0122166 -0.0201674
      vertex 0.0236378 0.0110483 -0.0220719
      vertex 0.0302315 0.0141306 -0.0201674
    endloop
  endfacet
  facet normal 0.00605016 0.191759 -0.981423
    outer loop
      vertex 0.00117588 0.0185719 -0.0235062
      vertex 0 0.018609 -0.0235062
      vertex 0.00164032 0.025898 -0.0220719
    endloop
  endfacet
  facet normal -0.0432006 0.120799 -0.991737
    outer loop
      vertex -0.00414848 0.0104084 -0.0244656
      vertex -0.0057888 0.0176983 -0.0235062
      vertex -0.00348186 0.0106468 -0.0244656
    endloop
  endfacet
  facet normal -0.0586938 0.025491 -0.997951
    outer loop
      vertex -0.00340366 0.00159073 -0.0249463
      vertex -0.010478 0.00412083 -0.0244656
      vertex -0.0101976 0.00476646 -0.0244656
    endloop
  endfacet
  facet normal -0.396397 0.172795 -0.901672
    outer loop
      vertex -0.0442219 0.0173912 -0.0149842
      vertex -0.0491943 0.022994 -0.0117245
      vertex -0.0430346 0.0201149 -0.0149842
    endloop
  endfacet
  facet normal -0.371772 0.22134 -0.901551
    outer loop
      vertex -0.0416784 0.0227594 -0.0149842
      vertex -0.0459051 0.0289373 -0.0117245
      vertex -0.0401573 0.0253143 -0.0149842
    endloop
  endfacet
  facet normal 0.221895 0.223475 -0.949116
    outer loop
      vertex 0.0243559 0.0227184 -0.0201674
      vertex 0.022871 0.0241928 -0.0201674
      vertex 0.0277691 0.0293741 -0.0178023
    endloop
  endfacet
  facet normal -0.0135984 0.434225 -0.900702
    outer loop
      vertex 0 0.0472441 -0.0149842
      vertex -0.00207981 0.0512991 -0.0129979
      vertex 0 0.0512991 -0.0130293
    endloop
  endfacet
  facet normal -0.195915 0.387224 -0.90093
    outer loop
      vertex -0.0202503 0.0427475 -0.0149842
      vertex -0.0261927 0.0473251 -0.0117245
      vertex -0.0231485 0.0488653 -0.0117245
    endloop
  endfacet
  facet normal -0.247082 0.282143 -0.927009
    outer loop
      vertex -0.0277691 0.0293741 -0.0178023
      vertex -0.0325584 0.0344391 -0.0149842
      vertex -0.0258579 0.0310478 -0.0178023
    endloop
  endfacet
  facet normal -0.124579 0.289928 -0.948906
    outer loop
      vertex -0.014226 0.0300293 -0.0201674
      vertex -0.0149336 0.037466 -0.0178023
      vertex -0.0122995 0.0308571 -0.0201674
    endloop
  endfacet
  facet normal -0.106258 0.297248 -0.948869
    outer loop
      vertex -0.0103245 0.0315638 -0.0201674
      vertex -0.0149336 0.037466 -0.0178023
      vertex -0.0125351 0.0383234 -0.0178023
    endloop
  endfacet
  facet normal 0.183039 0.0536167 -0.981642
    outer loop
      vertex 0.0253038 0.00645256 -0.0220719
      vertex 0.0178175 0.0057497 -0.0235062
      vertex 0.0248451 0.00801849 -0.0220719
    endloop
  endfacet
  facet normal 0.0276964 0.125318 -0.99173
    outer loop
      vertex 0.0028019 0.0108433 -0.0244656
      vertex 0.00211143 0.0109959 -0.0244656
      vertex 0.00351048 0.0182791 -0.0235062
    endloop
  endfacet
  facet normal 0.18305 0.0535059 -0.981646
    outer loop
      vertex 0.0181456 0.00462723 -0.0235062
      vertex 0.0178175 0.0057497 -0.0235062
      vertex 0.0253038 0.00645256 -0.0220719
    endloop
  endfacet
  facet normal 0.122487 0.0358031 -0.991824
    outer loop
      vertex 0.0181456 0.00462723 -0.0235062
      vertex 0.0109158 0.00278378 -0.0244656
      vertex 0.0178175 0.0057497 -0.0235062
    endloop
  endfacet
  facet normal 0.306409 0.0689108 -0.949402
    outer loop
      vertex 0.0328197 0.00621796 -0.0201674
      vertex 0.032362 0.0082531 -0.0201674
      vertex 0.0398483 0.00755024 -0.0178023
    endloop
  endfacet
  facet normal 0.246882 0.0555234 -0.967454
    outer loop
      vertex 0.0328197 0.00621796 -0.0201674
      vertex 0.0253038 0.00645256 -0.0220719
      vertex 0.032362 0.0082531 -0.0201674
    endloop
  endfacet
  facet normal 0.373629 0.0118287 -0.927503
    outer loop
      vertex 0.0405664 0 -0.0178023
      vertex 0.0404863 0.0025301 -0.0178023
      vertex 0.0474682 0.00296593 -0.0149842
    endloop
  endfacet
  facet normal 0.251852 0.0239572 -0.967469
    outer loop
      vertex 0.0333452 0.00208378 -0.0201674
      vertex 0.0260725 0.00162888 -0.0220719
      vertex 0.0331478 0.00415897 -0.0201674
    endloop
  endfacet
  facet normal 0.310103 0.0494448 -0.949416
    outer loop
      vertex 0.040247 0.00504971 -0.0178023
      vertex 0.0328197 0.00621796 -0.0201674
      vertex 0.0398483 0.00755024 -0.0178023
    endloop
  endfacet
  facet normal 0.421683 0.0948162 -0.901773
    outer loop
      vertex 0.0509996 0.00966334 -0.0128975
      vertex 0.0467196 0.00885201 -0.0149842
      vertex 0.0509996 0.0121504 -0.012636
    endloop
  endfacet
  facet normal -0.0675224 0.429066 -0.900746
    outer loop
      vertex -0.00891209 0.0464067 -0.0149842
      vertex -0.00898987 0.0512991 -0.0126479
      vertex -0.00596046 0.0468712 -0.0149842
    endloop
  endfacet
  facet normal -0.0675545 0.429064 -0.900744
    outer loop
      vertex -0.00898987 0.0512991 -0.0126479
      vertex -0.00891209 0.0464067 -0.0149842
      vertex -0.00985122 0.0512991 -0.0125833
    endloop
  endfacet
  facet normal -0.10634 0.297187 -0.948879
    outer loop
      vertex -0.0122995 0.0308571 -0.0201674
      vertex -0.0149336 0.037466 -0.0178023
      vertex -0.0103245 0.0315638 -0.0201674
    endloop
  endfacet
  facet normal -0.0814995 0.366957 -0.926661
    outer loop
      vertex -0.010088 0.0390291 -0.0178023
      vertex -0.0118275 0.0457592 -0.0149842
      vertex -0.00891209 0.0464067 -0.0149842
    endloop
  endfacet
  facet normal -0.104139 0.361116 -0.926688
    outer loop
      vertex -0.010088 0.0390291 -0.0178023
      vertex -0.0125351 0.0383234 -0.0178023
      vertex -0.0118275 0.0457592 -0.0149842
    endloop
  endfacet
  facet normal -0.104172 0.361118 -0.926683
    outer loop
      vertex -0.0125351 0.0383234 -0.0178023
      vertex -0.0146971 0.0449314 -0.0149842
      vertex -0.0118275 0.0457592 -0.0149842
    endloop
  endfacet
  facet normal -0.14846 0.345054 -0.926767
    outer loop
      vertex -0.017272 0.0364599 -0.0178023
      vertex -0.0202503 0.0427475 -0.0149842
      vertex -0.0149336 0.037466 -0.0178023
    endloop
  endfacet
  facet normal -0.373652 0.0117667 -0.927494
    outer loop
      vertex -0.0405664 0 -0.0178023
      vertex -0.0475616 0 -0.0149842
      vertex -0.0474682 0.00296593 -0.0149842
    endloop
  endfacet
  facet normal -0.217734 0.129589 -0.967367
    outer loop
      vertex -0.022893 0.0125008 -0.0220719
      vertex -0.0292788 0.0159883 -0.0201674
      vertex -0.0220575 0.0139046 -0.0220719
    endloop
  endfacet
  facet normal -0.23217 0.101057 -0.967411
    outer loop
      vertex -0.0242891 0.009552 -0.0220719
      vertex -0.031065 0.0122166 -0.0201674
      vertex -0.0236378 0.0110483 -0.0220719
    endloop
  endfacet
  facet normal -0.295301 0.230553 -0.927169
    outer loop
      vertex -0.0328188 0.0236845 -0.0178023
      vertex -0.0384779 0.0277691 -0.0149842
      vertex -0.0312567 0.0256853 -0.0178023
    endloop
  endfacet
  facet normal -0.332962 0.170925 -0.927319
    outer loop
      vertex -0.036706 0.0171566 -0.0178023
      vertex -0.0416784 0.0227594 -0.0149842
      vertex -0.0355482 0.019412 -0.0178023
    endloop
  endfacet
  facet normal -0.323866 0.287519 -0.901357
    outer loop
      vertex -0.0366468 0.0301142 -0.0149842
      vertex -0.0418921 0.0344248 -0.0117245
      vertex -0.0346708 0.03234 -0.0149842
    endloop
  endfacet
  facet normal -0.259632 0.17764 -0.949229
    outer loop
      vertex -0.0282097 0.0177832 -0.0201674
      vertex -0.0342512 0.0215912 -0.0178023
      vertex -0.02703 0.0195074 -0.0201674
    endloop
  endfacet
  facet normal -0.366039 0.324937 -0.872027
    outer loop
      vertex -0.0418921 0.0344248 -0.0117245
      vertex -0.0469723 0.038599 -0.00803665
      vertex -0.0444393 0.0414524 -0.00803665
    endloop
  endfacet
  facet normal -0.406681 0.361011 -0.839215
    outer loop
      vertex -0.0509996 0.0424843 -0.00441365
      vertex -0.0490694 0.0457716 -0.0039349
      vertex -0.0444393 0.0414524 -0.00803665
    endloop
  endfacet
  facet normal -0.406687 0.361014 -0.839211
    outer loop
      vertex -0.0490694 0.0457716 -0.0039349
      vertex -0.0509996 0.0424843 -0.00441365
      vertex -0.0509996 0.0435972 -0.0039349
    endloop
  endfacet
  facet normal -0.445585 0.395542 -0.803119
    outer loop
      vertex -0.0490694 0.0457716 -0.0039349
      vertex -0.0509996 0.0435972 -0.0039349
      vertex -0.0509996 0.047572 -0.00197728
    endloop
  endfacet
  facet normal -0.435015 0.223122 -0.872341
    outer loop
      vertex -0.0476437 0.0260172 -0.0117245
      vertex -0.0509996 0.0259124 -0.0100778
      vertex -0.0509996 0.0278497 -0.00958229
    endloop
  endfacet
  facet normal -0.120425 0.417216 -0.900793
    outer loop
      vertex -0.0146971 0.0449314 -0.0149842
      vertex -0.0167803 0.0512991 -0.0117564
      vertex -0.0136813 0.0512991 -0.0121707
    endloop
  endfacet
  facet normal -0.148373 0.345134 -0.926751
    outer loop
      vertex -0.0149336 0.037466 -0.0178023
      vertex -0.0202503 0.0427475 -0.0149842
      vertex -0.0175085 0.0439262 -0.0149842
    endloop
  endfacet
  facet normal -0.193597 0.450655 -0.871453
    outer loop
      vertex -0.0200138 0.0502129 -0.0117245
      vertex -0.0214236 0.0512991 -0.0108496
      vertex -0.0204468 0.0512991 -0.0110666
    endloop
  endfacet
  facet normal -0.274214 0.406184 -0.871677
    outer loop
      vertex -0.0319567 0.0436916 -0.0117245
      vertex -0.0358324 0.0489893 -0.00803665
      vertex -0.0326653 0.0511274 -0.00803665
    endloop
  endfacet
  facet normal -0.392769 0.448449 -0.802886
    outer loop
      vertex -0.0460796 0.0487413 -0.0039349
      vertex -0.0484974 0.0512991 -0.00132347
      vertex -0.0431592 0.0512991 -0.0039349
    endloop
  endfacet
  facet normal -0.358478 0.409295 -0.83903
    outer loop
      vertex -0.0460796 0.0487413 -0.0039349
      vertex -0.0427242 0.0512991 -0.00412076
      vertex -0.0388584 0.0466576 -0.00803665
    endloop
  endfacet
  facet normal -0.358484 0.409304 -0.839023
    outer loop
      vertex -0.0427242 0.0512991 -0.00412076
      vertex -0.0460796 0.0487413 -0.0039349
      vertex -0.0431592 0.0512991 -0.0039349
    endloop
  endfacet
  facet normal 0.0568756 0.029346 -0.99795
    outer loop
      vertex 0.00340366 0.00159073 -0.0249463
      vertex 0.0032959 0.00179958 -0.0249463
      vertex 0.00987625 0.00539303 -0.0244656
    endloop
  endfacet
  facet normal 0.157585 0.107953 -0.981587
    outer loop
      vertex 0.0220575 0.0139046 -0.0220719
      vertex 0.0151558 0.0109377 -0.0235062
      vertex 0.0211344 0.0152521 -0.0220719
    endloop
  endfacet
  facet normal -0.0578926 0.114392 -0.991747
    outer loop
      vertex -0.00542927 0.00980949 -0.0244656
      vertex -0.00797653 0.0168381 -0.0235062
      vertex -0.00479794 0.010129 -0.0244656
    endloop
  endfacet
  facet normal 0.431851 0.013583 -0.901843
    outer loop
      vertex 0.0509996 0 -0.0133379
      vertex 0.0475616 0 -0.0149842
      vertex 0.0509996 0.00173955 -0.0133117
    endloop
  endfacet
  facet normal 0.179353 0.0650275 -0.981633
    outer loop
      vertex 0.0248451 0.00801849 -0.0220719
      vertex 0.0178175 0.0057497 -0.0235062
      vertex 0.0242891 0.009552 -0.0220719
    endloop
  endfacet
  facet normal 0.42845 0.33463 -0.839317
    outer loop
      vertex 0.0509996 0.0389771 -0.00583007
      vertex 0.0469723 0.038599 -0.00803665
      vertex 0.0509996 0.0419083 -0.00466142
    endloop
  endfacet
  facet normal -0.124733 0.289908 -0.948891
    outer loop
      vertex -0.014226 0.0300293 -0.0201674
      vertex -0.017272 0.0364599 -0.0178023
      vertex -0.0149336 0.037466 -0.0178023
    endloop
  endfacet
  facet normal -0.116753 0.151656 -0.981514
    outer loop
      vertex -0.0110111 0.0150547 -0.0235062
      vertex -0.0166521 0.0199947 -0.0220719
      vertex -0.0153551 0.0209932 -0.0220719
    endloop
  endfacet
  facet normal -0.0755528 0.176128 -0.981463
    outer loop
      vertex -0.00797653 0.0168381 -0.0235062
      vertex -0.00961685 0.024127 -0.0220719
      vertex -0.00689602 0.0173016 -0.0235062
    endloop
  endfacet
  facet normal -0.124475 0.0280075 -0.991827
    outer loop
      vertex -0.0110703 0.00209713 -0.0244656
      vertex -0.0181456 0.00462723 -0.0235062
      vertex -0.0109158 0.00278378 -0.0244656
    endloop
  endfacet
  facet normal -0.247995 0.193713 -0.949196
    outer loop
      vertex -0.02703 0.0195074 -0.0201674
      vertex -0.0312567 0.0256853 -0.0178023
      vertex -0.0257435 0.0211544 -0.0201674
    endloop
  endfacet
  facet normal -0.321706 0.191533 -0.927265
    outer loop
      vertex -0.0342512 0.0215912 -0.0178023
      vertex -0.0416784 0.0227594 -0.0149842
      vertex -0.0401573 0.0253143 -0.0149842
    endloop
  endfacet
  facet normal -0.280286 0.24883 -0.927105
    outer loop
      vertex -0.0295715 0.0275841 -0.0178023
      vertex -0.0366468 0.0301142 -0.0149842
      vertex -0.0346708 0.03234 -0.0149842
    endloop
  endfacet
  facet normal -0.30538 0.307315 -0.901277
    outer loop
      vertex -0.0346708 0.03234 -0.0149842
      vertex -0.0372181 0.0393686 -0.0117245
      vertex -0.0325584 0.0344391 -0.0149842
    endloop
  endfacet
  facet normal -0.264639 0.343399 -0.901135
    outer loop
      vertex -0.0303164 0.0364017 -0.0149842
      vertex -0.0346556 0.0416117 -0.0117245
      vertex -0.0319567 0.0436916 -0.0117245
    endloop
  endfacet
  facet normal -0.190193 0.323694 -0.926849
    outer loop
      vertex -0.0217361 0.0340223 -0.0178023
      vertex -0.0254841 0.0398893 -0.0149842
      vertex -0.022913 0.0414 -0.0149842
    endloop
  endfacet
  facet normal -0.174961 0.0761558 -0.981626
    outer loop
      vertex -0.0174179 0.00685024 -0.0235062
      vertex -0.0242891 0.009552 -0.0220719
      vertex -0.0236378 0.0110483 -0.0220719
    endloop
  endfacet
  facet normal -0.288136 0.125476 -0.949333
    outer loop
      vertex -0.031065 0.0122166 -0.0201674
      vertex -0.0377178 0.0148335 -0.0178023
      vertex -0.0302315 0.0141306 -0.0201674
    endloop
  endfacet
  facet normal -0.369236 0.0588565 -0.92747
    outer loop
      vertex -0.040247 0.00504971 -0.0178023
      vertex -0.0471869 0.00592041 -0.0149842
      vertex -0.0467196 0.00885201 -0.0149842
    endloop
  endfacet
  facet normal -0.18305 0.0535059 -0.981646
    outer loop
      vertex -0.0181456 0.00462723 -0.0235062
      vertex -0.0253038 0.00645256 -0.0220719
      vertex -0.0178175 0.0057497 -0.0235062
    endloop
  endfacet
  facet normal -0.0549976 0.0327905 -0.997948
    outer loop
      vertex -0.00317574 0.00200176 -0.0249463
      vertex -0.00987625 0.00539303 -0.0244656
      vertex -0.00951576 0.00599766 -0.0244656
    endloop
  endfacet
  facet normal -0.232162 0.101101 -0.967409
    outer loop
      vertex -0.0236378 0.0110483 -0.0220719
      vertex -0.031065 0.0122166 -0.0201674
      vertex -0.0302315 0.0141306 -0.0201674
    endloop
  endfacet
  facet normal -0.225391 0.115574 -0.967389
    outer loop
      vertex -0.0236378 0.0110483 -0.0220719
      vertex -0.0302315 0.0141306 -0.0201674
      vertex -0.022893 0.0125008 -0.0220719
    endloop
  endfacet
  facet normal 0.12598 0.0200688 -0.99183
    outer loop
      vertex 0.0111809 0.00140285 -0.0244656
      vertex 0.0110703 0.00209713 -0.0244656
      vertex 0.0185862 0.00233173 -0.0235062
    endloop
  endfacet
  facet normal -0.134766 0.135679 -0.981544
    outer loop
      vertex -0.0136566 0.0127382 -0.0235062
      vertex -0.0178833 0.0189161 -0.0220719
      vertex -0.0128241 0.0135651 -0.0235062
    endloop
  endfacet
  facet normal -0.11678 0.151625 -0.981515
    outer loop
      vertex -0.011941 0.0143385 -0.0235062
      vertex -0.0166521 0.0199947 -0.0220719
      vertex -0.0110111 0.0150547 -0.0235062
    endloop
  endfacet
  facet normal 0.119981 0.0435618 -0.99182
    outer loop
      vertex 0.0107183 0.00345898 -0.0244656
      vertex 0.010478 0.00412083 -0.0244656
      vertex 0.0174179 0.00685024 -0.0235062
    endloop
  endfacet
  facet normal 0.11998 0.0435639 -0.99182
    outer loop
      vertex 0.0178175 0.0057497 -0.0235062
      vertex 0.0107183 0.00345898 -0.0244656
      vertex 0.0174179 0.00685024 -0.0235062
    endloop
  endfacet
  facet normal -0.0294328 0.314495 -0.948803
    outer loop
      vertex -0.00418758 0.0329266 -0.0201674
      vertex -0.00508404 0.039978 -0.0178023
      vertex -0.00254631 0.0402155 -0.0178023
    endloop
  endfacet
  facet normal 0.343041 0.149536 -0.927341
    outer loop
      vertex 0.0442219 0.0173912 -0.0149842
      vertex 0.036706 0.0171566 -0.0178023
      vertex 0.0430346 0.0201149 -0.0149842
    endloop
  endfacet
  facet normal -0.0415347 0.187244 -0.981435
    outer loop
      vertex -0.0046587 0.0180244 -0.0235062
      vertex -0.00489521 0.0254898 -0.0220719
      vertex -0.00351048 0.0182791 -0.0235062
    endloop
  endfacet
  facet normal -0.0355783 0.123297 -0.991732
    outer loop
      vertex -0.0028019 0.0108433 -0.0244656
      vertex -0.0057888 0.0176983 -0.0235062
      vertex -0.0046587 0.0180244 -0.0235062
    endloop
  endfacet
  facet normal 0.0875294 0.303365 -0.948846
    outer loop
      vertex 0.0103245 0.0315638 -0.0201674
      vertex 0.00830841 0.0321455 -0.0201674
      vertex 0.0125351 0.0383234 -0.0178023
    endloop
  endfacet
  facet normal 0.189707 0.168402 -0.967291
    outer loop
      vertex 0.0201292 0.0165405 -0.0220719
      vertex 0.0190439 0.0177631 -0.0220719
      vertex 0.0243559 0.0227184 -0.0201674
    endloop
  endfacet
  facet normal 0.448173 0.195178 -0.87238
    outer loop
      vertex 0.0509996 0.0200566 -0.0114548
      vertex 0.0505514 0.0198803 -0.0117245
      vertex 0.0509996 0.0204544 -0.0113658
    endloop
  endfacet
  facet normal 0.357207 0.244406 -0.901482
    outer loop
      vertex 0.0459051 0.0289373 -0.0117245
      vertex 0.0384779 0.0277691 -0.0149842
      vertex 0.0439854 0.031743 -0.0117245
    endloop
  endfacet
  facet normal 0.0941272 0.423976 -0.900769
    outer loop
      vertex 0.0127317 0.0512991 -0.0122823
      vertex 0.00891209 0.0464067 -0.0149842
      vertex 0.00985122 0.0512991 -0.0125833
    endloop
  endfacet
  facet normal 0.264178 0.266008 -0.927065
    outer loop
      vertex 0.0295715 0.0275841 -0.0178023
      vertex 0.0277691 0.0293741 -0.0178023
      vertex 0.0325584 0.0344391 -0.0149842
    endloop
  endfacet
  facet normal 0.154921 0.201235 -0.967215
    outer loop
      vertex 0.0166521 0.0199947 -0.0220719
      vertex 0.0153551 0.0209932 -0.0220719
      vertex 0.0196381 0.0268497 -0.0201674
    endloop
  endfacet
  facet normal 0.0040488 0.128326 -0.991724
    outer loop
      vertex 0.000707626 0.0111723 -0.0244656
      vertex 0 0.018609 -0.0235062
      vertex 0.00117588 0.0185719 -0.0235062
    endloop
  endfacet
  facet normal -0.0636408 0.00597322 -0.997955
    outer loop
      vertex -0.00375366 0.000234604 -0.0249463
      vertex -0.0112476 0.000702858 -0.0244656
      vertex -0.00373173 0.000468254 -0.0249463
    endloop
  endfacet
  facet normal -0.12448 0.0279933 -0.991827
    outer loop
      vertex -0.0110703 0.00209713 -0.0244656
      vertex -0.0184021 0.00348663 -0.0235062
      vertex -0.0181456 0.00462723 -0.0235062
    endloop
  endfacet
  facet normal -0.252854 0.00798444 -0.967471
    outer loop
      vertex -0.026124 0 -0.0220719
      vertex -0.033411 0 -0.0201674
      vertex -0.0333452 0.00208378 -0.0201674
    endloop
  endfacet
  facet normal -0.186028 0.0418342 -0.981653
    outer loop
      vertex -0.0184021 0.00348663 -0.0235062
      vertex -0.0253038 0.00645256 -0.0220719
      vertex -0.0181456 0.00462723 -0.0235062
    endloop
  endfacet
  facet normal 0.0135984 0.434225 -0.900702
    outer loop
      vertex 0.00207981 0.0512991 -0.0129979
      vertex 0 0.0472441 -0.0149842
      vertex 0 0.0512991 -0.0130293
    endloop
  endfacet
  facet normal -0.285457 0.326104 -0.901205
    outer loop
      vertex -0.0303164 0.0364017 -0.0149842
      vertex -0.0372181 0.0393686 -0.0117245
      vertex -0.0346556 0.0416117 -0.0117245
    endloop
  endfacet
  facet normal -0.229 0.297208 -0.926944
    outer loop
      vertex -0.0258579 0.0310478 -0.0178023
      vertex -0.0303164 0.0364017 -0.0149842
      vertex -0.027956 0.0382204 -0.0149842
    endloop
  endfacet
  facet normal -0.100401 0.233658 -0.967121
    outer loop
      vertex -0.00961685 0.024127 -0.0220719
      vertex -0.014226 0.0300293 -0.0201674
      vertex -0.0122995 0.0308571 -0.0201674
    endloop
  endfacet
  facet normal -0.219772 0.374036 -0.900998
    outer loop
      vertex -0.0254841 0.0398893 -0.0149842
      vertex -0.0261927 0.0473251 -0.0117245
      vertex -0.022913 0.0414 -0.0149842
    endloop
  endfacet
  facet normal 0.174936 0.0761937 -0.981627
    outer loop
      vertex 0.0174179 0.00685024 -0.0235062
      vertex 0.0169506 0.00792313 -0.0235062
      vertex 0.0236378 0.0110483 -0.0220719
    endloop
  endfacet
  facet normal 0.122477 0.0358253 -0.991825
    outer loop
      vertex 0.0109158 0.00278378 -0.0244656
      vertex 0.0107183 0.00345898 -0.0244656
      vertex 0.0178175 0.0057497 -0.0235062
    endloop
  endfacet
  facet normal 0.189772 0.0180635 -0.981662
    outer loop
      vertex 0.0260725 0.00162888 -0.0220719
      vertex 0.0185862 0.00233173 -0.0235062
      vertex 0.025918 0.00325203 -0.0220719
    endloop
  endfacet
  facet normal 0.369227 0.0588719 -0.927472
    outer loop
      vertex 0.040247 0.00504971 -0.0178023
      vertex 0.0398483 0.00755024 -0.0178023
      vertex 0.0467196 0.00885201 -0.0149842
    endloop
  endfacet
  facet normal 0.249858 0.0398149 -0.967464
    outer loop
      vertex 0.0331478 0.00415897 -0.0201674
      vertex 0.025918 0.00325203 -0.0220719
      vertex 0.0328197 0.00621796 -0.0201674
    endloop
  endfacet
  facet normal 0.310099 0.0494143 -0.949419
    outer loop
      vertex 0.0331478 0.00415897 -0.0201674
      vertex 0.0328197 0.00621796 -0.0201674
      vertex 0.040247 0.00504971 -0.0178023
    endloop
  endfacet
  facet normal 0.364815 0.0821183 -0.927452
    outer loop
      vertex 0.0398483 0.00755024 -0.0178023
      vertex 0.0392923 0.0100203 -0.0178023
      vertex 0.0467196 0.00885201 -0.0149842
    endloop
  endfacet
  facet normal 0.364821 0.0821773 -0.927444
    outer loop
      vertex 0.0467196 0.00885201 -0.0149842
      vertex 0.0392923 0.0100203 -0.0178023
      vertex 0.0460672 0.0117483 -0.0149842
    endloop
  endfacet
  facet normal 0.37218 0.0354357 -0.927484
    outer loop
      vertex 0.0474682 0.00296593 -0.0149842
      vertex 0.040247 0.00504971 -0.0178023
      vertex 0.0471869 0.00592041 -0.0149842
    endloop
  endfacet
  facet normal 0.00990596 0.315716 -0.948802
    outer loop
      vertex 0.00209713 0.0331221 -0.0201674
      vertex 0 0.0331879 -0.0201674
      vertex 0 0.0402956 -0.0178023
    endloop
  endfacet
  facet normal 0.384876 0.197379 -0.901616
    outer loop
      vertex 0.0430346 0.0201149 -0.0149842
      vertex 0.0416784 0.0227594 -0.0149842
      vertex 0.0491943 0.022994 -0.0117245
    endloop
  endfacet
  facet normal -0.0814691 0.366953 -0.926665
    outer loop
      vertex -0.00760078 0.0395813 -0.0178023
      vertex -0.010088 0.0390291 -0.0178023
      vertex -0.00891209 0.0464067 -0.0149842
    endloop
  endfacet
  facet normal -0.0585341 0.371352 -0.926645
    outer loop
      vertex -0.00760078 0.0395813 -0.0178023
      vertex -0.00891209 0.0464067 -0.0149842
      vertex -0.00508404 0.039978 -0.0178023
    endloop
  endfacet
  facet normal -0.0491797 0.312006 -0.948807
    outer loop
      vertex -0.00625992 0.0326004 -0.0201674
      vertex -0.00760078 0.0395813 -0.0178023
      vertex -0.00508404 0.039978 -0.0178023
    endloop
  endfacet
  facet normal -0.0491103 0.311997 -0.948813
    outer loop
      vertex -0.00418758 0.0329266 -0.0201674
      vertex -0.00625992 0.0326004 -0.0201674
      vertex -0.00508404 0.039978 -0.0178023
    endloop
  endfacet
  facet normal -0.17144 0.39879 -0.900875
    outer loop
      vertex -0.0202503 0.0427475 -0.0149842
      vertex -0.0231485 0.0488653 -0.0117245
      vertex -0.0175085 0.0439262 -0.0149842
    endloop
  endfacet
  facet normal -0.193693 0.450555 -0.871483
    outer loop
      vertex -0.0231485 0.0488653 -0.0117245
      vertex -0.0214236 0.0512991 -0.0108496
      vertex -0.0200138 0.0502129 -0.0117245
    endloop
  endfacet
  facet normal -0.193678 0.450547 -0.871491
    outer loop
      vertex -0.0214236 0.0512991 -0.0108496
      vertex -0.0231485 0.0488653 -0.0117245
      vertex -0.0243016 0.0512991 -0.01021
    endloop
  endfacet
  facet normal -0.274136 0.4062 -0.871694
    outer loop
      vertex -0.0319567 0.0436916 -0.0117245
      vertex -0.0326653 0.0511274 -0.00803665
      vertex -0.0291319 0.045598 -0.0117245
    endloop
  endfacet
  facet normal -0.248314 0.422665 -0.871605
    outer loop
      vertex -0.0261927 0.0473251 -0.0117245
      vertex -0.0323731 0.0512991 -0.00803665
      vertex -0.0283916 0.0512991 -0.00917095
    endloop
  endfacet
  facet normal -0.248342 0.422629 -0.871614
    outer loop
      vertex -0.0323731 0.0512991 -0.00803665
      vertex -0.0261927 0.0473251 -0.0117245
      vertex -0.0326653 0.0511274 -0.00803665
    endloop
  endfacet
  facet normal -0.364815 0.0821183 -0.927452
    outer loop
      vertex -0.0398483 0.00755024 -0.0178023
      vertex -0.0467196 0.00885201 -0.0149842
      vertex -0.0392923 0.0100203 -0.0178023
    endloop
  endfacet
  facet normal -0.431851 0.013583 -0.901843
    outer loop
      vertex -0.0475616 0 -0.0149842
      vertex -0.0509996 0 -0.0133379
      vertex -0.0509996 0.00173955 -0.0133117
    endloop
  endfacet
  facet normal -0.421683 0.0948162 -0.901773
    outer loop
      vertex -0.0467196 0.00885201 -0.0149842
      vertex -0.0509996 0.00966334 -0.0128975
      vertex -0.0509996 0.0121504 -0.012636
    endloop
  endfacet
  facet normal -0.279728 0.143455 -0.949301
    outer loop
      vertex -0.0302315 0.0141306 -0.0201674
      vertex -0.036706 0.0171566 -0.0178023
      vertex -0.0292788 0.0159883 -0.0201674
    endloop
  endfacet
  facet normal -0.288134 0.125493 -0.949332
    outer loop
      vertex -0.0302315 0.0141306 -0.0201674
      vertex -0.0377178 0.0148335 -0.0178023
      vertex -0.036706 0.0171566 -0.0178023
    endloop
  endfacet
  facet normal -0.384876 0.197379 -0.901616
    outer loop
      vertex -0.0430346 0.0201149 -0.0149842
      vertex -0.0491943 0.022994 -0.0117245
      vertex -0.0416784 0.0227594 -0.0149842
    endloop
  endfacet
  facet normal -0.384874 0.197402 -0.901612
    outer loop
      vertex -0.0416784 0.0227594 -0.0149842
      vertex -0.0491943 0.022994 -0.0117245
      vertex -0.0476437 0.0260172 -0.0117245
    endloop
  endfacet
  facet normal -0.20921 0.143142 -0.967337
    outer loop
      vertex -0.0220575 0.0139046 -0.0220719
      vertex -0.0282097 0.0177832 -0.0201674
      vertex -0.02703 0.0195074 -0.0201674
    endloop
  endfacet
  facet normal -0.217708 0.129674 -0.967361
    outer loop
      vertex -0.0220575 0.0139046 -0.0220719
      vertex -0.0292788 0.0159883 -0.0201674
      vertex -0.0282097 0.0177832 -0.0201674
    endloop
  endfacet
  facet normal -0.403681 0.276205 -0.872211
    outer loop
      vertex -0.0459051 0.0289373 -0.0117245
      vertex -0.0493193 0.035593 -0.00803665
      vertex -0.0439854 0.031743 -0.0117245
    endloop
  endfacet
  facet normal -0.403708 0.276187 -0.872204
    outer loop
      vertex -0.0509996 0.0321492 -0.0083494
      vertex -0.0493193 0.035593 -0.00803665
      vertex -0.0459051 0.0289373 -0.0117245
    endloop
  endfacet
  facet normal -0.403695 0.276181 -0.872212
    outer loop
      vertex -0.0493193 0.035593 -0.00803665
      vertex -0.0509996 0.0321492 -0.0083494
      vertex -0.0509996 0.0331369 -0.00803665
    endloop
  endfacet
  facet normal -0.280309 0.248776 -0.927112
    outer loop
      vertex -0.0312567 0.0256853 -0.0178023
      vertex -0.0366468 0.0301142 -0.0149842
      vertex -0.0295715 0.0275841 -0.0178023
    endloop
  endfacet
  facet normal -0.235458 0.208971 -0.949153
    outer loop
      vertex -0.0243559 0.0227184 -0.0201674
      vertex -0.0312567 0.0256853 -0.0178023
      vertex -0.0295715 0.0275841 -0.0178023
    endloop
  endfacet
  facet normal -0.332185 0.431107 -0.838928
    outer loop
      vertex -0.0358324 0.0489893 -0.00803665
      vertex -0.0422917 0.0512991 -0.00429204
      vertex -0.0375217 0.0512991 -0.00618079
    endloop
  endfacet
  facet normal -0.420227 0.250117 -0.872267
    outer loop
      vertex -0.0476437 0.0260172 -0.0117245
      vertex -0.0509996 0.0278497 -0.00958229
      vertex -0.0509996 0.031654 -0.00849143
    endloop
  endfacet
  facet normal -0.0941272 0.423976 -0.900769
    outer loop
      vertex -0.00891209 0.0464067 -0.0149842
      vertex -0.0127317 0.0512991 -0.0122823
      vertex -0.00985122 0.0512991 -0.0125833
    endloop
  endfacet
  facet normal -0.165218 0.461931 -0.871391
    outer loop
      vertex -0.0200138 0.0502129 -0.0117245
      vertex -0.0204468 0.0512991 -0.0110666
      vertex -0.0169769 0.0512991 -0.0117245
    endloop
  endfacet
  facet normal -0.171439 0.39879 -0.900875
    outer loop
      vertex -0.0175085 0.0439262 -0.0149842
      vertex -0.0231485 0.0488653 -0.0117245
      vertex -0.0200138 0.0502129 -0.0117245
    endloop
  endfacet
  facet normal 0.252854 0.00798444 -0.967471
    outer loop
      vertex 0.033411 0 -0.0201674
      vertex 0.026124 0 -0.0220719
      vertex 0.0333452 0.00208378 -0.0201674
    endloop
  endfacet
  facet normal -0.03596 0.0532022 -0.997936
    outer loop
      vertex -0.00201511 0.00315475 -0.0249463
      vertex -0.00662422 0.00905609 -0.0244656
      vertex -0.00603867 0.00945187 -0.0244656
    endloop
  endfacet
  facet normal 0.252852 0.00799436 -0.967472
    outer loop
      vertex 0.026124 0 -0.0220719
      vertex 0.0260725 0.00162888 -0.0220719
      vertex 0.0333452 0.00208378 -0.0201674
    endloop
  endfacet
  facet normal 0.0119346 0.127827 -0.991725
    outer loop
      vertex 0.00141239 0.0111065 -0.0244656
      vertex 0.000707626 0.0111723 -0.0244656
      vertex 0.00117588 0.0185719 -0.0235062
    endloop
  endfacet
  facet normal 0.420005 0.422848 -0.802991
    outer loop
      vertex 0.0509996 0.0495159 -0.00095371
      vertex 0.0484974 0.0512991 -0.00132347
      vertex 0.0509996 0.0512991 -1.46925e-05
    endloop
  endfacet
  facet normal 0.419996 0.422833 -0.803004
    outer loop
      vertex 0.0484974 0.0512991 -0.00132347
      vertex 0.0509996 0.0495159 -0.00095371
      vertex 0.0460796 0.0487413 -0.0039349
    endloop
  endfacet
  facet normal -0.0857028 0.239512 -0.967103
    outer loop
      vertex -0.00961685 0.024127 -0.0220719
      vertex -0.0122995 0.0308571 -0.0201674
      vertex -0.0103245 0.0315638 -0.0201674
    endloop
  endfacet
  facet normal -0.0856612 0.239516 -0.967106
    outer loop
      vertex -0.00961685 0.024127 -0.0220719
      vertex -0.0103245 0.0315638 -0.0201674
      vertex -0.00807285 0.0246792 -0.0220719
    endloop
  endfacet
  facet normal -0.176422 0.261329 -0.94899
    outer loop
      vertex -0.0179024 0.0280218 -0.0201674
      vertex -0.0238438 0.0325994 -0.0178023
      vertex -0.0217361 0.0340223 -0.0178023
    endloop
  endfacet
  facet normal -0.14253 0.281463 -0.948928
    outer loop
      vertex -0.0160961 0.0290823 -0.0201674
      vertex -0.0195427 0.0353107 -0.0178023
      vertex -0.014226 0.0300293 -0.0201674
    endloop
  endfacet
  facet normal -0.207571 0.236998 -0.949077
    outer loop
      vertex -0.022871 0.0241928 -0.0201674
      vertex -0.0277691 0.0293741 -0.0178023
      vertex -0.0212965 0.0255718 -0.0201674
    endloop
  endfacet
  facet normal -0.167278 0.190993 -0.967233
    outer loop
      vertex -0.0166521 0.0199947 -0.0220719
      vertex -0.022871 0.0241928 -0.0201674
      vertex -0.0212965 0.0255718 -0.0201674
    endloop
  endfacet
  facet normal -0.189707 0.168402 -0.967291
    outer loop
      vertex -0.0201292 0.0165405 -0.0220719
      vertex -0.0243559 0.0227184 -0.0201674
      vertex -0.0190439 0.0177631 -0.0220719
    endloop
  endfacet
  facet normal -0.126066 0.143901 -0.981529
    outer loop
      vertex -0.0128241 0.0135651 -0.0235062
      vertex -0.0178833 0.0189161 -0.0220719
      vertex -0.0166521 0.0199947 -0.0220719
    endloop
  endfacet
  facet normal -0.189765 0.168361 -0.967287
    outer loop
      vertex -0.0201292 0.0165405 -0.0220719
      vertex -0.0257435 0.0211544 -0.0201674
      vertex -0.0243559 0.0227184 -0.0201674
    endloop
  endfacet
  facet normal -0.199847 0.156104 -0.967312
    outer loop
      vertex -0.0201292 0.0165405 -0.0220719
      vertex -0.02703 0.0195074 -0.0201674
      vertex -0.0257435 0.0211544 -0.0201674
    endloop
  endfacet
  facet normal -0.2646 0.343411 -0.901142
    outer loop
      vertex -0.0303164 0.0364017 -0.0149842
      vertex -0.0319567 0.0436916 -0.0117245
      vertex -0.027956 0.0382204 -0.0149842
    endloop
  endfacet
  facet normal -0.242659 0.359415 -0.901076
    outer loop
      vertex -0.027956 0.0382204 -0.0149842
      vertex -0.0319567 0.0436916 -0.0117245
      vertex -0.0254841 0.0398893 -0.0149842
    endloop
  endfacet
  facet normal -0.209999 0.311065 -0.926898
    outer loop
      vertex -0.0238438 0.0325994 -0.0178023
      vertex -0.0254841 0.0398893 -0.0149842
      vertex -0.0217361 0.0340223 -0.0178023
    endloop
  endfacet
  facet normal -0.154921 0.201235 -0.967215
    outer loop
      vertex -0.0166521 0.0199947 -0.0220719
      vertex -0.0196381 0.0268497 -0.0201674
      vertex -0.0153551 0.0209932 -0.0220719
    endloop
  endfacet
  facet normal -0.358945 0.105045 -0.927429
    outer loop
      vertex -0.0392923 0.0100203 -0.0178023
      vertex -0.0452337 0.0145988 -0.0149842
      vertex -0.0385809 0.0124512 -0.0178023
    endloop
  endfacet
  facet normal -0.351708 0.127423 -0.927397
    outer loop
      vertex -0.0385809 0.0124512 -0.0178023
      vertex -0.0452337 0.0145988 -0.0149842
      vertex -0.0377178 0.0148335 -0.0178023
    endloop
  endfacet
  facet normal -0.18977 0.0180395 -0.981663
    outer loop
      vertex -0.0186968 0.00116825 -0.0235062
      vertex -0.0260725 0.00162888 -0.0220719
      vertex -0.0185862 0.00233173 -0.0235062
    endloop
  endfacet
  facet normal 0.0391729 0.0508486 -0.997938
    outer loop
      vertex 0.00239754 0.00287819 -0.0249463
      vertex 0.00221062 0.00302219 -0.0249463
      vertex 0.00662422 0.00905609 -0.0244656
    endloop
  endfacet
  facet normal -0.179308 0.0651057 -0.981636
    outer loop
      vertex -0.0178175 0.0057497 -0.0235062
      vertex -0.0242891 0.009552 -0.0220719
      vertex -0.0174179 0.00685024 -0.0235062
    endloop
  endfacet
  facet normal -0.237979 0.0862834 -0.96743
    outer loop
      vertex -0.0248451 0.00801849 -0.0220719
      vertex -0.0317764 0.0102549 -0.0201674
      vertex -0.0242891 0.009552 -0.0220719
    endloop
  endfacet
  facet normal -0.142963 0.126908 -0.981558
    outer loop
      vertex -0.0144348 0.0118618 -0.0235062
      vertex -0.0201292 0.0165405 -0.0220719
      vertex -0.0190439 0.0177631 -0.0220719
    endloop
  endfacet
  facet normal 0.0217231 0.0605135 -0.997931
    outer loop
      vertex 0.00138474 0.00347328 -0.0249463
      vertex 0.00116158 0.00355339 -0.0249463
      vertex 0.00414848 0.0104084 -0.0244656
    endloop
  endfacet
  facet normal -0.0178426 0.191012 -0.981426
    outer loop
      vertex -0.00117588 0.0185719 -0.0235062
      vertex -0.00327396 0.0257454 -0.0220719
      vertex -0.00164032 0.025898 -0.0220719
    endloop
  endfacet
  facet normal -0.16407 0.0976496 -0.981604
    outer loop
      vertex -0.0164165 0.00896454 -0.0235062
      vertex -0.022893 0.0125008 -0.0220719
      vertex -0.0220575 0.0139046 -0.0220719
    endloop
  endfacet
  facet normal -0.164062 0.097659 -0.981604
    outer loop
      vertex -0.0164165 0.00896454 -0.0235062
      vertex -0.0220575 0.0139046 -0.0220719
      vertex -0.0158176 0.00997066 -0.0235062
    endloop
  endfacet
  facet normal -0.0717473 0.106149 -0.991758
    outer loop
      vertex -0.00662422 0.00905609 -0.0244656
      vertex -0.0110111 0.0150547 -0.0235062
      vertex -0.00603867 0.00945187 -0.0244656
    endloop
  endfacet
  facet normal 0.0138822 0.0628128 -0.997929
    outer loop
      vertex 0.0028019 0.0108433 -0.0244656
      vertex 0.000704765 0.00366974 -0.0249463
      vertex 0.00211143 0.0109959 -0.0244656
    endloop
  endfacet
  facet normal 0.117109 0.0508611 -0.991816
    outer loop
      vertex 0.010478 0.00412083 -0.0244656
      vertex 0.0101976 0.00476646 -0.0244656
      vertex 0.0174179 0.00685024 -0.0235062
    endloop
  endfacet
  facet normal 0.0392045 0.0508269 -0.997938
    outer loop
      vertex 0.00718307 0.00862503 -0.0244656
      vertex 0.00239754 0.00287819 -0.0249463
      vertex 0.00662422 0.00905609 -0.0244656
    endloop
  endfacet
  facet normal 0.0549976 0.0327905 -0.997948
    outer loop
      vertex 0.00987625 0.00539303 -0.0244656
      vertex 0.00317574 0.00200176 -0.0249463
      vertex 0.00951576 0.00599766 -0.0244656
    endloop
  endfacet
  facet normal -0.0117678 0.37581 -0.926622
    outer loop
      vertex 0 0.0402956 -0.0178023
      vertex -0.00298595 0.0471506 -0.0149842
      vertex 0 0.0472441 -0.0149842
    endloop
  endfacet
  facet normal 0.023675 0.25345 -0.967059
    outer loop
      vertex 0.00327396 0.0257454 -0.0220719
      vertex 0.00164032 0.025898 -0.0220719
      vertex 0.00209713 0.0331221 -0.0201674
    endloop
  endfacet
  facet normal -0.0178769 0.191002 -0.981427
    outer loop
      vertex -0.00234795 0.0184622 -0.0235062
      vertex -0.00327396 0.0257454 -0.0220719
      vertex -0.00117588 0.0185719 -0.0235062
    endloop
  endfacet
  facet normal -0.0237032 0.253454 -0.967057
    outer loop
      vertex -0.00327396 0.0257454 -0.0220719
      vertex -0.00418758 0.0329266 -0.0201674
      vertex -0.00209713 0.0331221 -0.0201674
    endloop
  endfacet
  facet normal -0.00602073 0.191765 -0.981422
    outer loop
      vertex 0 0.018609 -0.0235062
      vertex -0.00164032 0.025898 -0.0220719
      vertex 0 0.0259495 -0.0220719
    endloop
  endfacet
  facet normal 0.209999 0.311065 -0.926898
    outer loop
      vertex 0.0238438 0.0325994 -0.0178023
      vertex 0.0217361 0.0340223 -0.0178023
      vertex 0.0254841 0.0398893 -0.0149842
    endloop
  endfacet
  facet normal 0.0277961 0.125308 -0.991728
    outer loop
      vertex 0.0046587 0.0180244 -0.0235062
      vertex 0.0028019 0.0108433 -0.0244656
      vertex 0.00351048 0.0182791 -0.0235062
    endloop
  endfacet
  facet normal 0.013563 0.43422 -0.900705
    outer loop
      vertex 0.00298595 0.0471506 -0.0149842
      vertex 0.00207981 0.0512991 -0.0129979
      vertex 0.00324861 0.0512991 -0.0129803
    endloop
  endfacet
  facet normal 0.013597 0.434225 -0.900702
    outer loop
      vertex 0.00207981 0.0512991 -0.0129979
      vertex 0.00298595 0.0471506 -0.0149842
      vertex 0 0.0472441 -0.0149842
    endloop
  endfacet
  facet normal 0.406461 0.147294 -0.901717
    outer loop
      vertex 0.0442219 0.0173912 -0.0149842
      vertex 0.0509996 0.0186435 -0.0117245
      vertex 0.0509996 0.0167549 -0.012033
    endloop
  endfacet
  facet normal 0.406461 0.147296 -0.901717
    outer loop
      vertex 0.0509996 0.0186435 -0.0117245
      vertex 0.0442219 0.0173912 -0.0149842
      vertex 0.0505514 0.0198803 -0.0117245
    endloop
  endfacet
  facet normal 0.351708 0.127438 -0.927395
    outer loop
      vertex 0.0452337 0.0145988 -0.0149842
      vertex 0.0377178 0.0148335 -0.0178023
      vertex 0.0442219 0.0173912 -0.0149842
    endloop
  endfacet
  facet normal 0.358945 0.105045 -0.927429
    outer loop
      vertex 0.0392923 0.0100203 -0.0178023
      vertex 0.0385809 0.0124512 -0.0178023
      vertex 0.0452337 0.0145988 -0.0149842
    endloop
  endfacet
  facet normal 0.174961 0.0761558 -0.981626
    outer loop
      vertex 0.0242891 0.009552 -0.0220719
      vertex 0.0174179 0.00685024 -0.0235062
      vertex 0.0236378 0.0110483 -0.0220719
    endloop
  endfacet
  facet normal 0.00397129 0.128319 -0.991725
    outer loop
      vertex 0.000707626 0.0111723 -0.0244656
      vertex 0 0.0111942 -0.0244656
      vertex 0 0.018609 -0.0235062
    endloop
  endfacet
  facet normal 0.0528536 0.0361921 -0.997946
    outer loop
      vertex 0.00317574 0.00200176 -0.0249463
      vertex 0.00304317 0.00219536 -0.0249463
      vertex 0.00951576 0.00599766 -0.0244656
    endloop
  endfacet
  facet normal -0.0638842 0.0020777 -0.997955
    outer loop
      vertex -0.00376129 0 -0.0249463
      vertex -0.0112476 0.000702858 -0.0244656
      vertex -0.00375366 0.000234604 -0.0249463
    endloop
  endfacet
  facet normal -0.369227 0.0588719 -0.927472
    outer loop
      vertex -0.040247 0.00504971 -0.0178023
      vertex -0.0467196 0.00885201 -0.0149842
      vertex -0.0398483 0.00755024 -0.0178023
    endloop
  endfacet
  facet normal -0.237977 0.0863012 -0.967429
    outer loop
      vertex -0.0242891 0.009552 -0.0220719
      vertex -0.0317764 0.0102549 -0.0201674
      vertex -0.031065 0.0122166 -0.0201674
    endloop
  endfacet
  facet normal -0.310099 0.0494143 -0.949419
    outer loop
      vertex -0.0331478 0.00415897 -0.0201674
      vertex -0.040247 0.00504971 -0.0178023
      vertex -0.0328197 0.00621796 -0.0201674
    endloop
  endfacet
  facet normal -0.188269 0.0300116 -0.981659
    outer loop
      vertex -0.0185862 0.00233173 -0.0235062
      vertex -0.0256615 0.00486183 -0.0220719
      vertex -0.0184021 0.00348663 -0.0235062
    endloop
  endfacet
  facet normal -0.12598 0.0200821 -0.99183
    outer loop
      vertex -0.0110703 0.00209713 -0.0244656
      vertex -0.0185862 0.00233173 -0.0235062
      vertex -0.0184021 0.00348663 -0.0235062
    endloop
  endfacet
  facet normal -0.179353 0.0650275 -0.981633
    outer loop
      vertex -0.0178175 0.0057497 -0.0235062
      vertex -0.0248451 0.00801849 -0.0220719
      vertex -0.0242891 0.009552 -0.0220719
    endloop
  endfacet
  facet normal 0.321718 0.191478 -0.927272
    outer loop
      vertex 0.0355482 0.019412 -0.0178023
      vertex 0.0342512 0.0215912 -0.0178023
      vertex 0.0416784 0.0227594 -0.0149842
    endloop
  endfacet
  facet normal 0.301503 0.0882344 -0.949374
    outer loop
      vertex 0.0392923 0.0100203 -0.0178023
      vertex 0.0317764 0.0102549 -0.0201674
      vertex 0.0385809 0.0124512 -0.0178023
    endloop
  endfacet
  facet normal 0.142963 0.126908 -0.981558
    outer loop
      vertex 0.0201292 0.0165405 -0.0220719
      vertex 0.0144348 0.0118618 -0.0235062
      vertex 0.0190439 0.0177631 -0.0220719
    endloop
  endfacet
  facet normal 0 0 -1
    outer loop
      vertex 0.00376129 0 -0.0249463
      vertex 0.00373173 0.000468254 -0.0249463
      vertex 0.00375366 0.000234604 -0.0249463
    endloop
  endfacet
  facet normal 0 0 -1
    outer loop
      vertex 0.00376129 0 -0.0249463
      vertex 0.00369453 0.000699997 -0.0249463
      vertex 0.00373173 0.000468254 -0.0249463
    endloop
  endfacet
  facet normal 0 0 -1
    outer loop
      vertex 0.00376129 0 -0.0249463
      vertex 0.00364304 0.000928879 -0.0249463
      vertex 0.00369453 0.000699997 -0.0249463
    endloop
  endfacet
  facet normal 0 0 -1
    outer loop
      vertex 0.00376129 0 -0.0249463
      vertex 0.00357723 0.00115395 -0.0249463
      vertex 0.00364304 0.000928879 -0.0249463
    endloop
  endfacet
  facet normal 0 0 -1
    outer loop
      vertex 0.00376129 0 -0.0249463
      vertex 0.00349712 0.0013752 -0.0249463
      vertex 0.00357723 0.00115395 -0.0249463
    endloop
  endfacet
  facet normal 0 0 -1
    outer loop
      vertex 0.00376129 0 -0.0249463
      vertex 0.00340366 0.00159073 -0.0249463
      vertex 0.00349712 0.0013752 -0.0249463
    endloop
  endfacet
  facet normal 0 0 -1
    outer loop
      vertex 0.00376129 0 -0.0249463
      vertex 0.0032959 0.00179958 -0.0249463
      vertex 0.00340366 0.00159073 -0.0249463
    endloop
  endfacet
  facet normal 0 0 -1
    outer loop
      vertex 0.00376129 0 -0.0249463
      vertex 0.00317574 0.00200176 -0.0249463
      vertex 0.0032959 0.00179958 -0.0249463
    endloop
  endfacet
  facet normal 0 0 -1
    outer loop
      vertex 0.00376129 0 -0.0249463
      vertex 0.00304317 0.00219536 -0.0249463
      vertex 0.00317574 0.00200176 -0.0249463
    endloop
  endfacet
  facet normal 0 0 -1
    outer loop
      vertex 0.00376129 0 -0.0249463
      vertex 0.00289822 0.00238132 -0.0249463
      vertex 0.00304317 0.00219536 -0.0249463
    endloop
  endfacet
  facet normal 0 0 -1
    outer loop
      vertex 0.00376129 0 -0.0249463
      vertex 0.00274181 0.00255775 -0.0249463
      vertex 0.00289822 0.00238132 -0.0249463
    endloop
  endfacet
  facet normal 0 0 -1
    outer loop
      vertex 0.00376129 0 -0.0249463
      vertex 0.00257492 0.00272369 -0.0249463
      vertex 0.00274181 0.00255775 -0.0249463
    endloop
  endfacet
  facet normal 0 0 -1
    outer loop
      vertex 0.00376129 0 -0.0249463
      vertex 0.00239754 0.00287819 -0.0249463
      vertex 0.00257492 0.00272369 -0.0249463
    endloop
  endfacet
  facet normal 0 0 -1
    outer loop
      vertex 0.00376129 0 -0.0249463
      vertex 0.00221062 0.00302219 -0.0249463
      vertex 0.00239754 0.00287819 -0.0249463
    endloop
  endfacet
  facet normal 0 0 -1
    outer loop
      vertex 0.00376129 0 -0.0249463
      vertex 0.00201511 0.00315475 -0.0249463
      vertex 0.00221062 0.00302219 -0.0249463
    endloop
  endfacet
  facet normal 0 0 -1
    outer loop
      vertex 0.00376129 0 -0.0249463
      vertex 0.00181198 0.00327396 -0.0249463
      vertex 0.00201511 0.00315475 -0.0249463
    endloop
  endfacet
  facet normal 0 0 -1
    outer loop
      vertex 0.00376129 0 -0.0249463
      vertex 0.00160122 0.00338078 -0.0249463
      vertex 0.00181198 0.00327396 -0.0249463
    endloop
  endfacet
  facet normal 0 0 -1
    outer loop
      vertex 0.00376129 0 -0.0249463
      vertex 0.00138474 0.00347328 -0.0249463
      vertex 0.00160122 0.00338078 -0.0249463
    endloop
  endfacet
  facet normal 0 0 -1
    outer loop
      vertex 0.00376129 0 -0.0249463
      vertex 0.00116158 0.00355339 -0.0249463
      vertex 0.00138474 0.00347328 -0.0249463
    endloop
  endfacet
  facet normal 0 0 -1
    outer loop
      vertex 0.00376129 0 -0.0249463
      vertex 0.000934601 0.00361824 -0.0249463
      vertex 0.00116158 0.00355339 -0.0249463
    endloop
  endfacet
  facet normal 0 0 -1
    outer loop
      vertex 0.00376129 0 -0.0249463
      vertex 0.000704765 0.00366974 -0.0249463
      vertex 0.000934601 0.00361824 -0.0249463
    endloop
  endfacet
  facet normal 0 0 -1
    outer loop
      vertex 0.00376129 0 -0.0249463
      vertex 0.000471115 0.00370693 -0.0249463
      vertex 0.000704765 0.00366974 -0.0249463
    endloop
  endfacet
  facet normal 0 0 -1
    outer loop
      vertex 0.00376129 0 -0.0249463
      vertex 0.000235558 0.00372887 -0.0249463
      vertex 0.000471115 0.00370693 -0.0249463
    endloop
  endfacet
  facet normal 0 0 -1
    outer loop
      vertex 0.00376129 0 -0.0249463
      vertex 0 0.0037365 -0.0249463
      vertex 0.000235558 0.00372887 -0.0249463
    endloop
  endfacet
  facet normal 0 0 -1
    outer loop
      vertex 0.00376129 0 -0.0249463
      vertex -0.000235558 0.00372887 -0.0249463
      vertex 0 0.0037365 -0.0249463
    endloop
  endfacet
  facet normal 0 0 -1
    outer loop
      vertex 0.00376129 0 -0.0249463
      vertex -0.000471115 0.00370693 -0.0249463
      vertex -0.000235558 0.00372887 -0.0249463
    endloop
  endfacet
  facet normal 0 0 -1
    outer loop
      vertex 0.00376129 0 -0.0249463
      vertex -0.000704765 0.00366974 -0.0249463
      vertex -0.000471115 0.00370693 -0.0249463
    endloop
  endfacet
  facet normal 0 0 -1
    outer loop
      vertex 0.00376129 0 -0.0249463
      vertex -0.000934601 0.00361824 -0.0249463
      vertex -0.000704765 0.00366974 -0.0249463
    endloop
  endfacet
  facet normal 0 0 -1
    outer loop
      vertex 0.00376129 0 -0.0249463
      vertex -0.00116158 0.00355339 -0.0249463
      vertex -0.000934601 0.00361824 -0.0249463
    endloop
  endfacet
  facet normal 0 0 -1
    outer loop
      vertex 0.00376129 0 -0.0249463
      vertex -0.00138474 0.00347328 -0.0249463
      vertex -0.00116158 0.00355339 -0.0249463
    endloop
  endfacet
  facet normal 0 0 -1
    outer loop
      vertex 0.00376129 0 -0.0249463
      vertex -0.00160122 0.00338078 -0.0249463
      vertex -0.00138474 0.00347328 -0.0249463
    endloop
  endfacet
  facet normal 0 0 -1
    outer loop
      vertex 0.00376129 0 -0.0249463
      vertex -0.00181198 0.00327396 -0.0249463
      vertex -0.00160122 0.00338078 -0.0249463
    endloop
  endfacet
  facet normal 0 0 -1
    outer loop
      vertex 0.00376129 0 -0.0249463
      vertex -0.00201511 0.00315475 -0.0249463
      vertex -0.00181198 0.00327396 -0.0249463
    endloop
  endfacet
  facet normal 0 0 -1
    outer loop
      vertex 0.00376129 0 -0.0249463
      vertex -0.00221062 0.00302219 -0.0249463
      vertex -0.00201511 0.00315475 -0.0249463
    endloop
  endfacet
  facet normal 0 0 -1
    outer loop
      vertex 0.00376129 0 -0.0249463
      vertex -0.00239754 0.00287819 -0.0249463
      vertex -0.00221062 0.00302219 -0.0249463
    endloop
  endfacet
  facet normal 0 0 -1
    outer loop
      vertex 0.00376129 0 -0.0249463
      vertex -0.00257492 0.00272369 -0.0249463
      vertex -0.00239754 0.00287819 -0.0249463
    endloop
  endfacet
  facet normal 0 0 -1
    outer loop
      vertex 0.00376129 0 -0.0249463
      vertex -0.00274181 0.00255775 -0.0249463
      vertex -0.00257492 0.00272369 -0.0249463
    endloop
  endfacet
  facet normal 0 0 -1
    outer loop
      vertex 0.00376129 0 -0.0249463
      vertex -0.00289822 0.00238132 -0.0249463
      vertex -0.00274181 0.00255775 -0.0249463
    endloop
  endfacet
  facet normal 0 0 -1
    outer loop
      vertex 0.00376129 0 -0.0249463
      vertex -0.00304317 0.00219536 -0.0249463
      vertex -0.00289822 0.00238132 -0.0249463
    endloop
  endfacet
  facet normal 0 0 -1
    outer loop
      vertex 0.00376129 0 -0.0249463
      vertex -0.00317574 0.00200176 -0.0249463
      vertex -0.00304317 0.00219536 -0.0249463
    endloop
  endfacet
  facet normal 0 0 -1
    outer loop
      vertex 0.00376129 0 -0.0249463
      vertex -0.0032959 0.00179958 -0.0249463
      vertex -0.00317574 0.00200176 -0.0249463
    endloop
  endfacet
  facet normal 0 0 -1
    outer loop
      vertex 0.00376129 0 -0.0249463
      vertex -0.00340366 0.00159073 -0.0249463
      vertex -0.0032959 0.00179958 -0.0249463
    endloop
  endfacet
  facet normal 0 0 -1
    outer loop
      vertex 0.00376129 0 -0.0249463
      vertex -0.00349712 0.0013752 -0.0249463
      vertex -0.00340366 0.00159073 -0.0249463
    endloop
  endfacet
  facet normal 0 0 -1
    outer loop
      vertex 0.00376129 0 -0.0249463
      vertex -0.00357723 0.00115395 -0.0249463
      vertex -0.00349712 0.0013752 -0.0249463
    endloop
  endfacet
  facet normal 0 0 -1
    outer loop
      vertex 0.00376129 0 -0.0249463
      vertex -0.00364304 0.000928879 -0.0249463
      vertex -0.00357723 0.00115395 -0.0249463
    endloop
  endfacet
  facet normal 0 0 -1
    outer loop
      vertex 0.00376129 0 -0.0249463
      vertex -0.00369453 0.000699997 -0.0249463
      vertex -0.00364304 0.000928879 -0.0249463
    endloop
  endfacet
  facet normal 0 0 -1
    outer loop
      vertex 0.00376129 0 -0.0249463
      vertex -0.00373173 0.000468254 -0.0249463
      vertex -0.00369453 0.000699997 -0.0249463
    endloop
  endfacet
  facet normal 0 0 -1
    outer loop
      vertex 0.00376129 0 -0.0249463
      vertex -0.00375366 0.000234604 -0.0249463
      vertex -0.00373173 0.000468254 -0.0249463
    endloop
  endfacet
  facet normal 0 -0 -1
    outer loop
      vertex -0.00375366 0.000234604 -0.0249463
      vertex 0.00376129 0 -0.0249463
      vertex -0.00376129 0 -0.0249463
    endloop
  endfacet
  facet normal -0.0601317 0.0218322 -0.997952
    outer loop
      vertex -0.00349712 0.0013752 -0.0249463
      vertex -0.0107183 0.00345898 -0.0244656
      vertex -0.010478 0.00412083 -0.0244656
    endloop
  endfacet
  facet normal 0.430174 0.0410731 -0.901811
    outer loop
      vertex 0.0509996 0.00455697 -0.0132276
      vertex 0.0471869 0.00592041 -0.0149842
      vertex 0.0509996 0.0063991 -0.0131437
    endloop
  endfacet
  facet normal 0.43015 0.0409309 -0.901829
    outer loop
      vertex 0.0474682 0.00296593 -0.0149842
      vertex 0.0509996 0.00455697 -0.0132276
      vertex 0.0509996 0.00318652 -0.0132898
    endloop
  endfacet
  facet normal 0.430141 0.0409543 -0.901832
    outer loop
      vertex 0.0509996 0.00455697 -0.0132276
      vertex 0.0474682 0.00296593 -0.0149842
      vertex 0.0471869 0.00592041 -0.0149842
    endloop
  endfacet
  facet normal 0.313826 0.00993535 -0.949429
    outer loop
      vertex 0.0405664 0 -0.0178023
      vertex 0.0333452 0.00208378 -0.0201674
      vertex 0.0404863 0.0025301 -0.0178023
    endloop
  endfacet
  facet normal 0.373652 0.0117667 -0.927494
    outer loop
      vertex 0.0475616 0 -0.0149842
      vertex 0.0405664 0 -0.0178023
      vertex 0.0474682 0.00296593 -0.0149842
    endloop
  endfacet
  facet normal -0.0406049 0.432512 -0.900714
    outer loop
      vertex -0.00298595 0.0471506 -0.0149842
      vertex -0.00435551 0.0512991 -0.0129304
      vertex -0.00324861 0.0512991 -0.0129803
    endloop
  endfacet
  facet normal -0.0406259 0.432506 -0.900715
    outer loop
      vertex -0.00435551 0.0512991 -0.0129304
      vertex -0.00298595 0.0471506 -0.0149842
      vertex -0.00596046 0.0468712 -0.0149842
    endloop
  endfacet
  facet normal -0.0351635 0.374353 -0.926619
    outer loop
      vertex -0.00508404 0.039978 -0.0178023
      vertex -0.00596046 0.0468712 -0.0149842
      vertex -0.00298595 0.0471506 -0.0149842
    endloop
  endfacet
  facet normal -0.0294113 0.314491 -0.948805
    outer loop
      vertex -0.00209713 0.0331221 -0.0201674
      vertex -0.00418758 0.0329266 -0.0201674
      vertex -0.00254631 0.0402155 -0.0178023
    endloop
  endfacet
  facet normal -0.00990596 0.315716 -0.948802
    outer loop
      vertex 0 0.0331879 -0.0201674
      vertex -0.00209713 0.0331221 -0.0201674
      vertex 0 0.0402956 -0.0178023
    endloop
  endfacet
  facet normal -0.0395777 0.251436 -0.967064
    outer loop
      vertex -0.00327396 0.0257454 -0.0220719
      vertex -0.00625992 0.0326004 -0.0201674
      vertex -0.00418758 0.0329266 -0.0201674
    endloop
  endfacet
  facet normal -0.0874919 0.303389 -0.948842
    outer loop
      vertex -0.00830841 0.0321455 -0.0201674
      vertex -0.0125351 0.0383234 -0.0178023
      vertex -0.010088 0.0390291 -0.0178023
    endloop
  endfacet
  facet normal -0.146251 0.408816 -0.900822
    outer loop
      vertex -0.0175085 0.0439262 -0.0149842
      vertex -0.0169769 0.0512991 -0.0117245
      vertex -0.0168069 0.0512991 -0.0117521
    endloop
  endfacet
  facet normal -0.14622 0.408816 -0.900827
    outer loop
      vertex -0.0169769 0.0512991 -0.0117245
      vertex -0.0175085 0.0439262 -0.0149842
      vertex -0.0200138 0.0502129 -0.0117245
    endloop
  endfacet
  facet normal -0.145625 0.408997 -0.900841
    outer loop
      vertex -0.0146971 0.0449314 -0.0149842
      vertex -0.0168069 0.0512991 -0.0117521
      vertex -0.0167803 0.0512991 -0.0117564
    endloop
  endfacet
  facet normal -0.146169 0.408814 -0.900836
    outer loop
      vertex -0.0168069 0.0512991 -0.0117521
      vertex -0.0146971 0.0449314 -0.0149842
      vertex -0.0175085 0.0439262 -0.0149842
    endloop
  endfacet
  facet normal -0.195944 0.387191 -0.900938
    outer loop
      vertex -0.022913 0.0414 -0.0149842
      vertex -0.0261927 0.0473251 -0.0117245
      vertex -0.0202503 0.0427475 -0.0149842
    endloop
  endfacet
  facet normal -0.169569 0.335074 -0.926807
    outer loop
      vertex -0.017272 0.0364599 -0.0178023
      vertex -0.022913 0.0414 -0.0149842
      vertex -0.0202503 0.0427475 -0.0149842
    endloop
  endfacet
  facet normal -0.248341 0.42263 -0.871614
    outer loop
      vertex -0.0291319 0.045598 -0.0117245
      vertex -0.0326653 0.0511274 -0.00803665
      vertex -0.0261927 0.0473251 -0.0117245
    endloop
  endfacet
  facet normal -0.219785 0.374033 -0.900996
    outer loop
      vertex -0.0254841 0.0398893 -0.0149842
      vertex -0.0291319 0.045598 -0.0117245
      vertex -0.0261927 0.0473251 -0.0117245
    endloop
  endfacet
  facet normal -0.364821 0.0821773 -0.927444
    outer loop
      vertex -0.0392923 0.0100203 -0.0178023
      vertex -0.0467196 0.00885201 -0.0149842
      vertex -0.0460672 0.0117483 -0.0149842
    endloop
  endfacet
  facet normal -0.421585 0.0949637 -0.901802
    outer loop
      vertex -0.0509996 0.0121504 -0.012636
      vertex -0.0460672 0.0117483 -0.0149842
      vertex -0.0467196 0.00885201 -0.0149842
    endloop
  endfacet
  facet normal -0.421582 0.0949929 -0.901801
    outer loop
      vertex -0.0460672 0.0117483 -0.0149842
      vertex -0.0509996 0.0121504 -0.012636
      vertex -0.0509996 0.0130067 -0.0125458
    endloop
  endfacet
  facet normal -0.372158 0.0353457 -0.927496
    outer loop
      vertex -0.0404863 0.0025301 -0.0178023
      vertex -0.0474682 0.00296593 -0.0149842
      vertex -0.040247 0.00504971 -0.0178023
    endloop
  endfacet
  facet normal -0.431844 0.0135992 -0.901846
    outer loop
      vertex -0.0509996 0.00173955 -0.0133117
      vertex -0.0474682 0.00296593 -0.0149842
      vertex -0.0475616 0 -0.0149842
    endloop
  endfacet
  facet normal -0.431858 0.0136494 -0.901838
    outer loop
      vertex -0.0474682 0.00296593 -0.0149842
      vertex -0.0509996 0.00173955 -0.0133117
      vertex -0.0509996 0.00318652 -0.0132898
    endloop
  endfacet
  facet normal -0.426786 0.0679878 -0.901794
    outer loop
      vertex -0.0471869 0.00592041 -0.0149842
      vertex -0.0509996 0.0063991 -0.0131437
      vertex -0.0509996 0.00849482 -0.0129857
    endloop
  endfacet
  facet normal -0.426764 0.0680265 -0.901801
    outer loop
      vertex -0.0509996 0.00849482 -0.0129857
      vertex -0.0467196 0.00885201 -0.0149842
      vertex -0.0471869 0.00592041 -0.0149842
    endloop
  endfacet
  facet normal -0.426765 0.0680677 -0.901797
    outer loop
      vertex -0.0467196 0.00885201 -0.0149842
      vertex -0.0509996 0.00849482 -0.0129857
      vertex -0.0509996 0.00966334 -0.0128975
    endloop
  endfacet
  facet normal -0.2091 0.143243 -0.967346
    outer loop
      vertex -0.0220575 0.0139046 -0.0220719
      vertex -0.02703 0.0195074 -0.0201674
      vertex -0.0211344 0.0152521 -0.0220719
    endloop
  endfacet
  facet normal -0.109798 0.0653582 -0.991803
    outer loop
      vertex -0.00987625 0.00539303 -0.0244656
      vertex -0.0164165 0.00896454 -0.0235062
      vertex -0.0158176 0.00997066 -0.0235062
    endloop
  endfacet
  facet normal -0.428473 0.334539 -0.839342
    outer loop
      vertex -0.0509996 0.0368057 -0.00669553
      vertex -0.0469723 0.038599 -0.00803665
      vertex -0.0493193 0.035593 -0.00803665
    endloop
  endfacet
  facet normal -0.428472 0.334539 -0.839342
    outer loop
      vertex -0.0469723 0.038599 -0.00803665
      vertex -0.0509996 0.0368057 -0.00669553
      vertex -0.0509996 0.0389771 -0.00583007
    endloop
  endfacet
  facet normal -0.385671 0.301121 -0.872114
    outer loop
      vertex -0.0418921 0.0344248 -0.0117245
      vertex -0.0493193 0.035593 -0.00803665
      vertex -0.0469723 0.038599 -0.00803665
    endloop
  endfacet
  facet normal -0.264282 0.265957 -0.92705
    outer loop
      vertex -0.0295715 0.0275841 -0.0178023
      vertex -0.0346708 0.03234 -0.0149842
      vertex -0.0325584 0.0344391 -0.0149842
    endloop
  endfacet
  facet normal -0.264178 0.266008 -0.927065
    outer loop
      vertex -0.0295715 0.0275841 -0.0178023
      vertex -0.0325584 0.0344391 -0.0149842
      vertex -0.0277691 0.0293741 -0.0178023
    endloop
  endfacet
  facet normal -0.295295 0.230572 -0.927166
    outer loop
      vertex -0.0312567 0.0256853 -0.0178023
      vertex -0.0384779 0.0277691 -0.0149842
      vertex -0.0366468 0.0301142 -0.0149842
    endloop
  endfacet
  facet normal -0.248058 0.193668 -0.949189
    outer loop
      vertex -0.02703 0.0195074 -0.0201674
      vertex -0.0328188 0.0236845 -0.0178023
      vertex -0.0312567 0.0256853 -0.0178023
    endloop
  endfacet
  facet normal -0.406681 0.361016 -0.839213
    outer loop
      vertex -0.0509996 0.0419083 -0.00466142
      vertex -0.0444393 0.0414524 -0.00803665
      vertex -0.0469723 0.038599 -0.00803665
    endloop
  endfacet
  facet normal -0.406686 0.360995 -0.839219
    outer loop
      vertex -0.0444393 0.0414524 -0.00803665
      vertex -0.0509996 0.0419083 -0.00466142
      vertex -0.0509996 0.0424843 -0.00441365
    endloop
  endfacet
  facet normal -0.42845 0.33463 -0.839317
    outer loop
      vertex -0.0469723 0.038599 -0.00803665
      vertex -0.0509996 0.0389771 -0.00583007
      vertex -0.0509996 0.0419083 -0.00466142
    endloop
  endfacet
  facet normal -0.299054 0.388055 -0.871768
    outer loop
      vertex -0.0346556 0.0416117 -0.0117245
      vertex -0.0388584 0.0466576 -0.00803665
      vertex -0.0319567 0.0436916 -0.0117245
    endloop
  endfacet
  facet normal -0.322585 0.368519 -0.871856
    outer loop
      vertex -0.0372181 0.0393686 -0.0117245
      vertex -0.0388584 0.0466576 -0.00803665
      vertex -0.0346556 0.0416117 -0.0117245
    endloop
  endfacet
  facet normal -0.419999 0.422841 -0.802998
    outer loop
      vertex -0.0509996 0.047572 -0.00197728
      vertex -0.0460796 0.0487413 -0.0039349
      vertex -0.0490694 0.0457716 -0.0039349
    endloop
  endfacet
  facet normal -0.419998 0.422827 -0.803006
    outer loop
      vertex -0.0460796 0.0487413 -0.0039349
      vertex -0.0509996 0.047572 -0.00197728
      vertex -0.0509996 0.0495159 -0.00095371
    endloop
  endfacet
  facet normal -0.419996 0.422833 -0.803004
    outer loop
      vertex -0.0509996 0.0495159 -0.00095371
      vertex -0.0484974 0.0512991 -0.00132347
      vertex -0.0460796 0.0487413 -0.0039349
    endloop
  endfacet
  facet normal -0.420005 0.422848 -0.802991
    outer loop
      vertex -0.0484974 0.0512991 -0.00132347
      vertex -0.0509996 0.0495159 -0.00095371
      vertex -0.0509996 0.0512991 -1.46925e-05
    endloop
  endfacet
  facet normal -0.0941585 0.423955 -0.900775
    outer loop
      vertex -0.0118275 0.0457592 -0.0149842
      vertex -0.0127317 0.0512991 -0.0122823
      vertex -0.00891209 0.0464067 -0.0149842
    endloop
  endfacet
  facet normal -0.094261 0.423937 -0.900773
    outer loop
      vertex -0.0127317 0.0512991 -0.0122823
      vertex -0.0118275 0.0457592 -0.0149842
      vertex -0.0132592 0.0512991 -0.0122271
    endloop
  endfacet
  facet normal -0.120364 0.417207 -0.900806
    outer loop
      vertex -0.0118275 0.0457592 -0.0149842
      vertex -0.0136813 0.0512991 -0.0121707
      vertex -0.0132592 0.0512991 -0.0122271
    endloop
  endfacet
  facet normal -0.120354 0.41721 -0.900805
    outer loop
      vertex -0.0136813 0.0512991 -0.0121707
      vertex -0.0118275 0.0457592 -0.0149842
      vertex -0.0146971 0.0449314 -0.0149842
    endloop
  endfacet
  facet normal -0.221441 0.437488 -0.871532
    outer loop
      vertex -0.0261927 0.0473251 -0.0117245
      vertex -0.0283916 0.0512991 -0.00917095
      vertex -0.0260668 0.0512991 -0.00976164
    endloop
  endfacet
  facet normal 0.12448 0.0279933 -0.991827
    outer loop
      vertex 0.0184021 0.00348663 -0.0235062
      vertex 0.0110703 0.00209713 -0.0244656
      vertex 0.0181456 0.00462723 -0.0235062
    endloop
  endfacet
  facet normal 0.188274 0.0299989 -0.981658
    outer loop
      vertex 0.025918 0.00325203 -0.0220719
      vertex 0.0185862 0.00233173 -0.0235062
      vertex 0.0256615 0.00486183 -0.0220719
    endloop
  endfacet
  facet normal 0.251847 0.0239722 -0.96747
    outer loop
      vertex 0.0260725 0.00162888 -0.0220719
      vertex 0.025918 0.00325203 -0.0220719
      vertex 0.0331478 0.00415897 -0.0201674
    endloop
  endfacet
  facet normal -0.0579637 0.114366 -0.991746
    outer loop
      vertex -0.00542927 0.00980949 -0.0244656
      vertex -0.00902462 0.0163069 -0.0235062
      vertex -0.00797653 0.0168381 -0.0235062
    endloop
  endfacet
  facet normal 0.0100546 0.0635496 -0.997928
    outer loop
      vertex 0.00211143 0.0109959 -0.0244656
      vertex 0.000471115 0.00370693 -0.0249463
      vertex 0.00141239 0.0111065 -0.0244656
    endloop
  endfacet
  facet normal 0.0638915 0.00199985 -0.997955
    outer loop
      vertex 0.0112696 0 -0.0244656
      vertex 0.00376129 0 -0.0249463
      vertex 0.0112476 0.000702858 -0.0244656
    endloop
  endfacet
  facet normal 0.332235 0.431067 -0.838929
    outer loop
      vertex 0.0388584 0.0466576 -0.00803665
      vertex 0.0422917 0.0512991 -0.00429204
      vertex 0.0427242 0.0512991 -0.00412076
    endloop
  endfacet
  facet normal 0.332188 0.431102 -0.838929
    outer loop
      vertex 0.0422917 0.0512991 -0.00429204
      vertex 0.0388584 0.0466576 -0.00803665
      vertex 0.0358324 0.0489893 -0.00803665
    endloop
  endfacet
  facet normal 0.288134 0.125493 -0.949332
    outer loop
      vertex 0.0377178 0.0148335 -0.0178023
      vertex 0.0302315 0.0141306 -0.0201674
      vertex 0.036706 0.0171566 -0.0178023
    endloop
  endfacet
  facet normal 0.448061 0.195286 -0.872413
    outer loop
      vertex 0.0491943 0.022994 -0.0117245
      vertex 0.0509996 0.0204544 -0.0113658
      vertex 0.0505514 0.0198803 -0.0117245
    endloop
  endfacet
  facet normal 0.448059 0.195285 -0.872414
    outer loop
      vertex 0.0509996 0.0204544 -0.0113658
      vertex 0.0491943 0.022994 -0.0117245
      vertex 0.0509996 0.023838 -0.0106084
    endloop
  endfacet
  facet normal -0.114854 0.226809 -0.967143
    outer loop
      vertex -0.0125847 0.0227394 -0.0220719
      vertex -0.0160961 0.0290823 -0.0201674
      vertex -0.014226 0.0300293 -0.0201674
    endloop
  endfacet
  facet normal -0.159684 0.271983 -0.948961
    outer loop
      vertex -0.0179024 0.0280218 -0.0201674
      vertex -0.0195427 0.0353107 -0.0178023
      vertex -0.0160961 0.0290823 -0.0201674
    endloop
  endfacet
  facet normal -0.128667 0.219169 -0.967166
    outer loop
      vertex -0.013998 0.0219097 -0.0220719
      vertex -0.0160961 0.0290823 -0.0201674
      vertex -0.0125847 0.0227394 -0.0220719
    endloop
  endfacet
  facet normal -0.0969719 0.165181 -0.981484
    outer loop
      vertex -0.0100384 0.0157118 -0.0235062
      vertex -0.013998 0.0219097 -0.0220719
      vertex -0.0125847 0.0227394 -0.0220719
    endloop
  endfacet
  facet normal -0.169577 0.335066 -0.926809
    outer loop
      vertex -0.0195427 0.0353107 -0.0178023
      vertex -0.022913 0.0414 -0.0149842
      vertex -0.017272 0.0364599 -0.0178023
    endloop
  endfacet
  facet normal -0.142475 0.281515 -0.94892
    outer loop
      vertex -0.014226 0.0300293 -0.0201674
      vertex -0.0195427 0.0353107 -0.0178023
      vertex -0.017272 0.0364599 -0.0178023
    endloop
  endfacet
  facet normal -0.134781 0.135669 -0.981544
    outer loop
      vertex -0.0136566 0.0127382 -0.0235062
      vertex -0.0190439 0.0177631 -0.0220719
      vertex -0.0178833 0.0189161 -0.0220719
    endloop
  endfacet
  facet normal -0.221895 0.223475 -0.949116
    outer loop
      vertex -0.0243559 0.0227184 -0.0201674
      vertex -0.0277691 0.0293741 -0.0178023
      vertex -0.022871 0.0241928 -0.0201674
    endloop
  endfacet
  facet normal -0.178851 0.18003 -0.967265
    outer loop
      vertex -0.0190439 0.0177631 -0.0220719
      vertex -0.0243559 0.0227184 -0.0201674
      vertex -0.0178833 0.0189161 -0.0220719
    endloop
  endfacet
  facet normal -0.178815 0.180088 -0.967261
    outer loop
      vertex -0.0178833 0.0189161 -0.0220719
      vertex -0.0243559 0.0227184 -0.0201674
      vertex -0.022871 0.0241928 -0.0201674
    endloop
  endfacet
  facet normal -0.247043 0.282212 -0.926999
    outer loop
      vertex -0.0258579 0.0310478 -0.0178023
      vertex -0.0325584 0.0344391 -0.0149842
      vertex -0.0303164 0.0364017 -0.0149842
    endloop
  endfacet
  facet normal -0.28546 0.326099 -0.901206
    outer loop
      vertex -0.0325584 0.0344391 -0.0149842
      vertex -0.0372181 0.0393686 -0.0117245
      vertex -0.0303164 0.0364017 -0.0149842
    endloop
  endfacet
  facet normal -0.0842588 0.0963704 -0.991773
    outer loop
      vertex -0.00771427 0.00816059 -0.0244656
      vertex -0.011941 0.0143385 -0.0235062
      vertex -0.00718307 0.00862503 -0.0244656
    endloop
  endfacet
  facet normal -0.117072 0.0509908 -0.991814
    outer loop
      vertex -0.0101976 0.00476646 -0.0244656
      vertex -0.0174179 0.00685024 -0.0235062
      vertex -0.0169506 0.00792313 -0.0235062
    endloop
  endfacet
  facet normal -0.242915 0.0710616 -0.967441
    outer loop
      vertex -0.0253038 0.00645256 -0.0220719
      vertex -0.032362 0.0082531 -0.0201674
      vertex -0.0317764 0.0102549 -0.0201674
    endloop
  endfacet
  facet normal -0.0601473 0.0217781 -0.997952
    outer loop
      vertex -0.00357723 0.00115395 -0.0249463
      vertex -0.0107183 0.00345898 -0.0244656
      vertex -0.00349712 0.0013752 -0.0249463
    endloop
  endfacet
  facet normal -0.0956485 0.0849244 -0.991786
    outer loop
      vertex -0.0086832 0.00713539 -0.0244656
      vertex -0.0144348 0.0118618 -0.0235062
      vertex -0.00821495 0.00766277 -0.0244656
    endloop
  endfacet
  facet normal -0.142941 0.126925 -0.981559
    outer loop
      vertex -0.0144348 0.0118618 -0.0235062
      vertex -0.0190439 0.0177631 -0.0220719
      vertex -0.0136566 0.0127382 -0.0235062
    endloop
  endfacet
  facet normal -0.174936 0.0761937 -0.981627
    outer loop
      vertex -0.0174179 0.00685024 -0.0235062
      vertex -0.0236378 0.0110483 -0.0220719
      vertex -0.0169506 0.00792313 -0.0235062
    endloop
  endfacet
  facet normal -0.169841 0.0870896 -0.981616
    outer loop
      vertex -0.0169506 0.00792313 -0.0235062
      vertex -0.0236378 0.0110483 -0.0220719
      vertex -0.022893 0.0125008 -0.0220719
    endloop
  endfacet
  facet normal -0.100453 0.233618 -0.967125
    outer loop
      vertex -0.0111227 0.0234795 -0.0220719
      vertex -0.014226 0.0300293 -0.0201674
      vertex -0.00961685 0.024127 -0.0220719
    endloop
  endfacet
  facet normal -0.0646592 0.180469 -0.981453
    outer loop
      vertex -0.00689602 0.0173016 -0.0235062
      vertex -0.00961685 0.024127 -0.0220719
      vertex -0.0057888 0.0176983 -0.0235062
    endloop
  endfacet
  facet normal -0.0843464 0.0963102 -0.991771
    outer loop
      vertex -0.00771427 0.00816059 -0.0244656
      vertex -0.0128241 0.0135651 -0.0235062
      vertex -0.011941 0.0143385 -0.0235062
    endloop
  endfacet
  facet normal -0.12604 0.143917 -0.98153
    outer loop
      vertex -0.0128241 0.0135651 -0.0235062
      vertex -0.0166521 0.0199947 -0.0220719
      vertex -0.011941 0.0143385 -0.0235062
    endloop
  endfacet
  facet normal -0.142186 0.210541 -0.96719
    outer loop
      vertex -0.0153551 0.0209932 -0.0220719
      vertex -0.0196381 0.0268497 -0.0201674
      vertex -0.013998 0.0219097 -0.0220719
    endloop
  endfacet
  facet normal -0.14218 0.210547 -0.967189
    outer loop
      vertex -0.013998 0.0219097 -0.0220719
      vertex -0.0196381 0.0268497 -0.0201674
      vertex -0.0179024 0.0280218 -0.0201674
    endloop
  endfacet
  facet normal 0.0601317 0.0218322 -0.997952
    outer loop
      vertex 0.0107183 0.00345898 -0.0244656
      vertex 0.00349712 0.0013752 -0.0249463
      vertex 0.010478 0.00412083 -0.0244656
    endloop
  endfacet
  facet normal -0.0415944 0.187241 -0.981433
    outer loop
      vertex -0.0046587 0.0180244 -0.0235062
      vertex -0.00649643 0.0251341 -0.0220719
      vertex -0.00489521 0.0254898 -0.0220719
    endloop
  endfacet
  facet normal 0.0631203 0.0101322 -0.997954
    outer loop
      vertex 0.00373173 0.000468254 -0.0249463
      vertex 0.00369453 0.000699997 -0.0249463
      vertex 0.0110703 0.00209713 -0.0244656
    endloop
  endfacet
  facet normal 0.056955 0.0292106 -0.997949
    outer loop
      vertex 0.0101976 0.00476646 -0.0244656
      vertex 0.00340366 0.00159073 -0.0249463
      vertex 0.00987625 0.00539303 -0.0244656
    endloop
  endfacet
  facet normal 0.0586938 0.025491 -0.997951
    outer loop
      vertex 0.010478 0.00412083 -0.0244656
      vertex 0.00340366 0.00159073 -0.0249463
      vertex 0.0101976 0.00476646 -0.0244656
    endloop
  endfacet
  facet normal 0.113658 0.0582911 -0.991808
    outer loop
      vertex 0.0169506 0.00792313 -0.0235062
      vertex 0.0101976 0.00476646 -0.0244656
      vertex 0.0164165 0.00896454 -0.0235062
    endloop
  endfacet
  facet normal 0.109743 0.0654304 -0.991804
    outer loop
      vertex 0.00987625 0.00539303 -0.0244656
      vertex 0.00951576 0.00599766 -0.0244656
      vertex 0.0158176 0.00997066 -0.0235062
    endloop
  endfacet
  facet normal 0.12698 0.0120995 -0.991831
    outer loop
      vertex 0.0112476 0.000702858 -0.0244656
      vertex 0.0111809 0.00140285 -0.0244656
      vertex 0.0185862 0.00233173 -0.0235062
    endloop
  endfacet
  facet normal 0.0294113 0.314491 -0.948805
    outer loop
      vertex 0.00418758 0.0329266 -0.0201674
      vertex 0.00209713 0.0331221 -0.0201674
      vertex 0.00254631 0.0402155 -0.0178023
    endloop
  endfacet
  facet normal 0.0237032 0.253454 -0.967057
    outer loop
      vertex 0.00327396 0.0257454 -0.0220719
      vertex 0.00209713 0.0331221 -0.0201674
      vertex 0.00418758 0.0329266 -0.0201674
    endloop
  endfacet
  facet normal -0.0350318 0.374321 -0.926637
    outer loop
      vertex -0.00254631 0.0402155 -0.0178023
      vertex -0.00508404 0.039978 -0.0178023
      vertex -0.00298595 0.0471506 -0.0149842
    endloop
  endfacet
  facet normal 0.00798344 0.254442 -0.967055
    outer loop
      vertex 0.00209713 0.0331221 -0.0201674
      vertex 0 0.0259495 -0.0220719
      vertex 0 0.0331879 -0.0201674
    endloop
  endfacet
  facet normal 0.0117678 0.37581 -0.926622
    outer loop
      vertex 0.00298595 0.0471506 -0.0149842
      vertex 0 0.0402956 -0.0178023
      vertex 0 0.0472441 -0.0149842
    endloop
  endfacet
  facet normal -0.00798344 0.254442 -0.967055
    outer loop
      vertex 0 0.0259495 -0.0220719
      vertex -0.00209713 0.0331221 -0.0201674
      vertex 0 0.0331879 -0.0201674
    endloop
  endfacet
  facet normal 0.225391 0.115574 -0.967389
    outer loop
      vertex 0.0236378 0.0110483 -0.0220719
      vertex 0.022893 0.0125008 -0.0220719
      vertex 0.0302315 0.0141306 -0.0201674
    endloop
  endfacet
  facet normal 0.0551686 0.248433 -0.967077
    outer loop
      vertex 0.00830841 0.0321455 -0.0201674
      vertex 0.00489521 0.0254898 -0.0220719
      vertex 0.00625992 0.0326004 -0.0201674
    endloop
  endfacet
  facet normal 0.178851 0.18003 -0.967265
    outer loop
      vertex 0.0190439 0.0177631 -0.0220719
      vertex 0.0178833 0.0189161 -0.0220719
      vertex 0.0243559 0.0227184 -0.0201674
    endloop
  endfacet
  facet normal 0.0843464 0.0963102 -0.991771
    outer loop
      vertex 0.0128241 0.0135651 -0.0235062
      vertex 0.00771427 0.00816059 -0.0244656
      vertex 0.011941 0.0143385 -0.0235062
    endloop
  endfacet
  facet normal 0.0350318 0.374321 -0.926637
    outer loop
      vertex 0.00508404 0.039978 -0.0178023
      vertex 0.00254631 0.0402155 -0.0178023
      vertex 0.00298595 0.0471506 -0.0149842
    endloop
  endfacet
  facet normal 0.414855 0.121298 -0.901766
    outer loop
      vertex 0.0509996 0.0136919 -0.0124536
      vertex 0.0452337 0.0145988 -0.0149842
      vertex 0.0509996 0.0164597 -0.0120813
    endloop
  endfacet
  facet normal 0.414843 0.121341 -0.901766
    outer loop
      vertex 0.0460672 0.0117483 -0.0149842
      vertex 0.0509996 0.0136919 -0.0124536
      vertex 0.0509996 0.0130067 -0.0125458
    endloop
  endfacet
  facet normal 0.414856 0.121306 -0.901765
    outer loop
      vertex 0.0509996 0.0136919 -0.0124536
      vertex 0.0460672 0.0117483 -0.0149842
      vertex 0.0452337 0.0145988 -0.0149842
    endloop
  endfacet
  facet normal 0.242915 0.0710616 -0.967441
    outer loop
      vertex 0.032362 0.0082531 -0.0201674
      vertex 0.0253038 0.00645256 -0.0220719
      vertex 0.0317764 0.0102549 -0.0201674
    endloop
  endfacet
  facet normal 0.242869 0.0711424 -0.967447
    outer loop
      vertex 0.0253038 0.00645256 -0.0220719
      vertex 0.0248451 0.00801849 -0.0220719
      vertex 0.0317764 0.0102549 -0.0201674
    endloop
  endfacet
  facet normal 0.0199727 0.12681 -0.991726
    outer loop
      vertex 0.00351048 0.0182791 -0.0235062
      vertex 0.00141239 0.0111065 -0.0244656
      vertex 0.00234795 0.0184622 -0.0235062
    endloop
  endfacet
  facet normal -0.0360334 0.0531449 -0.997936
    outer loop
      vertex -0.00221062 0.00302219 -0.0249463
      vertex -0.00662422 0.00905609 -0.0244656
      vertex -0.00201511 0.00315475 -0.0249463
    endloop
  endfacet
  facet normal -0.313819 0.00990953 -0.949431
    outer loop
      vertex -0.033411 0 -0.0201674
      vertex -0.0405664 0 -0.0178023
      vertex -0.0333452 0.00208378 -0.0201674
    endloop
  endfacet
  facet normal -0.301503 0.0882344 -0.949374
    outer loop
      vertex -0.0317764 0.0102549 -0.0201674
      vertex -0.0392923 0.0100203 -0.0178023
      vertex -0.0385809 0.0124512 -0.0178023
    endloop
  endfacet
  facet normal -0.295427 0.107032 -0.949351
    outer loop
      vertex -0.0317764 0.0102549 -0.0201674
      vertex -0.0385809 0.0124512 -0.0178023
      vertex -0.0377178 0.0148335 -0.0178023
    endloop
  endfacet
  facet normal -0.306409 0.0689108 -0.949402
    outer loop
      vertex -0.0328197 0.00621796 -0.0201674
      vertex -0.0398483 0.00755024 -0.0178023
      vertex -0.032362 0.0082531 -0.0201674
    endloop
  endfacet
  facet normal -0.310103 0.0494448 -0.949416
    outer loop
      vertex -0.0328197 0.00621796 -0.0201674
      vertex -0.040247 0.00504971 -0.0178023
      vertex -0.0398483 0.00755024 -0.0178023
    endloop
  endfacet
  facet normal -0.251852 0.0239572 -0.967469
    outer loop
      vertex -0.0260725 0.00162888 -0.0220719
      vertex -0.0333452 0.00208378 -0.0201674
      vertex -0.0331478 0.00415897 -0.0201674
    endloop
  endfacet
  facet normal -0.312572 0.029733 -0.949429
    outer loop
      vertex -0.0333452 0.00208378 -0.0201674
      vertex -0.040247 0.00504971 -0.0178023
      vertex -0.0331478 0.00415897 -0.0201674
    endloop
  endfacet
  facet normal -0.246882 0.0555234 -0.967454
    outer loop
      vertex -0.0253038 0.00645256 -0.0220719
      vertex -0.0328197 0.00621796 -0.0201674
      vertex -0.032362 0.0082531 -0.0201674
    endloop
  endfacet
  facet normal -0.186029 0.0418315 -0.981653
    outer loop
      vertex -0.0184021 0.00348663 -0.0235062
      vertex -0.0256615 0.00486183 -0.0220719
      vertex -0.0253038 0.00645256 -0.0220719
    endloop
  endfacet
  facet normal 0.237977 0.0863012 -0.967429
    outer loop
      vertex 0.0317764 0.0102549 -0.0201674
      vertex 0.0242891 0.009552 -0.0220719
      vertex 0.031065 0.0122166 -0.0201674
    endloop
  endfacet
  facet normal 0.23217 0.101057 -0.967411
    outer loop
      vertex 0.0242891 0.009552 -0.0220719
      vertex 0.0236378 0.0110483 -0.0220719
      vertex 0.031065 0.0122166 -0.0201674
    endloop
  endfacet
  facet normal 0.0360334 0.0531449 -0.997936
    outer loop
      vertex 0.00221062 0.00302219 -0.0249463
      vertex 0.00201511 0.00315475 -0.0249463
      vertex 0.00662422 0.00905609 -0.0244656
    endloop
  endfacet
  facet normal 0.155027 0.201187 -0.967208
    outer loop
      vertex 0.0212965 0.0255718 -0.0201674
      vertex 0.0166521 0.0199947 -0.0220719
      vertex 0.0196381 0.0268497 -0.0201674
    endloop
  endfacet
  facet normal 0.192371 0.24965 -0.949035
    outer loop
      vertex 0.0212965 0.0255718 -0.0201674
      vertex 0.0196381 0.0268497 -0.0201674
      vertex 0.0258579 0.0310478 -0.0178023
    endloop
  endfacet
  facet normal 0.00199071 0.0643233 -0.997927
    outer loop
      vertex 0.000707626 0.0111723 -0.0244656
      vertex 0 0.0037365 -0.0249463
      vertex 0 0.0111942 -0.0244656
    endloop
  endfacet
  facet normal 0.369236 0.0588565 -0.92747
    outer loop
      vertex 0.0471869 0.00592041 -0.0149842
      vertex 0.040247 0.00504971 -0.0178023
      vertex 0.0467196 0.00885201 -0.0149842
    endloop
  endfacet
  facet normal 0.426764 0.0680265 -0.901801
    outer loop
      vertex 0.0467196 0.00885201 -0.0149842
      vertex 0.0509996 0.00849482 -0.0129857
      vertex 0.0471869 0.00592041 -0.0149842
    endloop
  endfacet
  facet normal 0.426765 0.0680677 -0.901797
    outer loop
      vertex 0.0509996 0.00849482 -0.0129857
      vertex 0.0467196 0.00885201 -0.0149842
      vertex 0.0509996 0.00966334 -0.0128975
    endloop
  endfacet
  facet normal 0.312589 0.0296882 -0.949424
    outer loop
      vertex 0.0404863 0.0025301 -0.0178023
      vertex 0.0333452 0.00208378 -0.0201674
      vertex 0.040247 0.00504971 -0.0178023
    endloop
  endfacet
  facet normal 0.372158 0.0353457 -0.927496
    outer loop
      vertex 0.0404863 0.0025301 -0.0178023
      vertex 0.040247 0.00504971 -0.0178023
      vertex 0.0474682 0.00296593 -0.0149842
    endloop
  endfacet
  facet normal 0.0118213 0.37579 -0.92663
    outer loop
      vertex 0.00254631 0.0402155 -0.0178023
      vertex 0 0.0402956 -0.0178023
      vertex 0.00298595 0.0471506 -0.0149842
    endloop
  endfacet
  facet normal 0.00993177 0.315722 -0.9488
    outer loop
      vertex 0.00209713 0.0331221 -0.0201674
      vertex 0 0.0402956 -0.0178023
      vertex 0.00254631 0.0402155 -0.0178023
    endloop
  endfacet
  facet normal -0.0396366 0.251412 -0.967068
    outer loop
      vertex -0.00489521 0.0254898 -0.0220719
      vertex -0.00625992 0.0326004 -0.0201674
      vertex -0.00327396 0.0257454 -0.0220719
    endloop
  endfacet
  facet normal -0.0551686 0.248433 -0.967077
    outer loop
      vertex -0.00489521 0.0254898 -0.0220719
      vertex -0.00830841 0.0321455 -0.0201674
      vertex -0.00625992 0.0326004 -0.0201674
    endloop
  endfacet
  facet normal -0.37218 0.0354357 -0.927484
    outer loop
      vertex -0.040247 0.00504971 -0.0178023
      vertex -0.0474682 0.00296593 -0.0149842
      vertex -0.0471869 0.00592041 -0.0149842
    endloop
  endfacet
  facet normal -0.43015 0.0409309 -0.901829
    outer loop
      vertex -0.0509996 0.00455697 -0.0132276
      vertex -0.0474682 0.00296593 -0.0149842
      vertex -0.0509996 0.00318652 -0.0132898
    endloop
  endfacet
  facet normal -0.430141 0.0409543 -0.901832
    outer loop
      vertex -0.0474682 0.00296593 -0.0149842
      vertex -0.0509996 0.00455697 -0.0132276
      vertex -0.0471869 0.00592041 -0.0149842
    endloop
  endfacet
  facet normal -0.199908 0.155967 -0.967322
    outer loop
      vertex -0.0211344 0.0152521 -0.0220719
      vertex -0.02703 0.0195074 -0.0201674
      vertex -0.0201292 0.0165405 -0.0220719
    endloop
  endfacet
  facet normal -0.15066 0.117544 -0.981573
    outer loop
      vertex -0.0151558 0.0109377 -0.0235062
      vertex -0.0211344 0.0152521 -0.0220719
      vertex -0.0201292 0.0165405 -0.0220719
    endloop
  endfacet
  facet normal -0.357207 0.244406 -0.901482
    outer loop
      vertex -0.0384779 0.0277691 -0.0149842
      vertex -0.0459051 0.0289373 -0.0117245
      vertex -0.0439854 0.031743 -0.0117245
    endloop
  endfacet
  facet normal -0.341296 0.266401 -0.901414
    outer loop
      vertex -0.0384779 0.0277691 -0.0149842
      vertex -0.0439854 0.031743 -0.0117245
      vertex -0.0418921 0.0344248 -0.0117245
    endloop
  endfacet
  facet normal -0.358475 0.409301 -0.839028
    outer loop
      vertex -0.0417309 0.0441418 -0.00803665
      vertex -0.0460796 0.0487413 -0.0039349
      vertex -0.0388584 0.0466576 -0.00803665
    endloop
  endfacet
  facet normal -0.322718 0.368474 -0.871826
    outer loop
      vertex -0.0372181 0.0393686 -0.0117245
      vertex -0.0417309 0.0441418 -0.00803665
      vertex -0.0388584 0.0466576 -0.00803665
    endloop
  endfacet
  facet normal 0.127487 0.0040595 -0.991832
    outer loop
      vertex 0.018734 0 -0.0235062
      vertex 0.0112476 0.000702858 -0.0244656
      vertex 0.0186968 0.00116825 -0.0235062
    endloop
  endfacet
  facet normal 0.126986 0.0120713 -0.991831
    outer loop
      vertex 0.0186968 0.00116825 -0.0235062
      vertex 0.0112476 0.000702858 -0.0244656
      vertex 0.0185862 0.00233173 -0.0235062
    endloop
  endfacet
  facet normal 0.0290517 0.0573202 -0.997933
    outer loop
      vertex 0.00181198 0.00327396 -0.0249463
      vertex 0.00160122 0.00338078 -0.0249463
      vertex 0.00542927 0.00980949 -0.0244656
    endloop
  endfacet
  facet normal 0.186029 0.0418315 -0.981653
    outer loop
      vertex 0.0256615 0.00486183 -0.0220719
      vertex 0.0184021 0.00348663 -0.0235062
      vertex 0.0253038 0.00645256 -0.0220719
    endloop
  endfacet
  facet normal 0.188269 0.0300116 -0.981659
    outer loop
      vertex 0.0185862 0.00233173 -0.0235062
      vertex 0.0184021 0.00348663 -0.0235062
      vertex 0.0256615 0.00486183 -0.0220719
    endloop
  endfacet
  facet normal 0.190519 0.00606659 -0.981665
    outer loop
      vertex 0.018734 0 -0.0235062
      vertex 0.0186968 0.00116825 -0.0235062
      vertex 0.0260725 0.00162888 -0.0220719
    endloop
  endfacet
  facet normal -0.0623815 0.0140335 -0.997954
    outer loop
      vertex -0.00369453 0.000699997 -0.0249463
      vertex -0.0109158 0.00278378 -0.0244656
      vertex -0.00364304 0.000928879 -0.0249463
    endloop
  endfacet
  facet normal -0.0623808 0.014036 -0.997954
    outer loop
      vertex -0.0109158 0.00278378 -0.0244656
      vertex -0.00369453 0.000699997 -0.0249463
      vertex -0.0110703 0.00209713 -0.0244656
    endloop
  endfacet
  facet normal -0.0613836 0.0179484 -0.997953
    outer loop
      vertex -0.00364304 0.000928879 -0.0249463
      vertex -0.0107183 0.00345898 -0.0244656
      vertex -0.00357723 0.00115395 -0.0249463
    endloop
  endfacet
  facet normal -0.0613814 0.0179544 -0.997953
    outer loop
      vertex -0.0107183 0.00345898 -0.0244656
      vertex -0.00364304 0.000928879 -0.0249463
      vertex -0.0109158 0.00278378 -0.0244656
    endloop
  endfacet
  facet normal -0.0587061 0.0254567 -0.997951
    outer loop
      vertex -0.00349712 0.0013752 -0.0249463
      vertex -0.010478 0.00412083 -0.0244656
      vertex -0.00340366 0.00159073 -0.0249463
    endloop
  endfacet
  facet normal -0.0505207 0.0394295 -0.997944
    outer loop
      vertex -0.00289822 0.00238132 -0.0249463
      vertex -0.00911713 0.0065794 -0.0244656
      vertex -0.0086832 0.00713539 -0.0244656
    endloop
  endfacet
  facet normal 0.0550382 0.0327104 -0.997948
    outer loop
      vertex 0.0032959 0.00179958 -0.0249463
      vertex 0.00317574 0.00200176 -0.0249463
      vertex 0.00987625 0.00539303 -0.0244656
    endloop
  endfacet
  facet normal 0.12748 0.00399024 -0.991833
    outer loop
      vertex 0.0112696 0 -0.0244656
      vertex 0.0112476 0.000702858 -0.0244656
      vertex 0.018734 0 -0.0235062
    endloop
  endfacet
  facet normal -0.0290517 0.0573202 -0.997933
    outer loop
      vertex -0.00181198 0.00327396 -0.0249463
      vertex -0.00542927 0.00980949 -0.0244656
      vertex -0.00160122 0.00338078 -0.0249463
    endloop
  endfacet
  facet normal -0.0631203 0.0101322 -0.997954
    outer loop
      vertex -0.00373173 0.000468254 -0.0249463
      vertex -0.0110703 0.00209713 -0.0244656
      vertex -0.00369453 0.000699997 -0.0249463
    endloop
  endfacet
  facet normal 0.0584471 0.371398 -0.926632
    outer loop
      vertex 0.00891209 0.0464067 -0.0149842
      vertex 0.00508404 0.039978 -0.0178023
      vertex 0.00596046 0.0468712 -0.0149842
    endloop
  endfacet
  facet normal 0.2646 0.343411 -0.901142
    outer loop
      vertex 0.0303164 0.0364017 -0.0149842
      vertex 0.027956 0.0382204 -0.0149842
      vertex 0.0319567 0.0436916 -0.0117245
    endloop
  endfacet
  facet normal 0.345089 0.347289 -0.871954
    outer loop
      vertex 0.0396328 0.0369692 -0.0117245
      vertex 0.0372181 0.0393686 -0.0117245
      vertex 0.0444393 0.0414524 -0.00803665
    endloop
  endfacet
  facet normal 0.03596 0.0532022 -0.997936
    outer loop
      vertex 0.00662422 0.00905609 -0.0244656
      vertex 0.00201511 0.00315475 -0.0249463
      vertex 0.00603867 0.00945187 -0.0244656
    endloop
  endfacet
  facet normal -0.11998 0.0435639 -0.99182
    outer loop
      vertex -0.0107183 0.00345898 -0.0244656
      vertex -0.0178175 0.0057497 -0.0235062
      vertex -0.0174179 0.00685024 -0.0235062
    endloop
  endfacet
  facet normal -0.122477 0.0358253 -0.991825
    outer loop
      vertex -0.0109158 0.00278378 -0.0244656
      vertex -0.0178175 0.0057497 -0.0235062
      vertex -0.0107183 0.00345898 -0.0244656
    endloop
  endfacet
  facet normal -0.056955 0.0292106 -0.997949
    outer loop
      vertex -0.00340366 0.00159073 -0.0249463
      vertex -0.0101976 0.00476646 -0.0244656
      vertex -0.00987625 0.00539303 -0.0244656
    endloop
  endfacet
  facet normal 0.0613814 0.0179544 -0.997953
    outer loop
      vertex 0.00364304 0.000928879 -0.0249463
      vertex 0.0107183 0.00345898 -0.0244656
      vertex 0.0109158 0.00278378 -0.0244656
    endloop
  endfacet
  facet normal 0.0613836 0.0179484 -0.997953
    outer loop
      vertex 0.0107183 0.00345898 -0.0244656
      vertex 0.00364304 0.000928879 -0.0249463
      vertex 0.00357723 0.00115395 -0.0249463
    endloop
  endfacet
  facet normal 0.052843 0.03621 -0.997946
    outer loop
      vertex 0.00951576 0.00599766 -0.0244656
      vertex 0.00304317 0.00219536 -0.0249463
      vertex 0.00911713 0.0065794 -0.0244656
    endloop
  endfacet
  facet normal -0.109743 0.0654304 -0.991804
    outer loop
      vertex -0.00987625 0.00539303 -0.0244656
      vertex -0.0158176 0.00997066 -0.0235062
      vertex -0.00951576 0.00599766 -0.0244656
    endloop
  endfacet
  facet normal -0.0901827 0.0907934 -0.991778
    outer loop
      vertex -0.00771427 0.00816059 -0.0244656
      vertex -0.0136566 0.0127382 -0.0235062
      vertex -0.0128241 0.0135651 -0.0235062
    endloop
  endfacet
  facet normal -0.0956456 0.0849286 -0.991786
    outer loop
      vertex -0.00821495 0.00766277 -0.0244656
      vertex -0.0144348 0.0118618 -0.0235062
      vertex -0.0136566 0.0127382 -0.0235062
    endloop
  endfacet
  facet normal -0.0432743 0.120782 -0.991735
    outer loop
      vertex -0.00414848 0.0104084 -0.0244656
      vertex -0.00689602 0.0173016 -0.0235062
      vertex -0.0057888 0.0176983 -0.0235062
    endloop
  endfacet
  facet normal -0.0505648 0.117877 -0.99174
    outer loop
      vertex -0.00414848 0.0104084 -0.0244656
      vertex -0.00797653 0.0168381 -0.0235062
      vertex -0.00689602 0.0173016 -0.0235062
    endloop
  endfacet
  facet normal -0.0969645 0.165183 -0.981485
    outer loop
      vertex -0.0100384 0.0157118 -0.0235062
      vertex -0.0125847 0.0227394 -0.0220719
      vertex -0.00902462 0.0163069 -0.0235062
    endloop
  endfacet
  facet normal -0.0866197 0.170906 -0.981472
    outer loop
      vertex -0.00902462 0.0163069 -0.0235062
      vertex -0.0125847 0.0227394 -0.0220719
      vertex -0.00797653 0.0168381 -0.0235062
    endloop
  endfacet
  facet normal -0.0865456 0.170963 -0.981469
    outer loop
      vertex -0.00797653 0.0168381 -0.0235062
      vertex -0.0125847 0.0227394 -0.0220719
      vertex -0.0111227 0.0234795 -0.0220719
    endloop
  endfacet
  facet normal -0.11482 0.226817 -0.967145
    outer loop
      vertex -0.0125847 0.0227394 -0.0220719
      vertex -0.014226 0.0300293 -0.0201674
      vertex -0.0111227 0.0234795 -0.0220719
    endloop
  endfacet
  facet normal 0.0842588 0.0963704 -0.991773
    outer loop
      vertex 0.00771427 0.00816059 -0.0244656
      vertex 0.00718307 0.00862503 -0.0244656
      vertex 0.011941 0.0143385 -0.0235062
    endloop
  endfacet
  facet normal -0.00598165 0.0640677 -0.997928
    outer loop
      vertex -0.000471115 0.00370693 -0.0249463
      vertex -0.00141239 0.0111065 -0.0244656
      vertex -0.000707626 0.0111723 -0.0244656
    endloop
  endfacet
  facet normal -0.0717228 0.106171 -0.991758
    outer loop
      vertex -0.00603867 0.00945187 -0.0244656
      vertex -0.0110111 0.0150547 -0.0235062
      vertex -0.0100384 0.0157118 -0.0235062
    endloop
  endfacet
  facet normal -0.0648867 0.110538 -0.991752
    outer loop
      vertex -0.00603867 0.00945187 -0.0244656
      vertex -0.0100384 0.0157118 -0.0235062
      vertex -0.00902462 0.0163069 -0.0235062
    endloop
  endfacet
  facet normal 0.134766 0.135679 -0.981544
    outer loop
      vertex 0.0136566 0.0127382 -0.0235062
      vertex 0.0128241 0.0135651 -0.0235062
      vertex 0.0178833 0.0189161 -0.0220719
    endloop
  endfacet
  facet normal 0.0479731 0.0425294 -0.997943
    outer loop
      vertex 0.00289822 0.00238132 -0.0249463
      vertex 0.00274181 0.00255775 -0.0249463
      vertex 0.0086832 0.00713539 -0.0244656
    endloop
  endfacet
  facet normal 0.0601473 0.0217781 -0.997952
    outer loop
      vertex 0.00357723 0.00115395 -0.0249463
      vertex 0.00349712 0.0013752 -0.0249463
      vertex 0.0107183 0.00345898 -0.0244656
    endloop
  endfacet
  facet normal -0.0101131 0.0635365 -0.997928
    outer loop
      vertex -0.000704765 0.00366974 -0.0249463
      vertex -0.00211143 0.0109959 -0.0244656
      vertex -0.000471115 0.00370693 -0.0249463
    endloop
  endfacet
  facet normal -0.00596737 0.0640682 -0.997928
    outer loop
      vertex -0.000471115 0.00370693 -0.0249463
      vertex -0.000707626 0.0111723 -0.0244656
      vertex -0.000235558 0.00372887 -0.0249463
    endloop
  endfacet
  facet normal 0.0623808 0.014036 -0.997954
    outer loop
      vertex 0.00369453 0.000699997 -0.0249463
      vertex 0.0109158 0.00278378 -0.0244656
      vertex 0.0110703 0.00209713 -0.0244656
    endloop
  endfacet
  facet normal 0.0623815 0.0140335 -0.997954
    outer loop
      vertex 0.0109158 0.00278378 -0.0244656
      vertex 0.00369453 0.000699997 -0.0249463
      vertex 0.00364304 0.000928879 -0.0249463
    endloop
  endfacet
  facet normal 0.167278 0.190993 -0.967233
    outer loop
      vertex 0.022871 0.0241928 -0.0201674
      vertex 0.0166521 0.0199947 -0.0220719
      vertex 0.0212965 0.0255718 -0.0201674
    endloop
  endfacet
  facet normal 0.189765 0.168361 -0.967287
    outer loop
      vertex 0.0257435 0.0211544 -0.0201674
      vertex 0.0201292 0.0165405 -0.0220719
      vertex 0.0243559 0.0227184 -0.0201674
    endloop
  endfacet
  facet normal 0.169841 0.0870896 -0.981616
    outer loop
      vertex 0.0236378 0.0110483 -0.0220719
      vertex 0.0169506 0.00792313 -0.0235062
      vertex 0.022893 0.0125008 -0.0220719
    endloop
  endfacet
  facet normal 0.157622 0.107869 -0.98159
    outer loop
      vertex 0.0158176 0.00997066 -0.0235062
      vertex 0.0151558 0.0109377 -0.0235062
      vertex 0.0220575 0.0139046 -0.0220719
    endloop
  endfacet
  facet normal 0.0421411 0.0483818 -0.99794
    outer loop
      vertex 0.00257492 0.00272369 -0.0249463
      vertex 0.00239754 0.00287819 -0.0249463
      vertex 0.00718307 0.00862503 -0.0244656
    endloop
  endfacet
  facet normal 0.0638842 0.0020777 -0.997955
    outer loop
      vertex 0.00376129 0 -0.0249463
      vertex 0.00375366 0.000234604 -0.0249463
      vertex 0.0112476 0.000702858 -0.0244656
    endloop
  endfacet
  facet normal 0.0636408 0.00597322 -0.997955
    outer loop
      vertex 0.00375366 0.000234604 -0.0249463
      vertex 0.00373173 0.000468254 -0.0249463
      vertex 0.0112476 0.000702858 -0.0244656
    endloop
  endfacet
  facet normal 0.00602073 0.191765 -0.981422
    outer loop
      vertex 0.00164032 0.025898 -0.0220719
      vertex 0 0.018609 -0.0235062
      vertex 0 0.0259495 -0.0220719
    endloop
  endfacet
  facet normal 0.00798851 0.254441 -0.967055
    outer loop
      vertex 0.00164032 0.025898 -0.0220719
      vertex 0 0.0259495 -0.0220719
      vertex 0.00209713 0.0331221 -0.0201674
    endloop
  endfacet
  facet normal -0.023675 0.25345 -0.967059
    outer loop
      vertex -0.00164032 0.025898 -0.0220719
      vertex -0.00327396 0.0257454 -0.0220719
      vertex -0.00209713 0.0331221 -0.0201674
    endloop
  endfacet
  facet normal -0.00798851 0.254441 -0.967055
    outer loop
      vertex -0.00164032 0.025898 -0.0220719
      vertex -0.00209713 0.0331221 -0.0201674
      vertex 0 0.0259495 -0.0220719
    endloop
  endfacet
  facet normal 0.0491103 0.311997 -0.948813
    outer loop
      vertex 0.00625992 0.0326004 -0.0201674
      vertex 0.00418758 0.0329266 -0.0201674
      vertex 0.00508404 0.039978 -0.0178023
    endloop
  endfacet
  facet normal 0.0294328 0.314495 -0.948803
    outer loop
      vertex 0.00418758 0.0329266 -0.0201674
      vertex 0.00254631 0.0402155 -0.0178023
      vertex 0.00508404 0.039978 -0.0178023
    endloop
  endfacet
  facet normal 0.332185 0.431107 -0.838928
    outer loop
      vertex 0.0422917 0.0512991 -0.00429204
      vertex 0.0358324 0.0489893 -0.00803665
      vertex 0.0375217 0.0512991 -0.00618079
    endloop
  endfacet
  facet normal 0.190143 0.323704 -0.926856
    outer loop
      vertex 0.0217361 0.0340223 -0.0178023
      vertex 0.0195427 0.0353107 -0.0178023
      vertex 0.022913 0.0414 -0.0149842
    endloop
  endfacet
  facet normal 0.0415347 0.187244 -0.981435
    outer loop
      vertex 0.0046587 0.0180244 -0.0235062
      vertex 0.00351048 0.0182791 -0.0235062
      vertex 0.00489521 0.0254898 -0.0220719
    endloop
  endfacet
  facet normal 0.0551858 0.248425 -0.967078
    outer loop
      vertex 0.00649643 0.0251341 -0.0220719
      vertex 0.00489521 0.0254898 -0.0220719
      vertex 0.00830841 0.0321455 -0.0201674
    endloop
  endfacet
  facet normal 0.403681 0.276205 -0.872211
    outer loop
      vertex 0.0459051 0.0289373 -0.0117245
      vertex 0.0439854 0.031743 -0.0117245
      vertex 0.0493193 0.035593 -0.00803665
    endloop
  endfacet
  facet normal 0.403695 0.276181 -0.872212
    outer loop
      vertex 0.0509996 0.0321492 -0.0083494
      vertex 0.0493193 0.035593 -0.00803665
      vertex 0.0509996 0.0331369 -0.00803665
    endloop
  endfacet
  facet normal 0.403708 0.276187 -0.872204
    outer loop
      vertex 0.0493193 0.035593 -0.00803665
      vertex 0.0509996 0.0321492 -0.0083494
      vertex 0.0459051 0.0289373 -0.0117245
    endloop
  endfacet
  facet normal 0.396397 0.172795 -0.901672
    outer loop
      vertex 0.0442219 0.0173912 -0.0149842
      vertex 0.0430346 0.0201149 -0.0149842
      vertex 0.0491943 0.022994 -0.0117245
    endloop
  endfacet
  facet normal 0.420166 0.250163 -0.872284
    outer loop
      vertex 0.0459051 0.0289373 -0.0117245
      vertex 0.0509996 0.031654 -0.00849143
      vertex 0.0476437 0.0260172 -0.0117245
    endloop
  endfacet
  facet normal 0.420155 0.250183 -0.872283
    outer loop
      vertex 0.0509996 0.031654 -0.00849143
      vertex 0.0459051 0.0289373 -0.0117245
      vertex 0.0509996 0.0321492 -0.0083494
    endloop
  endfacet
  facet normal 0.264282 0.265957 -0.92705
    outer loop
      vertex 0.0346708 0.03234 -0.0149842
      vertex 0.0295715 0.0275841 -0.0178023
      vertex 0.0325584 0.0344391 -0.0149842
    endloop
  endfacet
  facet normal 0.248058 0.193668 -0.949189
    outer loop
      vertex 0.0328188 0.0236845 -0.0178023
      vertex 0.02703 0.0195074 -0.0201674
      vertex 0.0312567 0.0256853 -0.0178023
    endloop
  endfacet
  facet normal 0.190193 0.323694 -0.926849
    outer loop
      vertex 0.0254841 0.0398893 -0.0149842
      vertex 0.0217361 0.0340223 -0.0178023
      vertex 0.022913 0.0414 -0.0149842
    endloop
  endfacet
  facet normal 0.0579637 0.114366 -0.991746
    outer loop
      vertex 0.00902462 0.0163069 -0.0235062
      vertex 0.00542927 0.00980949 -0.0244656
      vertex 0.00797653 0.0168381 -0.0235062
    endloop
  endfacet
  facet normal 0.295427 0.107032 -0.949351
    outer loop
      vertex 0.0385809 0.0124512 -0.0178023
      vertex 0.0317764 0.0102549 -0.0201674
      vertex 0.0377178 0.0148335 -0.0178023
    endloop
  endfacet
  facet normal 0.351708 0.127423 -0.927397
    outer loop
      vertex 0.0385809 0.0124512 -0.0178023
      vertex 0.0377178 0.0148335 -0.0178023
      vertex 0.0452337 0.0145988 -0.0149842
    endloop
  endfacet
  facet normal -0.252852 0.00799436 -0.967472
    outer loop
      vertex -0.026124 0 -0.0220719
      vertex -0.0333452 0.00208378 -0.0201674
      vertex -0.0260725 0.00162888 -0.0220719
    endloop
  endfacet
  facet normal -0.12748 0.00399024 -0.991833
    outer loop
      vertex -0.0112696 0 -0.0244656
      vertex -0.018734 0 -0.0235062
      vertex -0.0112476 0.000702858 -0.0244656
    endloop
  endfacet
  facet normal -0.0638915 0.00199985 -0.997955
    outer loop
      vertex -0.00376129 0 -0.0249463
      vertex -0.0112696 0 -0.0244656
      vertex -0.0112476 0.000702858 -0.0244656
    endloop
  endfacet
  facet normal -0.373629 0.0118287 -0.927503
    outer loop
      vertex -0.0405664 0 -0.0178023
      vertex -0.0474682 0.00296593 -0.0149842
      vertex -0.0404863 0.0025301 -0.0178023
    endloop
  endfacet
  facet normal -0.306413 0.0689722 -0.949397
    outer loop
      vertex -0.032362 0.0082531 -0.0201674
      vertex -0.0398483 0.00755024 -0.0178023
      vertex -0.0392923 0.0100203 -0.0178023
    endloop
  endfacet
  facet normal -0.301503 0.0882006 -0.949377
    outer loop
      vertex -0.032362 0.0082531 -0.0201674
      vertex -0.0392923 0.0100203 -0.0178023
      vertex -0.0317764 0.0102549 -0.0201674
    endloop
  endfacet
  facet normal -0.251847 0.0239722 -0.96747
    outer loop
      vertex -0.0260725 0.00162888 -0.0220719
      vertex -0.0331478 0.00415897 -0.0201674
      vertex -0.025918 0.00325203 -0.0220719
    endloop
  endfacet
  facet normal -0.246882 0.0555152 -0.967454
    outer loop
      vertex -0.0256615 0.00486183 -0.0220719
      vertex -0.0328197 0.00621796 -0.0201674
      vertex -0.0253038 0.00645256 -0.0220719
    endloop
  endfacet
  facet normal 0.288136 0.125476 -0.949333
    outer loop
      vertex 0.031065 0.0122166 -0.0201674
      vertex 0.0302315 0.0141306 -0.0201674
      vertex 0.0377178 0.0148335 -0.0178023
    endloop
  endfacet
  facet normal 0.295368 0.107114 -0.94936
    outer loop
      vertex 0.0317764 0.0102549 -0.0201674
      vertex 0.031065 0.0122166 -0.0201674
      vertex 0.0377178 0.0148335 -0.0178023
    endloop
  endfacet
  facet normal 0.029873 0.189482 -0.98143
    outer loop
      vertex 0.00351048 0.0182791 -0.0235062
      vertex 0.00327396 0.0257454 -0.0220719
      vertex 0.00489521 0.0254898 -0.0220719
    endloop
  endfacet
  facet normal -0.0422362 0.0483074 -0.997939
    outer loop
      vertex -0.00257492 0.00272369 -0.0249463
      vertex -0.00771427 0.00816059 -0.0244656
      vertex -0.00718307 0.00862503 -0.0244656
    endloop
  endfacet
  facet normal 0.0631368 0.0100578 -0.997954
    outer loop
      vertex 0.0111809 0.00140285 -0.0244656
      vertex 0.00373173 0.000468254 -0.0249463
      vertex 0.0110703 0.00209713 -0.0244656
    endloop
  endfacet
  facet normal 0.0636379 0.00606385 -0.997955
    outer loop
      vertex 0.0112476 0.000702858 -0.0244656
      vertex 0.00373173 0.000468254 -0.0249463
      vertex 0.0111809 0.00140285 -0.0244656
    endloop
  endfacet
  facet normal -0.0118213 0.37579 -0.92663
    outer loop
      vertex -0.00254631 0.0402155 -0.0178023
      vertex -0.00298595 0.0471506 -0.0149842
      vertex 0 0.0402956 -0.0178023
    endloop
  endfacet
  facet normal -0.00993177 0.315722 -0.9488
    outer loop
      vertex -0.00209713 0.0331221 -0.0201674
      vertex -0.00254631 0.0402155 -0.0178023
      vertex 0 0.0402956 -0.0178023
    endloop
  endfacet
  facet normal -0.0705418 0.244457 -0.967091
    outer loop
      vertex -0.00807285 0.0246792 -0.0220719
      vertex -0.0103245 0.0315638 -0.0201674
      vertex -0.00649643 0.0251341 -0.0220719
    endloop
  endfacet
  facet normal -0.0705342 0.244461 -0.96709
    outer loop
      vertex -0.00649643 0.0251341 -0.0220719
      vertex -0.0103245 0.0315638 -0.0201674
      vertex -0.00830841 0.0321455 -0.0201674
    endloop
  endfacet
  facet normal -0.259627 0.177657 -0.949227
    outer loop
      vertex -0.02703 0.0195074 -0.0201674
      vertex -0.0342512 0.0215912 -0.0178023
      vertex -0.0328188 0.0236845 -0.0178023
    endloop
  endfacet
  facet normal -0.309081 0.211497 -0.927221
    outer loop
      vertex -0.0342512 0.0215912 -0.0178023
      vertex -0.0384779 0.0277691 -0.0149842
      vertex -0.0328188 0.0236845 -0.0178023
    endloop
  endfacet
  facet normal 0.190528 0.00602388 -0.981663
    outer loop
      vertex 0.026124 0 -0.0220719
      vertex 0.018734 0 -0.0235062
      vertex 0.0260725 0.00162888 -0.0220719
    endloop
  endfacet
  facet normal 0.419999 0.422841 -0.802998
    outer loop
      vertex 0.0460796 0.0487413 -0.0039349
      vertex 0.0509996 0.047572 -0.00197728
      vertex 0.0490694 0.0457716 -0.0039349
    endloop
  endfacet
  facet normal 0.419998 0.422827 -0.803006
    outer loop
      vertex 0.0509996 0.047572 -0.00197728
      vertex 0.0460796 0.0487413 -0.0039349
      vertex 0.0509996 0.0495159 -0.00095371
    endloop
  endfacet
  facet normal 0.445585 0.395542 -0.803119
    outer loop
      vertex 0.0509996 0.0435972 -0.0039349
      vertex 0.0490694 0.0457716 -0.0039349
      vertex 0.0509996 0.047572 -0.00197728
    endloop
  endfacet
  facet normal -0.0421411 0.0483818 -0.99794
    outer loop
      vertex -0.00257492 0.00272369 -0.0249463
      vertex -0.00718307 0.00862503 -0.0244656
      vertex -0.00239754 0.00287819 -0.0249463
    endloop
  endfacet
  facet normal 0.0325134 0.0554043 -0.997934
    outer loop
      vertex 0.00201511 0.00315475 -0.0249463
      vertex 0.00542927 0.00980949 -0.0244656
      vertex 0.00603867 0.00945187 -0.0244656
    endloop
  endfacet
  facet normal 0.0325145 0.0554037 -0.997934
    outer loop
      vertex 0.00542927 0.00980949 -0.0244656
      vertex 0.00201511 0.00315475 -0.0249463
      vertex 0.00181198 0.00327396 -0.0249463
    endloop
  endfacet
  facet normal -0.119981 0.0435618 -0.99182
    outer loop
      vertex -0.0107183 0.00345898 -0.0244656
      vertex -0.0174179 0.00685024 -0.0235062
      vertex -0.010478 0.00412083 -0.0244656
    endloop
  endfacet
  facet normal -0.117109 0.0508611 -0.991816
    outer loop
      vertex -0.010478 0.00412083 -0.0244656
      vertex -0.0174179 0.00685024 -0.0235062
      vertex -0.0101976 0.00476646 -0.0244656
    endloop
  endfacet
  facet normal -0.169833 0.0871008 -0.981616
    outer loop
      vertex -0.0169506 0.00792313 -0.0235062
      vertex -0.022893 0.0125008 -0.0220719
      vertex -0.0164165 0.00896454 -0.0235062
    endloop
  endfacet
  facet normal -0.113658 0.0582911 -0.991808
    outer loop
      vertex -0.0101976 0.00476646 -0.0244656
      vertex -0.0169506 0.00792313 -0.0235062
      vertex -0.0164165 0.00896454 -0.0235062
    endloop
  endfacet
  facet normal -0.0216522 0.0605444 -0.997931
    outer loop
      vertex -0.00116158 0.00355339 -0.0249463
      vertex -0.00414848 0.0104084 -0.0244656
      vertex -0.00348186 0.0106468 -0.0244656
    endloop
  endfacet
  facet normal -0.0391729 0.0508486 -0.997938
    outer loop
      vertex -0.00239754 0.00287819 -0.0249463
      vertex -0.00662422 0.00905609 -0.0244656
      vertex -0.00221062 0.00302219 -0.0249463
    endloop
  endfacet
  facet normal -0.105431 0.0722454 -0.991799
    outer loop
      vertex -0.00951576 0.00599766 -0.0244656
      vertex -0.0151558 0.0109377 -0.0235062
      vertex -0.00911713 0.0065794 -0.0244656
    endloop
  endfacet
  facet normal -0.105482 0.0721873 -0.991798
    outer loop
      vertex -0.00951576 0.00599766 -0.0244656
      vertex -0.0158176 0.00997066 -0.0235062
      vertex -0.0151558 0.0109377 -0.0235062
    endloop
  endfacet
  facet normal -0.0479434 0.0425679 -0.997943
    outer loop
      vertex -0.00274181 0.00255775 -0.0249463
      vertex -0.0086832 0.00713539 -0.0244656
      vertex -0.00821495 0.00766277 -0.0244656
    endloop
  endfacet
  facet normal -0.107159 0.158675 -0.981498
    outer loop
      vertex -0.0100384 0.0157118 -0.0235062
      vertex -0.0153551 0.0209932 -0.0220719
      vertex -0.013998 0.0219097 -0.0220719
    endloop
  endfacet
  facet normal -0.107179 0.158656 -0.981499
    outer loop
      vertex -0.0110111 0.0150547 -0.0235062
      vertex -0.0153551 0.0209932 -0.0220719
      vertex -0.0100384 0.0157118 -0.0235062
    endloop
  endfacet
  facet normal -0.0392045 0.0508269 -0.997938
    outer loop
      vertex -0.00239754 0.00287819 -0.0249463
      vertex -0.00718307 0.00862503 -0.0244656
      vertex -0.00662422 0.00905609 -0.0244656
    endloop
  endfacet
  facet normal -0.0648717 0.110544 -0.991752
    outer loop
      vertex -0.00603867 0.00945187 -0.0244656
      vertex -0.00902462 0.0163069 -0.0235062
      vertex -0.00542927 0.00980949 -0.0244656
    endloop
  endfacet
  facet normal -0.078215 0.101402 -0.991766
    outer loop
      vertex -0.00718307 0.00862503 -0.0244656
      vertex -0.011941 0.0143385 -0.0235062
      vertex -0.00662422 0.00905609 -0.0244656
    endloop
  endfacet
  facet normal -0.0781496 0.101468 -0.991765
    outer loop
      vertex -0.00662422 0.00905609 -0.0244656
      vertex -0.011941 0.0143385 -0.0235062
      vertex -0.0110111 0.0150547 -0.0235062
    endloop
  endfacet
  facet normal -0.0252554 0.0591059 -0.997932
    outer loop
      vertex -0.00160122 0.00338078 -0.0249463
      vertex -0.00414848 0.0104084 -0.0244656
      vertex -0.00138474 0.00347328 -0.0249463
    endloop
  endfacet
  facet normal -0.052843 0.03621 -0.997946
    outer loop
      vertex -0.00304317 0.00219536 -0.0249463
      vertex -0.00951576 0.00599766 -0.0244656
      vertex -0.00911713 0.0065794 -0.0244656
    endloop
  endfacet
  facet normal -0.0199727 0.12681 -0.991726
    outer loop
      vertex -0.00141239 0.0111065 -0.0244656
      vertex -0.00351048 0.0182791 -0.0235062
      vertex -0.00234795 0.0184622 -0.0235062
    endloop
  endfacet
  facet normal -0.0298436 0.189481 -0.981431
    outer loop
      vertex -0.00234795 0.0184622 -0.0235062
      vertex -0.00351048 0.0182791 -0.0235062
      vertex -0.00327396 0.0257454 -0.0220719
    endloop
  endfacet
  facet normal 0.00598165 0.0640677 -0.997928
    outer loop
      vertex 0.00141239 0.0111065 -0.0244656
      vertex 0.000471115 0.00370693 -0.0249463
      vertex 0.000707626 0.0111723 -0.0244656
    endloop
  endfacet
  facet normal 0.0587061 0.0254567 -0.997951
    outer loop
      vertex 0.00349712 0.0013752 -0.0249463
      vertex 0.00340366 0.00159073 -0.0249463
      vertex 0.010478 0.00412083 -0.0244656
    endloop
  endfacet
  facet normal 0.105482 0.0721873 -0.991798
    outer loop
      vertex 0.0158176 0.00997066 -0.0235062
      vertex 0.00951576 0.00599766 -0.0244656
      vertex 0.0151558 0.0109377 -0.0235062
    endloop
  endfacet
  facet normal 0.0505207 0.0394295 -0.997944
    outer loop
      vertex 0.00911713 0.0065794 -0.0244656
      vertex 0.00289822 0.00238132 -0.0249463
      vertex 0.0086832 0.00713539 -0.0244656
    endloop
  endfacet
  facet normal 0.100807 0.0786514 -0.991792
    outer loop
      vertex 0.0151558 0.0109377 -0.0235062
      vertex 0.00911713 0.0065794 -0.0244656
      vertex 0.0144348 0.0118618 -0.0235062
    endloop
  endfacet
  facet normal 0.105431 0.0722454 -0.991799
    outer loop
      vertex 0.00951576 0.00599766 -0.0244656
      vertex 0.00911713 0.0065794 -0.0244656
      vertex 0.0151558 0.0109377 -0.0235062
    endloop
  endfacet
  facet normal 0.15066 0.117544 -0.981573
    outer loop
      vertex 0.0211344 0.0152521 -0.0220719
      vertex 0.0151558 0.0109377 -0.0235062
      vertex 0.0201292 0.0165405 -0.0220719
    endloop
  endfacet
  facet normal 0.150658 0.117546 -0.981573
    outer loop
      vertex 0.0151558 0.0109377 -0.0235062
      vertex 0.0144348 0.0118618 -0.0235062
      vertex 0.0201292 0.0165405 -0.0220719
    endloop
  endfacet
  facet normal 0.16407 0.0976496 -0.981604
    outer loop
      vertex 0.022893 0.0125008 -0.0220719
      vertex 0.0164165 0.00896454 -0.0235062
      vertex 0.0220575 0.0139046 -0.0220719
    endloop
  endfacet
  facet normal 0.169833 0.0871008 -0.981616
    outer loop
      vertex 0.0169506 0.00792313 -0.0235062
      vertex 0.0164165 0.00896454 -0.0235062
      vertex 0.022893 0.0125008 -0.0220719
    endloop
  endfacet
  facet normal 0.0874919 0.303389 -0.948842
    outer loop
      vertex 0.0125351 0.0383234 -0.0178023
      vertex 0.00830841 0.0321455 -0.0201674
      vertex 0.010088 0.0390291 -0.0178023
    endloop
  endfacet
  facet normal 0.0684632 0.308301 -0.948822
    outer loop
      vertex 0.00830841 0.0321455 -0.0201674
      vertex 0.00625992 0.0326004 -0.0201674
      vertex 0.010088 0.0390291 -0.0178023
    endloop
  endfacet
  facet normal 0.169569 0.335074 -0.926807
    outer loop
      vertex 0.022913 0.0414 -0.0149842
      vertex 0.017272 0.0364599 -0.0178023
      vertex 0.0202503 0.0427475 -0.0149842
    endloop
  endfacet
  facet normal 0.193597 0.450655 -0.871453
    outer loop
      vertex 0.0214236 0.0512991 -0.0108496
      vertex 0.0200138 0.0502129 -0.0117245
      vertex 0.0204468 0.0512991 -0.0110666
    endloop
  endfacet
  facet normal 0.275861 0.469462 -0.838752
    outer loop
      vertex 0.0326653 0.0511274 -0.00803665
      vertex 0.0323731 0.0512991 -0.00803665
      vertex 0.0327749 0.0512991 -0.0079045
    endloop
  endfacet
  facet normal 0.34502 0.347457 -0.871914
    outer loop
      vertex 0.0444393 0.0414524 -0.00803665
      vertex 0.0372181 0.0393686 -0.0117245
      vertex 0.0417309 0.0441418 -0.00803665
    endloop
  endfacet
  facet normal 0.0355783 0.123297 -0.991732
    outer loop
      vertex 0.0057888 0.0176983 -0.0235062
      vertex 0.0028019 0.0108433 -0.0244656
      vertex 0.0046587 0.0180244 -0.0235062
    endloop
  endfacet
  facet normal 0.0396366 0.251412 -0.967068
    outer loop
      vertex 0.00489521 0.0254898 -0.0220719
      vertex 0.00327396 0.0257454 -0.0220719
      vertex 0.00625992 0.0326004 -0.0201674
    endloop
  endfacet
  facet normal 0.358484 0.409304 -0.839023
    outer loop
      vertex 0.0460796 0.0487413 -0.0039349
      vertex 0.0427242 0.0512991 -0.00412076
      vertex 0.0431592 0.0512991 -0.0039349
    endloop
  endfacet
  facet normal 0.358478 0.409295 -0.83903
    outer loop
      vertex 0.0427242 0.0512991 -0.00412076
      vertex 0.0460796 0.0487413 -0.0039349
      vertex 0.0388584 0.0466576 -0.00803665
    endloop
  endfacet
  facet normal 0.383339 0.385934 -0.839111
    outer loop
      vertex 0.0490694 0.0457716 -0.0039349
      vertex 0.0444393 0.0414524 -0.00803665
      vertex 0.0460796 0.0487413 -0.0039349
    endloop
  endfacet
  facet normal 0.435015 0.223122 -0.872341
    outer loop
      vertex 0.0509996 0.0259124 -0.0100778
      vertex 0.0476437 0.0260172 -0.0117245
      vertex 0.0509996 0.0278497 -0.00958229
    endloop
  endfacet
  facet normal 0.420227 0.250117 -0.872267
    outer loop
      vertex 0.0509996 0.0278497 -0.00958229
      vertex 0.0476437 0.0260172 -0.0117245
      vertex 0.0509996 0.031654 -0.00849143
    endloop
  endfacet
  facet normal 0.396415 0.172777 -0.901667
    outer loop
      vertex 0.0505514 0.0198803 -0.0117245
      vertex 0.0442219 0.0173912 -0.0149842
      vertex 0.0491943 0.022994 -0.0117245
    endloop
  endfacet
  facet normal 0.384874 0.197402 -0.901612
    outer loop
      vertex 0.0491943 0.022994 -0.0117245
      vertex 0.0416784 0.0227594 -0.0149842
      vertex 0.0476437 0.0260172 -0.0117245
    endloop
  endfacet
  facet normal 0.32385 0.287562 -0.901349
    outer loop
      vertex 0.0418921 0.0344248 -0.0117245
      vertex 0.0346708 0.03234 -0.0149842
      vertex 0.0396328 0.0369692 -0.0117245
    endloop
  endfacet
  facet normal 0.323866 0.287519 -0.901357
    outer loop
      vertex 0.0366468 0.0301142 -0.0149842
      vertex 0.0346708 0.03234 -0.0149842
      vertex 0.0418921 0.0344248 -0.0117245
    endloop
  endfacet
  facet normal 0.357213 0.24438 -0.901486
    outer loop
      vertex 0.0401573 0.0253143 -0.0149842
      vertex 0.0384779 0.0277691 -0.0149842
      vertex 0.0459051 0.0289373 -0.0117245
    endloop
  endfacet
  facet normal 0.199908 0.155967 -0.967322
    outer loop
      vertex 0.0211344 0.0152521 -0.0220719
      vertex 0.0201292 0.0165405 -0.0220719
      vertex 0.02703 0.0195074 -0.0201674
    endloop
  endfacet
  facet normal 0.178815 0.180088 -0.967261
    outer loop
      vertex 0.0243559 0.0227184 -0.0201674
      vertex 0.0178833 0.0189161 -0.0220719
      vertex 0.022871 0.0241928 -0.0201674
    endloop
  endfacet
  facet normal 0.12604 0.143917 -0.98153
    outer loop
      vertex 0.0128241 0.0135651 -0.0235062
      vertex 0.011941 0.0143385 -0.0235062
      vertex 0.0166521 0.0199947 -0.0220719
    endloop
  endfacet
  facet normal 0.11482 0.226817 -0.967145
    outer loop
      vertex 0.0125847 0.0227394 -0.0220719
      vertex 0.0111227 0.0234795 -0.0220719
      vertex 0.014226 0.0300293 -0.0201674
    endloop
  endfacet
  facet normal 0.0200595 0.126785 -0.991727
    outer loop
      vertex 0.00211143 0.0109959 -0.0244656
      vertex 0.00141239 0.0111065 -0.0244656
      vertex 0.00351048 0.0182791 -0.0235062
    endloop
  endfacet
  facet normal 0.0857028 0.239512 -0.967103
    outer loop
      vertex 0.0122995 0.0308571 -0.0201674
      vertex 0.00961685 0.024127 -0.0220719
      vertex 0.0103245 0.0315638 -0.0201674
    endloop
  endfacet
  facet normal 0.159684 0.271983 -0.948961
    outer loop
      vertex 0.0179024 0.0280218 -0.0201674
      vertex 0.0160961 0.0290823 -0.0201674
      vertex 0.0195427 0.0353107 -0.0178023
    endloop
  endfacet
  facet normal -0.0325145 0.0554037 -0.997934
    outer loop
      vertex -0.00201511 0.00315475 -0.0249463
      vertex -0.00542927 0.00980949 -0.0244656
      vertex -0.00181198 0.00327396 -0.0249463
    endloop
  endfacet
  facet normal -0.0325134 0.0554043 -0.997934
    outer loop
      vertex -0.00542927 0.00980949 -0.0244656
      vertex -0.00201511 0.00315475 -0.0249463
      vertex -0.00603867 0.00945187 -0.0244656
    endloop
  endfacet
  facet normal -0.190528 0.00602388 -0.981663
    outer loop
      vertex -0.018734 0 -0.0235062
      vertex -0.026124 0 -0.0220719
      vertex -0.0260725 0.00162888 -0.0220719
    endloop
  endfacet
  facet normal -0.190519 0.00606659 -0.981665
    outer loop
      vertex -0.018734 0 -0.0235062
      vertex -0.0260725 0.00162888 -0.0220719
      vertex -0.0186968 0.00116825 -0.0235062
    endloop
  endfacet
  facet normal -0.0636379 0.00606385 -0.997955
    outer loop
      vertex -0.00373173 0.000468254 -0.0249463
      vertex -0.0112476 0.000702858 -0.0244656
      vertex -0.0111809 0.00140285 -0.0244656
    endloop
  endfacet
  facet normal -0.12698 0.0120995 -0.991831
    outer loop
      vertex -0.0112476 0.000702858 -0.0244656
      vertex -0.0185862 0.00233173 -0.0235062
      vertex -0.0111809 0.00140285 -0.0244656
    endloop
  endfacet
  facet normal -0.312589 0.0296882 -0.949424
    outer loop
      vertex -0.0333452 0.00208378 -0.0201674
      vertex -0.0404863 0.0025301 -0.0178023
      vertex -0.040247 0.00504971 -0.0178023
    endloop
  endfacet
  facet normal -0.313826 0.00993535 -0.949429
    outer loop
      vertex -0.0333452 0.00208378 -0.0201674
      vertex -0.0405664 0 -0.0178023
      vertex -0.0404863 0.0025301 -0.0178023
    endloop
  endfacet
  facet normal -0.242869 0.0711424 -0.967447
    outer loop
      vertex -0.0253038 0.00645256 -0.0220719
      vertex -0.0317764 0.0102549 -0.0201674
      vertex -0.0248451 0.00801849 -0.0220719
    endloop
  endfacet
  facet normal -0.183039 0.0536167 -0.981642
    outer loop
      vertex -0.0178175 0.0057497 -0.0235062
      vertex -0.0253038 0.00645256 -0.0220719
      vertex -0.0248451 0.00801849 -0.0220719
    endloop
  endfacet
  facet normal -0.249858 0.0398149 -0.967464
    outer loop
      vertex -0.025918 0.00325203 -0.0220719
      vertex -0.0331478 0.00415897 -0.0201674
      vertex -0.0328197 0.00621796 -0.0201674
    endloop
  endfacet
  facet normal -0.249859 0.0398117 -0.967463
    outer loop
      vertex -0.025918 0.00325203 -0.0220719
      vertex -0.0328197 0.00621796 -0.0201674
      vertex -0.0256615 0.00486183 -0.0220719
    endloop
  endfacet
  facet normal 0.128667 0.219169 -0.967166
    outer loop
      vertex 0.013998 0.0219097 -0.0220719
      vertex 0.0125847 0.0227394 -0.0220719
      vertex 0.0160961 0.0290823 -0.0201674
    endloop
  endfacet
  facet normal 0.0254043 0.0590519 -0.997932
    outer loop
      vertex 0.00479794 0.010129 -0.0244656
      vertex 0.00160122 0.00338078 -0.0249463
      vertex 0.00414848 0.0104084 -0.0244656
    endloop
  endfacet
  facet normal -0.029873 0.189482 -0.98143
    outer loop
      vertex -0.00351048 0.0182791 -0.0235062
      vertex -0.00489521 0.0254898 -0.0220719
      vertex -0.00327396 0.0257454 -0.0220719
    endloop
  endfacet
  facet normal -0.0277961 0.125308 -0.991728
    outer loop
      vertex -0.0028019 0.0108433 -0.0244656
      vertex -0.0046587 0.0180244 -0.0235062
      vertex -0.00351048 0.0182791 -0.0235062
    endloop
  endfacet
  facet normal -0.0217231 0.0605135 -0.997931
    outer loop
      vertex -0.00138474 0.00347328 -0.0249463
      vertex -0.00414848 0.0104084 -0.0244656
      vertex -0.00116158 0.00355339 -0.0249463
    endloop
  endfacet
  facet normal -0.0479731 0.0425294 -0.997943
    outer loop
      vertex -0.00289822 0.00238132 -0.0249463
      vertex -0.0086832 0.00713539 -0.0244656
      vertex -0.00274181 0.00255775 -0.0249463
    endloop
  endfacet
  facet normal -0.0452242 0.0454831 -0.997941
    outer loop
      vertex -0.00274181 0.00255775 -0.0249463
      vertex -0.00771427 0.00816059 -0.0244656
      vertex -0.00257492 0.00272369 -0.0249463
    endloop
  endfacet
  facet normal -0.0452237 0.0454835 -0.997941
    outer loop
      vertex -0.00771427 0.00816059 -0.0244656
      vertex -0.00274181 0.00255775 -0.0249463
      vertex -0.00821495 0.00766277 -0.0244656
    endloop
  endfacet
  facet normal -0.0528536 0.0361921 -0.997946
    outer loop
      vertex -0.00317574 0.00200176 -0.0249463
      vertex -0.00951576 0.00599766 -0.0244656
      vertex -0.00304317 0.00219536 -0.0249463
    endloop
  endfacet
  facet normal -0.0140628 0.0627601 -0.99793
    outer loop
      vertex -0.000934601 0.00361824 -0.0249463
      vertex -0.0028019 0.0108433 -0.0244656
      vertex -0.000704765 0.00366974 -0.0249463
    endloop
  endfacet
  facet normal -0.0176651 0.0618291 -0.99793
    outer loop
      vertex -0.00116158 0.00355339 -0.0249463
      vertex -0.0028019 0.0108433 -0.0244656
      vertex -0.000934601 0.00361824 -0.0249463
    endloop
  endfacet
  facet normal 0.0432006 0.120799 -0.991737
    outer loop
      vertex 0.00414848 0.0104084 -0.0244656
      vertex 0.00348186 0.0106468 -0.0244656
      vertex 0.0057888 0.0176983 -0.0235062
    endloop
  endfacet
  facet normal 0.0101131 0.0635365 -0.997928
    outer loop
      vertex 0.000704765 0.00366974 -0.0249463
      vertex 0.000471115 0.00370693 -0.0249463
      vertex 0.00211143 0.0109959 -0.0244656
    endloop
  endfacet
  facet normal -0.0505429 0.0393966 -0.997945
    outer loop
      vertex -0.00304317 0.00219536 -0.0249463
      vertex -0.00911713 0.0065794 -0.0244656
      vertex -0.00289822 0.00238132 -0.0249463
    endloop
  endfacet
  facet normal 0.00208322 0.0643145 -0.997928
    outer loop
      vertex 0.000235558 0.00372887 -0.0249463
      vertex 0 0.0037365 -0.0249463
      vertex 0.000707626 0.0111723 -0.0244656
    endloop
  endfacet
  facet normal 0.00596737 0.0640682 -0.997928
    outer loop
      vertex 0.000471115 0.00370693 -0.0249463
      vertex 0.000235558 0.00372887 -0.0249463
      vertex 0.000707626 0.0111723 -0.0244656
    endloop
  endfacet
  facet normal -0.150658 0.117546 -0.981573
    outer loop
      vertex -0.0151558 0.0109377 -0.0235062
      vertex -0.0201292 0.0165405 -0.0220719
      vertex -0.0144348 0.0118618 -0.0235062
    endloop
  endfacet
  facet normal -0.100807 0.0786514 -0.991792
    outer loop
      vertex -0.00911713 0.0065794 -0.0244656
      vertex -0.0151558 0.0109377 -0.0235062
      vertex -0.0144348 0.0118618 -0.0235062
    endloop
  endfacet
  facet normal -0.0506812 0.117808 -0.991742
    outer loop
      vertex -0.00479794 0.010129 -0.0244656
      vertex -0.00797653 0.0168381 -0.0235062
      vertex -0.00414848 0.0104084 -0.0244656
    endloop
  endfacet
  facet normal -0.0254043 0.0590519 -0.997932
    outer loop
      vertex -0.00160122 0.00338078 -0.0249463
      vertex -0.00479794 0.010129 -0.0244656
      vertex -0.00414848 0.0104084 -0.0244656
    endloop
  endfacet
  facet normal -0.0356253 0.123276 -0.991733
    outer loop
      vertex -0.00348186 0.0106468 -0.0244656
      vertex -0.0057888 0.0176983 -0.0235062
      vertex -0.0028019 0.0108433 -0.0244656
    endloop
  endfacet
  facet normal -0.0178555 0.0617862 -0.99793
    outer loop
      vertex -0.00116158 0.00355339 -0.0249463
      vertex -0.00348186 0.0106468 -0.0244656
      vertex -0.0028019 0.0108433 -0.0244656
    endloop
  endfacet
  facet normal -0.0276964 0.125318 -0.99173
    outer loop
      vertex -0.0028019 0.0108433 -0.0244656
      vertex -0.00351048 0.0182791 -0.0235062
      vertex -0.00211143 0.0109959 -0.0244656
    endloop
  endfacet
  facet normal -0.0200595 0.126785 -0.991727
    outer loop
      vertex -0.00211143 0.0109959 -0.0244656
      vertex -0.00351048 0.0182791 -0.0235062
      vertex -0.00141239 0.0111065 -0.0244656
    endloop
  endfacet
  facet normal -0.0531674 0.184252 -0.98144
    outer loop
      vertex -0.0057888 0.0176983 -0.0235062
      vertex -0.00807285 0.0246792 -0.0220719
      vertex -0.0046587 0.0180244 -0.0235062
    endloop
  endfacet
  facet normal -0.0531685 0.184251 -0.98144
    outer loop
      vertex -0.0046587 0.0180244 -0.0235062
      vertex -0.00807285 0.0246792 -0.0220719
      vertex -0.00649643 0.0251341 -0.0220719
    endloop
  endfacet
  facet normal -0.00605016 0.191759 -0.981423
    outer loop
      vertex -0.00117588 0.0185719 -0.0235062
      vertex -0.00164032 0.025898 -0.0220719
      vertex 0 0.018609 -0.0235062
    endloop
  endfacet
  facet normal -0.0040488 0.128326 -0.991724
    outer loop
      vertex -0.000707626 0.0111723 -0.0244656
      vertex -0.00117588 0.0185719 -0.0235062
      vertex 0 0.018609 -0.0235062
    endloop
  endfacet
  facet normal 0.0505429 0.0393966 -0.997945
    outer loop
      vertex 0.00304317 0.00219536 -0.0249463
      vertex 0.00289822 0.00238132 -0.0249463
      vertex 0.00911713 0.0065794 -0.0244656
    endloop
  endfacet
  facet normal 0.0479434 0.0425679 -0.997943
    outer loop
      vertex 0.0086832 0.00713539 -0.0244656
      vertex 0.00274181 0.00255775 -0.0249463
      vertex 0.00821495 0.00766277 -0.0244656
    endloop
  endfacet
  facet normal 0.0422362 0.0483074 -0.997939
    outer loop
      vertex 0.00771427 0.00816059 -0.0244656
      vertex 0.00257492 0.00272369 -0.0249463
      vertex 0.00718307 0.00862503 -0.0244656
    endloop
  endfacet
  facet normal 0.090223 0.0907413 -0.991779
    outer loop
      vertex 0.00821495 0.00766277 -0.0244656
      vertex 0.00771427 0.00816059 -0.0244656
      vertex 0.0136566 0.0127382 -0.0235062
    endloop
  endfacet
  facet normal 0.134781 0.135669 -0.981544
    outer loop
      vertex 0.0190439 0.0177631 -0.0220719
      vertex 0.0136566 0.0127382 -0.0235062
      vertex 0.0178833 0.0189161 -0.0220719
    endloop
  endfacet
  facet normal 0.279728 0.143455 -0.949301
    outer loop
      vertex 0.0302315 0.0141306 -0.0201674
      vertex 0.0292788 0.0159883 -0.0201674
      vertex 0.036706 0.0171566 -0.0178023
    endloop
  endfacet
  facet normal 0.279703 0.143585 -0.949289
    outer loop
      vertex 0.036706 0.0171566 -0.0178023
      vertex 0.0292788 0.0159883 -0.0201674
      vertex 0.0355482 0.019412 -0.0178023
    endloop
  endfacet
  facet normal 0.109798 0.0653582 -0.991803
    outer loop
      vertex 0.0164165 0.00896454 -0.0235062
      vertex 0.00987625 0.00539303 -0.0244656
      vertex 0.0158176 0.00997066 -0.0235062
    endloop
  endfacet
  facet normal 0.164062 0.097659 -0.981604
    outer loop
      vertex 0.0164165 0.00896454 -0.0235062
      vertex 0.0158176 0.00997066 -0.0235062
      vertex 0.0220575 0.0139046 -0.0220719
    endloop
  endfacet
  facet normal 0.0406259 0.432506 -0.900715
    outer loop
      vertex 0.00298595 0.0471506 -0.0149842
      vertex 0.00435551 0.0512991 -0.0129304
      vertex 0.00596046 0.0468712 -0.0149842
    endloop
  endfacet
  facet normal 0.0406049 0.432512 -0.900714
    outer loop
      vertex 0.00435551 0.0512991 -0.0129304
      vertex 0.00298595 0.0471506 -0.0149842
      vertex 0.00324861 0.0512991 -0.0129803
    endloop
  endfacet
  facet normal 0.0705342 0.244461 -0.96709
    outer loop
      vertex 0.0103245 0.0315638 -0.0201674
      vertex 0.00649643 0.0251341 -0.0220719
      vertex 0.00830841 0.0321455 -0.0201674
    endloop
  endfacet
  facet normal 0.142475 0.281515 -0.94892
    outer loop
      vertex 0.0195427 0.0353107 -0.0178023
      vertex 0.014226 0.0300293 -0.0201674
      vertex 0.017272 0.0364599 -0.0178023
    endloop
  endfacet
  facet normal 0.221348 0.437494 -0.871552
    outer loop
      vertex 0.0231485 0.0488653 -0.0117245
      vertex 0.0260668 0.0512991 -0.00976164
      vertex 0.0261927 0.0473251 -0.0117245
    endloop
  endfacet
  facet normal 0.221376 0.437467 -0.871559
    outer loop
      vertex 0.0260668 0.0512991 -0.00976164
      vertex 0.0231485 0.0488653 -0.0117245
      vertex 0.0243016 0.0512991 -0.01021
    endloop
  endfacet
  facet normal 0.304591 0.451181 -0.838844
    outer loop
      vertex 0.0358324 0.0489893 -0.00803665
      vertex 0.0327749 0.0512991 -0.0079045
      vertex 0.0359056 0.0512991 -0.00676772
    endloop
  endfacet
  facet normal 0.304596 0.451188 -0.838839
    outer loop
      vertex 0.0327749 0.0512991 -0.0079045
      vertex 0.0358324 0.0489893 -0.00803665
      vertex 0.0326653 0.0511274 -0.00803665
    endloop
  endfacet
  facet normal 0.304644 0.451172 -0.83883
    outer loop
      vertex 0.0375217 0.0512991 -0.00618079
      vertex 0.0358324 0.0489893 -0.00803665
      vertex 0.0359056 0.0512991 -0.00676772
    endloop
  endfacet
  facet normal 0.146169 0.408814 -0.900836
    outer loop
      vertex 0.0146971 0.0449314 -0.0149842
      vertex 0.0168069 0.0512991 -0.0117521
      vertex 0.0175085 0.0439262 -0.0149842
    endloop
  endfacet
  facet normal 0.145625 0.408997 -0.900841
    outer loop
      vertex 0.0168069 0.0512991 -0.0117521
      vertex 0.0146971 0.0449314 -0.0149842
      vertex 0.0167803 0.0512991 -0.0117564
    endloop
  endfacet
  facet normal 0.428473 0.334539 -0.839342
    outer loop
      vertex 0.0469723 0.038599 -0.00803665
      vertex 0.0509996 0.0368057 -0.00669553
      vertex 0.0493193 0.035593 -0.00803665
    endloop
  endfacet
  facet normal 0.428472 0.334539 -0.839342
    outer loop
      vertex 0.0509996 0.0368057 -0.00669553
      vertex 0.0469723 0.038599 -0.00803665
      vertex 0.0509996 0.0389771 -0.00583007
    endloop
  endfacet
  facet normal 0.448531 0.306855 -0.83944
    outer loop
      vertex 0.0509996 0.0331369 -0.00803665
      vertex 0.0493193 0.035593 -0.00803665
      vertex 0.0509996 0.0368057 -0.00669553
    endloop
  endfacet
  facet normal 0.341232 0.26644 -0.901427
    outer loop
      vertex 0.0384779 0.0277691 -0.0149842
      vertex 0.0366468 0.0301142 -0.0149842
      vertex 0.0418921 0.0344248 -0.0117245
    endloop
  endfacet
  facet normal 0.247043 0.282212 -0.926999
    outer loop
      vertex 0.0325584 0.0344391 -0.0149842
      vertex 0.0258579 0.0310478 -0.0178023
      vertex 0.0303164 0.0364017 -0.0149842
    endloop
  endfacet
  facet normal 0.406687 0.361014 -0.839211
    outer loop
      vertex 0.0509996 0.0424843 -0.00441365
      vertex 0.0490694 0.0457716 -0.0039349
      vertex 0.0509996 0.0435972 -0.0039349
    endloop
  endfacet
  facet normal 0.406681 0.361011 -0.839215
    outer loop
      vertex 0.0490694 0.0457716 -0.0039349
      vertex 0.0509996 0.0424843 -0.00441365
      vertex 0.0444393 0.0414524 -0.00803665
    endloop
  endfacet
  facet normal 0.358475 0.409301 -0.839028
    outer loop
      vertex 0.0417309 0.0441418 -0.00803665
      vertex 0.0388584 0.0466576 -0.00803665
      vertex 0.0460796 0.0487413 -0.0039349
    endloop
  endfacet
  facet normal 0.371772 0.22134 -0.901551
    outer loop
      vertex 0.0416784 0.0227594 -0.0149842
      vertex 0.0401573 0.0253143 -0.0149842
      vertex 0.0459051 0.0289373 -0.0117245
    endloop
  endfacet
  facet normal 0.371765 0.221346 -0.901552
    outer loop
      vertex 0.0476437 0.0260172 -0.0117245
      vertex 0.0416784 0.0227594 -0.0149842
      vertex 0.0459051 0.0289373 -0.0117245
    endloop
  endfacet
  facet normal 0.247082 0.282143 -0.927009
    outer loop
      vertex 0.0277691 0.0293741 -0.0178023
      vertex 0.0258579 0.0310478 -0.0178023
      vertex 0.0325584 0.0344391 -0.0149842
    endloop
  endfacet
  facet normal 0.235458 0.208971 -0.949153
    outer loop
      vertex 0.0312567 0.0256853 -0.0178023
      vertex 0.0243559 0.0227184 -0.0201674
      vertex 0.0295715 0.0275841 -0.0178023
    endloop
  endfacet
  facet normal 0.17645 0.261295 -0.948994
    outer loop
      vertex 0.0196381 0.0268497 -0.0201674
      vertex 0.0179024 0.0280218 -0.0201674
      vertex 0.0238438 0.0325994 -0.0178023
    endloop
  endfacet
  facet normal 0.280286 0.24883 -0.927105
    outer loop
      vertex 0.0366468 0.0301142 -0.0149842
      vertex 0.0295715 0.0275841 -0.0178023
      vertex 0.0346708 0.03234 -0.0149842
    endloop
  endfacet
  facet normal 0.309081 0.211497 -0.927221
    outer loop
      vertex 0.0342512 0.0215912 -0.0178023
      vertex 0.0328188 0.0236845 -0.0178023
      vertex 0.0384779 0.0277691 -0.0149842
    endloop
  endfacet
  facet normal 0.343051 0.149412 -0.927358
    outer loop
      vertex 0.0377178 0.0148335 -0.0178023
      vertex 0.036706 0.0171566 -0.0178023
      vertex 0.0442219 0.0173912 -0.0149842
    endloop
  endfacet
  facet normal 0.0717473 0.106149 -0.991758
    outer loop
      vertex 0.00662422 0.00905609 -0.0244656
      vertex 0.00603867 0.00945187 -0.0244656
      vertex 0.0110111 0.0150547 -0.0235062
    endloop
  endfacet
  facet normal 0.14218 0.210547 -0.967189
    outer loop
      vertex 0.0196381 0.0268497 -0.0201674
      vertex 0.013998 0.0219097 -0.0220719
      vertex 0.0179024 0.0280218 -0.0201674
    endloop
  endfacet
  facet normal 0.0645634 0.180525 -0.981449
    outer loop
      vertex 0.00961685 0.024127 -0.0220719
      vertex 0.0057888 0.0176983 -0.0235062
      vertex 0.00807285 0.0246792 -0.0220719
    endloop
  endfacet
  facet normal 0.128675 0.219166 -0.967165
    outer loop
      vertex 0.0179024 0.0280218 -0.0201674
      vertex 0.013998 0.0219097 -0.0220719
      vertex 0.0160961 0.0290823 -0.0201674
    endloop
  endfacet
  facet normal 0.104172 0.361118 -0.926683
    outer loop
      vertex 0.0125351 0.0383234 -0.0178023
      vertex 0.0118275 0.0457592 -0.0149842
      vertex 0.0146971 0.0449314 -0.0149842
    endloop
  endfacet
  facet normal 0.124579 0.289928 -0.948906
    outer loop
      vertex 0.014226 0.0300293 -0.0201674
      vertex 0.0122995 0.0308571 -0.0201674
      vertex 0.0149336 0.037466 -0.0178023
    endloop
  endfacet
  facet normal -0.0550382 0.0327104 -0.997948
    outer loop
      vertex -0.0032959 0.00179958 -0.0249463
      vertex -0.00987625 0.00539303 -0.0244656
      vertex -0.00317574 0.00200176 -0.0249463
    endloop
  endfacet
  facet normal -0.12598 0.0200688 -0.99183
    outer loop
      vertex -0.0111809 0.00140285 -0.0244656
      vertex -0.0185862 0.00233173 -0.0235062
      vertex -0.0110703 0.00209713 -0.0244656
    endloop
  endfacet
  facet normal -0.0631368 0.0100578 -0.997954
    outer loop
      vertex -0.00373173 0.000468254 -0.0249463
      vertex -0.0111809 0.00140285 -0.0244656
      vertex -0.0110703 0.00209713 -0.0244656
    endloop
  endfacet
  facet normal 0.0969719 0.165181 -0.981484
    outer loop
      vertex 0.013998 0.0219097 -0.0220719
      vertex 0.0100384 0.0157118 -0.0235062
      vertex 0.0125847 0.0227394 -0.0220719
    endloop
  endfacet
  facet normal 0.0969645 0.165183 -0.981485
    outer loop
      vertex 0.0100384 0.0157118 -0.0235062
      vertex 0.00902462 0.0163069 -0.0235062
      vertex 0.0125847 0.0227394 -0.0220719
    endloop
  endfacet
  facet normal 0.0176651 0.0618291 -0.99793
    outer loop
      vertex 0.00116158 0.00355339 -0.0249463
      vertex 0.000934601 0.00361824 -0.0249463
      vertex 0.0028019 0.0108433 -0.0244656
    endloop
  endfacet
  facet normal 0.0140628 0.0627601 -0.99793
    outer loop
      vertex 0.000934601 0.00361824 -0.0249463
      vertex 0.000704765 0.00366974 -0.0249463
      vertex 0.0028019 0.0108433 -0.0244656
    endloop
  endfacet
  facet normal 0.0119641 0.127828 -0.991724
    outer loop
      vertex 0.00141239 0.0111065 -0.0244656
      vertex 0.00117588 0.0185719 -0.0235062
      vertex 0.00234795 0.0184622 -0.0235062
    endloop
  endfacet
  facet normal 0.0531685 0.184251 -0.98144
    outer loop
      vertex 0.00807285 0.0246792 -0.0220719
      vertex 0.0046587 0.0180244 -0.0235062
      vertex 0.00649643 0.0251341 -0.0220719
    endloop
  endfacet
  facet normal -0.100793 0.0786653 -0.991793
    outer loop
      vertex -0.00911713 0.0065794 -0.0244656
      vertex -0.0144348 0.0118618 -0.0235062
      vertex -0.0086832 0.00713539 -0.0244656
    endloop
  endfacet
  facet normal -0.0119346 0.127827 -0.991725
    outer loop
      vertex -0.000707626 0.0111723 -0.0244656
      vertex -0.00141239 0.0111065 -0.0244656
      vertex -0.00117588 0.0185719 -0.0235062
    endloop
  endfacet
  facet normal -0.0119641 0.127828 -0.991724
    outer loop
      vertex -0.00141239 0.0111065 -0.0244656
      vertex -0.00234795 0.0184622 -0.0235062
      vertex -0.00117588 0.0185719 -0.0235062
    endloop
  endfacet
  facet normal 0.142941 0.126925 -0.981559
    outer loop
      vertex 0.0144348 0.0118618 -0.0235062
      vertex 0.0136566 0.0127382 -0.0235062
      vertex 0.0190439 0.0177631 -0.0220719
    endloop
  endfacet
  facet normal 0.100793 0.0786653 -0.991793
    outer loop
      vertex 0.00911713 0.0065794 -0.0244656
      vertex 0.0086832 0.00713539 -0.0244656
      vertex 0.0144348 0.0118618 -0.0235062
    endloop
  endfacet
  facet normal 0.107179 0.158656 -0.981499
    outer loop
      vertex 0.0110111 0.0150547 -0.0235062
      vertex 0.0100384 0.0157118 -0.0235062
      vertex 0.0153551 0.0209932 -0.0220719
    endloop
  endfacet
  facet normal 0.078215 0.101402 -0.991766
    outer loop
      vertex 0.00718307 0.00862503 -0.0244656
      vertex 0.00662422 0.00905609 -0.0244656
      vertex 0.011941 0.0143385 -0.0235062
    endloop
  endfacet
  facet normal 0.0452237 0.0454835 -0.997941
    outer loop
      vertex 0.00274181 0.00255775 -0.0249463
      vertex 0.00771427 0.00816059 -0.0244656
      vertex 0.00821495 0.00766277 -0.0244656
    endloop
  endfacet
  facet normal 0.0452242 0.0454831 -0.997941
    outer loop
      vertex 0.00771427 0.00816059 -0.0244656
      vertex 0.00274181 0.00255775 -0.0249463
      vertex 0.00257492 0.00272369 -0.0249463
    endloop
  endfacet
  facet normal 0.0901827 0.0907934 -0.991778
    outer loop
      vertex 0.0136566 0.0127382 -0.0235062
      vertex 0.00771427 0.00816059 -0.0244656
      vertex 0.0128241 0.0135651 -0.0235062
    endloop
  endfacet
  facet normal 0.0814691 0.366953 -0.926665
    outer loop
      vertex 0.010088 0.0390291 -0.0178023
      vertex 0.00760078 0.0395813 -0.0178023
      vertex 0.00891209 0.0464067 -0.0149842
    endloop
  endfacet
  facet normal 0.0684492 0.308309 -0.94882
    outer loop
      vertex 0.010088 0.0390291 -0.0178023
      vertex 0.00625992 0.0326004 -0.0201674
      vertex 0.00760078 0.0395813 -0.0178023
    endloop
  endfacet
  facet normal 0.0674267 0.429121 -0.900727
    outer loop
      vertex 0.00898987 0.0512991 -0.0126479
      vertex 0.00596046 0.0468712 -0.0149842
      vertex 0.00652387 0.0512991 -0.0128325
    endloop
  endfacet
  facet normal 0.0675545 0.429064 -0.900744
    outer loop
      vertex 0.00891209 0.0464067 -0.0149842
      vertex 0.00898987 0.0512991 -0.0126479
      vertex 0.00985122 0.0512991 -0.0125833
    endloop
  endfacet
  facet normal 0.0675224 0.429066 -0.900746
    outer loop
      vertex 0.00898987 0.0512991 -0.0126479
      vertex 0.00891209 0.0464067 -0.0149842
      vertex 0.00596046 0.0468712 -0.0149842
    endloop
  endfacet
  facet normal 0.176422 0.261329 -0.94899
    outer loop
      vertex 0.0238438 0.0325994 -0.0178023
      vertex 0.0179024 0.0280218 -0.0201674
      vertex 0.0217361 0.0340223 -0.0178023
    endloop
  endfacet
  facet normal 0.210012 0.311061 -0.926896
    outer loop
      vertex 0.027956 0.0382204 -0.0149842
      vertex 0.0238438 0.0325994 -0.0178023
      vertex 0.0254841 0.0398893 -0.0149842
    endloop
  endfacet
  facet normal 0.159752 0.271966 -0.948954
    outer loop
      vertex 0.0217361 0.0340223 -0.0178023
      vertex 0.0179024 0.0280218 -0.0201674
      vertex 0.0195427 0.0353107 -0.0178023
    endloop
  endfacet
  facet normal 0.0856612 0.239516 -0.967106
    outer loop
      vertex 0.00961685 0.024127 -0.0220719
      vertex 0.00807285 0.0246792 -0.0220719
      vertex 0.0103245 0.0315638 -0.0201674
    endloop
  endfacet
  facet normal 0.12651 0.353831 -0.926714
    outer loop
      vertex 0.0149336 0.037466 -0.0178023
      vertex 0.0146971 0.0449314 -0.0149842
      vertex 0.0175085 0.0439262 -0.0149842
    endloop
  endfacet
  facet normal 0.24261 0.359486 -0.901061
    outer loop
      vertex 0.0319567 0.0436916 -0.0117245
      vertex 0.0254841 0.0398893 -0.0149842
      vertex 0.0291319 0.045598 -0.0117245
    endloop
  endfacet
  facet normal 0.274214 0.406184 -0.871677
    outer loop
      vertex 0.0358324 0.0489893 -0.00803665
      vertex 0.0319567 0.0436916 -0.0117245
      vertex 0.0326653 0.0511274 -0.00803665
    endloop
  endfacet
  facet normal 0.219785 0.374033 -0.900996
    outer loop
      vertex 0.0291319 0.045598 -0.0117245
      vertex 0.0254841 0.0398893 -0.0149842
      vertex 0.0261927 0.0473251 -0.0117245
    endloop
  endfacet
  facet normal 0.171439 0.39879 -0.900875
    outer loop
      vertex 0.0231485 0.0488653 -0.0117245
      vertex 0.0175085 0.0439262 -0.0149842
      vertex 0.0200138 0.0502129 -0.0117245
    endloop
  endfacet
  facet normal 0.193678 0.450547 -0.871491
    outer loop
      vertex 0.0231485 0.0488653 -0.0117245
      vertex 0.0214236 0.0512991 -0.0108496
      vertex 0.0243016 0.0512991 -0.01021
    endloop
  endfacet
  facet normal 0.193693 0.450555 -0.871483
    outer loop
      vertex 0.0214236 0.0512991 -0.0108496
      vertex 0.0231485 0.0488653 -0.0117245
      vertex 0.0200138 0.0502129 -0.0117245
    endloop
  endfacet
  facet normal 0.406681 0.361016 -0.839213
    outer loop
      vertex 0.0444393 0.0414524 -0.00803665
      vertex 0.0509996 0.0419083 -0.00466142
      vertex 0.0469723 0.038599 -0.00803665
    endloop
  endfacet
  facet normal 0.406686 0.360995 -0.839219
    outer loop
      vertex 0.0509996 0.0419083 -0.00466142
      vertex 0.0444393 0.0414524 -0.00803665
      vertex 0.0509996 0.0424843 -0.00441365
    endloop
  endfacet
  facet normal 0.385671 0.301121 -0.872114
    outer loop
      vertex 0.0493193 0.035593 -0.00803665
      vertex 0.0418921 0.0344248 -0.0117245
      vertex 0.0469723 0.038599 -0.00803665
    endloop
  endfacet
  facet normal 0.229 0.297208 -0.926944
    outer loop
      vertex 0.0303164 0.0364017 -0.0149842
      vertex 0.0258579 0.0310478 -0.0178023
      vertex 0.027956 0.0382204 -0.0149842
    endloop
  endfacet
  facet normal 0.299039 0.388082 -0.871762
    outer loop
      vertex 0.0388584 0.0466576 -0.00803665
      vertex 0.0319567 0.0436916 -0.0117245
      vertex 0.0358324 0.0489893 -0.00803665
    endloop
  endfacet
  facet normal 0.366039 0.324937 -0.872027
    outer loop
      vertex 0.0469723 0.038599 -0.00803665
      vertex 0.0418921 0.0344248 -0.0117245
      vertex 0.0444393 0.0414524 -0.00803665
    endloop
  endfacet
  facet normal 0.365976 0.324968 -0.872042
    outer loop
      vertex 0.0418921 0.0344248 -0.0117245
      vertex 0.0396328 0.0369692 -0.0117245
      vertex 0.0444393 0.0414524 -0.00803665
    endloop
  endfacet
  facet normal 0.333076 0.170814 -0.927299
    outer loop
      vertex 0.0430346 0.0201149 -0.0149842
      vertex 0.036706 0.0171566 -0.0178023
      vertex 0.0416784 0.0227594 -0.0149842
    endloop
  endfacet
  facet normal 0.199847 0.156104 -0.967312
    outer loop
      vertex 0.02703 0.0195074 -0.0201674
      vertex 0.0201292 0.0165405 -0.0220719
      vertex 0.0257435 0.0211544 -0.0201674
    endloop
  endfacet
  facet normal 0.0717228 0.106171 -0.991758
    outer loop
      vertex 0.0110111 0.0150547 -0.0235062
      vertex 0.00603867 0.00945187 -0.0244656
      vertex 0.0100384 0.0157118 -0.0235062
    endloop
  endfacet
  facet normal 0.207571 0.236998 -0.949077
    outer loop
      vertex 0.022871 0.0241928 -0.0201674
      vertex 0.0212965 0.0255718 -0.0201674
      vertex 0.0277691 0.0293741 -0.0178023
    endloop
  endfacet
  facet normal 0.30538 0.307315 -0.901277
    outer loop
      vertex 0.0346708 0.03234 -0.0149842
      vertex 0.0325584 0.0344391 -0.0149842
      vertex 0.0372181 0.0393686 -0.0117245
    endloop
  endfacet
  facet normal 0.305372 0.307319 -0.901278
    outer loop
      vertex 0.0396328 0.0369692 -0.0117245
      vertex 0.0346708 0.03234 -0.0149842
      vertex 0.0372181 0.0393686 -0.0117245
    endloop
  endfacet
  facet normal 0.242659 0.359415 -0.901076
    outer loop
      vertex 0.027956 0.0382204 -0.0149842
      vertex 0.0254841 0.0398893 -0.0149842
      vertex 0.0319567 0.0436916 -0.0117245
    endloop
  endfacet
  facet normal 0.299054 0.388055 -0.871768
    outer loop
      vertex 0.0346556 0.0416117 -0.0117245
      vertex 0.0319567 0.0436916 -0.0117245
      vertex 0.0388584 0.0466576 -0.00803665
    endloop
  endfacet
  facet normal 0.259632 0.17764 -0.949229
    outer loop
      vertex 0.0282097 0.0177832 -0.0201674
      vertex 0.02703 0.0195074 -0.0201674
      vertex 0.0342512 0.0215912 -0.0178023
    endloop
  endfacet
  facet normal 0.259627 0.177657 -0.949227
    outer loop
      vertex 0.0342512 0.0215912 -0.0178023
      vertex 0.02703 0.0195074 -0.0201674
      vertex 0.0328188 0.0236845 -0.0178023
    endloop
  endfacet
  facet normal 0.217708 0.129674 -0.967361
    outer loop
      vertex 0.0292788 0.0159883 -0.0201674
      vertex 0.0220575 0.0139046 -0.0220719
      vertex 0.0282097 0.0177832 -0.0201674
    endloop
  endfacet
  facet normal 0.280309 0.248776 -0.927112
    outer loop
      vertex 0.0312567 0.0256853 -0.0178023
      vertex 0.0295715 0.0275841 -0.0178023
      vertex 0.0366468 0.0301142 -0.0149842
    endloop
  endfacet
  facet normal 0.225388 0.115587 -0.967388
    outer loop
      vertex 0.0302315 0.0141306 -0.0201674
      vertex 0.022893 0.0125008 -0.0220719
      vertex 0.0292788 0.0159883 -0.0201674
    endloop
  endfacet
  facet normal 0.221923 0.22346 -0.949113
    outer loop
      vertex 0.0295715 0.0275841 -0.0178023
      vertex 0.0243559 0.0227184 -0.0201674
      vertex 0.0277691 0.0293741 -0.0178023
    endloop
  endfacet
  facet normal 0.167297 0.190966 -0.967235
    outer loop
      vertex 0.0178833 0.0189161 -0.0220719
      vertex 0.0166521 0.0199947 -0.0220719
      vertex 0.022871 0.0241928 -0.0201674
    endloop
  endfacet
  facet normal 0.126066 0.143901 -0.981529
    outer loop
      vertex 0.0178833 0.0189161 -0.0220719
      vertex 0.0128241 0.0135651 -0.0235062
      vertex 0.0166521 0.0199947 -0.0220719
    endloop
  endfacet
  facet normal -0.126986 0.0120713 -0.991831
    outer loop
      vertex -0.0112476 0.000702858 -0.0244656
      vertex -0.0186968 0.00116825 -0.0235062
      vertex -0.0185862 0.00233173 -0.0235062
    endloop
  endfacet
  facet normal -0.127487 0.0040595 -0.991832
    outer loop
      vertex -0.0112476 0.000702858 -0.0244656
      vertex -0.018734 0 -0.0235062
      vertex -0.0186968 0.00116825 -0.0235062
    endloop
  endfacet
  facet normal 0.0578926 0.114392 -0.991747
    outer loop
      vertex 0.00542927 0.00980949 -0.0244656
      vertex 0.00479794 0.010129 -0.0244656
      vertex 0.00797653 0.0168381 -0.0235062
    endloop
  endfacet
  facet normal 0.0506812 0.117808 -0.991742
    outer loop
      vertex 0.00479794 0.010129 -0.0244656
      vertex 0.00414848 0.0104084 -0.0244656
      vertex 0.00797653 0.0168381 -0.0235062
    endloop
  endfacet
  facet normal 0.116753 0.151656 -0.981514
    outer loop
      vertex 0.0166521 0.0199947 -0.0220719
      vertex 0.0110111 0.0150547 -0.0235062
      vertex 0.0153551 0.0209932 -0.0220719
    endloop
  endfacet
  facet normal 0.0648867 0.110538 -0.991752
    outer loop
      vertex 0.0100384 0.0157118 -0.0235062
      vertex 0.00603867 0.00945187 -0.0244656
      vertex 0.00902462 0.0163069 -0.0235062
    endloop
  endfacet
  facet normal 0.0415944 0.187241 -0.981433
    outer loop
      vertex 0.00649643 0.0251341 -0.0220719
      vertex 0.0046587 0.0180244 -0.0235062
      vertex 0.00489521 0.0254898 -0.0220719
    endloop
  endfacet
  facet normal 0.075717 0.17609 -0.981458
    outer loop
      vertex 0.0111227 0.0234795 -0.0220719
      vertex 0.00797653 0.0168381 -0.0235062
      vertex 0.00961685 0.024127 -0.0220719
    endloop
  endfacet
  facet normal 0.0956456 0.0849286 -0.991786
    outer loop
      vertex 0.0144348 0.0118618 -0.0235062
      vertex 0.00821495 0.00766277 -0.0244656
      vertex 0.0136566 0.0127382 -0.0235062
    endloop
  endfacet
  facet normal 0.0956485 0.0849244 -0.991786
    outer loop
      vertex 0.0086832 0.00713539 -0.0244656
      vertex 0.00821495 0.00766277 -0.0244656
      vertex 0.0144348 0.0118618 -0.0235062
    endloop
  endfacet
  facet normal 0.10634 0.297187 -0.948879
    outer loop
      vertex 0.0122995 0.0308571 -0.0201674
      vertex 0.0103245 0.0315638 -0.0201674
      vertex 0.0149336 0.037466 -0.0178023
    endloop
  endfacet
  facet normal 0.120354 0.41721 -0.900805
    outer loop
      vertex 0.0118275 0.0457592 -0.0149842
      vertex 0.0136813 0.0512991 -0.0121707
      vertex 0.0146971 0.0449314 -0.0149842
    endloop
  endfacet
  facet normal 0.120364 0.417207 -0.900806
    outer loop
      vertex 0.0136813 0.0512991 -0.0121707
      vertex 0.0118275 0.0457592 -0.0149842
      vertex 0.0132592 0.0512991 -0.0122271
    endloop
  endfacet
  facet normal 0.195915 0.387224 -0.90093
    outer loop
      vertex 0.0261927 0.0473251 -0.0117245
      vertex 0.0202503 0.0427475 -0.0149842
      vertex 0.0231485 0.0488653 -0.0117245
    endloop
  endfacet
  facet normal 0.124733 0.289908 -0.948891
    outer loop
      vertex 0.017272 0.0364599 -0.0178023
      vertex 0.014226 0.0300293 -0.0201674
      vertex 0.0149336 0.037466 -0.0178023
    endloop
  endfacet
  facet normal 0.0491797 0.312006 -0.948807
    outer loop
      vertex 0.00625992 0.0326004 -0.0201674
      vertex 0.00508404 0.039978 -0.0178023
      vertex 0.00760078 0.0395813 -0.0178023
    endloop
  endfacet
  facet normal 0.0585341 0.371352 -0.926645
    outer loop
      vertex 0.00760078 0.0395813 -0.0178023
      vertex 0.00508404 0.039978 -0.0178023
      vertex 0.00891209 0.0464067 -0.0149842
    endloop
  endfacet
  facet normal 0.114854 0.226809 -0.967143
    outer loop
      vertex 0.0160961 0.0290823 -0.0201674
      vertex 0.0125847 0.0227394 -0.0220719
      vertex 0.014226 0.0300293 -0.0201674
    endloop
  endfacet
  facet normal 0.14253 0.281463 -0.948928
    outer loop
      vertex 0.0160961 0.0290823 -0.0201674
      vertex 0.014226 0.0300293 -0.0201674
      vertex 0.0195427 0.0353107 -0.0178023
    endloop
  endfacet
  facet normal 0.219772 0.374036 -0.900998
    outer loop
      vertex 0.0254841 0.0398893 -0.0149842
      vertex 0.022913 0.0414 -0.0149842
      vertex 0.0261927 0.0473251 -0.0117245
    endloop
  endfacet
  facet normal 0.14846 0.345054 -0.926767
    outer loop
      vertex 0.017272 0.0364599 -0.0178023
      vertex 0.0149336 0.037466 -0.0178023
      vertex 0.0202503 0.0427475 -0.0149842
    endloop
  endfacet
  facet normal 0.248322 0.422597 -0.871635
    outer loop
      vertex 0.0326653 0.0511274 -0.00803665
      vertex 0.0283916 0.0512991 -0.00917095
      vertex 0.0323731 0.0512991 -0.00803665
    endloop
  endfacet
  facet normal 0.248317 0.422663 -0.871605
    outer loop
      vertex 0.0283916 0.0512991 -0.00917095
      vertex 0.0326653 0.0511274 -0.00803665
      vertex 0.0261927 0.0473251 -0.0117245
    endloop
  endfacet
  facet normal 0.221441 0.437488 -0.871532
    outer loop
      vertex 0.0261927 0.0473251 -0.0117245
      vertex 0.0260668 0.0512991 -0.00976164
      vertex 0.0283916 0.0512991 -0.00917095
    endloop
  endfacet
  facet normal 0.14622 0.408816 -0.900827
    outer loop
      vertex 0.0175085 0.0439262 -0.0149842
      vertex 0.0169769 0.0512991 -0.0117245
      vertex 0.0200138 0.0502129 -0.0117245
    endloop
  endfacet
  facet normal 0.146251 0.408816 -0.900822
    outer loop
      vertex 0.0169769 0.0512991 -0.0117245
      vertex 0.0175085 0.0439262 -0.0149842
      vertex 0.0168069 0.0512991 -0.0117521
    endloop
  endfacet
  facet normal 0.165218 0.461931 -0.871391
    outer loop
      vertex 0.0200138 0.0502129 -0.0117245
      vertex 0.0169769 0.0512991 -0.0117245
      vertex 0.0204468 0.0512991 -0.0110666
    endloop
  endfacet
  facet normal 0.341296 0.266401 -0.901414
    outer loop
      vertex 0.0439854 0.031743 -0.0117245
      vertex 0.0384779 0.0277691 -0.0149842
      vertex 0.0418921 0.0344248 -0.0117245
    endloop
  endfacet
  facet normal 0.38569 0.301053 -0.87213
    outer loop
      vertex 0.0439854 0.031743 -0.0117245
      vertex 0.0418921 0.0344248 -0.0117245
      vertex 0.0493193 0.035593 -0.00803665
    endloop
  endfacet
  facet normal 0.322585 0.368519 -0.871856
    outer loop
      vertex 0.0372181 0.0393686 -0.0117245
      vertex 0.0346556 0.0416117 -0.0117245
      vertex 0.0388584 0.0466576 -0.00803665
    endloop
  endfacet
  facet normal 0.264639 0.343399 -0.901135
    outer loop
      vertex 0.0346556 0.0416117 -0.0117245
      vertex 0.0303164 0.0364017 -0.0149842
      vertex 0.0319567 0.0436916 -0.0117245
    endloop
  endfacet
  facet normal 0.217734 0.129589 -0.967367
    outer loop
      vertex 0.022893 0.0125008 -0.0220719
      vertex 0.0220575 0.0139046 -0.0220719
      vertex 0.0292788 0.0159883 -0.0201674
    endloop
  endfacet
  facet normal 0.332962 0.170925 -0.927319
    outer loop
      vertex 0.036706 0.0171566 -0.0178023
      vertex 0.0355482 0.019412 -0.0178023
      vertex 0.0416784 0.0227594 -0.0149842
    endloop
  endfacet
  facet normal 0.285457 0.326104 -0.901205
    outer loop
      vertex 0.0372181 0.0393686 -0.0117245
      vertex 0.0303164 0.0364017 -0.0149842
      vertex 0.0346556 0.0416117 -0.0117245
    endloop
  endfacet
  facet normal 0.28546 0.326099 -0.901206
    outer loop
      vertex 0.0325584 0.0344391 -0.0149842
      vertex 0.0303164 0.0364017 -0.0149842
      vertex 0.0372181 0.0393686 -0.0117245
    endloop
  endfacet
  facet normal 0.228969 0.297219 -0.926949
    outer loop
      vertex 0.0258579 0.0310478 -0.0178023
      vertex 0.0238438 0.0325994 -0.0178023
      vertex 0.027956 0.0382204 -0.0149842
    endloop
  endfacet
  facet normal 0.192348 0.249682 -0.949032
    outer loop
      vertex 0.0258579 0.0310478 -0.0178023
      vertex 0.0196381 0.0268497 -0.0201674
      vertex 0.0238438 0.0325994 -0.0178023
    endloop
  endfacet
  facet normal 0.20921 0.143142 -0.967337
    outer loop
      vertex 0.0282097 0.0177832 -0.0201674
      vertex 0.0220575 0.0139046 -0.0220719
      vertex 0.02703 0.0195074 -0.0201674
    endloop
  endfacet
  facet normal 0.2091 0.143243 -0.967346
    outer loop
      vertex 0.0220575 0.0139046 -0.0220719
      vertex 0.0211344 0.0152521 -0.0220719
      vertex 0.02703 0.0195074 -0.0201674
    endloop
  endfacet
  facet normal 0.309113 0.211473 -0.927215
    outer loop
      vertex 0.0401573 0.0253143 -0.0149842
      vertex 0.0342512 0.0215912 -0.0178023
      vertex 0.0384779 0.0277691 -0.0149842
    endloop
  endfacet
  facet normal 0.321706 0.191533 -0.927265
    outer loop
      vertex 0.0416784 0.0227594 -0.0149842
      vertex 0.0342512 0.0215912 -0.0178023
      vertex 0.0401573 0.0253143 -0.0149842
    endloop
  endfacet
  facet normal 0.27018 0.160928 -0.949265
    outer loop
      vertex 0.0292788 0.0159883 -0.0201674
      vertex 0.0282097 0.0177832 -0.0201674
      vertex 0.0342512 0.0215912 -0.0178023
    endloop
  endfacet
  facet normal 0.270261 0.160852 -0.949255
    outer loop
      vertex 0.0355482 0.019412 -0.0178023
      vertex 0.0292788 0.0159883 -0.0201674
      vertex 0.0342512 0.0215912 -0.0178023
    endloop
  endfacet
  facet normal 0.295295 0.230572 -0.927166
    outer loop
      vertex 0.0384779 0.0277691 -0.0149842
      vertex 0.0312567 0.0256853 -0.0178023
      vertex 0.0366468 0.0301142 -0.0149842
    endloop
  endfacet
  facet normal 0.295301 0.230553 -0.927169
    outer loop
      vertex 0.0328188 0.0236845 -0.0178023
      vertex 0.0312567 0.0256853 -0.0178023
      vertex 0.0384779 0.0277691 -0.0149842
    endloop
  endfacet
  facet normal 0.0178769 0.191002 -0.981427
    outer loop
      vertex 0.00234795 0.0184622 -0.0235062
      vertex 0.00117588 0.0185719 -0.0235062
      vertex 0.00327396 0.0257454 -0.0220719
    endloop
  endfacet
  facet normal 0.0298436 0.189481 -0.981431
    outer loop
      vertex 0.00351048 0.0182791 -0.0235062
      vertex 0.00234795 0.0184622 -0.0235062
      vertex 0.00327396 0.0257454 -0.0220719
    endloop
  endfacet
  facet normal 0.0531674 0.184252 -0.98144
    outer loop
      vertex 0.0057888 0.0176983 -0.0235062
      vertex 0.0046587 0.0180244 -0.0235062
      vertex 0.00807285 0.0246792 -0.0220719
    endloop
  endfacet
  facet normal 0.0505648 0.117877 -0.99174
    outer loop
      vertex 0.00797653 0.0168381 -0.0235062
      vertex 0.00414848 0.0104084 -0.0244656
      vertex 0.00689602 0.0173016 -0.0235062
    endloop
  endfacet
  facet normal 0.107159 0.158675 -0.981498
    outer loop
      vertex 0.0153551 0.0209932 -0.0220719
      vertex 0.0100384 0.0157118 -0.0235062
      vertex 0.013998 0.0219097 -0.0220719
    endloop
  endfacet
  facet normal 0.142186 0.210541 -0.96719
    outer loop
      vertex 0.0153551 0.0209932 -0.0220719
      vertex 0.013998 0.0219097 -0.0220719
      vertex 0.0196381 0.0268497 -0.0201674
    endloop
  endfacet
  facet normal 0.100401 0.233658 -0.967121
    outer loop
      vertex 0.014226 0.0300293 -0.0201674
      vertex 0.00961685 0.024127 -0.0220719
      vertex 0.0122995 0.0308571 -0.0201674
    endloop
  endfacet
  facet normal 0.100453 0.233618 -0.967125
    outer loop
      vertex 0.0111227 0.0234795 -0.0220719
      vertex 0.00961685 0.024127 -0.0220719
      vertex 0.014226 0.0300293 -0.0201674
    endloop
  endfacet
  facet normal 0.120425 0.417216 -0.900793
    outer loop
      vertex 0.0146971 0.0449314 -0.0149842
      vertex 0.0136813 0.0512991 -0.0121707
      vertex 0.0167803 0.0512991 -0.0117564
    endloop
  endfacet
  facet normal 0.094261 0.423937 -0.900773
    outer loop
      vertex 0.0118275 0.0457592 -0.0149842
      vertex 0.0127317 0.0512991 -0.0122823
      vertex 0.0132592 0.0512991 -0.0122271
    endloop
  endfacet
  facet normal 0.0941585 0.423955 -0.900775
    outer loop
      vertex 0.0127317 0.0512991 -0.0122823
      vertex 0.0118275 0.0457592 -0.0149842
      vertex 0.00891209 0.0464067 -0.0149842
    endloop
  endfacet
  facet normal 0.195944 0.387191 -0.900938
    outer loop
      vertex 0.022913 0.0414 -0.0149842
      vertex 0.0202503 0.0427475 -0.0149842
      vertex 0.0261927 0.0473251 -0.0117245
    endloop
  endfacet
  facet normal 0.169577 0.335066 -0.926809
    outer loop
      vertex 0.0195427 0.0353107 -0.0178023
      vertex 0.017272 0.0364599 -0.0178023
      vertex 0.022913 0.0414 -0.0149842
    endloop
  endfacet
  facet normal 0.126485 0.353832 -0.926717
    outer loop
      vertex 0.0149336 0.037466 -0.0178023
      vertex 0.0125351 0.0383234 -0.0178023
      vertex 0.0146971 0.0449314 -0.0149842
    endloop
  endfacet
  facet normal 0.106258 0.297248 -0.948869
    outer loop
      vertex 0.0149336 0.037466 -0.0178023
      vertex 0.0103245 0.0315638 -0.0201674
      vertex 0.0125351 0.0383234 -0.0178023
    endloop
  endfacet
  facet normal 0.0866197 0.170906 -0.981472
    outer loop
      vertex 0.00902462 0.0163069 -0.0235062
      vertex 0.00797653 0.0168381 -0.0235062
      vertex 0.0125847 0.0227394 -0.0220719
    endloop
  endfacet
  facet normal 0.0865456 0.170963 -0.981469
    outer loop
      vertex 0.0125847 0.0227394 -0.0220719
      vertex 0.00797653 0.0168381 -0.0235062
      vertex 0.0111227 0.0234795 -0.0220719
    endloop
  endfacet
  facet normal 0.248341 0.42263 -0.871614
    outer loop
      vertex 0.0291319 0.045598 -0.0117245
      vertex 0.0261927 0.0473251 -0.0117245
      vertex 0.0326653 0.0511274 -0.00803665
    endloop
  endfacet
  facet normal 0.274136 0.4062 -0.871694
    outer loop
      vertex 0.0319567 0.0436916 -0.0117245
      vertex 0.0291319 0.045598 -0.0117245
      vertex 0.0326653 0.0511274 -0.00803665
    endloop
  endfacet
  facet normal 0.235481 0.208921 -0.949158
    outer loop
      vertex 0.0257435 0.0211544 -0.0201674
      vertex 0.0243559 0.0227184 -0.0201674
      vertex 0.0312567 0.0256853 -0.0178023
    endloop
  endfacet
  facet normal 0.247995 0.193713 -0.949196
    outer loop
      vertex 0.02703 0.0195074 -0.0201674
      vertex 0.0257435 0.0211544 -0.0201674
      vertex 0.0312567 0.0256853 -0.0178023
    endloop
  endfacet
  facet normal 0.0432743 0.120782 -0.991735
    outer loop
      vertex 0.00689602 0.0173016 -0.0235062
      vertex 0.00414848 0.0104084 -0.0244656
      vertex 0.0057888 0.0176983 -0.0235062
    endloop
  endfacet
  facet normal 0.0356253 0.123276 -0.991733
    outer loop
      vertex 0.00348186 0.0106468 -0.0244656
      vertex 0.0028019 0.0108433 -0.0244656
      vertex 0.0057888 0.0176983 -0.0235062
    endloop
  endfacet
  facet normal 0.11678 0.151625 -0.981515
    outer loop
      vertex 0.011941 0.0143385 -0.0235062
      vertex 0.0110111 0.0150547 -0.0235062
      vertex 0.0166521 0.0199947 -0.0220719
    endloop
  endfacet
  facet normal 0.0781496 0.101468 -0.991765
    outer loop
      vertex 0.011941 0.0143385 -0.0235062
      vertex 0.00662422 0.00905609 -0.0244656
      vertex 0.0110111 0.0150547 -0.0235062
    endloop
  endfacet
  facet normal 0.104139 0.361116 -0.926688
    outer loop
      vertex 0.0125351 0.0383234 -0.0178023
      vertex 0.010088 0.0390291 -0.0178023
      vertex 0.0118275 0.0457592 -0.0149842
    endloop
  endfacet
  facet normal 0.0814995 0.366957 -0.926661
    outer loop
      vertex 0.010088 0.0390291 -0.0178023
      vertex 0.00891209 0.0464067 -0.0149842
      vertex 0.0118275 0.0457592 -0.0149842
    endloop
  endfacet
  facet normal 0.148373 0.345134 -0.926751
    outer loop
      vertex 0.0202503 0.0427475 -0.0149842
      vertex 0.0149336 0.037466 -0.0178023
      vertex 0.0175085 0.0439262 -0.0149842
    endloop
  endfacet
  facet normal 0.17144 0.39879 -0.900875
    outer loop
      vertex 0.0202503 0.0427475 -0.0149842
      vertex 0.0175085 0.0439262 -0.0149842
      vertex 0.0231485 0.0488653 -0.0117245
    endloop
  endfacet
  facet normal 0.0646592 0.180469 -0.981453
    outer loop
      vertex 0.00689602 0.0173016 -0.0235062
      vertex 0.0057888 0.0176983 -0.0235062
      vertex 0.00961685 0.024127 -0.0220719
    endloop
  endfacet
  facet normal 0.0755528 0.176128 -0.981463
    outer loop
      vertex 0.00797653 0.0168381 -0.0235062
      vertex 0.00689602 0.0173016 -0.0235062
      vertex 0.00961685 0.024127 -0.0220719
    endloop
  endfacet
  facet normal 0.0216522 0.0605444 -0.997931
    outer loop
      vertex 0.00414848 0.0104084 -0.0244656
      vertex 0.00116158 0.00355339 -0.0249463
      vertex 0.00348186 0.0106468 -0.0244656
    endloop
  endfacet
  facet normal 0.0178555 0.0617862 -0.99793
    outer loop
      vertex 0.00348186 0.0106468 -0.0244656
      vertex 0.00116158 0.00355339 -0.0249463
      vertex 0.0028019 0.0108433 -0.0244656
    endloop
  endfacet
  facet normal 1 0 0
    outer loop
      vertex 0.0509996 0.0512991 9.14307e-07
      vertex 0.0509996 0.0495159 -0.00095371
      vertex 0.0509996 0.0512991 -1.46925e-05
    endloop
  endfacet
  facet normal 1 -0 0
    outer loop
      vertex 0.0509996 0 9.14307e-07
      vertex 0.0509996 0.0495159 -0.00095371
      vertex 0.0509996 0.0512991 9.14307e-07
    endloop
  endfacet
  facet normal 1 0 0
    outer loop
      vertex 0.0509996 0.0495159 -0.00095371
      vertex 0.0509996 0 9.14307e-07
      vertex 0.0509996 0.047572 -0.00197728
    endloop
  endfacet
  facet normal 1 0 0
    outer loop
      vertex 0.0509996 0.047572 -0.00197728
      vertex 0.0509996 0 9.14307e-07
      vertex 0.0509996 0.0435972 -0.0039349
    endloop
  endfacet
  facet normal 1 0 0
    outer loop
      vertex 0.0509996 0.0435972 -0.0039349
      vertex 0.0509996 0 9.14307e-07
      vertex 0.0509996 0.0424843 -0.00441365
    endloop
  endfacet
  facet normal 1 0 0
    outer loop
      vertex 0.0509996 0.0424843 -0.00441365
      vertex 0.0509996 0 9.14307e-07
      vertex 0.0509996 0.0419083 -0.00466142
    endloop
  endfacet
  facet normal 1 0 0
    outer loop
      vertex 0.0509996 0.0419083 -0.00466142
      vertex 0.0509996 0 9.14307e-07
      vertex 0.0509996 0.0389771 -0.00583007
    endloop
  endfacet
  facet normal 1 0 0
    outer loop
      vertex 0.0509996 0.0389771 -0.00583007
      vertex 0.0509996 0 9.14307e-07
      vertex 0.0509996 0.0368057 -0.00669553
    endloop
  endfacet
  facet normal 1 0 0
    outer loop
      vertex 0.0509996 0.0368057 -0.00669553
      vertex 0.0509996 0 9.14307e-07
      vertex 0.0509996 0.0331369 -0.00803665
    endloop
  endfacet
  facet normal 1 0 0
    outer loop
      vertex 0.0509996 0.0331369 -0.00803665
      vertex 0.0509996 0 9.14307e-07
      vertex 0.0509996 0.0321492 -0.0083494
    endloop
  endfacet
  facet normal 1 0 0
    outer loop
      vertex 0.0509996 0.0321492 -0.0083494
      vertex 0.0509996 0 9.14307e-07
      vertex 0.0509996 0.031654 -0.00849143
    endloop
  endfacet
  facet normal 1 0 0
    outer loop
      vertex 0.0509996 0.031654 -0.00849143
      vertex 0.0509996 0 9.14307e-07
      vertex 0.0509996 0.0278497 -0.00958229
    endloop
  endfacet
  facet normal 1 0 0
    outer loop
      vertex 0.0509996 0.0278497 -0.00958229
      vertex 0.0509996 0 9.14307e-07
      vertex 0.0509996 0.0259124 -0.0100778
    endloop
  endfacet
  facet normal 1 0 0
    outer loop
      vertex 0.0509996 0.0259124 -0.0100778
      vertex 0.0509996 0 9.14307e-07
      vertex 0.0509996 0.023838 -0.0106084
    endloop
  endfacet
  facet normal 1 0 0
    outer loop
      vertex 0.0509996 0.023838 -0.0106084
      vertex 0.0509996 0 9.14307e-07
      vertex 0.0509996 0.0204544 -0.0113658
    endloop
  endfacet
  facet normal 1 0 0
    outer loop
      vertex 0.0509996 0.0204544 -0.0113658
      vertex 0.0509996 0 9.14307e-07
      vertex 0.0509996 0.0200566 -0.0114548
    endloop
  endfacet
  facet normal 1 0 0
    outer loop
      vertex 0.0509996 0.0200566 -0.0114548
      vertex 0.0509996 0 9.14307e-07
      vertex 0.0509996 0.0186435 -0.0117245
    endloop
  endfacet
  facet normal 1 0 0
    outer loop
      vertex 0.0509996 0.0186435 -0.0117245
      vertex 0.0509996 0 9.14307e-07
      vertex 0.0509996 0.0167549 -0.012033
    endloop
  endfacet
  facet normal 1 0 0
    outer loop
      vertex 0.0509996 0.0167549 -0.012033
      vertex 0.0509996 0 9.14307e-07
      vertex 0.0509996 0.0164597 -0.0120813
    endloop
  endfacet
  facet normal 1 0 0
    outer loop
      vertex 0.0509996 0.0164597 -0.0120813
      vertex 0.0509996 0 9.14307e-07
      vertex 0.0509996 0.0136919 -0.0124536
    endloop
  endfacet
  facet normal 1 0 0
    outer loop
      vertex 0.0509996 0.0136919 -0.0124536
      vertex 0.0509996 0 9.14307e-07
      vertex 0.0509996 0.0130067 -0.0125458
    endloop
  endfacet
  facet normal 1 0 0
    outer loop
      vertex 0.0509996 0.0130067 -0.0125458
      vertex 0.0509996 0 9.14307e-07
      vertex 0.0509996 0.0121504 -0.012636
    endloop
  endfacet
  facet normal 1 0 0
    outer loop
      vertex 0.0509996 0.0121504 -0.012636
      vertex 0.0509996 0 9.14307e-07
      vertex 0.0509996 0.00966334 -0.0128975
    endloop
  endfacet
  facet normal 1 0 0
    outer loop
      vertex 0.0509996 0.00966334 -0.0128975
      vertex 0.0509996 0 9.14307e-07
      vertex 0.0509996 0.00849482 -0.0129857
    endloop
  endfacet
  facet normal 1 0 0
    outer loop
      vertex 0.0509996 0.00849482 -0.0129857
      vertex 0.0509996 0 9.14307e-07
      vertex 0.0509996 0.0063991 -0.0131437
    endloop
  endfacet
  facet normal 1 0 0
    outer loop
      vertex 0.0509996 0.0063991 -0.0131437
      vertex 0.0509996 0 9.14307e-07
      vertex 0.0509996 0.00455697 -0.0132276
    endloop
  endfacet
  facet normal 1 0 0
    outer loop
      vertex 0.0509996 0.00455697 -0.0132276
      vertex 0.0509996 0 9.14307e-07
      vertex 0.0509996 0.00318652 -0.0132898
    endloop
  endfacet
  facet normal 1 0 0
    outer loop
      vertex 0.0509996 0.00318652 -0.0132898
      vertex 0.0509996 0 9.14307e-07
      vertex 0.0509996 0.00173955 -0.0133117
    endloop
  endfacet
  facet normal 1 0 0
    outer loop
      vertex 0.0509996 0.00173955 -0.0133117
      vertex 0.0509996 0 9.14307e-07
      vertex 0.0509996 0 -0.0133379
    endloop
  endfacet
  facet normal -0 0 1
    outer loop
      vertex -0.0509996 0.0512991 9.14307e-07
      vertex 0.0509996 0 9.14307e-07
      vertex 0.0509996 0.0512991 9.14307e-07
    endloop
  endfacet
  facet normal 0 0 1
    outer loop
      vertex 0.0509996 0 9.14307e-07
      vertex -0.0509996 0.0512991 9.14307e-07
      vertex -0.0509996 0 9.14307e-07
    endloop
  endfacet
  facet normal -1 0 0
    outer loop
      vertex -0.0509996 0.0495159 -0.00095371
      vertex -0.0509996 0.0512991 9.14307e-07
      vertex -0.0509996 0.0512991 -1.46925e-05
    endloop
  endfacet
  facet normal -1 0 0
    outer loop
      vertex -0.0509996 0 9.14307e-07
      vertex -0.0509996 0.0495159 -0.00095371
      vertex -0.0509996 0.047572 -0.00197728
    endloop
  endfacet
  facet normal -1 0 0
    outer loop
      vertex -0.0509996 0 9.14307e-07
      vertex -0.0509996 0.047572 -0.00197728
      vertex -0.0509996 0.0435972 -0.0039349
    endloop
  endfacet
  facet normal -1 0 0
    outer loop
      vertex -0.0509996 0 9.14307e-07
      vertex -0.0509996 0.0435972 -0.0039349
      vertex -0.0509996 0.0424843 -0.00441365
    endloop
  endfacet
  facet normal -1 0 0
    outer loop
      vertex -0.0509996 0 9.14307e-07
      vertex -0.0509996 0.0424843 -0.00441365
      vertex -0.0509996 0.0419083 -0.00466142
    endloop
  endfacet
  facet normal -1 0 0
    outer loop
      vertex -0.0509996 0 9.14307e-07
      vertex -0.0509996 0.0419083 -0.00466142
      vertex -0.0509996 0.0389771 -0.00583007
    endloop
  endfacet
  facet normal -1 0 0
    outer loop
      vertex -0.0509996 0 9.14307e-07
      vertex -0.0509996 0.0389771 -0.00583007
      vertex -0.0509996 0.0368057 -0.00669553
    endloop
  endfacet
  facet normal -1 0 0
    outer loop
      vertex -0.0509996 0 9.14307e-07
      vertex -0.0509996 0.0368057 -0.00669553
      vertex -0.0509996 0.0331369 -0.00803665
    endloop
  endfacet
  facet normal -1 0 0
    outer loop
      vertex -0.0509996 0 9.14307e-07
      vertex -0.0509996 0.0331369 -0.00803665
      vertex -0.0509996 0.0321492 -0.0083494
    endloop
  endfacet
  facet normal -1 0 0
    outer loop
      vertex -0.0509996 0 9.14307e-07
      vertex -0.0509996 0.0321492 -0.0083494
      vertex -0.0509996 0.031654 -0.00849143
    endloop
  endfacet
  facet normal -1 0 0
    outer loop
      vertex -0.0509996 0 9.14307e-07
      vertex -0.0509996 0.031654 -0.00849143
      vertex -0.0509996 0.0278497 -0.00958229
    endloop
  endfacet
  facet normal -1 0 0
    outer loop
      vertex -0.0509996 0 9.14307e-07
      vertex -0.0509996 0.0278497 -0.00958229
      vertex -0.0509996 0.0259124 -0.0100778
    endloop
  endfacet
  facet normal -1 0 0
    outer loop
      vertex -0.0509996 0 9.14307e-07
      vertex -0.0509996 0.0259124 -0.0100778
      vertex -0.0509996 0.023838 -0.0106084
    endloop
  endfacet
  facet normal -1 0 0
    outer loop
      vertex -0.0509996 0 9.14307e-07
      vertex -0.0509996 0.023838 -0.0106084
      vertex -0.0509996 0.0204544 -0.0113658
    endloop
  endfacet
  facet normal -1 0 0
    outer loop
      vertex -0.0509996 0 9.14307e-07
      vertex -0.0509996 0.0204544 -0.0113658
      vertex -0.0509996 0.0200566 -0.0114548
    endloop
  endfacet
  facet normal -1 0 0
    outer loop
      vertex -0.0509996 0 9.14307e-07
      vertex -0.0509996 0.0200566 -0.0114548
      vertex -0.0509996 0.0186435 -0.0117245
    endloop
  endfacet
  facet normal -1 0 0
    outer loop
      vertex -0.0509996 0 9.14307e-07
      vertex -0.0509996 0.0186435 -0.0117245
      vertex -0.0509996 0.0167549 -0.012033
    endloop
  endfacet
  facet normal -1 0 0
    outer loop
      vertex -0.0509996 0 9.14307e-07
      vertex -0.0509996 0.0167549 -0.012033
      vertex -0.0509996 0.0164597 -0.0120813
    endloop
  endfacet
  facet normal -1 0 0
    outer loop
      vertex -0.0509996 0 9.14307e-07
      vertex -0.0509996 0.0164597 -0.0120813
      vertex -0.0509996 0.0136919 -0.0124536
    endloop
  endfacet
  facet normal -1 0 0
    outer loop
      vertex -0.0509996 0 9.14307e-07
      vertex -0.0509996 0.0136919 -0.0124536
      vertex -0.0509996 0.0130067 -0.0125458
    endloop
  endfacet
  facet normal -1 0 0
    outer loop
      vertex -0.0509996 0 9.14307e-07
      vertex -0.0509996 0.0130067 -0.0125458
      vertex -0.0509996 0.0121504 -0.012636
    endloop
  endfacet
  facet normal -1 0 0
    outer loop
      vertex -0.0509996 0 9.14307e-07
      vertex -0.0509996 0.0121504 -0.012636
      vertex -0.0509996 0.00966334 -0.0128975
    endloop
  endfacet
  facet normal -1 0 0
    outer loop
      vertex -0.0509996 0 9.14307e-07
      vertex -0.0509996 0.00966334 -0.0128975
      vertex -0.0509996 0.00849482 -0.0129857
    endloop
  endfacet
  facet normal -1 0 0
    outer loop
      vertex -0.0509996 0 9.14307e-07
      vertex -0.0509996 0.00849482 -0.0129857
      vertex -0.0509996 0.0063991 -0.0131437
    endloop
  endfacet
  facet normal -1 0 0
    outer loop
      vertex -0.0509996 0 9.14307e-07
      vertex -0.0509996 0.0063991 -0.0131437
      vertex -0.0509996 0.00455697 -0.0132276
    endloop
  endfacet
  facet normal -1 0 0
    outer loop
      vertex -0.0509996 0 9.14307e-07
      vertex -0.0509996 0.00455697 -0.0132276
      vertex -0.0509996 0.00318652 -0.0132898
    endloop
  endfacet
  facet normal -1 0 0
    outer loop
      vertex -0.0509996 0 9.14307e-07
      vertex -0.0509996 0.00318652 -0.0132898
      vertex -0.0509996 0.00173955 -0.0133117
    endloop
  endfacet
  facet normal -1 0 0
    outer loop
      vertex -0.0509996 0 9.14307e-07
      vertex -0.0509996 0.00173955 -0.0133117
      vertex -0.0509996 0 -0.0133379
    endloop
  endfacet
  facet normal -1 0 0
    outer loop
      vertex -0.0509996 0.0495159 -0.00095371
      vertex -0.0509996 0 9.14307e-07
      vertex -0.0509996 0.0512991 9.14307e-07
    endloop
  endfacet
  facet normal 0 1 0
    outer loop
      vertex 0.0484974 0.0512991 -0.00132347
      vertex 0.0509996 0.0512991 9.14307e-07
      vertex 0.0509996 0.0512991 -1.46925e-05
    endloop
  endfacet
  facet normal 0 1 0
    outer loop
      vertex 0.0509996 0.0512991 9.14307e-07
      vertex 0.0484974 0.0512991 -0.00132347
      vertex -0.0509996 0.0512991 9.14307e-07
    endloop
  endfacet
  facet normal 0 1 -0
    outer loop
      vertex -0.0484974 0.0512991 -0.00132347
      vertex -0.0509996 0.0512991 9.14307e-07
      vertex 0.0484974 0.0512991 -0.00132347
    endloop
  endfacet
  facet normal 0 1 0
    outer loop
      vertex -0.0509996 0.0512991 9.14307e-07
      vertex -0.0484974 0.0512991 -0.00132347
      vertex -0.0509996 0.0512991 -1.46925e-05
    endloop
  endfacet
  facet normal 0 1 0
    outer loop
      vertex 0.0422917 0.0512991 -0.00429204
      vertex 0.0484974 0.0512991 -0.00132347
      vertex 0.0431592 0.0512991 -0.0039349
    endloop
  endfacet
  facet normal 0 1 0
    outer loop
      vertex 0.0375217 0.0512991 -0.00618079
      vertex 0.0484974 0.0512991 -0.00132347
      vertex 0.0422917 0.0512991 -0.00429204
    endloop
  endfacet
  facet normal 0 1 0
    outer loop
      vertex 0.0422917 0.0512991 -0.00429204
      vertex 0.0431592 0.0512991 -0.0039349
      vertex 0.0427242 0.0512991 -0.00412076
    endloop
  endfacet
  facet normal 0 1 0
    outer loop
      vertex 0.0484974 0.0512991 -0.00132347
      vertex 0.0375217 0.0512991 -0.00618079
      vertex -0.0484974 0.0512991 -0.00132347
    endloop
  endfacet
  facet normal 0 1 0
    outer loop
      vertex -0.0484974 0.0512991 -0.00132347
      vertex -0.0422917 0.0512991 -0.00429204
      vertex -0.0431592 0.0512991 -0.0039349
    endloop
  endfacet
  facet normal 0 1 0
    outer loop
      vertex -0.0431592 0.0512991 -0.0039349
      vertex -0.0422917 0.0512991 -0.00429204
      vertex -0.0427242 0.0512991 -0.00412076
    endloop
  endfacet
  facet normal 0 1 -0
    outer loop
      vertex -0.0375217 0.0512991 -0.00618079
      vertex -0.0484974 0.0512991 -0.00132347
      vertex 0.0375217 0.0512991 -0.00618079
    endloop
  endfacet
  facet normal 0 1 0
    outer loop
      vertex -0.0484974 0.0512991 -0.00132347
      vertex -0.0375217 0.0512991 -0.00618079
      vertex -0.0422917 0.0512991 -0.00429204
    endloop
  endfacet
  facet normal 0 1 -0
    outer loop
      vertex 0.0359056 0.0512991 -0.00676772
      vertex -0.0375217 0.0512991 -0.00618079
      vertex 0.0375217 0.0512991 -0.00618079
    endloop
  endfacet
  facet normal 0 1 0
    outer loop
      vertex 0.0359056 0.0512991 -0.00676772
      vertex -0.0359056 0.0512991 -0.00676772
      vertex -0.0375217 0.0512991 -0.00618079
    endloop
  endfacet
  facet normal 0 1 0
    outer loop
      vertex 0.0283916 0.0512991 -0.00917095
      vertex 0.0359056 0.0512991 -0.00676772
      vertex 0.0327749 0.0512991 -0.0079045
    endloop
  endfacet
  facet normal 0 1 0
    outer loop
      vertex 0.0260668 0.0512991 -0.00976164
      vertex 0.0359056 0.0512991 -0.00676772
      vertex 0.0283916 0.0512991 -0.00917095
    endloop
  endfacet
  facet normal 0 1 0
    outer loop
      vertex 0.0283916 0.0512991 -0.00917095
      vertex 0.0327749 0.0512991 -0.0079045
      vertex 0.0323731 0.0512991 -0.00803665
    endloop
  endfacet
  facet normal 0 1 0
    outer loop
      vertex 0.0359056 0.0512991 -0.00676772
      vertex 0.0260668 0.0512991 -0.00976164
      vertex -0.0359056 0.0512991 -0.00676772
    endloop
  endfacet
  facet normal 0 1 0
    outer loop
      vertex -0.0359056 0.0512991 -0.00676772
      vertex -0.0283916 0.0512991 -0.00917095
      vertex -0.0327749 0.0512991 -0.0079045
    endloop
  endfacet
  facet normal 0 1 0
    outer loop
      vertex -0.0327749 0.0512991 -0.0079045
      vertex -0.0283916 0.0512991 -0.00917095
      vertex -0.0323731 0.0512991 -0.00803665
    endloop
  endfacet
  facet normal 0 1 -0
    outer loop
      vertex -0.0260668 0.0512991 -0.00976164
      vertex -0.0359056 0.0512991 -0.00676772
      vertex 0.0260668 0.0512991 -0.00976164
    endloop
  endfacet
  facet normal 0 1 0
    outer loop
      vertex -0.0359056 0.0512991 -0.00676772
      vertex -0.0260668 0.0512991 -0.00976164
      vertex -0.0283916 0.0512991 -0.00917095
    endloop
  endfacet
  facet normal 0 1 -0
    outer loop
      vertex 0.0243016 0.0512991 -0.01021
      vertex -0.0260668 0.0512991 -0.00976164
      vertex 0.0260668 0.0512991 -0.00976164
    endloop
  endfacet
  facet normal 0 1 0
    outer loop
      vertex 0.0243016 0.0512991 -0.01021
      vertex -0.0243016 0.0512991 -0.01021
      vertex -0.0260668 0.0512991 -0.00976164
    endloop
  endfacet
  facet normal 0 1 -0
    outer loop
      vertex 0.0214236 0.0512991 -0.0108496
      vertex -0.0243016 0.0512991 -0.01021
      vertex 0.0243016 0.0512991 -0.01021
    endloop
  endfacet
  facet normal 0 1 0
    outer loop
      vertex 0.0214236 0.0512991 -0.0108496
      vertex -0.0214236 0.0512991 -0.0108496
      vertex -0.0243016 0.0512991 -0.01021
    endloop
  endfacet
  facet normal 0 1 0
    outer loop
      vertex 0.0136813 0.0512991 -0.0121707
      vertex 0.0214236 0.0512991 -0.0108496
      vertex 0.0204468 0.0512991 -0.0110666
    endloop
  endfacet
  facet normal 0 1 0
    outer loop
      vertex 0.0127317 0.0512991 -0.0122823
      vertex 0.0214236 0.0512991 -0.0108496
      vertex 0.0136813 0.0512991 -0.0121707
    endloop
  endfacet
  facet normal 0 1 0
    outer loop
      vertex 0.0136813 0.0512991 -0.0121707
      vertex 0.0204468 0.0512991 -0.0110666
      vertex 0.0169769 0.0512991 -0.0117245
    endloop
  endfacet
  facet normal 0 1 0
    outer loop
      vertex 0.0214236 0.0512991 -0.0108496
      vertex 0.0127317 0.0512991 -0.0122823
      vertex -0.0214236 0.0512991 -0.0108496
    endloop
  endfacet
  facet normal 0 1 0
    outer loop
      vertex 0.0136813 0.0512991 -0.0121707
      vertex 0.0169769 0.0512991 -0.0117245
      vertex 0.0168069 0.0512991 -0.0117521
    endloop
  endfacet
  facet normal 0 1 0
    outer loop
      vertex -0.0214236 0.0512991 -0.0108496
      vertex -0.0136813 0.0512991 -0.0121707
      vertex -0.0204468 0.0512991 -0.0110666
    endloop
  endfacet
  facet normal 0 1 0
    outer loop
      vertex 0.0136813 0.0512991 -0.0121707
      vertex 0.0168069 0.0512991 -0.0117521
      vertex 0.0167803 0.0512991 -0.0117564
    endloop
  endfacet
  facet normal 0 1 0
    outer loop
      vertex -0.0204468 0.0512991 -0.0110666
      vertex -0.0136813 0.0512991 -0.0121707
      vertex -0.0169769 0.0512991 -0.0117245
    endloop
  endfacet
  facet normal 0 1 0
    outer loop
      vertex -0.0169769 0.0512991 -0.0117245
      vertex -0.0136813 0.0512991 -0.0121707
      vertex -0.0168069 0.0512991 -0.0117521
    endloop
  endfacet
  facet normal 0 1 0
    outer loop
      vertex -0.0168069 0.0512991 -0.0117521
      vertex -0.0136813 0.0512991 -0.0121707
      vertex -0.0167803 0.0512991 -0.0117564
    endloop
  endfacet
  facet normal 0 1 0
    outer loop
      vertex 0.0127317 0.0512991 -0.0122823
      vertex 0.0136813 0.0512991 -0.0121707
      vertex 0.0132592 0.0512991 -0.0122271
    endloop
  endfacet
  facet normal 0 1 -0
    outer loop
      vertex -0.0127317 0.0512991 -0.0122823
      vertex -0.0214236 0.0512991 -0.0108496
      vertex 0.0127317 0.0512991 -0.0122823
    endloop
  endfacet
  facet normal 0 1 0
    outer loop
      vertex -0.0214236 0.0512991 -0.0108496
      vertex -0.0127317 0.0512991 -0.0122823
      vertex -0.0136813 0.0512991 -0.0121707
    endloop
  endfacet
  facet normal 0 1 0
    outer loop
      vertex -0.0136813 0.0512991 -0.0121707
      vertex -0.0127317 0.0512991 -0.0122823
      vertex -0.0132592 0.0512991 -0.0122271
    endloop
  endfacet
  facet normal 0 1 0
    outer loop
      vertex 0.00898987 0.0512991 -0.0126479
      vertex 0.0127317 0.0512991 -0.0122823
      vertex 0.00985122 0.0512991 -0.0125833
    endloop
  endfacet
  facet normal 0 1 0
    outer loop
      vertex 0.0127317 0.0512991 -0.0122823
      vertex 0.00898987 0.0512991 -0.0126479
      vertex -0.0127317 0.0512991 -0.0122823
    endloop
  endfacet
  facet normal 0 1 -0
    outer loop
      vertex -0.00898987 0.0512991 -0.0126479
      vertex -0.0127317 0.0512991 -0.0122823
      vertex 0.00898987 0.0512991 -0.0126479
    endloop
  endfacet
  facet normal 0 1 0
    outer loop
      vertex -0.0127317 0.0512991 -0.0122823
      vertex -0.00898987 0.0512991 -0.0126479
      vertex -0.00985122 0.0512991 -0.0125833
    endloop
  endfacet
  facet normal 0 1 -0
    outer loop
      vertex 0.00652387 0.0512991 -0.0128325
      vertex -0.00898987 0.0512991 -0.0126479
      vertex 0.00898987 0.0512991 -0.0126479
    endloop
  endfacet
  facet normal 0 1 0
    outer loop
      vertex 0.00652387 0.0512991 -0.0128325
      vertex -0.00652387 0.0512991 -0.0128325
      vertex -0.00898987 0.0512991 -0.0126479
    endloop
  endfacet
  facet normal 0 1 -0
    outer loop
      vertex 0.00435551 0.0512991 -0.0129304
      vertex -0.00652387 0.0512991 -0.0128325
      vertex 0.00652387 0.0512991 -0.0128325
    endloop
  endfacet
  facet normal 0 1 0
    outer loop
      vertex 0.00435551 0.0512991 -0.0129304
      vertex -0.00435551 0.0512991 -0.0129304
      vertex -0.00652387 0.0512991 -0.0128325
    endloop
  endfacet
  facet normal 0 1 0
    outer loop
      vertex 0.00207981 0.0512991 -0.0129979
      vertex 0.00435551 0.0512991 -0.0129304
      vertex 0.00324861 0.0512991 -0.0129803
    endloop
  endfacet
  facet normal 0 1 0
    outer loop
      vertex 0.00435551 0.0512991 -0.0129304
      vertex 0.00207981 0.0512991 -0.0129979
      vertex -0.00435551 0.0512991 -0.0129304
    endloop
  endfacet
  facet normal 0 1 -0
    outer loop
      vertex -0.00207981 0.0512991 -0.0129979
      vertex -0.00435551 0.0512991 -0.0129304
      vertex 0.00207981 0.0512991 -0.0129979
    endloop
  endfacet
  facet normal 0 1 0
    outer loop
      vertex -0.00435551 0.0512991 -0.0129304
      vertex -0.00207981 0.0512991 -0.0129979
      vertex -0.00324861 0.0512991 -0.0129803
    endloop
  endfacet
  facet normal -0 1 0
    outer loop
      vertex -0.00207981 0.0512991 -0.0129979
      vertex 0.00207981 0.0512991 -0.0129979
      vertex 0 0.0512991 -0.0130293
    endloop
  endfacet
  facet normal 0 -1 0
    outer loop
      vertex -0.0475616 0 -0.0149842
      vertex -0.0509996 0 9.14307e-07
      vertex -0.0509996 0 -0.0133379
    endloop
  endfacet
  facet normal 0 -1 0
    outer loop
      vertex -0.033411 0 -0.0201674
      vertex -0.0509996 0 9.14307e-07
      vertex -0.0405664 0 -0.0178023
    endloop
  endfacet
  facet normal 0 -1 0
    outer loop
      vertex -0.0509996 0 9.14307e-07
      vertex -0.0475616 0 -0.0149842
      vertex -0.0405664 0 -0.0178023
    endloop
  endfacet
  facet normal 0 -1 0
    outer loop
      vertex -0.026124 0 -0.0220719
      vertex -0.0509996 0 9.14307e-07
      vertex -0.033411 0 -0.0201674
    endloop
  endfacet
  facet normal -0 -1 0
    outer loop
      vertex 0.0475616 0 -0.0149842
      vertex 0.0509996 0 9.14307e-07
      vertex 0.0405664 0 -0.0178023
    endloop
  endfacet
  facet normal 0 -1 -0
    outer loop
      vertex 0.0509996 0 9.14307e-07
      vertex 0.0475616 0 -0.0149842
      vertex 0.0509996 0 -0.0133379
    endloop
  endfacet
  facet normal 0 -1 0
    outer loop
      vertex -0.018734 0 -0.0235062
      vertex -0.0509996 0 9.14307e-07
      vertex -0.026124 0 -0.0220719
    endloop
  endfacet
  facet normal 0 -1 0
    outer loop
      vertex 0.0509996 0 9.14307e-07
      vertex 0.033411 0 -0.0201674
      vertex 0.0405664 0 -0.0178023
    endloop
  endfacet
  facet normal 0 -1 0
    outer loop
      vertex -0.0112696 0 -0.0244656
      vertex -0.0509996 0 9.14307e-07
      vertex -0.018734 0 -0.0235062
    endloop
  endfacet
  facet normal 0 -1 0
    outer loop
      vertex 0.0509996 0 9.14307e-07
      vertex 0.026124 0 -0.0220719
      vertex 0.033411 0 -0.0201674
    endloop
  endfacet
  facet normal 0 -1 0
    outer loop
      vertex -0.00376129 0 -0.0249463
      vertex -0.0509996 0 9.14307e-07
      vertex -0.0112696 0 -0.0244656
    endloop
  endfacet
  facet normal 0 -1 0
    outer loop
      vertex 0.0509996 0 9.14307e-07
      vertex 0.018734 0 -0.0235062
      vertex 0.026124 0 -0.0220719
    endloop
  endfacet
  facet normal 0 -1 0
    outer loop
      vertex -0.0509996 0 9.14307e-07
      vertex -0.00376129 0 -0.0249463
      vertex 0.0509996 0 9.14307e-07
    endloop
  endfacet
  facet normal 0 -1 0
    outer loop
      vertex 0.0509996 0 9.14307e-07
      vertex 0.0112696 0 -0.0244656
      vertex 0.018734 0 -0.0235062
    endloop
  endfacet
  facet normal 0 -1 0
    outer loop
      vertex 0.00376129 0 -0.0249463
      vertex 0.0509996 0 9.14307e-07
      vertex -0.00376129 0 -0.0249463
    endloop
  endfacet
  facet normal 0 -1 0
    outer loop
      vertex 0.0509996 0 9.14307e-07
      vertex 0.00376129 0 -0.0249463
      vertex 0.0112696 0 -0.0244656
    endloop
  endfacet
endsolid OpenSCAD_Model
