solid OpenSCAD_Model
  facet normal 0.0527008 -0.188156 -0.980724
    outer loop
      vertex 0.00809956 -0.0240364 -0.0234294
      vertex 0.00467396 -0.0175543 -0.0248571
      vertex 0.00580788 -0.0172367 -0.0248571
    endloop
  endfacet
  facet normal 0.144488 -0.416173 -0.897732
    outer loop
      vertex 0.0200815 -0.0489044 -0.0131335
      vertex 0.0147457 -0.0437603 -0.016377
      vertex 0.0175667 -0.0427809 -0.016377
    endloop
  endfacet
  facet normal -0.420293 -0.494471 -0.760823
    outer loop
      vertex -0.0497835 -0.0522995 -0.000904574
      vertex -0.0504315 -0.0522995 -0.000546607
      vertex -0.0504141 -0.0517635 -0.000904574
    endloop
  endfacet
  facet normal -0.0995148 -0.238277 -0.966085
    outer loop
      vertex -0.00964832 -0.0234985 -0.0234294
      vertex -0.0142727 -0.0292463 -0.0215354
      vertex -0.0111599 -0.0228672 -0.0234294
    endloop
  endfacet
  facet normal -0.207374 -0.14614 -0.967284
    outer loop
      vertex -0.0271206 -0.0189981 -0.0215354
      vertex -0.0283041 -0.0173187 -0.0215354
      vertex -0.022131 -0.0135422 -0.0234294
    endloop
  endfacet
  facet normal 0.423775 -0.0695839 -0.903091
    outer loop
      vertex 0.0513496 -0.00736799 -0.0143741
      vertex 0.0473442 -0.00576687 -0.016377
      vertex 0.0513496 -0.00625444 -0.0144599
    endloop
  endfacet
  facet normal 0.423749 -0.0696562 -0.903097
    outer loop
      vertex 0.0473442 -0.00576687 -0.016377
      vertex 0.0513496 -0.00736799 -0.0143741
      vertex 0.046875 -0.00862122 -0.016377
    endloop
  endfacet
  facet normal 0.191333 -0.458497 -0.867855
    outer loop
      vertex 0.0214755 -0.0522995 -0.0110325
      vertex 0.0200815 -0.0489044 -0.0131335
      vertex 0.0246211 -0.0522995 -0.010339
    endloop
  endfacet
  facet normal 0.402743 -0.368317 -0.837938
    outer loop
      vertex 0.0492334 -0.0445786 -0.00538207
      vertex 0.0513496 -0.0414042 -0.00576026
      vertex 0.0513496 -0.0422646 -0.00538207
    endloop
  endfacet
  facet normal 0.402741 -0.368316 -0.83794
    outer loop
      vertex 0.0513496 -0.0414042 -0.00576026
      vertex 0.0492334 -0.0445786 -0.00538207
      vertex 0.0445881 -0.0403719 -0.0094638
    endloop
  endfacet
  facet normal -0.0677421 -0.314371 -0.94688
    outer loop
      vertex -0.00762653 -0.0385494 -0.0191817
      vertex -0.0101223 -0.0380116 -0.0191817
      vertex -0.00833607 -0.0313072 -0.0215354
    endloop
  endfacet
  facet normal 0.371051 -0.0121257 -0.928533
    outer loop
      vertex 0.0476265 -0.00288868 -0.016377
      vertex 0.0406218 -0.00246334 -0.0191817
      vertex 0.0477209 0 -0.016377
    endloop
  endfacet
  facet normal -0.127544 -0.223513 -0.96632
    outer loop
      vertex -0.0126276 -0.0221472 -0.0234294
      vertex -0.0179625 -0.0272913 -0.0215354
      vertex -0.0140448 -0.0213385 -0.0234294
    endloop
  endfacet
  facet normal 0.146677 -0.351851 -0.924493
    outer loop
      vertex 0.0175667 -0.0427809 -0.016377
      vertex 0.0149832 -0.0364885 -0.0191817
      vertex 0.0173302 -0.0355101 -0.0191817
    endloop
  endfacet
  facet normal -0.368727 -0.226133 -0.901612
    outer loop
      vertex -0.0402918 -0.0246544 -0.016377
      vertex -0.0478029 -0.0253391 -0.0131335
      vertex -0.0418177 -0.0221663 -0.016377
    endloop
  endfacet
  facet normal 0.272438 -0.477763 -0.835177
    outer loop
      vertex 0.0344225 -0.0522995 -0.00749347
      vertex 0.0326922 -0.0522995 -0.0080579
      vertex 0.032774 -0.0497952 -0.0094638
    endloop
  endfacet
  facet normal -0.0392249 -0.256399 -0.965775
    outer loop
      vertex -0.00328445 -0.025074 -0.0234294
      vertex -0.0062809 -0.0317497 -0.0215354
      vertex -0.00491142 -0.0248251 -0.0234294
    endloop
  endfacet
  facet normal 0.168518 -0.0889999 -0.981672
    outer loop
      vertex 0.0237169 -0.0107603 -0.0234294
      vertex 0.0164719 -0.00873089 -0.0248571
      vertex 0.0170078 -0.00771618 -0.0248571
    endloop
  endfacet
  facet normal -0.368725 -0.226144 -0.90161
    outer loop
      vertex -0.0460587 -0.028183 -0.0131335
      vertex -0.0478029 -0.0253391 -0.0131335
      vertex -0.0402918 -0.0246544 -0.016377
    endloop
  endfacet
  facet normal -0.428918 -0.0140364 -0.903234
    outer loop
      vertex -0.0513496 -0.00178271 -0.0146262
      vertex -0.0476265 -0.00288868 -0.016377
      vertex -0.0513496 -0.00311474 -0.0146055
    endloop
  endfacet
  facet normal -0.428914 -0.0140166 -0.903237
    outer loop
      vertex -0.0476265 -0.00288868 -0.016377
      vertex -0.0513496 -0.00178271 -0.0146262
      vertex -0.0477209 0 -0.016377
    endloop
  endfacet
  facet normal -0.362166 -0.0840074 -0.92832
    outer loop
      vertex -0.039423 -0.00975895 -0.0191817
      vertex -0.0462217 -0.0114422 -0.016377
      vertex -0.0399809 -0.00735378 -0.0191817
    endloop
  endfacet
  facet normal -0.27785 -0.254065 -0.926418
    outer loop
      vertex -0.0296707 -0.026865 -0.0191817
      vertex -0.0367689 -0.0293293 -0.016377
      vertex -0.0313616 -0.0250158 -0.0191817
    endloop
  endfacet
  facet normal -0.106256 -0.162091 -0.981038
    outer loop
      vertex -0.0140448 -0.0213385 -0.0234294
      vertex -0.0154066 -0.0204458 -0.0234294
      vertex -0.0110483 -0.0146618 -0.0248571
    endloop
  endfacet
  facet normal 0.153516 -0.205299 -0.966584
    outer loop
      vertex 0.0197039 -0.0261497 -0.0215354
      vertex 0.0154066 -0.0204458 -0.0234294
      vertex 0.0167074 -0.0194731 -0.0234294
    endloop
  endfacet
  facet normal -0.0448904 -0.0464864 -0.99791
    outer loop
      vertex -0.0025835 -0.00265217 -0.0262904
      vertex -0.00824261 -0.00746346 -0.0258117
      vertex -0.0027504 -0.002491 -0.0262904
    endloop
  endfacet
  facet normal 0.359595 -0.480745 -0.799735
    outer loop
      vertex 0.0431201 -0.0522995 -0.00407477
      vertex 0.0430508 -0.0501766 -0.00538207
      vertex 0.0448724 -0.0522995 -0.00328686
    endloop
  endfacet
  facet normal -0.319356 -0.375667 -0.869992
    outer loop
      vertex -0.0389881 -0.0454416 -0.0094638
      vertex -0.0418701 -0.0429916 -0.0094638
      vertex -0.0347719 -0.0405273 -0.0131335
    endloop
  endfacet
  facet normal -0.393332 -0.176645 -0.902267
    outer loop
      vertex -0.0431786 -0.0195904 -0.016377
      vertex -0.0493593 -0.0223951 -0.0131335
      vertex -0.0443697 -0.0169382 -0.016377
    endloop
  endfacet
  facet normal -0.295784 -0.395537 -0.869518
    outer loop
      vertex -0.0359516 -0.0477123 -0.0094638
      vertex -0.0389881 -0.0454416 -0.0094638
      vertex -0.0347719 -0.0405273 -0.0131335
    endloop
  endfacet
  facet normal 0.282732 -0.332518 -0.899719
    outer loop
      vertex 0.0347719 -0.0405273 -0.0131335
      vertex 0.0304184 -0.0354528 -0.016377
      vertex 0.0326672 -0.0335407 -0.016377
    endloop
  endfacet
  facet normal -0.191333 -0.458497 -0.867855
    outer loop
      vertex -0.0214755 -0.0522995 -0.0110325
      vertex -0.0246211 -0.0522995 -0.010339
      vertex -0.0200815 -0.0489044 -0.0131335
    endloop
  endfacet
  facet normal -0.328403 -0.439072 -0.836282
    outer loop
      vertex -0.0430508 -0.0501766 -0.00538207
      vertex -0.0396609 -0.0522995 -0.00559868
      vertex -0.0402125 -0.0522995 -0.00538207
    endloop
  endfacet
  facet normal -0.328418 -0.439098 -0.836262
    outer loop
      vertex -0.0396609 -0.0522995 -0.00559868
      vertex -0.0430508 -0.0501766 -0.00538207
      vertex -0.0389881 -0.0454416 -0.0094638
    endloop
  endfacet
  facet normal 0.441111 -0.403405 -0.801677
    outer loop
      vertex 0.0513496 -0.0464944 -0.00325363
      vertex 0.0492334 -0.0445786 -0.00538207
      vertex 0.0513496 -0.0422646 -0.00538207
    endloop
  endfacet
  facet normal 0.4316 -0.228143 -0.872739
    outer loop
      vertex 0.0513496 -0.0252195 -0.0114109
      vertex 0.0493593 -0.0223951 -0.0131335
      vertex 0.0513496 -0.023298 -0.0119132
    endloop
  endfacet
  facet normal -0.444771 -0.199618 -0.873116
    outer loop
      vertex -0.0493593 -0.0223951 -0.0131335
      vertex -0.0513496 -0.023298 -0.0119132
      vertex -0.0513496 -0.0222137 -0.0121611
    endloop
  endfacet
  facet normal 0.247797 -0.0406491 -0.967959
    outer loop
      vertex 0.0329294 -0.00605583 -0.0215354
      vertex 0.0260048 -0.00316715 -0.0234294
      vertex 0.0332584 -0.00405025 -0.0215354
    endloop
  endfacet
  facet normal -0.174802 -0.266643 -0.947811
    outer loop
      vertex -0.0179625 -0.0272913 -0.0215354
      vertex -0.0239239 -0.0317497 -0.0191817
      vertex -0.0197039 -0.0261497 -0.0215354
    endloop
  endfacet
  facet normal -0.181633 -0.0547545 -0.981841
    outer loop
      vertex -0.0249281 -0.00780964 -0.0234294
      vertex -0.0253878 -0.00628471 -0.0234294
      vertex -0.0178766 -0.00559998 -0.0248571
    endloop
  endfacet
  facet normal -0.188014 -0.17188 -0.96701
    outer loop
      vertex -0.024437 -0.0221262 -0.0215354
      vertex -0.0258293 -0.0206032 -0.0215354
      vertex -0.020196 -0.0161095 -0.0234294
    endloop
  endfacet
  facet normal -0.112708 -0.0595246 -0.991844
    outer loop
      vertex -0.0164719 -0.00873089 -0.0248571
      vertex -0.0170078 -0.00771618 -0.0248571
      vertex -0.00990868 -0.00525188 -0.0258117
    endloop
  endfacet
  facet normal -0.402743 -0.368317 -0.837938
    outer loop
      vertex -0.0513496 -0.0414042 -0.00576026
      vertex -0.0492334 -0.0445786 -0.00538207
      vertex -0.0513496 -0.0422646 -0.00538207
    endloop
  endfacet
  facet normal -0.402741 -0.368316 -0.83794
    outer loop
      vertex -0.0492334 -0.0445786 -0.00538207
      vertex -0.0513496 -0.0414042 -0.00576026
      vertex -0.0445881 -0.0403719 -0.0094638
    endloop
  endfacet
  facet normal -0.456087 -0.170334 -0.873482
    outer loop
      vertex -0.0507202 -0.0193624 -0.0131335
      vertex -0.0513496 -0.0196027 -0.012758
      vertex -0.0513496 -0.0192663 -0.0128236
    endloop
  endfacet
  facet normal -0.187994 -0.171895 -0.967011
    outer loop
      vertex -0.0191069 -0.0173006 -0.0234294
      vertex -0.024437 -0.0221262 -0.0215354
      vertex -0.020196 -0.0161095 -0.0234294
    endloop
  endfacet
  facet normal -0.38213 -0.307553 -0.871429
    outer loop
      vertex -0.0471287 -0.0375919 -0.0094638
      vertex -0.0494843 -0.0346651 -0.0094638
      vertex -0.0420322 -0.0335264 -0.0131335
    endloop
  endfacet
  facet normal -0.271176 -0.413713 -0.869083
    outer loop
      vertex -0.0292292 -0.0444098 -0.0131335
      vertex -0.032774 -0.0497952 -0.0094638
      vertex -0.0320635 -0.042552 -0.0131335
    endloop
  endfacet
  facet normal -0.217271 -0.381196 -0.898601
    outer loop
      vertex -0.0262794 -0.0460911 -0.0131335
      vertex -0.0292292 -0.0444098 -0.0131335
      vertex -0.0229893 -0.0403204 -0.016377
    endloop
  endfacet
  facet normal -0.272345 -0.4778 -0.835186
    outer loop
      vertex -0.0326922 -0.0522995 -0.0080579
      vertex -0.0294666 -0.0516806 -0.0094638
      vertex -0.0298194 -0.0522995 -0.00899469
    endloop
  endfacet
  facet normal -0.272356 -0.477772 -0.835198
    outer loop
      vertex -0.0294666 -0.0516806 -0.0094638
      vertex -0.0326922 -0.0522995 -0.0080579
      vertex -0.032774 -0.0497952 -0.0094638
    endloop
  endfacet
  facet normal 0.41189 -0.124123 -0.90274
    outer loop
      vertex 0.0453854 -0.0142183 -0.016377
      vertex 0.0513496 -0.0158019 -0.013438
      vertex 0.0513496 -0.016087 -0.0133988
    endloop
  endfacet
  facet normal 0.4119 -0.124085 -0.902741
    outer loop
      vertex 0.0513496 -0.0158019 -0.013438
      vertex 0.0453854 -0.0142183 -0.016377
      vertex 0.0462217 -0.0114422 -0.016377
    endloop
  endfacet
  facet normal 0.427206 -0.0418538 -0.903185
    outer loop
      vertex 0.0513496 -0.00501158 -0.0145176
      vertex 0.0476265 -0.00288868 -0.016377
      vertex 0.0513496 -0.00311474 -0.0146055
    endloop
  endfacet
  facet normal 0.125207 -0.360575 -0.924288
    outer loop
      vertex 0.0175667 -0.0427809 -0.016377
      vertex 0.0125771 -0.037324 -0.0191817
      vertex 0.0149832 -0.0364885 -0.0191817
    endloop
  endfacet
  facet normal 0.108866 -0.0667643 -0.991812
    outer loop
      vertex 0.0164719 -0.00873089 -0.0248571
      vertex 0.00954723 -0.00584126 -0.0258117
      vertex 0.00990868 -0.00525188 -0.0258117
    endloop
  endfacet
  facet normal 0.193804 -0.394391 -0.898274
    outer loop
      vertex 0.0232267 -0.0475912 -0.0131335
      vertex 0.0229893 -0.0403204 -0.016377
      vertex 0.0262794 -0.0460911 -0.0131335
    endloop
  endfacet
  facet normal 0.191357 -0.458438 -0.867881
    outer loop
      vertex 0.0246211 -0.0522995 -0.010339
      vertex 0.0232267 -0.0475912 -0.0131335
      vertex 0.0255241 -0.0522995 -0.0101399
    endloop
  endfacet
  facet normal 0.191403 -0.458423 -0.867878
    outer loop
      vertex 0.0232267 -0.0475912 -0.0131335
      vertex 0.0246211 -0.0522995 -0.010339
      vertex 0.0200815 -0.0489044 -0.0131335
    endloop
  endfacet
  facet normal 0.0177048 -0.195057 -0.980632
    outer loop
      vertex 0.00164509 -0.0252228 -0.0234294
      vertex 0.0011797 -0.0180874 -0.0248571
      vertex 0.00328445 -0.025074 -0.0234294
    endloop
  endfacet
  facet normal 0.149363 -0.120201 -0.981449
    outer loop
      vertex 0.020196 -0.0161095 -0.0234294
      vertex 0.0144825 -0.0115519 -0.0248571
      vertex 0.0152063 -0.0106525 -0.0248571
    endloop
  endfacet
  facet normal 0.307814 -0.0506141 -0.950099
    outer loop
      vertex 0.0399809 -0.00735378 -0.0191817
      vertex 0.0329294 -0.00605583 -0.0215354
      vertex 0.0403814 -0.0049181 -0.0191817
    endloop
  endfacet
  facet normal 0.223432 -0.118038 -0.967546
    outer loop
      vertex 0.0303326 -0.0137625 -0.0215354
      vertex 0.0229692 -0.0121756 -0.0234294
      vertex 0.0237169 -0.0107603 -0.0234294
    endloop
  endfacet
  facet normal 0.24595 -0.197803 -0.948885
    outer loop
      vertex 0.0313616 -0.0250158 -0.0191817
      vertex 0.0271206 -0.0189981 -0.0215354
      vertex 0.0329285 -0.0230675 -0.0191817
    endloop
  endfacet
  facet normal 0.0251641 -0.0603962 -0.997857
    outer loop
      vertex 0.00416183 -0.0101366 -0.0258117
      vertex 0.00160694 -0.00329208 -0.0262904
      vertex 0.00481415 -0.00986481 -0.0258117
    endloop
  endfacet
  facet normal -0.158097 -0.277526 -0.94762
    outer loop
      vertex -0.0161495 -0.0283241 -0.0215354
      vertex -0.0196085 -0.0343904 -0.0191817
      vertex -0.0179625 -0.0272913 -0.0215354
    endloop
  endfacet
  facet normal -0.354596 -0.417121 -0.836823
    outer loop
      vertex -0.0389881 -0.0454416 -0.0094638
      vertex -0.0430508 -0.0501766 -0.00538207
      vertex -0.0418701 -0.0429916 -0.0094638
    endloop
  endfacet
  facet normal -0.320901 -0.293479 -0.900496
    outer loop
      vertex -0.0397654 -0.036005 -0.0131335
      vertex -0.0420322 -0.0335264 -0.0131335
      vertex -0.0367689 -0.0293293 -0.016377
    endloop
  endfacet
  facet normal -0.420272 -0.494477 -0.760831
    outer loop
      vertex -0.0504315 -0.0522995 -0.000546607
      vertex -0.0509362 -0.0522995 -0.000267818
      vertex -0.0504141 -0.0517635 -0.000904574
    endloop
  endfacet
  facet normal -0.304119 -0.0705429 -0.950019
    outer loop
      vertex -0.039423 -0.00975895 -0.0191817
      vertex -0.0399809 -0.00735378 -0.0191817
      vertex -0.0324697 -0.00803757 -0.0215354
    endloop
  endfacet
  facet normal 0.115832 -0.154903 -0.981116
    outer loop
      vertex 0.0154066 -0.0204458 -0.0234294
      vertex 0.011981 -0.0139647 -0.0248571
      vertex 0.0167074 -0.0194731 -0.0234294
    endloop
  endfacet
  facet normal -0.449875 -0.466479 -0.761584
    outer loop
      vertex -0.0504141 -0.0517635 -0.000904574
      vertex -0.0513496 -0.0518488 -0.000299718
      vertex -0.0513496 -0.0508613 -0.000904574
    endloop
  endfacet
  facet normal 0.0847752 -0.244327 -0.96598
    outer loop
      vertex 0.0103588 -0.0307407 -0.0215354
      vertex 0.00809956 -0.0240364 -0.0234294
      vertex 0.0123405 -0.0300531 -0.0215354
    endloop
  endfacet
  facet normal -0.218801 -0.445279 -0.868247
    outer loop
      vertex -0.028207 -0.0522995 -0.0094638
      vertex -0.0232267 -0.0475912 -0.0131335
      vertex -0.0255241 -0.0522995 -0.0101399
    endloop
  endfacet
  facet normal -0.218791 -0.445289 -0.868245
    outer loop
      vertex -0.0232267 -0.0475912 -0.0131335
      vertex -0.028207 -0.0522995 -0.0094638
      vertex -0.0294666 -0.0516806 -0.0094638
    endloop
  endfacet
  facet normal -0.33044 -0.174578 -0.927541
    outer loop
      vertex -0.0418177 -0.0221663 -0.016377
      vertex -0.0431786 -0.0195904 -0.016377
      vertex -0.036828 -0.0167093 -0.0191817
    endloop
  endfacet
  facet normal -0.302409 -0.313643 -0.900098
    outer loop
      vertex -0.0373421 -0.0383415 -0.0131335
      vertex -0.0397654 -0.036005 -0.0131335
      vertex -0.0326672 -0.0335407 -0.016377
    endloop
  endfacet
  facet normal -0.362709 -0.331474 -0.870958
    outer loop
      vertex -0.0445881 -0.0403719 -0.0094638
      vertex -0.0471287 -0.0375919 -0.0094638
      vertex -0.0420322 -0.0335264 -0.0131335
    endloop
  endfacet
  facet normal -0.349054 -0.130348 -0.927993
    outer loop
      vertex -0.0443697 -0.0169382 -0.016377
      vertex -0.0453854 -0.0142183 -0.016377
      vertex -0.0378437 -0.0144463 -0.0191817
    endloop
  endfacet
  facet normal 0.319402 -0.375572 -0.870016
    outer loop
      vertex 0.0418701 -0.0429916 -0.0094638
      vertex 0.0347719 -0.0405273 -0.0131335
      vertex 0.0373421 -0.0383415 -0.0131335
    endloop
  endfacet
  facet normal 0.245357 -0.43041 -0.868647
    outer loop
      vertex 0.0294666 -0.0516806 -0.0094638
      vertex 0.0292292 -0.0444098 -0.0131335
      vertex 0.032774 -0.0497952 -0.0094638
    endloop
  endfacet
  facet normal -0.261889 -0.271539 -0.926111
    outer loop
      vertex -0.0326672 -0.0335407 -0.016377
      vertex -0.0347862 -0.031497 -0.016377
      vertex -0.0296707 -0.026865 -0.0191817
    endloop
  endfacet
  facet normal -0.218806 -0.44527 -0.86825
    outer loop
      vertex -0.0232267 -0.0475912 -0.0131335
      vertex -0.0294666 -0.0516806 -0.0094638
      vertex -0.0262794 -0.0460911 -0.0131335
    endloop
  endfacet
  facet normal -0.163114 -0.469882 -0.867528
    outer loop
      vertex -0.0195236 -0.0522995 -0.0113995
      vertex -0.0214755 -0.0522995 -0.0110325
      vertex -0.0200815 -0.0489044 -0.0131335
    endloop
  endfacet
  facet normal 0.105006 -0.48706 -0.867033
    outer loop
      vertex 0.0108005 -0.0522995 -0.0127077
      vertex 0.013566 -0.0509453 -0.0131335
      vertex 0.0139266 -0.0522995 -0.0123291
    endloop
  endfacet
  facet normal 0.104995 -0.487042 -0.867044
    outer loop
      vertex 0.013566 -0.0509453 -0.0131335
      vertex 0.0108005 -0.0522995 -0.0127077
      vertex 0.0102215 -0.0516663 -0.0131335
    endloop
  endfacet
  facet normal 0.261889 -0.271539 -0.926111
    outer loop
      vertex 0.0326672 -0.0335407 -0.016377
      vertex 0.0296707 -0.026865 -0.0191817
      vertex 0.0347862 -0.031497 -0.016377
    endloop
  endfacet
  facet normal 0.25748 -0.18145 -0.949094
    outer loop
      vertex 0.0343657 -0.0210285 -0.0191817
      vertex 0.0271206 -0.0189981 -0.0215354
      vertex 0.0283041 -0.0173187 -0.0215354
    endloop
  endfacet
  facet normal -0.4316 -0.228143 -0.872739
    outer loop
      vertex -0.0493593 -0.0223951 -0.0131335
      vertex -0.0513496 -0.0252195 -0.0114109
      vertex -0.0513496 -0.023298 -0.0119132
    endloop
  endfacet
  facet normal -0.403477 -0.150622 -0.902507
    outer loop
      vertex -0.0513496 -0.0176764 -0.0131335
      vertex -0.0453854 -0.0142183 -0.016377
      vertex -0.0507202 -0.0193624 -0.0131335
    endloop
  endfacet
  facet normal -0.403464 -0.150645 -0.902509
    outer loop
      vertex -0.0453854 -0.0142183 -0.016377
      vertex -0.0513496 -0.0176764 -0.0131335
      vertex -0.0513496 -0.016087 -0.0133988
    endloop
  endfacet
  facet normal -0.050225 -0.04018 -0.997929
    outer loop
      vertex -0.00290775 -0.00231934 -0.0262904
      vertex -0.00914764 -0.00640869 -0.0258117
      vertex -0.00305271 -0.00213814 -0.0262904
    endloop
  endfacet
  facet normal 0.123435 -0.0286925 -0.991938
    outer loop
      vertex 0.0184641 -0.00339603 -0.0248571
      vertex 0.010952 -0.0027113 -0.0258117
      vertex 0.0111074 -0.00204277 -0.0258117
    endloop
  endfacet
  facet normal -0.162721 -0.0998854 -0.981603
    outer loop
      vertex -0.0158701 -0.00971127 -0.0248571
      vertex -0.022131 -0.0135422 -0.0234294
      vertex -0.0164719 -0.00873089 -0.0248571
    endloop
  endfacet
  facet normal 0.198067 -0.159344 -0.96715
    outer loop
      vertex 0.0258293 -0.0206032 -0.0215354
      vertex 0.0212059 -0.0148544 -0.0234294
      vertex 0.0271206 -0.0189981 -0.0215354
    endloop
  endfacet
  facet normal 0.249755 -0.0244186 -0.968001
    outer loop
      vertex 0.0334568 -0.00202942 -0.0215354
      vertex 0.0260048 -0.00316715 -0.0234294
      vertex 0.0261593 -0.00158691 -0.0234294
    endloop
  endfacet
  facet normal 0.162721 -0.0998854 -0.981603
    outer loop
      vertex 0.022131 -0.0135422 -0.0234294
      vertex 0.0158701 -0.00971127 -0.0248571
      vertex 0.0164719 -0.00873089 -0.0248571
    endloop
  endfacet
  facet normal 0.146833 -0.351838 -0.924473
    outer loop
      vertex 0.0175667 -0.0427809 -0.016377
      vertex 0.0173302 -0.0355101 -0.0191817
      vertex 0.020318 -0.0416327 -0.016377
    endloop
  endfacet
  facet normal -0.0805714 -0.373908 -0.92396
    outer loop
      vertex -0.00762653 -0.0385494 -0.0191817
      vertex -0.0118675 -0.0445662 -0.016377
      vertex -0.0101223 -0.0380116 -0.0191817
    endloop
  endfacet
  facet normal 0.242849 -0.494253 -0.834709
    outer loop
      vertex 0.0298194 -0.0522995 -0.00899469
      vertex 0.028207 -0.0522995 -0.0094638
      vertex 0.0294666 -0.0516806 -0.0094638
    endloop
  endfacet
  facet normal 0.271176 -0.413713 -0.869083
    outer loop
      vertex 0.032774 -0.0497952 -0.0094638
      vertex 0.0292292 -0.0444098 -0.0131335
      vertex 0.0320635 -0.042552 -0.0131335
    endloop
  endfacet
  facet normal 0.418701 -0.0970432 -0.902924
    outer loop
      vertex 0.0513496 -0.0127123 -0.0138626
      vertex 0.0462217 -0.0114422 -0.016377
      vertex 0.0513496 -0.0103369 -0.0141179
    endloop
  endfacet
  facet normal 0.293123 -0.109474 -0.949786
    outer loop
      vertex 0.0378437 -0.0144463 -0.0191817
      vertex 0.0311689 -0.011898 -0.0215354
      vertex 0.0318823 -0.00998783 -0.0215354
    endloop
  endfacet
  facet normal 0.444725 -0.313356 -0.839064
    outer loop
      vertex 0.0513496 -0.0347215 -0.00845408
      vertex 0.0494843 -0.0346651 -0.0094638
      vertex 0.0513496 -0.0320178 -0.0094638
    endloop
  endfacet
  facet normal 0.366621 -0.0602836 -0.928415
    outer loop
      vertex 0.046875 -0.00862122 -0.016377
      vertex 0.0399809 -0.00735378 -0.0191817
      vertex 0.0403814 -0.0049181 -0.0191817
    endloop
  endfacet
  facet normal 0.307799 -0.0504921 -0.950111
    outer loop
      vertex 0.0403814 -0.0049181 -0.0191817
      vertex 0.0329294 -0.00605583 -0.0215354
      vertex 0.0332584 -0.00405025 -0.0215354
    endloop
  endfacet
  facet normal 0.236003 -0.08802 -0.967758
    outer loop
      vertex 0.0318823 -0.00998783 -0.0215354
      vertex 0.0243711 -0.00930309 -0.0234294
      vertex 0.0249281 -0.00780964 -0.0234294
    endloop
  endfacet
  facet normal 0.369574 -0.0361932 -0.928496
    outer loop
      vertex 0.0476265 -0.00288868 -0.016377
      vertex 0.0403814 -0.0049181 -0.0191817
      vertex 0.0406218 -0.00246334 -0.0191817
    endloop
  endfacet
  facet normal 0.428918 -0.0140364 -0.903234
    outer loop
      vertex 0.0476265 -0.00288868 -0.016377
      vertex 0.0513496 -0.00178271 -0.0146262
      vertex 0.0513496 -0.00311474 -0.0146055
    endloop
  endfacet
  facet normal 0.428914 -0.0140166 -0.903237
    outer loop
      vertex 0.0513496 -0.00178271 -0.0146262
      vertex 0.0476265 -0.00288868 -0.016377
      vertex 0.0477209 0 -0.016377
    endloop
  endfacet
  facet normal 0.428927 -0.0139839 -0.903231
    outer loop
      vertex 0.0513496 -0.00178271 -0.0146262
      vertex 0.0477209 0 -0.016377
      vertex 0.0513496 0 -0.0146538
    endloop
  endfacet
  facet normal -0.22341 -0.118133 -0.96754
    outer loop
      vertex -0.029376 -0.0155716 -0.0215354
      vertex -0.0303326 -0.0137625 -0.0215354
      vertex -0.0229692 -0.0121756 -0.0234294
    endloop
  endfacet
  facet normal -0.0619154 -0.01435 -0.997978
    outer loop
      vertex -0.00365543 -0.000904083 -0.0262904
      vertex -0.0111074 -0.00204277 -0.0258117
      vertex -0.00370693 -0.000681877 -0.0262904
    endloop
  endfacet
  facet normal -0.379398 -0.393538 -0.837368
    outer loop
      vertex -0.0462332 -0.047471 -0.00538207
      vertex -0.0492334 -0.0445786 -0.00538207
      vertex -0.0445881 -0.0403719 -0.0094638
    endloop
  endfacet
  facet normal -0.41545 -0.430934 -0.80106
    outer loop
      vertex -0.0462332 -0.047471 -0.00538207
      vertex -0.0504141 -0.0517635 -0.000904574
      vertex -0.0492334 -0.0445786 -0.00538207
    endloop
  endfacet
  facet normal -0.338191 -0.272096 -0.900883
    outer loop
      vertex -0.0367689 -0.0293293 -0.016377
      vertex -0.0420322 -0.0335264 -0.0131335
      vertex -0.0386066 -0.0270452 -0.016377
    endloop
  endfacet
  facet normal -0.242849 -0.494253 -0.834709
    outer loop
      vertex -0.028207 -0.0522995 -0.0094638
      vertex -0.0298194 -0.0522995 -0.00899469
      vertex -0.0294666 -0.0516806 -0.0094638
    endloop
  endfacet
  facet normal -0.328368 -0.439112 -0.836275
    outer loop
      vertex -0.0394089 -0.0522995 -0.00569762
      vertex -0.0389881 -0.0454416 -0.0094638
      vertex -0.0359516 -0.0477123 -0.0094638
    endloop
  endfacet
  facet normal -0.32834 -0.439118 -0.836282
    outer loop
      vertex -0.0389881 -0.0454416 -0.0094638
      vertex -0.0394089 -0.0522995 -0.00569762
      vertex -0.0396609 -0.0522995 -0.00559868
    endloop
  endfacet
  facet normal -0.295705 -0.395559 -0.869535
    outer loop
      vertex -0.0320635 -0.042552 -0.0131335
      vertex -0.0359516 -0.0477123 -0.0094638
      vertex -0.0347719 -0.0405273 -0.0131335
    endloop
  endfacet
  facet normal -0.25748 -0.18145 -0.949094
    outer loop
      vertex -0.0271206 -0.0189981 -0.0215354
      vertex -0.0343657 -0.0210285 -0.0191817
      vertex -0.0283041 -0.0173187 -0.0215354
    endloop
  endfacet
  facet normal -0.277461 -0.146714 -0.949468
    outer loop
      vertex -0.029376 -0.0155716 -0.0215354
      vertex -0.0356674 -0.0189056 -0.0191817
      vertex -0.0303326 -0.0137625 -0.0215354
    endloop
  endfacet
  facet normal -0.292796 -0.235478 -0.926726
    outer loop
      vertex -0.0313616 -0.0250158 -0.0191817
      vertex -0.0386066 -0.0270452 -0.016377
      vertex -0.0329285 -0.0230675 -0.0191817
    endloop
  endfacet
  facet normal -0.0994991 -0.23829 -0.966084
    outer loop
      vertex -0.0123405 -0.0300531 -0.0215354
      vertex -0.0142727 -0.0292463 -0.0215354
      vertex -0.00964832 -0.0234985 -0.0234294
    endloop
  endfacet
  facet normal -0.0676866 -0.314367 -0.946885
    outer loop
      vertex -0.00762653 -0.0385494 -0.0191817
      vertex -0.00833607 -0.0313072 -0.0215354
      vertex -0.0062809 -0.0317497 -0.0215354
    endloop
  endfacet
  facet normal -0.153529 -0.205293 -0.966583
    outer loop
      vertex -0.0197039 -0.0261497 -0.0215354
      vertex -0.021368 -0.0249052 -0.0215354
      vertex -0.0167074 -0.0194731 -0.0234294
    endloop
  endfacet
  facet normal -0.226811 -0.303213 -0.925537
    outer loop
      vertex -0.0280495 -0.0372248 -0.016377
      vertex -0.0304184 -0.0354528 -0.016377
      vertex -0.0239239 -0.0317497 -0.0191817
    endloop
  endfacet
  facet normal -0.217325 -0.381127 -0.898617
    outer loop
      vertex -0.0229893 -0.0403204 -0.016377
      vertex -0.0292292 -0.0444098 -0.0131335
      vertex -0.0255699 -0.0388489 -0.016377
    endloop
  endfacet
  facet normal -0.115791 -0.154925 -0.981117
    outer loop
      vertex -0.0110483 -0.0146618 -0.0248571
      vertex -0.0154066 -0.0204458 -0.0234294
      vertex -0.011981 -0.0139647 -0.0248571
    endloop
  endfacet
  facet normal -0.215814 -0.132409 -0.967415
    outer loop
      vertex -0.0283041 -0.0173187 -0.0215354
      vertex -0.029376 -0.0155716 -0.0215354
      vertex -0.022131 -0.0135422 -0.0234294
    endloop
  endfacet
  facet normal -0.423749 -0.0696562 -0.903097
    outer loop
      vertex -0.0513496 -0.00736799 -0.0143741
      vertex -0.0473442 -0.00576687 -0.016377
      vertex -0.046875 -0.00862122 -0.016377
    endloop
  endfacet
  facet normal -0.423775 -0.0695839 -0.903091
    outer loop
      vertex -0.0473442 -0.00576687 -0.016377
      vertex -0.0513496 -0.00736799 -0.0143741
      vertex -0.0513496 -0.00625444 -0.0144599
    endloop
  endfacet
  facet normal -0.292771 -0.235552 -0.926715
    outer loop
      vertex -0.0367689 -0.0293293 -0.016377
      vertex -0.0386066 -0.0270452 -0.016377
      vertex -0.0313616 -0.0250158 -0.0191817
    endloop
  endfacet
  facet normal -0.0486605 -0.318105 -0.946806
    outer loop
      vertex -0.0051012 -0.0389357 -0.0191817
      vertex -0.00762653 -0.0385494 -0.0191817
      vertex -0.0062809 -0.0317497 -0.0215354
    endloop
  endfacet
  facet normal 0.0578776 -0.378359 -0.923848
    outer loop
      vertex 0.00598049 -0.0456495 -0.016377
      vertex 0.0051012 -0.0389357 -0.0191817
      vertex 0.00762653 -0.0385494 -0.0191817
    endloop
  endfacet
  facet normal -0.167856 -0.341684 -0.924703
    outer loop
      vertex -0.020318 -0.0416327 -0.016377
      vertex -0.0229893 -0.0403204 -0.016377
      vertex -0.0173302 -0.0355101 -0.0191817
    endloop
  endfacet
  facet normal -0.193804 -0.394391 -0.898274
    outer loop
      vertex -0.0232267 -0.0475912 -0.0131335
      vertex -0.0262794 -0.0460911 -0.0131335
      vertex -0.0229893 -0.0403204 -0.016377
    endloop
  endfacet
  facet normal -0.104995 -0.487042 -0.867044
    outer loop
      vertex -0.0108005 -0.0522995 -0.0127077
      vertex -0.013566 -0.0509453 -0.0131335
      vertex -0.0102215 -0.0516663 -0.0131335
    endloop
  endfacet
  facet normal -0.105006 -0.48706 -0.867033
    outer loop
      vertex -0.013566 -0.0509453 -0.0131335
      vertex -0.0108005 -0.0522995 -0.0127077
      vertex -0.0139266 -0.0522995 -0.0123291
    endloop
  endfacet
  facet normal 0.449875 -0.466479 -0.761584
    outer loop
      vertex 0.0513496 -0.0518488 -0.000299718
      vertex 0.0504141 -0.0517635 -0.000904574
      vertex 0.0513496 -0.0508613 -0.000904574
    endloop
  endfacet
  facet normal -0.427189 -0.0419307 -0.90319
    outer loop
      vertex -0.0513496 -0.00501158 -0.0145176
      vertex -0.0473442 -0.00576687 -0.016377
      vertex -0.0513496 -0.00625444 -0.0144599
    endloop
  endfacet
  facet normal -0.427184 -0.0418993 -0.903193
    outer loop
      vertex -0.0473442 -0.00576687 -0.016377
      vertex -0.0513496 -0.00501158 -0.0145176
      vertex -0.0476265 -0.00288868 -0.016377
    endloop
  endfacet
  facet normal -0.31912 -0.19571 -0.927286
    outer loop
      vertex -0.0402918 -0.0246544 -0.016377
      vertex -0.0418177 -0.0221663 -0.016377
      vertex -0.0343657 -0.0210285 -0.0191817
    endloop
  endfacet
  facet normal 0.0293194 -0.320598 -0.946761
    outer loop
      vertex 0.0051012 -0.0389357 -0.0191817
      vertex 0.00210476 -0.032259 -0.0215354
      vertex 0.00420094 -0.0320673 -0.0215354
    endloop
  endfacet
  facet normal 0.149374 -0.120192 -0.981449
    outer loop
      vertex 0.020196 -0.0161095 -0.0234294
      vertex 0.0152063 -0.0106525 -0.0248571
      vertex 0.0212059 -0.0148544 -0.0234294
    endloop
  endfacet
  facet normal 0.217271 -0.381196 -0.898601
    outer loop
      vertex 0.0262794 -0.0460911 -0.0131335
      vertex 0.0229893 -0.0403204 -0.016377
      vertex 0.0292292 -0.0444098 -0.0131335
    endloop
  endfacet
  facet normal -0.0866564 -0.309372 -0.946985
    outer loop
      vertex -0.0101223 -0.0380116 -0.0191817
      vertex -0.0125771 -0.037324 -0.0191817
      vertex -0.0103588 -0.0307407 -0.0215354
    endloop
  endfacet
  facet normal -0.105272 -0.303167 -0.947105
    outer loop
      vertex -0.0125771 -0.037324 -0.0191817
      vertex -0.0149832 -0.0364885 -0.0191817
      vertex -0.0123405 -0.0300531 -0.0215354
    endloop
  endfacet
  facet normal 0.189071 -0.00618199 -0.981944
    outer loop
      vertex 0.0262117 0 -0.0234294
      vertex 0.0187597 -0.00113773 -0.0248571
      vertex 0.0187969 0 -0.0248571
    endloop
  endfacet
  facet normal -0.0666832 -0.436635 -0.897164
    outer loop
      vertex -0.00683689 -0.0521832 -0.0131335
      vertex -0.0102215 -0.0516663 -0.0131335
      vertex -0.00598049 -0.0456495 -0.016377
    endloop
  endfacet
  facet normal 0.0115794 -0.382847 -0.923739
    outer loop
      vertex 0.00299549 -0.0459213 -0.016377
      vertex 0 -0.0460119 -0.016377
      vertex 0.00255489 -0.0391674 -0.0191817
    endloop
  endfacet
  facet normal -0.104914 -0.487101 -0.867021
    outer loop
      vertex -0.0103468 -0.0522995 -0.0127626
      vertex -0.0108005 -0.0522995 -0.0127077
      vertex -0.0102215 -0.0516663 -0.0131335
    endloop
  endfacet
  facet normal 0.0291779 -0.320656 -0.946746
    outer loop
      vertex 0.00255489 -0.0391674 -0.0191817
      vertex 0.00210476 -0.032259 -0.0215354
      vertex 0.0051012 -0.0389357 -0.0191817
    endloop
  endfacet
  facet normal 0.00402188 -0.131067 -0.991365
    outer loop
      vertex 0.0011797 -0.0180874 -0.0248571
      vertex 0 -0.0181236 -0.0248571
      vertex 0.000709534 -0.0108814 -0.0258117
    endloop
  endfacet
  facet normal 0.218806 -0.44527 -0.86825
    outer loop
      vertex 0.0294666 -0.0516806 -0.0094638
      vertex 0.0232267 -0.0475912 -0.0131335
      vertex 0.0262794 -0.0460911 -0.0131335
    endloop
  endfacet
  facet normal 0.218801 -0.445279 -0.868247
    outer loop
      vertex 0.0232267 -0.0475912 -0.0131335
      vertex 0.028207 -0.0522995 -0.0094638
      vertex 0.0255241 -0.0522995 -0.0101399
    endloop
  endfacet
  facet normal 0.218791 -0.445289 -0.868245
    outer loop
      vertex 0.028207 -0.0522995 -0.0094638
      vertex 0.0232267 -0.0475912 -0.0131335
      vertex 0.0294666 -0.0516806 -0.0094638
    endloop
  endfacet
  facet normal 0.38213 -0.307553 -0.871429
    outer loop
      vertex 0.0471287 -0.0375919 -0.0094638
      vertex 0.0420322 -0.0335264 -0.0131335
      vertex 0.0494843 -0.0346651 -0.0094638
    endloop
  endfacet
  facet normal 0.22341 -0.118133 -0.96754
    outer loop
      vertex 0.029376 -0.0155716 -0.0215354
      vertex 0.0229692 -0.0121756 -0.0234294
      vertex 0.0303326 -0.0137625 -0.0215354
    endloop
  endfacet
  facet normal 0.359575 -0.480749 -0.799741
    outer loop
      vertex 0.0431201 -0.0522995 -0.00407477
      vertex 0.0402125 -0.0522995 -0.00538207
      vertex 0.0430508 -0.0501766 -0.00538207
    endloop
  endfacet
  facet normal 0.261839 -0.350257 -0.899311
    outer loop
      vertex 0.0320635 -0.042552 -0.0131335
      vertex 0.0280495 -0.0372248 -0.016377
      vertex 0.0347719 -0.0405273 -0.0131335
    endloop
  endfacet
  facet normal 0.188302 -0.0185482 -0.981936
    outer loop
      vertex 0.0260048 -0.00316715 -0.0234294
      vertex 0.0186481 -0.0022707 -0.0248571
      vertex 0.0187597 -0.00113773 -0.0248571
    endloop
  endfacet
  facet normal 0.250739 -0.00827943 -0.968019
    outer loop
      vertex 0.0334568 -0.00202942 -0.0215354
      vertex 0.0261593 -0.00158691 -0.0234294
      vertex 0.0262117 0 -0.0234294
    endloop
  endfacet
  facet normal 0.173536 -0.0779713 -0.981736
    outer loop
      vertex 0.0237169 -0.0107603 -0.0234294
      vertex 0.0170078 -0.00771618 -0.0248571
      vertex 0.017477 -0.00667191 -0.0248571
    endloop
  endfacet
  facet normal 0.184602 -0.0428234 -0.98188
    outer loop
      vertex 0.0253878 -0.00628471 -0.0234294
      vertex 0.0184641 -0.00339603 -0.0248571
      vertex 0.0257473 -0.00473499 -0.0234294
    endloop
  endfacet
  facet normal 0.366629 -0.0602668 -0.928413
    outer loop
      vertex 0.046875 -0.00862122 -0.016377
      vertex 0.0403814 -0.0049181 -0.0191817
      vertex 0.0473442 -0.00576687 -0.016377
    endloop
  endfacet
  facet normal -0.444772 -0.199588 -0.873122
    outer loop
      vertex -0.0513496 -0.0222137 -0.0121611
      vertex -0.0507202 -0.0193624 -0.0131335
      vertex -0.0493593 -0.0223951 -0.0131335
    endloop
  endfacet
  facet normal -0.444711 -0.19961 -0.873148
    outer loop
      vertex -0.0507202 -0.0193624 -0.0131335
      vertex -0.0513496 -0.0222137 -0.0121611
      vertex -0.0513496 -0.0196027 -0.012758
    endloop
  endfacet
  facet normal -0.0631707 -0.00607795 -0.997984
    outer loop
      vertex -0.00374413 -0.000455856 -0.0262904
      vertex -0.0112848 -0.000683784 -0.0258117
      vertex -0.00376606 -0.000227928 -0.0262904
    endloop
  endfacet
  facet normal -0.0322847 -0.0566307 -0.997873
    outer loop
      vertex -0.0018177 -0.00318813 -0.0262904
      vertex -0.00544739 -0.00955391 -0.0258117
      vertex -0.00202179 -0.00307178 -0.0262904
    endloop
  endfacet
  facet normal -0.0565407 -0.0298586 -0.997954
    outer loop
      vertex -0.00990868 -0.00525188 -0.0258117
      vertex -0.010231 -0.00464153 -0.0258117
      vertex -0.00330734 -0.00175285 -0.0262904
    endloop
  endfacet
  facet normal -0.359595 -0.480745 -0.799735
    outer loop
      vertex -0.0431201 -0.0522995 -0.00407477
      vertex -0.0448724 -0.0522995 -0.00328686
      vertex -0.0430508 -0.0501766 -0.00538207
    endloop
  endfacet
  facet normal -0.300965 -0.45939 -0.835692
    outer loop
      vertex -0.0344225 -0.0522995 -0.00749347
      vertex -0.0387773 -0.0522995 -0.00592514
      vertex -0.032774 -0.0497952 -0.0094638
    endloop
  endfacet
  facet normal -0.400232 -0.282104 -0.871913
    outer loop
      vertex -0.0441322 -0.0309162 -0.0131335
      vertex -0.0494843 -0.0346651 -0.0094638
      vertex -0.0460587 -0.028183 -0.0131335
    endloop
  endfacet
  facet normal -0.402793 -0.368147 -0.837989
    outer loop
      vertex -0.0513496 -0.0409589 -0.00595589
      vertex -0.0445881 -0.0403719 -0.0094638
      vertex -0.0513496 -0.0414042 -0.00576026
    endloop
  endfacet
  facet normal -0.402802 -0.368114 -0.837999
    outer loop
      vertex -0.0445881 -0.0403719 -0.0094638
      vertex -0.0513496 -0.0409589 -0.00595589
      vertex -0.0471287 -0.0375919 -0.0094638
    endloop
  endfacet
  facet normal -0.359575 -0.480749 -0.799741
    outer loop
      vertex -0.0402125 -0.0522995 -0.00538207
      vertex -0.0431201 -0.0522995 -0.00407477
      vertex -0.0430508 -0.0501766 -0.00538207
    endloop
  endfacet
  facet normal -0.388252 -0.456776 -0.800385
    outer loop
      vertex -0.0504141 -0.0517635 -0.000904574
      vertex -0.0448724 -0.0522995 -0.00328686
      vertex -0.0497835 -0.0522995 -0.000904574
    endloop
  endfacet
  facet normal -0.38825 -0.456791 -0.800377
    outer loop
      vertex -0.0448724 -0.0522995 -0.00328686
      vertex -0.0504141 -0.0517635 -0.000904574
      vertex -0.0430508 -0.0501766 -0.00538207
    endloop
  endfacet
  facet normal -0.245357 -0.43041 -0.868647
    outer loop
      vertex -0.0294666 -0.0516806 -0.0094638
      vertex -0.032774 -0.0497952 -0.0094638
      vertex -0.0292292 -0.0444098 -0.0131335
    endloop
  endfacet
  facet normal -0.193751 -0.394397 -0.898282
    outer loop
      vertex -0.020318 -0.0416327 -0.016377
      vertex -0.0232267 -0.0475912 -0.0131335
      vertex -0.0229893 -0.0403204 -0.016377
    endloop
  endfacet
  facet normal -0.245324 -0.430415 -0.868654
    outer loop
      vertex -0.0262794 -0.0460911 -0.0131335
      vertex -0.0294666 -0.0516806 -0.0094638
      vertex -0.0292292 -0.0444098 -0.0131335
    endloop
  endfacet
  facet normal -0.190581 -0.254838 -0.948017
    outer loop
      vertex -0.0197039 -0.0261497 -0.0215354
      vertex -0.0239239 -0.0317497 -0.0191817
      vertex -0.021368 -0.0249052 -0.0215354
    endloop
  endfacet
  facet normal -0.271185 -0.413711 -0.869081
    outer loop
      vertex -0.032774 -0.0497952 -0.0094638
      vertex -0.0359516 -0.0477123 -0.0094638
      vertex -0.0320635 -0.042552 -0.0131335
    endloop
  endfacet
  facet normal -0.301043 -0.459261 -0.835735
    outer loop
      vertex -0.0387773 -0.0522995 -0.00592514
      vertex -0.0359516 -0.0477123 -0.0094638
      vertex -0.032774 -0.0497952 -0.0094638
    endloop
  endfacet
  facet normal -0.301055 -0.459254 -0.835734
    outer loop
      vertex -0.0359516 -0.0477123 -0.0094638
      vertex -0.0387773 -0.0522995 -0.00592514
      vertex -0.0394089 -0.0522995 -0.00569762
    endloop
  endfacet
  facet normal -0.115832 -0.154903 -0.981116
    outer loop
      vertex -0.0154066 -0.0204458 -0.0234294
      vertex -0.0167074 -0.0194731 -0.0234294
      vertex -0.011981 -0.0139647 -0.0248571
    endloop
  endfacet
  facet normal -0.127406 -0.223651 -0.966306
    outer loop
      vertex -0.0161495 -0.0283241 -0.0215354
      vertex -0.0179625 -0.0272913 -0.0215354
      vertex -0.0126276 -0.0221472 -0.0234294
    endloop
  endfacet
  facet normal -0.149374 -0.120192 -0.981449
    outer loop
      vertex -0.020196 -0.0161095 -0.0234294
      vertex -0.0212059 -0.0148544 -0.0234294
      vertex -0.0152063 -0.0106525 -0.0248571
    endloop
  endfacet
  facet normal -0.261824 -0.271572 -0.926119
    outer loop
      vertex -0.0278625 -0.0286083 -0.0191817
      vertex -0.0326672 -0.0335407 -0.016377
      vertex -0.0296707 -0.026865 -0.0191817
    endloop
  endfacet
  facet normal -0.306537 -0.216065 -0.927012
    outer loop
      vertex -0.0329285 -0.0230675 -0.0191817
      vertex -0.0386066 -0.0270452 -0.016377
      vertex -0.0343657 -0.0210285 -0.0191817
    endloop
  endfacet
  facet normal -0.277519 -0.146651 -0.949461
    outer loop
      vertex -0.0356674 -0.0189056 -0.0191817
      vertex -0.036828 -0.0167093 -0.0191817
      vertex -0.0303326 -0.0137625 -0.0215354
    endloop
  endfacet
  facet normal -0.393426 -0.176547 -0.902246
    outer loop
      vertex -0.0493593 -0.0223951 -0.0131335
      vertex -0.0507202 -0.0193624 -0.0131335
      vertex -0.0443697 -0.0169382 -0.016377
    endloop
  endfacet
  facet normal -0.356326 -0.107351 -0.928174
    outer loop
      vertex -0.0387096 -0.0121269 -0.0191817
      vertex -0.0462217 -0.0114422 -0.016377
      vertex -0.039423 -0.00975895 -0.0191817
    endloop
  endfacet
  facet normal -0.441111 -0.403405 -0.801677
    outer loop
      vertex -0.0492334 -0.0445786 -0.00538207
      vertex -0.0513496 -0.0464944 -0.00325363
      vertex -0.0513496 -0.0422646 -0.00538207
    endloop
  endfacet
  facet normal -0.415554 -0.430892 -0.801029
    outer loop
      vertex -0.0513496 -0.0464944 -0.00325363
      vertex -0.0504141 -0.0517635 -0.000904574
      vertex -0.0513496 -0.0508613 -0.000904574
    endloop
  endfacet
  facet normal -0.415568 -0.430891 -0.801022
    outer loop
      vertex -0.0504141 -0.0517635 -0.000904574
      vertex -0.0513496 -0.0464944 -0.00325363
      vertex -0.0492334 -0.0445786 -0.00538207
    endloop
  endfacet
  facet normal -0.123316 -0.295811 -0.947253
    outer loop
      vertex -0.0149832 -0.0364885 -0.0191817
      vertex -0.0173302 -0.0355101 -0.0191817
      vertex -0.0123405 -0.0300531 -0.0215354
    endloop
  endfacet
  facet normal -0.16946 -0.406058 -0.897998
    outer loop
      vertex -0.0200815 -0.0489044 -0.0131335
      vertex -0.020318 -0.0416327 -0.016377
      vertex -0.0175667 -0.0427809 -0.016377
    endloop
  endfacet
  facet normal -0.219981 -0.22817 -0.948444
    outer loop
      vertex -0.0278625 -0.0286083 -0.0191817
      vertex -0.0296707 -0.026865 -0.0191817
      vertex -0.0229483 -0.0235624 -0.0215354
    endloop
  endfacet
  facet normal -0.233415 -0.213384 -0.948675
    outer loop
      vertex -0.024437 -0.0221262 -0.0215354
      vertex -0.0313616 -0.0250158 -0.0191817
      vertex -0.0258293 -0.0206032 -0.0215354
    endloop
  endfacet
  facet normal -0.239995 -0.366413 -0.898968
    outer loop
      vertex -0.0255699 -0.0388489 -0.016377
      vertex -0.0292292 -0.0444098 -0.0131335
      vertex -0.0280495 -0.0372248 -0.016377
    endloop
  endfacet
  facet normal -0.226804 -0.303225 -0.925535
    outer loop
      vertex -0.0239239 -0.0317497 -0.0191817
      vertex -0.0304184 -0.0354528 -0.016377
      vertex -0.0259447 -0.0302382 -0.0191817
    endloop
  endfacet
  facet normal -0.141117 -0.287137 -0.947438
    outer loop
      vertex -0.0173302 -0.0355101 -0.0191817
      vertex -0.0196085 -0.0343904 -0.0191817
      vertex -0.0161495 -0.0283241 -0.0215354
    endloop
  endfacet
  facet normal -0.167901 -0.341636 -0.924713
    outer loop
      vertex -0.0173302 -0.0355101 -0.0191817
      vertex -0.0229893 -0.0403204 -0.016377
      vertex -0.0196085 -0.0343904 -0.0191817
    endloop
  endfacet
  facet normal -0.340399 -0.152781 -0.927786
    outer loop
      vertex -0.036828 -0.0167093 -0.0191817
      vertex -0.0443697 -0.0169382 -0.016377
      vertex -0.0378437 -0.0144463 -0.0191817
    endloop
  endfacet
  facet normal -0.240853 -0.0726068 -0.967842
    outer loop
      vertex -0.0249281 -0.00780964 -0.0234294
      vertex -0.0318823 -0.00998783 -0.0215354
      vertex -0.0253878 -0.00628471 -0.0234294
    endloop
  endfacet
  facet normal -0.277828 -0.254117 -0.92641
    outer loop
      vertex -0.0347862 -0.031497 -0.016377
      vertex -0.0367689 -0.0293293 -0.016377
      vertex -0.0296707 -0.026865 -0.0191817
    endloop
  endfacet
  facet normal -0.354152 -0.249631 -0.901255
    outer loop
      vertex -0.0386066 -0.0270452 -0.016377
      vertex -0.0441322 -0.0309162 -0.0131335
      vertex -0.0402918 -0.0246544 -0.016377
    endloop
  endfacet
  facet normal -0.0752361 -0.49287 -0.866844
    outer loop
      vertex -0.00998502 -0.0522995 -0.012794
      vertex -0.0103468 -0.0522995 -0.0127626
      vertex -0.0102215 -0.0516663 -0.0131335
    endloop
  endfacet
  facet normal -0.0347249 -0.38136 -0.923774
    outer loop
      vertex -0.00299549 -0.0459213 -0.016377
      vertex -0.00598049 -0.0456495 -0.016377
      vertex -0.0051012 -0.0389357 -0.0191817
    endloop
  endfacet
  facet normal -0.0753011 -0.492589 -0.866998
    outer loop
      vertex -0.00998502 -0.0522995 -0.012794
      vertex -0.00683689 -0.0521832 -0.0131335
      vertex -0.00685213 -0.0522995 -0.0130661
    endloop
  endfacet
  facet normal -0.0752729 -0.492879 -0.866836
    outer loop
      vertex -0.00683689 -0.0521832 -0.0131335
      vertex -0.00998502 -0.0522995 -0.012794
      vertex -0.0102215 -0.0516663 -0.0131335
    endloop
  endfacet
  facet normal -0.092949 -0.431469 -0.897327
    outer loop
      vertex -0.0102215 -0.0516663 -0.0131335
      vertex -0.0118675 -0.0445662 -0.016377
      vertex -0.00894165 -0.0451965 -0.016377
    endloop
  endfacet
  facet normal -0.240149 -0.366376 -0.898942
    outer loop
      vertex -0.0292292 -0.0444098 -0.0131335
      vertex -0.0320635 -0.042552 -0.0131335
      vertex -0.0280495 -0.0372248 -0.016377
    endloop
  endfacet
  facet normal -0.174731 -0.266731 -0.947799
    outer loop
      vertex -0.0218086 -0.0331354 -0.0191817
      vertex -0.0239239 -0.0317497 -0.0191817
      vertex -0.0179625 -0.0272913 -0.0215354
    endloop
  endfacet
  facet normal 0.0578817 -0.378359 -0.923847
    outer loop
      vertex 0.00894165 -0.0451965 -0.016377
      vertex 0.00598049 -0.0456495 -0.016377
      vertex 0.00762653 -0.0385494 -0.0191817
    endloop
  endfacet
  facet normal 0.163114 -0.469882 -0.867528
    outer loop
      vertex 0.0214755 -0.0522995 -0.0110325
      vertex 0.0195236 -0.0522995 -0.0113995
      vertex 0.0200815 -0.0489044 -0.0131335
    endloop
  endfacet
  facet normal 0.415554 -0.430892 -0.801029
    outer loop
      vertex 0.0504141 -0.0517635 -0.000904574
      vertex 0.0513496 -0.0464944 -0.00325363
      vertex 0.0513496 -0.0508613 -0.000904574
    endloop
  endfacet
  facet normal 0.415568 -0.430891 -0.801022
    outer loop
      vertex 0.0513496 -0.0464944 -0.00325363
      vertex 0.0504141 -0.0517635 -0.000904574
      vertex 0.0492334 -0.0445786 -0.00538207
    endloop
  endfacet
  facet normal 0.41545 -0.430934 -0.80106
    outer loop
      vertex 0.0504141 -0.0517635 -0.000904574
      vertex 0.0462332 -0.047471 -0.00538207
      vertex 0.0492334 -0.0445786 -0.00538207
    endloop
  endfacet
  facet normal -0.431578 -0.228158 -0.872745
    outer loop
      vertex -0.0513496 -0.0252195 -0.0114109
      vertex -0.0478029 -0.0253391 -0.0131335
      vertex -0.0513496 -0.0272193 -0.0108881
    endloop
  endfacet
  facet normal -0.431578 -0.228162 -0.872744
    outer loop
      vertex -0.0478029 -0.0253391 -0.0131335
      vertex -0.0513496 -0.0252195 -0.0114109
      vertex -0.0493593 -0.0223951 -0.0131335
    endloop
  endfacet
  facet normal -0.382156 -0.307458 -0.871451
    outer loop
      vertex -0.0420322 -0.0335264 -0.0131335
      vertex -0.0494843 -0.0346651 -0.0094638
      vertex -0.0441322 -0.0309162 -0.0131335
    endloop
  endfacet
  facet normal 0.0448525 -0.046531 -0.997909
    outer loop
      vertex 0.00774002 -0.00794792 -0.0258117
      vertex 0.0025835 -0.00265217 -0.0262904
      vertex 0.00824261 -0.00746346 -0.0258117
    endloop
  endfacet
  facet normal -0.0216661 -0.0618286 -0.997852
    outer loop
      vertex -0.00116539 -0.00346088 -0.0262904
      vertex -0.00416183 -0.0101366 -0.0258117
      vertex -0.00138855 -0.00338268 -0.0262904
    endloop
  endfacet
  facet normal 0.00981628 -0.0649925 -0.997837
    outer loop
      vertex 0.00141716 -0.0108166 -0.0258117
      vertex 0.000473022 -0.00360966 -0.0262904
      vertex 0.000706673 -0.00357437 -0.0262904
    endloop
  endfacet
  facet normal -0.0626581 -0.0103127 -0.997982
    outer loop
      vertex -0.00370693 -0.000681877 -0.0262904
      vertex -0.0111074 -0.00204277 -0.0258117
      vertex -0.00374413 -0.000455856 -0.0262904
    endloop
  endfacet
  facet normal 0.158281 -0.277478 -0.947604
    outer loop
      vertex 0.0196085 -0.0343904 -0.0191817
      vertex 0.0179625 -0.0272913 -0.0215354
      vertex 0.0218086 -0.0331354 -0.0191817
    endloop
  endfacet
  facet normal 0.112708 -0.0595246 -0.991844
    outer loop
      vertex 0.0164719 -0.00873089 -0.0248571
      vertex 0.00990868 -0.00525188 -0.0258117
      vertex 0.0170078 -0.00771618 -0.0248571
    endloop
  endfacet
  facet normal -0.0961955 -0.168676 -0.980966
    outer loop
      vertex -0.00905514 -0.0158815 -0.0248571
      vertex -0.0126276 -0.0221472 -0.0234294
      vertex -0.0100718 -0.0153017 -0.0248571
    endloop
  endfacet
  facet normal 0.0582172 -0.0261503 -0.997961
    outer loop
      vertex 0.010231 -0.00464153 -0.0258117
      vertex 0.00350857 -0.00133896 -0.0262904
      vertex 0.0105133 -0.00401306 -0.0258117
    endloop
  endfacet
  facet normal 0.105193 -0.303171 -0.947112
    outer loop
      vertex 0.0125771 -0.037324 -0.0191817
      vertex 0.0103588 -0.0307407 -0.0215354
      vertex 0.0123405 -0.0300531 -0.0215354
    endloop
  endfacet
  facet normal 0.103069 -0.367965 -0.92411
    outer loop
      vertex 0.0147457 -0.0437603 -0.016377
      vertex 0.0101223 -0.0380116 -0.0191817
      vertex 0.0125771 -0.037324 -0.0191817
    endloop
  endfacet
  facet normal -0.0545853 -0.253366 -0.965829
    outer loop
      vertex -0.00491142 -0.0248251 -0.0234294
      vertex -0.00833607 -0.0313072 -0.0215354
      vertex -0.00651836 -0.0244789 -0.0234294
    endloop
  endfacet
  facet normal -0.0574157 -0.116843 -0.991489
    outer loop
      vertex -0.00800323 -0.0163984 -0.0248571
      vertex -0.00905514 -0.0158815 -0.0248571
      vertex -0.00544739 -0.00955391 -0.0258117
    endloop
  endfacet
  facet normal -0.0848415 -0.244282 -0.965986
    outer loop
      vertex -0.00809956 -0.0240364 -0.0234294
      vertex -0.0123405 -0.0300531 -0.0215354
      vertex -0.00964832 -0.0234985 -0.0234294
    endloop
  endfacet
  facet normal -0.105193 -0.303171 -0.947112
    outer loop
      vertex -0.0103588 -0.0307407 -0.0215354
      vertex -0.0125771 -0.037324 -0.0191817
      vertex -0.0123405 -0.0300531 -0.0215354
    endloop
  endfacet
  facet normal 0.247778 -0.0406948 -0.967962
    outer loop
      vertex 0.0329294 -0.00605583 -0.0215354
      vertex 0.0257473 -0.00473499 -0.0234294
      vertex 0.0260048 -0.00316715 -0.0234294
    endloop
  endfacet
  facet normal 0.0501338 -0.040319 -0.997928
    outer loop
      vertex 0.00871277 -0.00694942 -0.0258117
      vertex 0.00290775 -0.00231934 -0.0262904
      vertex 0.00914764 -0.00640869 -0.0258117
    endloop
  endfacet
  facet normal 0.0399399 -0.440077 -0.897071
    outer loop
      vertex 0.00299549 -0.0459213 -0.016377
      vertex 0.00349729 -0.0522995 -0.0132257
      vertex 0.00341194 -0.0522995 -0.0132295
    endloop
  endfacet
  facet normal 0.0400704 -0.440066 -0.897071
    outer loop
      vertex 0.00349729 -0.0522995 -0.0132257
      vertex 0.00299549 -0.0459213 -0.016377
      vertex 0.00598049 -0.0456495 -0.016377
    endloop
  endfacet
  facet normal 0.0452153 -0.496463 -0.86688
    outer loop
      vertex 0.00685213 -0.0522995 -0.0130661
      vertex 0.00555992 -0.0522995 -0.0131335
      vertex 0.00683689 -0.0521832 -0.0131335
    endloop
  endfacet
  facet normal -0.0452153 -0.496463 -0.86688
    outer loop
      vertex -0.00555992 -0.0522995 -0.0131335
      vertex -0.00685213 -0.0522995 -0.0130661
      vertex -0.00683689 -0.0521832 -0.0131335
    endloop
  endfacet
  facet normal -0.12519 -0.360589 -0.924285
    outer loop
      vertex -0.0147457 -0.0437603 -0.016377
      vertex -0.0175667 -0.0427809 -0.016377
      vertex -0.0125771 -0.037324 -0.0191817
    endloop
  endfacet
  facet normal -0.144488 -0.416173 -0.897732
    outer loop
      vertex -0.0147457 -0.0437603 -0.016377
      vertex -0.0200815 -0.0489044 -0.0131335
      vertex -0.0175667 -0.0427809 -0.016377
    endloop
  endfacet
  facet normal 0.123464 -0.295684 -0.947274
    outer loop
      vertex 0.0173302 -0.0355101 -0.0191817
      vertex 0.0123405 -0.0300531 -0.0215354
      vertex 0.0142727 -0.0292463 -0.0215354
    endloop
  endfacet
  facet normal 0.0677421 -0.314371 -0.94688
    outer loop
      vertex 0.0101223 -0.0380116 -0.0191817
      vertex 0.00762653 -0.0385494 -0.0191817
      vertex 0.00833607 -0.0313072 -0.0215354
    endloop
  endfacet
  facet normal 0.103037 -0.367988 -0.924104
    outer loop
      vertex 0.0118675 -0.0445662 -0.016377
      vertex 0.0101223 -0.0380116 -0.0191817
      vertex 0.0147457 -0.0437603 -0.016377
    endloop
  endfacet
  facet normal 0.0930174 -0.431479 -0.897315
    outer loop
      vertex 0.013566 -0.0509453 -0.0131335
      vertex 0.0102215 -0.0516663 -0.0131335
      vertex 0.0118675 -0.0445662 -0.016377
    endloop
  endfacet
  facet normal 0.0805516 -0.37392 -0.923956
    outer loop
      vertex 0.00894165 -0.0451965 -0.016377
      vertex 0.00762653 -0.0385494 -0.0191817
      vertex 0.0118675 -0.0445662 -0.016377
    endloop
  endfacet
  facet normal 0.0391554 -0.256429 -0.96577
    outer loop
      vertex 0.00420094 -0.0320673 -0.0215354
      vertex 0.00328445 -0.025074 -0.0234294
      vertex 0.0062809 -0.0317497 -0.0215354
    endloop
  endfacet
  facet normal 0.169538 -0.406055 -0.897985
    outer loop
      vertex 0.0232267 -0.0475912 -0.0131335
      vertex 0.0200815 -0.0489044 -0.0131335
      vertex 0.020318 -0.0416327 -0.016377
    endloop
  endfacet
  facet normal 0.16946 -0.406058 -0.897998
    outer loop
      vertex 0.0200815 -0.0489044 -0.0131335
      vertex 0.0175667 -0.0427809 -0.016377
      vertex 0.020318 -0.0416327 -0.016377
    endloop
  endfacet
  facet normal 0.403477 -0.150622 -0.902507
    outer loop
      vertex 0.0453854 -0.0142183 -0.016377
      vertex 0.0513496 -0.0176764 -0.0131335
      vertex 0.0507202 -0.0193624 -0.0131335
    endloop
  endfacet
  facet normal 0.403464 -0.150645 -0.902509
    outer loop
      vertex 0.0513496 -0.0176764 -0.0131335
      vertex 0.0453854 -0.0142183 -0.016377
      vertex 0.0513496 -0.016087 -0.0133988
    endloop
  endfacet
  facet normal 0.424669 -0.34146 -0.838488
    outer loop
      vertex 0.0513496 -0.0396606 -0.00648475
      vertex 0.0494843 -0.0346651 -0.0094638
      vertex 0.0513496 -0.0359718 -0.00798695
    endloop
  endfacet
  facet normal 0.295784 -0.395537 -0.869518
    outer loop
      vertex 0.0359516 -0.0477123 -0.0094638
      vertex 0.0347719 -0.0405273 -0.0131335
      vertex 0.0389881 -0.0454416 -0.0094638
    endloop
  endfacet
  facet normal 0.32834 -0.439118 -0.836282
    outer loop
      vertex 0.0394089 -0.0522995 -0.00569762
      vertex 0.0389881 -0.0454416 -0.0094638
      vertex 0.0396609 -0.0522995 -0.00559868
    endloop
  endfacet
  facet normal 0.328368 -0.439112 -0.836275
    outer loop
      vertex 0.0389881 -0.0454416 -0.0094638
      vertex 0.0394089 -0.0522995 -0.00569762
      vertex 0.0359516 -0.0477123 -0.0094638
    endloop
  endfacet
  facet normal 0.271185 -0.413711 -0.869081
    outer loop
      vertex 0.032774 -0.0497952 -0.0094638
      vertex 0.0320635 -0.042552 -0.0131335
      vertex 0.0359516 -0.0477123 -0.0094638
    endloop
  endfacet
  facet normal 0.272345 -0.4778 -0.835186
    outer loop
      vertex 0.0294666 -0.0516806 -0.0094638
      vertex 0.0326922 -0.0522995 -0.0080579
      vertex 0.0298194 -0.0522995 -0.00899469
    endloop
  endfacet
  facet normal 0.272356 -0.477772 -0.835198
    outer loop
      vertex 0.0326922 -0.0522995 -0.0080579
      vertex 0.0294666 -0.0516806 -0.0094638
      vertex 0.032774 -0.0497952 -0.0094638
    endloop
  endfacet
  facet normal 0.306535 -0.216067 -0.927012
    outer loop
      vertex 0.0386066 -0.0270452 -0.016377
      vertex 0.0343657 -0.0210285 -0.0191817
      vertex 0.0402918 -0.0246544 -0.016377
    endloop
  endfacet
  facet normal 0.282773 -0.332503 -0.899712
    outer loop
      vertex 0.0347719 -0.0405273 -0.0131335
      vertex 0.0326672 -0.0335407 -0.016377
      vertex 0.0373421 -0.0383415 -0.0131335
    endloop
  endfacet
  facet normal 0.411917 -0.124062 -0.902736
    outer loop
      vertex 0.0513496 -0.0158019 -0.013438
      vertex 0.0462217 -0.0114422 -0.016377
      vertex 0.0513496 -0.0127123 -0.0138626
    endloop
  endfacet
  facet normal 0.418674 -0.0970077 -0.902941
    outer loop
      vertex 0.0513496 -0.0103369 -0.0141179
      vertex 0.046875 -0.00862122 -0.016377
      vertex 0.0513496 -0.00944427 -0.0142138
    endloop
  endfacet
  facet normal 0.41869 -0.0969628 -0.902938
    outer loop
      vertex 0.046875 -0.00862122 -0.016377
      vertex 0.0513496 -0.0103369 -0.0141179
      vertex 0.0462217 -0.0114422 -0.016377
    endloop
  endfacet
  facet normal 0.165647 -0.194945 -0.966725
    outer loop
      vertex 0.021368 -0.0249052 -0.0215354
      vertex 0.0167074 -0.0194731 -0.0234294
      vertex 0.0229483 -0.0235624 -0.0215354
    endloop
  endfacet
  facet normal 0.240884 -0.0725518 -0.967839
    outer loop
      vertex 0.0318823 -0.00998783 -0.0215354
      vertex 0.0253878 -0.00628471 -0.0234294
      vertex 0.0324697 -0.00803757 -0.0215354
    endloop
  endfacet
  facet normal 0.244805 -0.0567868 -0.967908
    outer loop
      vertex 0.0324697 -0.00803757 -0.0215354
      vertex 0.0257473 -0.00473499 -0.0234294
      vertex 0.0329294 -0.00605583 -0.0215354
    endloop
  endfacet
  facet normal 0.349054 -0.130348 -0.927993
    outer loop
      vertex 0.0443697 -0.0169382 -0.016377
      vertex 0.0378437 -0.0144463 -0.0191817
      vertex 0.0453854 -0.0142183 -0.016377
    endloop
  endfacet
  facet normal 0.123433 -0.0287187 -0.991937
    outer loop
      vertex 0.0182056 -0.00450706 -0.0248571
      vertex 0.010952 -0.0027113 -0.0258117
      vertex 0.0184641 -0.00339603 -0.0248571
    endloop
  endfacet
  facet normal 0.184554 -0.0429396 -0.981884
    outer loop
      vertex 0.0253878 -0.00628471 -0.0234294
      vertex 0.0182056 -0.00450706 -0.0248571
      vertex 0.0184641 -0.00339603 -0.0248571
    endloop
  endfacet
  facet normal 0.186839 -0.0306862 -0.981911
    outer loop
      vertex 0.0257473 -0.00473499 -0.0234294
      vertex 0.0184641 -0.00339603 -0.0248571
      vertex 0.0260048 -0.00316715 -0.0234294
    endloop
  endfacet
  facet normal 0.427189 -0.0419307 -0.90319
    outer loop
      vertex 0.0473442 -0.00576687 -0.016377
      vertex 0.0513496 -0.00501158 -0.0145176
      vertex 0.0513496 -0.00625444 -0.0144599
    endloop
  endfacet
  facet normal 0.427184 -0.0418993 -0.903193
    outer loop
      vertex 0.0513496 -0.00501158 -0.0145176
      vertex 0.0473442 -0.00576687 -0.016377
      vertex 0.0476265 -0.00288868 -0.016377
    endloop
  endfacet
  facet normal 0.369588 -0.0362501 -0.928489
    outer loop
      vertex 0.0473442 -0.00576687 -0.016377
      vertex 0.0403814 -0.0049181 -0.0191817
      vertex 0.0476265 -0.00288868 -0.016377
    endloop
  endfacet
  facet normal -0.00599763 -0.065495 -0.997835
    outer loop
      vertex -0.000709534 -0.0108814 -0.0258117
      vertex -0.00141716 -0.0108166 -0.0258117
      vertex -0.000236511 -0.00363159 -0.0262904
    endloop
  endfacet
  facet normal -0.0619092 -0.0143908 -0.997978
    outer loop
      vertex -0.010952 -0.0027113 -0.0258117
      vertex -0.0111074 -0.00204277 -0.0258117
      vertex -0.00365543 -0.000904083 -0.0262904
    endloop
  endfacet
  facet normal -0.173568 -0.0779217 -0.981734
    outer loop
      vertex -0.0237169 -0.0107603 -0.0234294
      vertex -0.0243711 -0.00930309 -0.0234294
      vertex -0.017477 -0.00667191 -0.0248571
    endloop
  endfacet
  facet normal -0.299235 -0.0901267 -0.949914
    outer loop
      vertex -0.0318823 -0.00998783 -0.0215354
      vertex -0.039423 -0.00975895 -0.0191817
      vertex -0.0324697 -0.00803757 -0.0215354
    endloop
  endfacet
  facet normal -0.247797 -0.0406491 -0.967959
    outer loop
      vertex -0.0329294 -0.00605583 -0.0215354
      vertex -0.0332584 -0.00405025 -0.0215354
      vertex -0.0260048 -0.00316715 -0.0234294
    endloop
  endfacet
  facet normal -0.307799 -0.0504921 -0.950111
    outer loop
      vertex -0.0329294 -0.00605583 -0.0215354
      vertex -0.0403814 -0.0049181 -0.0191817
      vertex -0.0332584 -0.00405025 -0.0215354
    endloop
  endfacet
  facet normal -0.362236 -0.0838888 -0.928304
    outer loop
      vertex -0.0462217 -0.0114422 -0.016377
      vertex -0.046875 -0.00862122 -0.016377
      vertex -0.0399809 -0.00735378 -0.0191817
    endloop
  endfacet
  facet normal -0.108845 -0.0668138 -0.991811
    outer loop
      vertex -0.0158701 -0.00971127 -0.0248571
      vertex -0.0164719 -0.00873089 -0.0248571
      vertex -0.00954723 -0.00584126 -0.0258117
    endloop
  endfacet
  facet normal -0.123435 -0.0286925 -0.991938
    outer loop
      vertex -0.010952 -0.0027113 -0.0258117
      vertex -0.0184641 -0.00339603 -0.0248571
      vertex -0.0111074 -0.00204277 -0.0258117
    endloop
  endfacet
  facet normal 0.121445 -0.0366695 -0.991921
    outer loop
      vertex 0.0178766 -0.00559998 -0.0248571
      vertex 0.0107536 -0.00336838 -0.0258117
      vertex 0.010952 -0.0027113 -0.0258117
    endloop
  endfacet
  facet normal 0.0619092 -0.0143908 -0.997978
    outer loop
      vertex 0.010952 -0.0027113 -0.0258117
      vertex 0.00365543 -0.000904083 -0.0262904
      vertex 0.0111074 -0.00204277 -0.0258117
    endloop
  endfacet
  facet normal -0.0596931 -0.0222854 -0.997968
    outer loop
      vertex -0.00350857 -0.00133896 -0.0262904
      vertex -0.0105133 -0.00401306 -0.0258117
      vertex -0.00358868 -0.00112438 -0.0262904
    endloop
  endfacet
  facet normal -0.0597058 -0.0222549 -0.997968
    outer loop
      vertex -0.0105133 -0.00401306 -0.0258117
      vertex -0.0107536 -0.00336838 -0.0258117
      vertex -0.00358868 -0.00112438 -0.0262904
    endloop
  endfacet
  facet normal -0.272438 -0.477763 -0.835177
    outer loop
      vertex -0.0326922 -0.0522995 -0.0080579
      vertex -0.0344225 -0.0522995 -0.00749347
      vertex -0.032774 -0.0497952 -0.0094638
    endloop
  endfacet
  facet normal -0.144413 -0.416239 -0.897714
    outer loop
      vertex -0.0168571 -0.0500231 -0.0131335
      vertex -0.0200815 -0.0489044 -0.0131335
      vertex -0.0147457 -0.0437603 -0.016377
    endloop
  endfacet
  facet normal -0.134269 -0.479404 -0.867262
    outer loop
      vertex -0.0139266 -0.0522995 -0.0123291
      vertex -0.0149704 -0.0522995 -0.0121675
      vertex -0.013566 -0.0509453 -0.0131335
    endloop
  endfacet
  facet normal -0.37933 -0.393564 -0.837386
    outer loop
      vertex -0.0418701 -0.0429916 -0.0094638
      vertex -0.0462332 -0.047471 -0.00538207
      vertex -0.0445881 -0.0403719 -0.0094638
    endloop
  endfacet
  facet normal -0.341558 -0.354374 -0.870493
    outer loop
      vertex -0.0418701 -0.0429916 -0.0094638
      vertex -0.0445881 -0.0403719 -0.0094638
      vertex -0.0373421 -0.0383415 -0.0131335
    endloop
  endfacet
  facet normal -0.444704 -0.313474 -0.839031
    outer loop
      vertex -0.0494843 -0.0346651 -0.0094638
      vertex -0.0513496 -0.0359718 -0.00798695
      vertex -0.0513496 -0.0347215 -0.00845408
    endloop
  endfacet
  facet normal -0.338197 -0.272092 -0.900882
    outer loop
      vertex -0.0420322 -0.0335264 -0.0131335
      vertex -0.0441322 -0.0309162 -0.0131335
      vertex -0.0386066 -0.0270452 -0.016377
    endloop
  endfacet
  facet normal -0.35462 -0.417113 -0.836816
    outer loop
      vertex -0.0430508 -0.0501766 -0.00538207
      vertex -0.0462332 -0.047471 -0.00538207
      vertex -0.0418701 -0.0429916 -0.0094638
    endloop
  endfacet
  facet normal -0.388285 -0.456711 -0.800406
    outer loop
      vertex -0.0430508 -0.0501766 -0.00538207
      vertex -0.0504141 -0.0517635 -0.000904574
      vertex -0.0462332 -0.047471 -0.00538207
    endloop
  endfacet
  facet normal -0.282732 -0.332518 -0.899719
    outer loop
      vertex -0.0304184 -0.0354528 -0.016377
      vertex -0.0347719 -0.0405273 -0.0131335
      vertex -0.0326672 -0.0335407 -0.016377
    endloop
  endfacet
  facet normal -0.261911 -0.350137 -0.899337
    outer loop
      vertex -0.0280495 -0.0372248 -0.016377
      vertex -0.0347719 -0.0405273 -0.0131335
      vertex -0.0304184 -0.0354528 -0.016377
    endloop
  endfacet
  facet normal -0.188299 -0.3301 -0.924974
    outer loop
      vertex -0.0196085 -0.0343904 -0.0191817
      vertex -0.0255699 -0.0388489 -0.016377
      vertex -0.0218086 -0.0331354 -0.0191817
    endloop
  endfacet
  facet normal -0.153516 -0.205299 -0.966584
    outer loop
      vertex -0.0154066 -0.0204458 -0.0234294
      vertex -0.0197039 -0.0261497 -0.0215354
      vertex -0.0167074 -0.0194731 -0.0234294
    endloop
  endfacet
  facet normal -0.133656 -0.138657 -0.98128
    outer loop
      vertex -0.0179424 -0.0184231 -0.0234294
      vertex -0.0191069 -0.0173006 -0.0234294
      vertex -0.0137024 -0.0124063 -0.0248571
    endloop
  endfacet
  facet normal -0.177239 -0.183718 -0.966868
    outer loop
      vertex -0.0229483 -0.0235624 -0.0215354
      vertex -0.024437 -0.0221262 -0.0215354
      vertex -0.0191069 -0.0173006 -0.0234294
    endloop
  endfacet
  facet normal -0.245909 -0.197833 -0.948889
    outer loop
      vertex -0.0258293 -0.0206032 -0.0215354
      vertex -0.0313616 -0.0250158 -0.0191817
      vertex -0.0271206 -0.0189981 -0.0215354
    endloop
  endfacet
  facet normal -0.198067 -0.159344 -0.96715
    outer loop
      vertex -0.0258293 -0.0206032 -0.0215354
      vertex -0.0271206 -0.0189981 -0.0215354
      vertex -0.0212059 -0.0148544 -0.0234294
    endloop
  endfacet
  facet normal -0.19805 -0.159358 -0.967151
    outer loop
      vertex -0.020196 -0.0161095 -0.0234294
      vertex -0.0258293 -0.0206032 -0.0215354
      vertex -0.0212059 -0.0148544 -0.0234294
    endloop
  endfacet
  facet normal -0.381785 -0.201838 -0.901943
    outer loop
      vertex -0.0478029 -0.0253391 -0.0131335
      vertex -0.0493593 -0.0223951 -0.0131335
      vertex -0.0418177 -0.0221663 -0.016377
    endloop
  endfacet
  facet normal -0.381799 -0.201712 -0.901966
    outer loop
      vertex -0.0418177 -0.0221663 -0.016377
      vertex -0.0493593 -0.0223951 -0.0131335
      vertex -0.0431786 -0.0195904 -0.016377
    endloop
  endfacet
  facet normal -0.230193 -0.10325 -0.967652
    outer loop
      vertex -0.0303326 -0.0137625 -0.0215354
      vertex -0.0311689 -0.011898 -0.0215354
      vertex -0.0243711 -0.00930309 -0.0234294
    endloop
  endfacet
  facet normal -0.177984 -0.0663814 -0.981792
    outer loop
      vertex -0.0243711 -0.00930309 -0.0234294
      vertex -0.0249281 -0.00780964 -0.0234294
      vertex -0.017477 -0.00667191 -0.0248571
    endloop
  endfacet
  facet normal -0.285897 -0.128319 -0.94963
    outer loop
      vertex -0.036828 -0.0167093 -0.0191817
      vertex -0.0378437 -0.0144463 -0.0191817
      vertex -0.0303326 -0.0137625 -0.0215354
    endloop
  endfacet
  facet normal -0.456084 -0.17026 -0.873498
    outer loop
      vertex -0.0507202 -0.0193624 -0.0131335
      vertex -0.0513496 -0.0192663 -0.0128236
      vertex -0.0513496 -0.0176764 -0.0131335
    endloop
  endfacet
  facet normal -0.169538 -0.406055 -0.897985
    outer loop
      vertex -0.0200815 -0.0489044 -0.0131335
      vertex -0.0232267 -0.0475912 -0.0131335
      vertex -0.020318 -0.0416327 -0.016377
    endloop
  endfacet
  facet normal -0.191403 -0.458423 -0.867878
    outer loop
      vertex -0.0246211 -0.0522995 -0.010339
      vertex -0.0232267 -0.0475912 -0.0131335
      vertex -0.0200815 -0.0489044 -0.0131335
    endloop
  endfacet
  facet normal -0.191357 -0.458438 -0.867881
    outer loop
      vertex -0.0232267 -0.0475912 -0.0131335
      vertex -0.0246211 -0.0522995 -0.010339
      vertex -0.0255241 -0.0522995 -0.0101399
    endloop
  endfacet
  facet normal -0.146833 -0.351838 -0.924473
    outer loop
      vertex -0.0175667 -0.0427809 -0.016377
      vertex -0.020318 -0.0416327 -0.016377
      vertex -0.0173302 -0.0355101 -0.0191817
    endloop
  endfacet
  facet normal -0.146677 -0.351851 -0.924493
    outer loop
      vertex -0.0149832 -0.0364885 -0.0191817
      vertex -0.0175667 -0.0427809 -0.016377
      vertex -0.0173302 -0.0355101 -0.0191817
    endloop
  endfacet
  facet normal -0.244753 -0.287985 -0.92583
    outer loop
      vertex -0.0259447 -0.0302382 -0.0191817
      vertex -0.0304184 -0.0354528 -0.016377
      vertex -0.0278625 -0.0286083 -0.0191817
    endloop
  endfacet
  facet normal -0.205673 -0.242003 -0.948226
    outer loop
      vertex -0.0259447 -0.0302382 -0.0191817
      vertex -0.0278625 -0.0286083 -0.0191817
      vertex -0.0229483 -0.0235624 -0.0215354
    endloop
  endfacet
  facet normal -0.233399 -0.213419 -0.948671
    outer loop
      vertex -0.0296707 -0.026865 -0.0191817
      vertex -0.0313616 -0.0250158 -0.0191817
      vertex -0.024437 -0.0221262 -0.0215354
    endloop
  endfacet
  facet normal -0.220032 -0.228075 -0.948456
    outer loop
      vertex -0.0229483 -0.0235624 -0.0215354
      vertex -0.0296707 -0.026865 -0.0191817
      vertex -0.024437 -0.0221262 -0.0215354
    endloop
  endfacet
  facet normal -0.140825 -0.214815 -0.966448
    outer loop
      vertex -0.0179625 -0.0272913 -0.0215354
      vertex -0.0197039 -0.0261497 -0.0215354
      vertex -0.0154066 -0.0204458 -0.0234294
    endloop
  endfacet
  facet normal -0.140819 -0.214818 -0.966449
    outer loop
      vertex -0.0140448 -0.0213385 -0.0234294
      vertex -0.0179625 -0.0272913 -0.0215354
      vertex -0.0154066 -0.0204458 -0.0234294
    endloop
  endfacet
  facet normal -0.158281 -0.277478 -0.947604
    outer loop
      vertex -0.0196085 -0.0343904 -0.0191817
      vertex -0.0218086 -0.0331354 -0.0191817
      vertex -0.0179625 -0.0272913 -0.0215354
    endloop
  endfacet
  facet normal -0.188257 -0.33015 -0.924965
    outer loop
      vertex -0.0229893 -0.0403204 -0.016377
      vertex -0.0255699 -0.0388489 -0.016377
      vertex -0.0196085 -0.0343904 -0.0191817
    endloop
  endfacet
  facet normal -0.293123 -0.109474 -0.949786
    outer loop
      vertex -0.0311689 -0.011898 -0.0215354
      vertex -0.0378437 -0.0144463 -0.0191817
      vertex -0.0318823 -0.00998783 -0.0215354
    endloop
  endfacet
  facet normal -0.340392 -0.15287 -0.927774
    outer loop
      vertex -0.0431786 -0.0195904 -0.016377
      vertex -0.0443697 -0.0169382 -0.016377
      vertex -0.036828 -0.0167093 -0.0191817
    endloop
  endfacet
  facet normal -0.356325 -0.107343 -0.928175
    outer loop
      vertex -0.0453854 -0.0142183 -0.016377
      vertex -0.0462217 -0.0114422 -0.016377
      vertex -0.0387096 -0.0121269 -0.0191817
    endloop
  endfacet
  facet normal -0.362538 -0.331559 -0.870997
    outer loop
      vertex -0.0397654 -0.036005 -0.0131335
      vertex -0.0445881 -0.0403719 -0.0094638
      vertex -0.0420322 -0.0335264 -0.0131335
    endloop
  endfacet
  facet normal -0.341594 -0.354284 -0.870515
    outer loop
      vertex -0.0373421 -0.0383415 -0.0131335
      vertex -0.0445881 -0.0403719 -0.0094638
      vertex -0.0397654 -0.036005 -0.0131335
    endloop
  endfacet
  facet normal -0.125207 -0.360575 -0.924288
    outer loop
      vertex -0.0125771 -0.037324 -0.0191817
      vertex -0.0175667 -0.0427809 -0.016377
      vertex -0.0149832 -0.0364885 -0.0191817
    endloop
  endfacet
  facet normal -0.0578776 -0.378359 -0.923848
    outer loop
      vertex -0.00598049 -0.0456495 -0.016377
      vertex -0.00762653 -0.0385494 -0.0191817
      vertex -0.0051012 -0.0389357 -0.0191817
    endloop
  endfacet
  facet normal 0.420293 -0.494471 -0.760823
    outer loop
      vertex 0.0504315 -0.0522995 -0.000546607
      vertex 0.0497835 -0.0522995 -0.000904574
      vertex 0.0504141 -0.0517635 -0.000904574
    endloop
  endfacet
  facet normal -0.418701 -0.0970432 -0.902924
    outer loop
      vertex -0.0462217 -0.0114422 -0.016377
      vertex -0.0513496 -0.0127123 -0.0138626
      vertex -0.0513496 -0.0103369 -0.0141179
    endloop
  endfacet
  facet normal -0.416759 -0.255623 -0.872335
    outer loop
      vertex -0.0478029 -0.0253391 -0.0131335
      vertex -0.0513496 -0.031122 -0.00974448
      vertex -0.0513496 -0.0272193 -0.0108881
    endloop
  endfacet
  facet normal -0.416777 -0.255606 -0.872332
    outer loop
      vertex -0.0513496 -0.031122 -0.00974448
      vertex -0.0460587 -0.028183 -0.0131335
      vertex -0.0513496 -0.0314212 -0.00965681
    endloop
  endfacet
  facet normal -0.416773 -0.255612 -0.872332
    outer loop
      vertex -0.0460587 -0.028183 -0.0131335
      vertex -0.0513496 -0.031122 -0.00974448
      vertex -0.0478029 -0.0253391 -0.0131335
    endloop
  endfacet
  facet normal -0.126424 -0.00423397 -0.991967
    outer loop
      vertex -0.0112848 -0.000683784 -0.0258117
      vertex -0.0187597 -0.00113773 -0.0248571
      vertex -0.0113077 0 -0.0258117
    endloop
  endfacet
  facet normal -0.00185722 -0.0657564 -0.997834
    outer loop
      vertex 0 -0.0109024 -0.0258117
      vertex -0.000236511 -0.00363159 -0.0262904
      vertex 0 -0.00363827 -0.0262904
    endloop
  endfacet
  facet normal 0.173568 -0.0779217 -0.981734
    outer loop
      vertex 0.0237169 -0.0107603 -0.0234294
      vertex 0.017477 -0.00667191 -0.0248571
      vertex 0.0243711 -0.00930309 -0.0234294
    endloop
  endfacet
  facet normal -0.0836511 -0.0983738 -0.991627
    outer loop
      vertex -0.011981 -0.0139647 -0.0248571
      vertex -0.012867 -0.0132113 -0.0248571
      vertex -0.00720787 -0.00840092 -0.0258117
    endloop
  endfacet
  facet normal -0.13363 -0.138676 -0.981281
    outer loop
      vertex -0.012867 -0.0132113 -0.0248571
      vertex -0.0179424 -0.0184231 -0.0234294
      vertex -0.0137024 -0.0124063 -0.0248571
    endloop
  endfacet
  facet normal 0.0295975 -0.193502 -0.980653
    outer loop
      vertex 0.00328445 -0.025074 -0.0234294
      vertex 0.00235558 -0.0179806 -0.0248571
      vertex 0.00352192 -0.0178022 -0.0248571
    endloop
  endfacet
  facet normal 0.0486605 -0.318105 -0.946806
    outer loop
      vertex 0.00762653 -0.0385494 -0.0191817
      vertex 0.0051012 -0.0389357 -0.0191817
      vertex 0.0062809 -0.0317497 -0.0215354
    endloop
  endfacet
  facet normal 0.0133963 -0.441767 -0.89703
    outer loop
      vertex 0 -0.0460119 -0.016377
      vertex 0.000133922 -0.0522995 -0.0132785
      vertex 0 -0.0522995 -0.0132805
    endloop
  endfacet
  facet normal 0.0133615 -0.441768 -0.89703
    outer loop
      vertex 0.000133922 -0.0522995 -0.0132785
      vertex 0 -0.0460119 -0.016377
      vertex 0.00299549 -0.0459213 -0.016377
    endloop
  endfacet
  facet normal -0.00977316 -0.321912 -0.946719
    outer loop
      vertex 0 -0.0323229 -0.0215354
      vertex -0.00255489 -0.0391674 -0.0191817
      vertex -0.00210476 -0.032259 -0.0215354
    endloop
  endfacet
  facet normal 0.0545853 -0.253366 -0.965829
    outer loop
      vertex 0.00833607 -0.0313072 -0.0215354
      vertex 0.00491142 -0.0248251 -0.0234294
      vertex 0.00651836 -0.0244789 -0.0234294
    endloop
  endfacet
  facet normal 0.0995148 -0.238277 -0.966085
    outer loop
      vertex 0.0142727 -0.0292463 -0.0215354
      vertex 0.00964832 -0.0234985 -0.0234294
      vertex 0.0111599 -0.0228672 -0.0234294
    endloop
  endfacet
  facet normal -0.0643752 -0.11288 -0.991521
    outer loop
      vertex -0.00905514 -0.0158815 -0.0248571
      vertex -0.0100718 -0.0153017 -0.0248571
      vertex -0.00544739 -0.00955391 -0.0258117
    endloop
  endfacet
  facet normal -0.0429843 -0.123313 -0.991436
    outer loop
      vertex -0.00349426 -0.0103693 -0.0258117
      vertex -0.00691891 -0.0168505 -0.0248571
      vertex -0.00416183 -0.0101366 -0.0258117
    endloop
  endfacet
  facet normal -0.0847752 -0.244327 -0.96598
    outer loop
      vertex -0.0103588 -0.0307407 -0.0215354
      vertex -0.0123405 -0.0300531 -0.0215354
      vertex -0.00809956 -0.0240364 -0.0234294
    endloop
  endfacet
  facet normal -0.123464 -0.295684 -0.947274
    outer loop
      vertex -0.0123405 -0.0300531 -0.0215354
      vertex -0.0173302 -0.0355101 -0.0191817
      vertex -0.0142727 -0.0292463 -0.0215354
    endloop
  endfacet
  facet normal -0.0697783 -0.249341 -0.965899
    outer loop
      vertex -0.00651836 -0.0244789 -0.0234294
      vertex -0.00833607 -0.0313072 -0.0215354
      vertex -0.00809956 -0.0240364 -0.0234294
    endloop
  endfacet
  facet normal -0.0545557 -0.253381 -0.965827
    outer loop
      vertex -0.0062809 -0.0317497 -0.0215354
      vertex -0.00833607 -0.0313072 -0.0215354
      vertex -0.00491142 -0.0248251 -0.0234294
    endloop
  endfacet
  facet normal -0.141092 -0.287142 -0.94744
    outer loop
      vertex -0.0142727 -0.0292463 -0.0215354
      vertex -0.0173302 -0.0355101 -0.0191817
      vertex -0.0161495 -0.0283241 -0.0215354
    endloop
  endfacet
  facet normal -0.113713 -0.231422 -0.966185
    outer loop
      vertex -0.0142727 -0.0292463 -0.0215354
      vertex -0.0161495 -0.0283241 -0.0215354
      vertex -0.0126276 -0.0221472 -0.0234294
    endloop
  endfacet
  facet normal -0.0134087 -0.441784 -0.897021
    outer loop
      vertex -0.000133922 -0.0522995 -0.0132785
      vertex -0.00341194 -0.0522995 -0.0132295
      vertex -0.00299549 -0.0459213 -0.016377
    endloop
  endfacet
  facet normal 0.118911 -0.42468 -0.897501
    outer loop
      vertex 0.013566 -0.0509453 -0.0131335
      vertex 0.0118675 -0.0445662 -0.016377
      vertex 0.0147457 -0.0437603 -0.016377
    endloop
  endfacet
  facet normal 0.119002 -0.424687 -0.897485
    outer loop
      vertex 0.0168571 -0.0500231 -0.0131335
      vertex 0.013566 -0.0509453 -0.0131335
      vertex 0.0147457 -0.0437603 -0.016377
    endloop
  endfacet
  facet normal -0.103069 -0.367965 -0.92411
    outer loop
      vertex -0.0101223 -0.0380116 -0.0191817
      vertex -0.0147457 -0.0437603 -0.016377
      vertex -0.0125771 -0.037324 -0.0191817
    endloop
  endfacet
  facet normal -0.103037 -0.367988 -0.924104
    outer loop
      vertex -0.0118675 -0.0445662 -0.016377
      vertex -0.0147457 -0.0437603 -0.016377
      vertex -0.0101223 -0.0380116 -0.0191817
    endloop
  endfacet
  facet normal -0.00974 -0.321923 -0.946716
    outer loop
      vertex 0 -0.0392447 -0.0191817
      vertex -0.00255489 -0.0391674 -0.0191817
      vertex 0 -0.0323229 -0.0215354
    endloop
  endfacet
  facet normal -0.0347011 -0.381354 -0.923777
    outer loop
      vertex -0.00299549 -0.0459213 -0.016377
      vertex -0.0051012 -0.0389357 -0.0191817
      vertex -0.00255489 -0.0391674 -0.0191817
    endloop
  endfacet
  facet normal 0.190605 -0.254829 -0.948015
    outer loop
      vertex 0.0239239 -0.0317497 -0.0191817
      vertex 0.021368 -0.0249052 -0.0215354
      vertex 0.0259447 -0.0302382 -0.0191817
    endloop
  endfacet
  facet normal 0.233399 -0.213419 -0.948671
    outer loop
      vertex 0.0296707 -0.026865 -0.0191817
      vertex 0.024437 -0.0221262 -0.0215354
      vertex 0.0313616 -0.0250158 -0.0191817
    endloop
  endfacet
  facet normal 0.105272 -0.303167 -0.947105
    outer loop
      vertex 0.0125771 -0.037324 -0.0191817
      vertex 0.0123405 -0.0300531 -0.0215354
      vertex 0.0149832 -0.0364885 -0.0191817
    endloop
  endfacet
  facet normal 0.123316 -0.295811 -0.947253
    outer loop
      vertex 0.0149832 -0.0364885 -0.0191817
      vertex 0.0123405 -0.0300531 -0.0215354
      vertex 0.0173302 -0.0355101 -0.0191817
    endloop
  endfacet
  facet normal 0.0805714 -0.373908 -0.92396
    outer loop
      vertex 0.0118675 -0.0445662 -0.016377
      vertex 0.00762653 -0.0385494 -0.0191817
      vertex 0.0101223 -0.0380116 -0.0191817
    endloop
  endfacet
  facet normal 0.12519 -0.360589 -0.924285
    outer loop
      vertex 0.0147457 -0.0437603 -0.016377
      vertex 0.0125771 -0.037324 -0.0191817
      vertex 0.0175667 -0.0427809 -0.016377
    endloop
  endfacet
  facet normal 0.0347249 -0.38136 -0.923774
    outer loop
      vertex 0.00598049 -0.0456495 -0.016377
      vertex 0.00299549 -0.0459213 -0.016377
      vertex 0.0051012 -0.0389357 -0.0191817
    endloop
  endfacet
  facet normal 0.0347011 -0.381354 -0.923777
    outer loop
      vertex 0.00299549 -0.0459213 -0.016377
      vertex 0.00255489 -0.0391674 -0.0191817
      vertex 0.0051012 -0.0389357 -0.0191817
    endloop
  endfacet
  facet normal 0.416759 -0.255623 -0.872335
    outer loop
      vertex 0.0513496 -0.031122 -0.00974448
      vertex 0.0478029 -0.0253391 -0.0131335
      vertex 0.0513496 -0.0272193 -0.0108881
    endloop
  endfacet
  facet normal 0.277519 -0.146651 -0.949461
    outer loop
      vertex 0.0356674 -0.0189056 -0.0191817
      vertex 0.0303326 -0.0137625 -0.0215354
      vertex 0.036828 -0.0167093 -0.0191817
    endloop
  endfacet
  facet normal 0.444771 -0.199618 -0.873116
    outer loop
      vertex 0.0513496 -0.023298 -0.0119132
      vertex 0.0493593 -0.0223951 -0.0131335
      vertex 0.0513496 -0.0222137 -0.0121611
    endloop
  endfacet
  facet normal 0.362236 -0.0838888 -0.928304
    outer loop
      vertex 0.0462217 -0.0114422 -0.016377
      vertex 0.0399809 -0.00735378 -0.0191817
      vertex 0.046875 -0.00862122 -0.016377
    endloop
  endfacet
  facet normal 0.423763 -0.0697231 -0.903086
    outer loop
      vertex 0.0513496 -0.00944427 -0.0142138
      vertex 0.046875 -0.00862122 -0.016377
      vertex 0.0513496 -0.00736799 -0.0143741
    endloop
  endfacet
  facet normal 0.301055 -0.459254 -0.835734
    outer loop
      vertex 0.0387773 -0.0522995 -0.00592514
      vertex 0.0359516 -0.0477123 -0.0094638
      vertex 0.0394089 -0.0522995 -0.00569762
    endloop
  endfacet
  facet normal 0.301043 -0.459261 -0.835735
    outer loop
      vertex 0.0359516 -0.0477123 -0.0094638
      vertex 0.0387773 -0.0522995 -0.00592514
      vertex 0.032774 -0.0497952 -0.0094638
    endloop
  endfacet
  facet normal 0.300965 -0.45939 -0.835692
    outer loop
      vertex 0.0344225 -0.0522995 -0.00749347
      vertex 0.032774 -0.0497952 -0.0094638
      vertex 0.0387773 -0.0522995 -0.00592514
    endloop
  endfacet
  facet normal 0.217325 -0.381127 -0.898617
    outer loop
      vertex 0.0292292 -0.0444098 -0.0131335
      vertex 0.0229893 -0.0403204 -0.016377
      vertex 0.0255699 -0.0388489 -0.016377
    endloop
  endfacet
  facet normal 0.245324 -0.430415 -0.868654
    outer loop
      vertex 0.0294666 -0.0516806 -0.0094638
      vertex 0.0262794 -0.0460911 -0.0131335
      vertex 0.0292292 -0.0444098 -0.0131335
    endloop
  endfacet
  facet normal 0.379398 -0.393538 -0.837368
    outer loop
      vertex 0.0462332 -0.047471 -0.00538207
      vertex 0.0445881 -0.0403719 -0.0094638
      vertex 0.0492334 -0.0445786 -0.00538207
    endloop
  endfacet
  facet normal 0.37933 -0.393564 -0.837386
    outer loop
      vertex 0.0462332 -0.047471 -0.00538207
      vertex 0.0418701 -0.0429916 -0.0094638
      vertex 0.0445881 -0.0403719 -0.0094638
    endloop
  endfacet
  facet normal 0.400322 -0.282069 -0.871883
    outer loop
      vertex 0.0494843 -0.0346651 -0.0094638
      vertex 0.0513496 -0.0314212 -0.00965681
      vertex 0.0513496 -0.0320178 -0.0094638
    endloop
  endfacet
  facet normal 0.400301 -0.282058 -0.871896
    outer loop
      vertex 0.0513496 -0.0314212 -0.00965681
      vertex 0.0494843 -0.0346651 -0.0094638
      vertex 0.0460587 -0.028183 -0.0131335
    endloop
  endfacet
  facet normal 0.368725 -0.226144 -0.90161
    outer loop
      vertex 0.0460587 -0.028183 -0.0131335
      vertex 0.0402918 -0.0246544 -0.016377
      vertex 0.0478029 -0.0253391 -0.0131335
    endloop
  endfacet
  facet normal 0.304119 -0.0705429 -0.950019
    outer loop
      vertex 0.039423 -0.00975895 -0.0191817
      vertex 0.0324697 -0.00803757 -0.0215354
      vertex 0.0399809 -0.00735378 -0.0191817
    endloop
  endfacet
  facet normal 0.193751 -0.394397 -0.898282
    outer loop
      vertex 0.0232267 -0.0475912 -0.0131335
      vertex 0.020318 -0.0416327 -0.016377
      vertex 0.0229893 -0.0403204 -0.016377
    endloop
  endfacet
  facet normal 0.141092 -0.287142 -0.94744
    outer loop
      vertex 0.0173302 -0.0355101 -0.0191817
      vertex 0.0142727 -0.0292463 -0.0215354
      vertex 0.0161495 -0.0283241 -0.0215354
    endloop
  endfacet
  facet normal 0.33044 -0.174578 -0.927541
    outer loop
      vertex 0.0418177 -0.0221663 -0.016377
      vertex 0.036828 -0.0167093 -0.0191817
      vertex 0.0431786 -0.0195904 -0.016377
    endloop
  endfacet
  facet normal 0.381785 -0.201838 -0.901943
    outer loop
      vertex 0.0478029 -0.0253391 -0.0131335
      vertex 0.0418177 -0.0221663 -0.016377
      vertex 0.0493593 -0.0223951 -0.0131335
    endloop
  endfacet
  facet normal 0.124957 -0.020429 -0.991952
    outer loop
      vertex 0.0186481 -0.0022707 -0.0248571
      vertex 0.0111074 -0.00204277 -0.0258117
      vertex 0.0112181 -0.00136566 -0.0258117
    endloop
  endfacet
  facet normal 0.126439 -0.00413415 -0.991966
    outer loop
      vertex 0.0187597 -0.00113773 -0.0248571
      vertex 0.0113077 0 -0.0258117
      vertex 0.0187969 0 -0.0248571
    endloop
  endfacet
  facet normal 0.177984 -0.0663814 -0.981792
    outer loop
      vertex 0.0243711 -0.00930309 -0.0234294
      vertex 0.017477 -0.00667191 -0.0248571
      vertex 0.0249281 -0.00780964 -0.0234294
    endloop
  endfacet
  facet normal 0.0565407 -0.0298586 -0.997954
    outer loop
      vertex 0.00990868 -0.00525188 -0.0258117
      vertex 0.00330734 -0.00175285 -0.0262904
      vertex 0.010231 -0.00464153 -0.0258117
    endloop
  endfacet
  facet normal 0.250778 -0.00813099 -0.968011
    outer loop
      vertex 0.0334568 -0.00202942 -0.0215354
      vertex 0.0262117 0 -0.0234294
      vertex 0.0335226 0 -0.0215354
    endloop
  endfacet
  facet normal -0.0999525 -0.0803845 -0.99174
    outer loop
      vertex -0.00871277 -0.00694942 -0.0258117
      vertex -0.0152063 -0.0106525 -0.0248571
      vertex -0.00914764 -0.00640869 -0.0258117
    endloop
  endfacet
  facet normal -0.156346 -0.110263 -0.981528
    outer loop
      vertex -0.0152063 -0.0106525 -0.0248571
      vertex -0.0212059 -0.0148544 -0.0234294
      vertex -0.0158701 -0.00971127 -0.0248571
    endloop
  endfacet
  facet normal -0.188339 -0.0184139 -0.981931
    outer loop
      vertex -0.0260048 -0.00316715 -0.0234294
      vertex -0.0261593 -0.00158691 -0.0234294
      vertex -0.0187597 -0.00113773 -0.0248571
    endloop
  endfacet
  facet normal -0.125933 -0.0123185 -0.991962
    outer loop
      vertex -0.0112181 -0.00136566 -0.0258117
      vertex -0.0187597 -0.00113773 -0.0248571
      vertex -0.0112848 -0.000683784 -0.0258117
    endloop
  endfacet
  facet normal -0.18164 -0.0546789 -0.981844
    outer loop
      vertex -0.0178766 -0.00559998 -0.0248571
      vertex -0.0253878 -0.00628471 -0.0234294
      vertex -0.0182056 -0.00450706 -0.0248571
    endloop
  endfacet
  facet normal -0.116059 -0.0521464 -0.991872
    outer loop
      vertex -0.0170078 -0.00771618 -0.0248571
      vertex -0.017477 -0.00667191 -0.0248571
      vertex -0.010231 -0.00464153 -0.0258117
    endloop
  endfacet
  facet normal -0.299235 -0.0901514 -0.949911
    outer loop
      vertex -0.0387096 -0.0121269 -0.0191817
      vertex -0.039423 -0.00975895 -0.0191817
      vertex -0.0318823 -0.00998783 -0.0215354
    endloop
  endfacet
  facet normal -0.423763 -0.0697231 -0.903086
    outer loop
      vertex -0.046875 -0.00862122 -0.016377
      vertex -0.0513496 -0.00944427 -0.0142138
      vertex -0.0513496 -0.00736799 -0.0143741
    endloop
  endfacet
  facet normal -0.41869 -0.0969628 -0.902938
    outer loop
      vertex -0.0513496 -0.0103369 -0.0141179
      vertex -0.046875 -0.00862122 -0.016377
      vertex -0.0462217 -0.0114422 -0.016377
    endloop
  endfacet
  facet normal -0.418674 -0.0970077 -0.902941
    outer loop
      vertex -0.046875 -0.00862122 -0.016377
      vertex -0.0513496 -0.0103369 -0.0141179
      vertex -0.0513496 -0.00944427 -0.0142138
    endloop
  endfacet
  facet normal -0.311515 -0.0101003 -0.950188
    outer loop
      vertex -0.0334568 -0.00202942 -0.0215354
      vertex -0.0407019 0 -0.0191817
      vertex -0.0335226 0 -0.0215354
    endloop
  endfacet
  facet normal -0.188302 -0.0185482 -0.981936
    outer loop
      vertex -0.0186481 -0.0022707 -0.0248571
      vertex -0.0260048 -0.00316715 -0.0234294
      vertex -0.0187597 -0.00113773 -0.0248571
    endloop
  endfacet
  facet normal -0.186839 -0.0306862 -0.981911
    outer loop
      vertex -0.0257473 -0.00473499 -0.0234294
      vertex -0.0260048 -0.00316715 -0.0234294
      vertex -0.0184641 -0.00339603 -0.0248571
    endloop
  endfacet
  facet normal 0.00607177 -0.0654829 -0.997835
    outer loop
      vertex 0.00141716 -0.0108166 -0.0258117
      vertex 0.000236511 -0.00363159 -0.0262904
      vertex 0.000473022 -0.00360966 -0.0262904
    endloop
  endfacet
  facet normal 0.0287853 -0.0586297 -0.997865
    outer loop
      vertex 0.00481415 -0.00986481 -0.0258117
      vertex 0.00160694 -0.00329208 -0.0262904
      vertex 0.00544739 -0.00955391 -0.0258117
    endloop
  endfacet
  facet normal -0.0524118 -0.0370599 -0.997938
    outer loop
      vertex -0.00305271 -0.00213814 -0.0262904
      vertex -0.00914764 -0.00640869 -0.0258117
      vertex -0.00318623 -0.00194931 -0.0262904
    endloop
  endfacet
  facet normal 0.0524118 -0.0370599 -0.997938
    outer loop
      vertex 0.00914764 -0.00640869 -0.0258117
      vertex 0.00305271 -0.00213814 -0.0262904
      vertex 0.00318623 -0.00194931 -0.0262904
    endloop
  endfacet
  facet normal 0.0609175 -0.0183935 -0.997973
    outer loop
      vertex 0.0107536 -0.00336838 -0.0258117
      vertex 0.00365543 -0.000904083 -0.0262904
      vertex 0.010952 -0.0027113 -0.0258117
    endloop
  endfacet
  facet normal -0.449887 -0.466554 -0.761531
    outer loop
      vertex -0.0513496 -0.0518488 -0.000299718
      vertex -0.0509362 -0.0522995 -0.000267818
      vertex -0.0513496 -0.0522995 -2.35951e-05
    endloop
  endfacet
  facet normal -0.449857 -0.466529 -0.761563
    outer loop
      vertex -0.0509362 -0.0522995 -0.000267818
      vertex -0.0513496 -0.0518488 -0.000299718
      vertex -0.0504141 -0.0517635 -0.000904574
    endloop
  endfacet
  facet normal -0.134322 -0.47936 -0.867278
    outer loop
      vertex -0.0149704 -0.0522995 -0.0121675
      vertex -0.0168571 -0.0500231 -0.0131335
      vertex -0.013566 -0.0509453 -0.0131335
    endloop
  endfacet
  facet normal -0.134353 -0.479379 -0.867263
    outer loop
      vertex -0.0168571 -0.0500231 -0.0131335
      vertex -0.0149704 -0.0522995 -0.0121675
      vertex -0.0176241 -0.0522995 -0.0117564
    endloop
  endfacet
  facet normal -0.163004 -0.469895 -0.867542
    outer loop
      vertex -0.0195236 -0.0522995 -0.0113995
      vertex -0.0168571 -0.0500231 -0.0131335
      vertex -0.0176241 -0.0522995 -0.0117564
    endloop
  endfacet
  facet normal -0.163023 -0.469877 -0.867548
    outer loop
      vertex -0.0168571 -0.0500231 -0.0131335
      vertex -0.0195236 -0.0522995 -0.0113995
      vertex -0.0200815 -0.0489044 -0.0131335
    endloop
  endfacet
  facet normal -0.244836 -0.287949 -0.925819
    outer loop
      vertex -0.0304184 -0.0354528 -0.016377
      vertex -0.0326672 -0.0335407 -0.016377
      vertex -0.0278625 -0.0286083 -0.0191817
    endloop
  endfacet
  facet normal -0.261839 -0.350257 -0.899311
    outer loop
      vertex -0.0320635 -0.042552 -0.0131335
      vertex -0.0347719 -0.0405273 -0.0131335
      vertex -0.0280495 -0.0372248 -0.016377
    endloop
  endfacet
  facet normal -0.319402 -0.375572 -0.870016
    outer loop
      vertex -0.0347719 -0.0405273 -0.0131335
      vertex -0.0418701 -0.0429916 -0.0094638
      vertex -0.0373421 -0.0383415 -0.0131335
    endloop
  endfacet
  facet normal -0.282773 -0.332503 -0.899712
    outer loop
      vertex -0.0347719 -0.0405273 -0.0131335
      vertex -0.0373421 -0.0383415 -0.0131335
      vertex -0.0326672 -0.0335407 -0.016377
    endloop
  endfacet
  facet normal -0.190605 -0.254829 -0.948015
    outer loop
      vertex -0.0239239 -0.0317497 -0.0191817
      vertex -0.0259447 -0.0302382 -0.0191817
      vertex -0.021368 -0.0249052 -0.0215354
    endloop
  endfacet
  facet normal -0.205644 -0.242017 -0.948229
    outer loop
      vertex -0.021368 -0.0249052 -0.0215354
      vertex -0.0259447 -0.0302382 -0.0191817
      vertex -0.0229483 -0.0235624 -0.0215354
    endloop
  endfacet
  facet normal -0.257471 -0.181479 -0.949091
    outer loop
      vertex -0.0329285 -0.0230675 -0.0191817
      vertex -0.0343657 -0.0210285 -0.0191817
      vertex -0.0271206 -0.0189981 -0.0215354
    endloop
  endfacet
  facet normal -0.24595 -0.197803 -0.948885
    outer loop
      vertex -0.0313616 -0.0250158 -0.0191817
      vertex -0.0329285 -0.0230675 -0.0191817
      vertex -0.0271206 -0.0189981 -0.0215354
    endloop
  endfacet
  facet normal -0.141816 -0.129671 -0.981363
    outer loop
      vertex -0.0191069 -0.0173006 -0.0234294
      vertex -0.020196 -0.0161095 -0.0234294
      vertex -0.0137024 -0.0124063 -0.0248571
    endloop
  endfacet
  facet normal -0.177147 -0.183776 -0.966874
    outer loop
      vertex -0.0179424 -0.0184231 -0.0234294
      vertex -0.0229483 -0.0235624 -0.0215354
      vertex -0.0191069 -0.0173006 -0.0234294
    endloop
  endfacet
  facet normal -0.319126 -0.195679 -0.927291
    outer loop
      vertex -0.0343657 -0.0210285 -0.0191817
      vertex -0.0418177 -0.0221663 -0.016377
      vertex -0.0356674 -0.0189056 -0.0191817
    endloop
  endfacet
  facet normal -0.330416 -0.174603 -0.927545
    outer loop
      vertex -0.0356674 -0.0189056 -0.0191817
      vertex -0.0418177 -0.0221663 -0.016377
      vertex -0.036828 -0.0167093 -0.0191817
    endloop
  endfacet
  facet normal -0.306535 -0.216067 -0.927012
    outer loop
      vertex -0.0386066 -0.0270452 -0.016377
      vertex -0.0402918 -0.0246544 -0.016377
      vertex -0.0343657 -0.0210285 -0.0191817
    endloop
  endfacet
  facet normal -0.267982 -0.164415 -0.949291
    outer loop
      vertex -0.0283041 -0.0173187 -0.0215354
      vertex -0.0343657 -0.0210285 -0.0191817
      vertex -0.029376 -0.0155716 -0.0215354
    endloop
  endfacet
  facet normal -0.268043 -0.164356 -0.949284
    outer loop
      vertex -0.0343657 -0.0210285 -0.0191817
      vertex -0.0356674 -0.0189056 -0.0191817
      vertex -0.029376 -0.0155716 -0.0215354
    endloop
  endfacet
  facet normal -0.207862 -0.317354 -0.925246
    outer loop
      vertex -0.0255699 -0.0388489 -0.016377
      vertex -0.0280495 -0.0372248 -0.016377
      vertex -0.0218086 -0.0331354 -0.0191817
    endloop
  endfacet
  facet normal -0.207879 -0.317332 -0.92525
    outer loop
      vertex -0.0218086 -0.0331354 -0.0191817
      vertex -0.0280495 -0.0372248 -0.016377
      vertex -0.0239239 -0.0317497 -0.0191817
    endloop
  endfacet
  facet normal -0.285906 -0.12824 -0.949638
    outer loop
      vertex -0.0303326 -0.0137625 -0.0215354
      vertex -0.0378437 -0.0144463 -0.0191817
      vertex -0.0311689 -0.011898 -0.0215354
    endloop
  endfacet
  facet normal -0.403445 -0.15066 -0.902515
    outer loop
      vertex -0.0443697 -0.0169382 -0.016377
      vertex -0.0507202 -0.0193624 -0.0131335
      vertex -0.0453854 -0.0142183 -0.016377
    endloop
  endfacet
  facet normal -0.349055 -0.130312 -0.927998
    outer loop
      vertex -0.0378437 -0.0144463 -0.0191817
      vertex -0.0453854 -0.0142183 -0.016377
      vertex -0.0387096 -0.0121269 -0.0191817
    endloop
  endfacet
  facet normal -0.293147 -0.10944 -0.949783
    outer loop
      vertex -0.0378437 -0.0144463 -0.0191817
      vertex -0.0387096 -0.0121269 -0.0191817
      vertex -0.0318823 -0.00998783 -0.0215354
    endloop
  endfacet
  facet normal -0.320877 -0.293492 -0.9005
    outer loop
      vertex -0.0347862 -0.031497 -0.016377
      vertex -0.0397654 -0.036005 -0.0131335
      vertex -0.0367689 -0.0293293 -0.016377
    endloop
  endfacet
  facet normal -0.302437 -0.31358 -0.900111
    outer loop
      vertex -0.0326672 -0.0335407 -0.016377
      vertex -0.0397654 -0.036005 -0.0131335
      vertex -0.0347862 -0.031497 -0.016377
    endloop
  endfacet
  facet normal -0.354156 -0.249627 -0.901254
    outer loop
      vertex -0.0441322 -0.0309162 -0.0131335
      vertex -0.0460587 -0.028183 -0.0131335
      vertex -0.0402918 -0.0246544 -0.016377
    endloop
  endfacet
  facet normal 0.35462 -0.417113 -0.836816
    outer loop
      vertex 0.0430508 -0.0501766 -0.00538207
      vertex 0.0418701 -0.0429916 -0.0094638
      vertex 0.0462332 -0.047471 -0.00538207
    endloop
  endfacet
  facet normal 0.328403 -0.439072 -0.836282
    outer loop
      vertex 0.0396609 -0.0522995 -0.00559868
      vertex 0.0430508 -0.0501766 -0.00538207
      vertex 0.0402125 -0.0522995 -0.00538207
    endloop
  endfacet
  facet normal 0.328418 -0.439098 -0.836262
    outer loop
      vertex 0.0430508 -0.0501766 -0.00538207
      vertex 0.0396609 -0.0522995 -0.00559868
      vertex 0.0389881 -0.0454416 -0.0094638
    endloop
  endfacet
  facet normal 0.420272 -0.494477 -0.760831
    outer loop
      vertex 0.0504315 -0.0522995 -0.000546607
      vertex 0.0504141 -0.0517635 -0.000904574
      vertex 0.0509362 -0.0522995 -0.000267818
    endloop
  endfacet
  facet normal 0.449887 -0.466554 -0.761531
    outer loop
      vertex 0.0509362 -0.0522995 -0.000267818
      vertex 0.0513496 -0.0518488 -0.000299718
      vertex 0.0513496 -0.0522995 -2.35951e-05
    endloop
  endfacet
  facet normal 0.449857 -0.466529 -0.761563
    outer loop
      vertex 0.0513496 -0.0518488 -0.000299718
      vertex 0.0509362 -0.0522995 -0.000267818
      vertex 0.0504141 -0.0517635 -0.000904574
    endloop
  endfacet
  facet normal -0.444725 -0.313356 -0.839064
    outer loop
      vertex -0.0494843 -0.0346651 -0.0094638
      vertex -0.0513496 -0.0347215 -0.00845408
      vertex -0.0513496 -0.0320178 -0.0094638
    endloop
  endfacet
  facet normal -0.400322 -0.282069 -0.871883
    outer loop
      vertex -0.0513496 -0.0314212 -0.00965681
      vertex -0.0494843 -0.0346651 -0.0094638
      vertex -0.0513496 -0.0320178 -0.0094638
    endloop
  endfacet
  facet normal -0.400301 -0.282058 -0.871896
    outer loop
      vertex -0.0494843 -0.0346651 -0.0094638
      vertex -0.0513496 -0.0314212 -0.00965681
      vertex -0.0460587 -0.028183 -0.0131335
    endloop
  endfacet
  facet normal 0.0634105 -0.00212363 -0.997985
    outer loop
      vertex 0.0112848 -0.000683784 -0.0258117
      vertex 0.00377369 0 -0.0262904
      vertex 0.0113077 0 -0.0258117
    endloop
  endfacet
  facet normal 0.0634106 -0.0021227 -0.997985
    outer loop
      vertex 0.00377369 0 -0.0262904
      vertex 0.0112848 -0.000683784 -0.0258117
      vertex 0.00376606 -0.000227928 -0.0262904
    endloop
  endfacet
  facet normal -0.0545324 -0.0336171 -0.997946
    outer loop
      vertex -0.00318623 -0.00194931 -0.0262904
      vertex -0.00954723 -0.00584126 -0.0258117
      vertex -0.00330734 -0.00175285 -0.0262904
    endloop
  endfacet
  facet normal 0.119029 -0.0443724 -0.991899
    outer loop
      vertex 0.017477 -0.00667191 -0.0248571
      vertex 0.0107536 -0.00336838 -0.0258117
      vertex 0.0178766 -0.00559998 -0.0248571
    endloop
  endfacet
  facet normal 0.0597058 -0.0222549 -0.997968
    outer loop
      vertex 0.0105133 -0.00401306 -0.0258117
      vertex 0.00358868 -0.00112438 -0.0262904
      vertex 0.0107536 -0.00336838 -0.0258117
    endloop
  endfacet
  facet normal 0.0574157 -0.116843 -0.991489
    outer loop
      vertex 0.00800323 -0.0163984 -0.0248571
      vertex 0.00544739 -0.00955391 -0.0258117
      vertex 0.00905514 -0.0158815 -0.0248571
    endloop
  endfacet
  facet normal 0.156346 -0.110263 -0.981528
    outer loop
      vertex 0.0212059 -0.0148544 -0.0234294
      vertex 0.0152063 -0.0106525 -0.0248571
      vertex 0.0158701 -0.00971127 -0.0248571
    endloop
  endfacet
  facet normal -0.0894106 -0.0927567 -0.991666
    outer loop
      vertex -0.00774002 -0.00794792 -0.0258117
      vertex -0.0137024 -0.0124063 -0.0248571
      vertex -0.00824261 -0.00746346 -0.0258117
    endloop
  endfacet
  facet normal -0.0448525 -0.046531 -0.997909
    outer loop
      vertex -0.00774002 -0.00794792 -0.0258117
      vertex -0.00824261 -0.00746346 -0.0258117
      vertex -0.0025835 -0.00265217 -0.0262904
    endloop
  endfacet
  facet normal -0.0356202 -0.0544475 -0.997881
    outer loop
      vertex -0.00605869 -0.00920486 -0.0258117
      vertex -0.00664616 -0.00882053 -0.0258117
      vertex -0.00221825 -0.00294399 -0.0262904
    endloop
  endfacet
  facet normal 0.00601109 -0.195818 -0.980622
    outer loop
      vertex 0.00164509 -0.0252228 -0.0234294
      vertex 0 -0.0252733 -0.0234294
      vertex 0.0011797 -0.0180874 -0.0248571
    endloop
  endfacet
  facet normal 0.0485713 -0.318093 -0.946814
    outer loop
      vertex 0.0051012 -0.0389357 -0.0191817
      vertex 0.00420094 -0.0320673 -0.0215354
      vertex 0.0062809 -0.0317497 -0.0215354
    endloop
  endfacet
  facet normal 0.0866564 -0.309372 -0.946985
    outer loop
      vertex 0.0125771 -0.037324 -0.0191817
      vertex 0.0101223 -0.0380116 -0.0191817
      vertex 0.0103588 -0.0307407 -0.0215354
    endloop
  endfacet
  facet normal 0.0236361 -0.258453 -0.965735
    outer loop
      vertex 0.00420094 -0.0320673 -0.0215354
      vertex 0.00210476 -0.032259 -0.0215354
      vertex 0.00328445 -0.025074 -0.0234294
    endloop
  endfacet
  facet normal 0.0676866 -0.314367 -0.946885
    outer loop
      vertex 0.00762653 -0.0385494 -0.0191817
      vertex 0.0062809 -0.0317497 -0.0215354
      vertex 0.00833607 -0.0313072 -0.0215354
    endloop
  endfacet
  facet normal -0.0295975 -0.193502 -0.980653
    outer loop
      vertex -0.00328445 -0.025074 -0.0234294
      vertex -0.00352192 -0.0178022 -0.0248571
      vertex -0.00235558 -0.0179806 -0.0248571
    endloop
  endfacet
  facet normal -0.0526614 -0.188177 -0.980722
    outer loop
      vertex -0.00651836 -0.0244789 -0.0234294
      vertex -0.00809956 -0.0240364 -0.0234294
      vertex -0.00467396 -0.0175543 -0.0248571
    endloop
  endfacet
  facet normal -0.0291779 -0.320656 -0.946746
    outer loop
      vertex -0.00255489 -0.0391674 -0.0191817
      vertex -0.0051012 -0.0389357 -0.0191817
      vertex -0.00210476 -0.032259 -0.0215354
    endloop
  endfacet
  facet normal 0.00974 -0.321923 -0.946716
    outer loop
      vertex 0.00255489 -0.0391674 -0.0191817
      vertex 0 -0.0392447 -0.0191817
      vertex 0 -0.0323229 -0.0215354
    endloop
  endfacet
  facet normal -0.0774779 -0.103663 -0.99159
    outer loop
      vertex -0.0110483 -0.0146618 -0.0248571
      vertex -0.011981 -0.0139647 -0.0248571
      vertex -0.00720787 -0.00840092 -0.0258117
    endloop
  endfacet
  facet normal -0.0962417 -0.168658 -0.980965
    outer loop
      vertex -0.0126276 -0.0221472 -0.0234294
      vertex -0.0140448 -0.0213385 -0.0234294
      vertex -0.0100718 -0.0153017 -0.0248571
    endloop
  endfacet
  facet normal -0.165647 -0.194945 -0.966725
    outer loop
      vertex -0.021368 -0.0249052 -0.0215354
      vertex -0.0229483 -0.0235624 -0.0215354
      vertex -0.0167074 -0.0194731 -0.0234294
    endloop
  endfacet
  facet normal -0.125026 -0.147031 -0.981198
    outer loop
      vertex -0.011981 -0.0139647 -0.0248571
      vertex -0.0179424 -0.0184231 -0.0234294
      vertex -0.012867 -0.0132113 -0.0248571
    endloop
  endfacet
  facet normal -0.0501847 -0.120363 -0.991461
    outer loop
      vertex -0.00691891 -0.0168505 -0.0248571
      vertex -0.00800323 -0.0163984 -0.0248571
      vertex -0.00481415 -0.00986481 -0.0258117
    endloop
  endfacet
  facet normal -0.0749883 -0.179852 -0.980831
    outer loop
      vertex -0.00691891 -0.0168505 -0.0248571
      vertex -0.00964832 -0.0234985 -0.0234294
      vertex -0.00800323 -0.0163984 -0.0248571
    endloop
  endfacet
  facet normal -0.0428829 -0.123367 -0.991434
    outer loop
      vertex -0.00580788 -0.0172367 -0.0248571
      vertex -0.00691891 -0.0168505 -0.0248571
      vertex -0.00349426 -0.0103693 -0.0258117
    endloop
  endfacet
  facet normal -0.0640265 -0.18435 -0.980773
    outer loop
      vertex -0.00809956 -0.0240364 -0.0234294
      vertex -0.00964832 -0.0234985 -0.0234294
      vertex -0.00580788 -0.0172367 -0.0248571
    endloop
  endfacet
  facet normal -0.0866448 -0.309372 -0.946986
    outer loop
      vertex -0.0101223 -0.0380116 -0.0191817
      vertex -0.0103588 -0.0307407 -0.0215354
      vertex -0.00833607 -0.0313072 -0.0215354
    endloop
  endfacet
  facet normal -0.0698315 -0.249338 -0.965895
    outer loop
      vertex -0.00833607 -0.0313072 -0.0215354
      vertex -0.0103588 -0.0307407 -0.0215354
      vertex -0.00809956 -0.0240364 -0.0234294
    endloop
  endfacet
  facet normal 0.092949 -0.431469 -0.897327
    outer loop
      vertex 0.0102215 -0.0516663 -0.0131335
      vertex 0.00894165 -0.0451965 -0.016377
      vertex 0.0118675 -0.0445662 -0.016377
    endloop
  endfacet
  facet normal 0.0667873 -0.436574 -0.897186
    outer loop
      vertex 0.0102215 -0.0516663 -0.0131335
      vertex 0.00598049 -0.0456495 -0.016377
      vertex 0.00894165 -0.0451965 -0.016377
    endloop
  endfacet
  facet normal -0.0399399 -0.440077 -0.897071
    outer loop
      vertex -0.00349729 -0.0522995 -0.0132257
      vertex -0.00299549 -0.0459213 -0.016377
      vertex -0.00341194 -0.0522995 -0.0132295
    endloop
  endfacet
  facet normal -0.0400704 -0.440066 -0.897071
    outer loop
      vertex -0.00299549 -0.0459213 -0.016377
      vertex -0.00349729 -0.0522995 -0.0132257
      vertex -0.00598049 -0.0456495 -0.016377
    endloop
  endfacet
  facet normal -0.040099 -0.440075 -0.897065
    outer loop
      vertex -0.00555992 -0.0522995 -0.0131335
      vertex -0.00598049 -0.0456495 -0.016377
      vertex -0.00349729 -0.0522995 -0.0132257
    endloop
  endfacet
  facet normal -0.0400797 -0.440074 -0.897067
    outer loop
      vertex -0.00598049 -0.0456495 -0.016377
      vertex -0.00555992 -0.0522995 -0.0131335
      vertex -0.00683689 -0.0521832 -0.0131335
    endloop
  endfacet
  facet normal -0.0133963 -0.441767 -0.89703
    outer loop
      vertex -0.000133922 -0.0522995 -0.0132785
      vertex 0 -0.0460119 -0.016377
      vertex 0 -0.0522995 -0.0132805
    endloop
  endfacet
  facet normal -0.0133615 -0.441768 -0.89703
    outer loop
      vertex 0 -0.0460119 -0.016377
      vertex -0.000133922 -0.0522995 -0.0132785
      vertex -0.00299549 -0.0459213 -0.016377
    endloop
  endfacet
  facet normal -0.0115794 -0.382847 -0.923739
    outer loop
      vertex 0 -0.0460119 -0.016377
      vertex -0.00299549 -0.0459213 -0.016377
      vertex -0.00255489 -0.0391674 -0.0191817
    endloop
  endfacet
  facet normal 0.0751026 -0.179825 -0.980827
    outer loop
      vertex 0.00964832 -0.0234985 -0.0234294
      vertex 0.00800323 -0.0163984 -0.0248571
      vertex 0.0111599 -0.0228672 -0.0234294
    endloop
  endfacet
  facet normal 0.156368 -0.11024 -0.981527
    outer loop
      vertex 0.0212059 -0.0148544 -0.0234294
      vertex 0.0158701 -0.00971127 -0.0248571
      vertex 0.022131 -0.0135422 -0.0234294
    endloop
  endfacet
  facet normal 0.188257 -0.33015 -0.924965
    outer loop
      vertex 0.0229893 -0.0403204 -0.016377
      vertex 0.0196085 -0.0343904 -0.0191817
      vertex 0.0255699 -0.0388489 -0.016377
    endloop
  endfacet
  facet normal 0.306537 -0.216065 -0.927012
    outer loop
      vertex 0.0386066 -0.0270452 -0.016377
      vertex 0.0329285 -0.0230675 -0.0191817
      vertex 0.0343657 -0.0210285 -0.0191817
    endloop
  endfacet
  facet normal 0.190581 -0.254838 -0.948017
    outer loop
      vertex 0.0239239 -0.0317497 -0.0191817
      vertex 0.0197039 -0.0261497 -0.0215354
      vertex 0.021368 -0.0249052 -0.0215354
    endloop
  endfacet
  facet normal 0.174731 -0.266731 -0.947799
    outer loop
      vertex 0.0218086 -0.0331354 -0.0191817
      vertex 0.0179625 -0.0272913 -0.0215354
      vertex 0.0239239 -0.0317497 -0.0191817
    endloop
  endfacet
  facet normal 0.0749883 -0.179852 -0.980831
    outer loop
      vertex 0.00964832 -0.0234985 -0.0234294
      vertex 0.00691891 -0.0168505 -0.0248571
      vertex 0.00800323 -0.0163984 -0.0248571
    endloop
  endfacet
  facet normal 0.0994991 -0.23829 -0.966084
    outer loop
      vertex 0.0123405 -0.0300531 -0.0215354
      vertex 0.00964832 -0.0234985 -0.0234294
      vertex 0.0142727 -0.0292463 -0.0215354
    endloop
  endfacet
  facet normal 0.144413 -0.416239 -0.897714
    outer loop
      vertex 0.0168571 -0.0500231 -0.0131335
      vertex 0.0147457 -0.0437603 -0.016377
      vertex 0.0200815 -0.0489044 -0.0131335
    endloop
  endfacet
  facet normal 0.134269 -0.479404 -0.867262
    outer loop
      vertex 0.0139266 -0.0522995 -0.0123291
      vertex 0.013566 -0.0509453 -0.0131335
      vertex 0.0149704 -0.0522995 -0.0121675
    endloop
  endfacet
  facet normal 0.444704 -0.313474 -0.839031
    outer loop
      vertex 0.0513496 -0.0359718 -0.00798695
      vertex 0.0494843 -0.0346651 -0.0094638
      vertex 0.0513496 -0.0347215 -0.00845408
    endloop
  endfacet
  facet normal 0.416777 -0.255606 -0.872332
    outer loop
      vertex 0.0460587 -0.028183 -0.0131335
      vertex 0.0513496 -0.031122 -0.00974448
      vertex 0.0513496 -0.0314212 -0.00965681
    endloop
  endfacet
  facet normal 0.416773 -0.255612 -0.872332
    outer loop
      vertex 0.0513496 -0.031122 -0.00974448
      vertex 0.0460587 -0.028183 -0.0131335
      vertex 0.0478029 -0.0253391 -0.0131335
    endloop
  endfacet
  facet normal 0.424428 -0.341585 -0.838558
    outer loop
      vertex 0.0471287 -0.0375919 -0.0094638
      vertex 0.0513496 -0.0396606 -0.00648475
      vertex 0.0513496 -0.0409589 -0.00595589
    endloop
  endfacet
  facet normal 0.424424 -0.341593 -0.838557
    outer loop
      vertex 0.0513496 -0.0396606 -0.00648475
      vertex 0.0471287 -0.0375919 -0.0094638
      vertex 0.0494843 -0.0346651 -0.0094638
    endloop
  endfacet
  facet normal 0.320901 -0.293479 -0.900496
    outer loop
      vertex 0.0397654 -0.036005 -0.0131335
      vertex 0.0367689 -0.0293293 -0.016377
      vertex 0.0420322 -0.0335264 -0.0131335
    endloop
  endfacet
  facet normal 0.299235 -0.0901267 -0.949914
    outer loop
      vertex 0.039423 -0.00975895 -0.0191817
      vertex 0.0318823 -0.00998783 -0.0215354
      vertex 0.0324697 -0.00803757 -0.0215354
    endloop
  endfacet
  facet normal 0.456084 -0.17026 -0.873498
    outer loop
      vertex 0.0513496 -0.0192663 -0.0128236
      vertex 0.0507202 -0.0193624 -0.0131335
      vertex 0.0513496 -0.0176764 -0.0131335
    endloop
  endfacet
  facet normal 0.388285 -0.456711 -0.800406
    outer loop
      vertex 0.0504141 -0.0517635 -0.000904574
      vertex 0.0430508 -0.0501766 -0.00538207
      vertex 0.0462332 -0.047471 -0.00538207
    endloop
  endfacet
  facet normal 0.388252 -0.456776 -0.800385
    outer loop
      vertex 0.0448724 -0.0522995 -0.00328686
      vertex 0.0504141 -0.0517635 -0.000904574
      vertex 0.0497835 -0.0522995 -0.000904574
    endloop
  endfacet
  facet normal 0.38825 -0.456791 -0.800377
    outer loop
      vertex 0.0504141 -0.0517635 -0.000904574
      vertex 0.0448724 -0.0522995 -0.00328686
      vertex 0.0430508 -0.0501766 -0.00538207
    endloop
  endfacet
  facet normal 0.295705 -0.395559 -0.869535
    outer loop
      vertex 0.0359516 -0.0477123 -0.0094638
      vertex 0.0320635 -0.042552 -0.0131335
      vertex 0.0347719 -0.0405273 -0.0131335
    endloop
  endfacet
  facet normal 0.239995 -0.366413 -0.898968
    outer loop
      vertex 0.0292292 -0.0444098 -0.0131335
      vertex 0.0255699 -0.0388489 -0.016377
      vertex 0.0280495 -0.0372248 -0.016377
    endloop
  endfacet
  facet normal 0.456087 -0.170334 -0.873482
    outer loop
      vertex 0.0513496 -0.0196027 -0.012758
      vertex 0.0507202 -0.0193624 -0.0131335
      vertex 0.0513496 -0.0192663 -0.0128236
    endloop
  endfacet
  facet normal 0.444711 -0.19961 -0.873148
    outer loop
      vertex 0.0513496 -0.0222137 -0.0121611
      vertex 0.0507202 -0.0193624 -0.0131335
      vertex 0.0513496 -0.0196027 -0.012758
    endloop
  endfacet
  facet normal 0.444772 -0.199588 -0.873122
    outer loop
      vertex 0.0507202 -0.0193624 -0.0131335
      vertex 0.0513496 -0.0222137 -0.0121611
      vertex 0.0493593 -0.0223951 -0.0131335
    endloop
  endfacet
  facet normal 0.244804 -0.0567889 -0.967908
    outer loop
      vertex 0.0324697 -0.00803757 -0.0215354
      vertex 0.0253878 -0.00628471 -0.0234294
      vertex 0.0257473 -0.00473499 -0.0234294
    endloop
  endfacet
  facet normal 0.330416 -0.174603 -0.927545
    outer loop
      vertex 0.0418177 -0.0221663 -0.016377
      vertex 0.0356674 -0.0189056 -0.0191817
      vertex 0.036828 -0.0167093 -0.0191817
    endloop
  endfacet
  facet normal 0.340399 -0.152781 -0.927786
    outer loop
      vertex 0.0443697 -0.0169382 -0.016377
      vertex 0.036828 -0.0167093 -0.0191817
      vertex 0.0378437 -0.0144463 -0.0191817
    endloop
  endfacet
  facet normal 0.177989 -0.0663518 -0.981793
    outer loop
      vertex 0.0249281 -0.00780964 -0.0234294
      vertex 0.017477 -0.00667191 -0.0248571
      vertex 0.0178766 -0.00559998 -0.0248571
    endloop
  endfacet
  facet normal 0.245909 -0.197833 -0.948889
    outer loop
      vertex 0.0313616 -0.0250158 -0.0191817
      vertex 0.0258293 -0.0206032 -0.0215354
      vertex 0.0271206 -0.0189981 -0.0215354
    endloop
  endfacet
  facet normal 0.233415 -0.213384 -0.948675
    outer loop
      vertex 0.0313616 -0.0250158 -0.0191817
      vertex 0.024437 -0.0221262 -0.0215354
      vertex 0.0258293 -0.0206032 -0.0215354
    endloop
  endfacet
  facet normal 0.340392 -0.15287 -0.927774
    outer loop
      vertex 0.0431786 -0.0195904 -0.016377
      vertex 0.036828 -0.0167093 -0.0191817
      vertex 0.0443697 -0.0169382 -0.016377
    endloop
  endfacet
  facet normal 0.277461 -0.146714 -0.949468
    outer loop
      vertex 0.0356674 -0.0189056 -0.0191817
      vertex 0.029376 -0.0155716 -0.0215354
      vertex 0.0303326 -0.0137625 -0.0215354
    endloop
  endfacet
  facet normal 0.188339 -0.0184139 -0.981931
    outer loop
      vertex 0.0260048 -0.00316715 -0.0234294
      vertex 0.0187597 -0.00113773 -0.0248571
      vertex 0.0261593 -0.00158691 -0.0234294
    endloop
  endfacet
  facet normal 0.18908 -0.00624344 -0.981942
    outer loop
      vertex 0.0261593 -0.00158691 -0.0234294
      vertex 0.0187597 -0.00113773 -0.0248571
      vertex 0.0262117 0 -0.0234294
    endloop
  endfacet
  facet normal 0.186836 -0.0305491 -0.981916
    outer loop
      vertex 0.0260048 -0.00316715 -0.0234294
      vertex 0.0184641 -0.00339603 -0.0248571
      vertex 0.0186481 -0.0022707 -0.0248571
    endloop
  endfacet
  facet normal 0.124957 -0.0204314 -0.991952
    outer loop
      vertex 0.0184641 -0.00339603 -0.0248571
      vertex 0.0111074 -0.00204277 -0.0258117
      vertex 0.0186481 -0.0022707 -0.0248571
    endloop
  endfacet
  facet normal 0.126424 -0.00423397 -0.991967
    outer loop
      vertex 0.0187597 -0.00113773 -0.0248571
      vertex 0.0112848 -0.000683784 -0.0258117
      vertex 0.0113077 0 -0.0258117
    endloop
  endfacet
  facet normal 0.0631677 -0.00617896 -0.997984
    outer loop
      vertex 0.0112181 -0.00136566 -0.0258117
      vertex 0.00374413 -0.000455856 -0.0262904
      vertex 0.0112848 -0.000683784 -0.0258117
    endloop
  endfacet
  facet normal 0.18164 -0.0546789 -0.981844
    outer loop
      vertex 0.0253878 -0.00628471 -0.0234294
      vertex 0.0178766 -0.00559998 -0.0248571
      vertex 0.0182056 -0.00450706 -0.0248571
    endloop
  endfacet
  facet normal 0.121486 -0.0365709 -0.991919
    outer loop
      vertex 0.0178766 -0.00559998 -0.0248571
      vertex 0.010952 -0.0027113 -0.0258117
      vertex 0.0182056 -0.00450706 -0.0248571
    endloop
  endfacet
  facet normal 0.249769 -0.0245217 -0.967995
    outer loop
      vertex 0.0332584 -0.00405025 -0.0215354
      vertex 0.0260048 -0.00316715 -0.0234294
      vertex 0.0334568 -0.00202942 -0.0215354
    endloop
  endfacet
  facet normal 0.310258 -0.0304603 -0.950164
    outer loop
      vertex 0.0403814 -0.0049181 -0.0191817
      vertex 0.0332584 -0.00405025 -0.0215354
      vertex 0.0334568 -0.00202942 -0.0215354
    endloop
  endfacet
  facet normal -0.207338 -0.146173 -0.967287
    outer loop
      vertex -0.0212059 -0.0148544 -0.0234294
      vertex -0.0271206 -0.0189981 -0.0215354
      vertex -0.022131 -0.0135422 -0.0234294
    endloop
  endfacet
  facet normal -0.156368 -0.11024 -0.981527
    outer loop
      vertex -0.0212059 -0.0148544 -0.0234294
      vertex -0.022131 -0.0135422 -0.0234294
      vertex -0.0158701 -0.00971127 -0.0248571
    endloop
  endfacet
  facet normal -0.104595 -0.0737651 -0.991776
    outer loop
      vertex -0.0152063 -0.0106525 -0.0248571
      vertex -0.0158701 -0.00971127 -0.0248571
      vertex -0.00914764 -0.00640869 -0.0258117
    endloop
  endfacet
  facet normal -0.184602 -0.0428234 -0.98188
    outer loop
      vertex -0.0253878 -0.00628471 -0.0234294
      vertex -0.0257473 -0.00473499 -0.0234294
      vertex -0.0184641 -0.00339603 -0.0248571
    endloop
  endfacet
  facet normal -0.311522 -0.0101297 -0.950185
    outer loop
      vertex -0.0406218 -0.00246334 -0.0191817
      vertex -0.0407019 0 -0.0191817
      vertex -0.0334568 -0.00202942 -0.0215354
    endloop
  endfacet
  facet normal -0.168518 -0.0889999 -0.981672
    outer loop
      vertex -0.0164719 -0.00873089 -0.0248571
      vertex -0.0237169 -0.0107603 -0.0234294
      vertex -0.0170078 -0.00771618 -0.0248571
    endloop
  endfacet
  facet normal -0.223432 -0.118038 -0.967546
    outer loop
      vertex -0.0229692 -0.0121756 -0.0234294
      vertex -0.0303326 -0.0137625 -0.0215354
      vertex -0.0237169 -0.0107603 -0.0234294
    endloop
  endfacet
  facet normal -0.184554 -0.0429396 -0.981884
    outer loop
      vertex -0.0182056 -0.00450706 -0.0248571
      vertex -0.0253878 -0.00628471 -0.0234294
      vertex -0.0184641 -0.00339603 -0.0248571
    endloop
  endfacet
  facet normal -0.168511 -0.0890242 -0.981671
    outer loop
      vertex -0.0229692 -0.0121756 -0.0234294
      vertex -0.0237169 -0.0107603 -0.0234294
      vertex -0.0164719 -0.00873089 -0.0248571
    endloop
  endfacet
  facet normal -0.123433 -0.0287187 -0.991937
    outer loop
      vertex -0.0182056 -0.00450706 -0.0248571
      vertex -0.0184641 -0.00339603 -0.0248571
      vertex -0.010952 -0.0027113 -0.0258117
    endloop
  endfacet
  facet normal -0.177989 -0.0663518 -0.981793
    outer loop
      vertex -0.017477 -0.00667191 -0.0248571
      vertex -0.0249281 -0.00780964 -0.0234294
      vertex -0.0178766 -0.00559998 -0.0248571
    endloop
  endfacet
  facet normal -0.0582172 -0.0261503 -0.997961
    outer loop
      vertex -0.010231 -0.00464153 -0.0258117
      vertex -0.0105133 -0.00401306 -0.0258117
      vertex -0.00350857 -0.00133896 -0.0262904
    endloop
  endfacet
  facet normal -0.116063 -0.0521338 -0.991873
    outer loop
      vertex -0.010231 -0.00464153 -0.0258117
      vertex -0.017477 -0.00667191 -0.0248571
      vertex -0.0105133 -0.00401306 -0.0258117
    endloop
  endfacet
  facet normal -0.244804 -0.0567889 -0.967908
    outer loop
      vertex -0.0253878 -0.00628471 -0.0234294
      vertex -0.0324697 -0.00803757 -0.0215354
      vertex -0.0257473 -0.00473499 -0.0234294
    endloop
  endfacet
  facet normal -0.240884 -0.0725518 -0.967839
    outer loop
      vertex -0.0318823 -0.00998783 -0.0215354
      vertex -0.0324697 -0.00803757 -0.0215354
      vertex -0.0253878 -0.00628471 -0.0234294
    endloop
  endfacet
  facet normal -0.307814 -0.0506141 -0.950099
    outer loop
      vertex -0.0399809 -0.00735378 -0.0191817
      vertex -0.0403814 -0.0049181 -0.0191817
      vertex -0.0329294 -0.00605583 -0.0215354
    endloop
  endfacet
  facet normal -0.304119 -0.0705458 -0.950018
    outer loop
      vertex -0.0324697 -0.00803757 -0.0215354
      vertex -0.0399809 -0.00735378 -0.0191817
      vertex -0.0329294 -0.00605583 -0.0215354
    endloop
  endfacet
  facet normal -0.249755 -0.0244186 -0.968001
    outer loop
      vertex -0.0260048 -0.00316715 -0.0234294
      vertex -0.0334568 -0.00202942 -0.0215354
      vertex -0.0261593 -0.00158691 -0.0234294
    endloop
  endfacet
  facet normal -0.18908 -0.00624344 -0.981942
    outer loop
      vertex -0.0261593 -0.00158691 -0.0234294
      vertex -0.0262117 0 -0.0234294
      vertex -0.0187597 -0.00113773 -0.0248571
    endloop
  endfacet
  facet normal -0.250739 -0.00827943 -0.968019
    outer loop
      vertex -0.0261593 -0.00158691 -0.0234294
      vertex -0.0334568 -0.00202942 -0.0215354
      vertex -0.0262117 0 -0.0234294
    endloop
  endfacet
  facet normal 0.0893978 -0.0927738 -0.991666
    outer loop
      vertex 0.012867 -0.0132113 -0.0248571
      vertex 0.00774002 -0.00794792 -0.0258117
      vertex 0.0137024 -0.0124063 -0.0248571
    endloop
  endfacet
  facet normal -0.124957 -0.0204314 -0.991952
    outer loop
      vertex -0.0184641 -0.00339603 -0.0248571
      vertex -0.0186481 -0.0022707 -0.0248571
      vertex -0.0111074 -0.00204277 -0.0258117
    endloop
  endfacet
  facet normal -0.186836 -0.0305491 -0.981916
    outer loop
      vertex -0.0184641 -0.00339603 -0.0248571
      vertex -0.0260048 -0.00316715 -0.0234294
      vertex -0.0186481 -0.0022707 -0.0248571
    endloop
  endfacet
  facet normal -0.047532 -0.0435696 -0.997919
    outer loop
      vertex -0.0027504 -0.002491 -0.0262904
      vertex -0.00824261 -0.00746346 -0.0258117
      vertex -0.00290775 -0.00231934 -0.0262904
    endloop
  endfacet
  facet normal 0.0596931 -0.0222854 -0.997968
    outer loop
      vertex 0.0105133 -0.00401306 -0.0258117
      vertex 0.00350857 -0.00133896 -0.0262904
      vertex 0.00358868 -0.00112438 -0.0262904
    endloop
  endfacet
  facet normal -0.00607177 -0.0654829 -0.997835
    outer loop
      vertex -0.000236511 -0.00363159 -0.0262904
      vertex -0.00141716 -0.0108166 -0.0258117
      vertex -0.000473022 -0.00360966 -0.0262904
    endloop
  endfacet
  facet normal -0.0177785 -0.0631497 -0.997846
    outer loop
      vertex -0.000938416 -0.00352478 -0.0262904
      vertex -0.00349426 -0.0103693 -0.0258117
      vertex -0.00116539 -0.00346088 -0.0262904
    endloop
  endfacet
  facet normal -0.118911 -0.42468 -0.897501
    outer loop
      vertex -0.013566 -0.0509453 -0.0131335
      vertex -0.0147457 -0.0437603 -0.016377
      vertex -0.0118675 -0.0445662 -0.016377
    endloop
  endfacet
  facet normal -0.119002 -0.424687 -0.897485
    outer loop
      vertex -0.013566 -0.0509453 -0.0131335
      vertex -0.0168571 -0.0500231 -0.0131335
      vertex -0.0147457 -0.0437603 -0.016377
    endloop
  endfacet
  facet normal -0.16569 -0.194883 -0.96673
    outer loop
      vertex -0.0167074 -0.0194731 -0.0234294
      vertex -0.0229483 -0.0235624 -0.0215354
      vertex -0.0179424 -0.0184231 -0.0234294
    endloop
  endfacet
  facet normal -0.125017 -0.147044 -0.981198
    outer loop
      vertex -0.0167074 -0.0194731 -0.0234294
      vertex -0.0179424 -0.0184231 -0.0234294
      vertex -0.011981 -0.0139647 -0.0248571
    endloop
  endfacet
  facet normal -0.411917 -0.124062 -0.902736
    outer loop
      vertex -0.0462217 -0.0114422 -0.016377
      vertex -0.0513496 -0.0158019 -0.013438
      vertex -0.0513496 -0.0127123 -0.0138626
    endloop
  endfacet
  facet normal -0.41189 -0.124123 -0.90274
    outer loop
      vertex -0.0513496 -0.0158019 -0.013438
      vertex -0.0453854 -0.0142183 -0.016377
      vertex -0.0513496 -0.016087 -0.0133988
    endloop
  endfacet
  facet normal -0.4119 -0.124085 -0.902741
    outer loop
      vertex -0.0453854 -0.0142183 -0.016377
      vertex -0.0513496 -0.0158019 -0.013438
      vertex -0.0462217 -0.0114422 -0.016377
    endloop
  endfacet
  facet normal -0.424428 -0.341585 -0.838558
    outer loop
      vertex -0.0513496 -0.0396606 -0.00648475
      vertex -0.0471287 -0.0375919 -0.0094638
      vertex -0.0513496 -0.0409589 -0.00595589
    endloop
  endfacet
  facet normal -0.424424 -0.341593 -0.838557
    outer loop
      vertex -0.0471287 -0.0375919 -0.0094638
      vertex -0.0513496 -0.0396606 -0.00648475
      vertex -0.0494843 -0.0346651 -0.0094638
    endloop
  endfacet
  facet normal -0.424669 -0.34146 -0.838488
    outer loop
      vertex -0.0494843 -0.0346651 -0.0094638
      vertex -0.0513496 -0.0396606 -0.00648475
      vertex -0.0513496 -0.0359718 -0.00798695
    endloop
  endfacet
  facet normal 0.0134087 -0.441784 -0.897021
    outer loop
      vertex 0.00341194 -0.0522995 -0.0132295
      vertex 0.000133922 -0.0522995 -0.0132785
      vertex 0.00299549 -0.0459213 -0.016377
    endloop
  endfacet
  facet normal 0.0137432 -0.0642244 -0.997841
    outer loop
      vertex 0.00211811 -0.0107098 -0.0258117
      vertex 0.000706673 -0.00357437 -0.0262904
      vertex 0.000938416 -0.00352478 -0.0262904
    endloop
  endfacet
  facet normal 0.0322847 -0.0566307 -0.997873
    outer loop
      vertex 0.00544739 -0.00955391 -0.0258117
      vertex 0.0018177 -0.00318813 -0.0262904
      vertex 0.00202179 -0.00307178 -0.0262904
    endloop
  endfacet
  facet normal 0.070995 -0.10852 -0.991556
    outer loop
      vertex 0.0100718 -0.0153017 -0.0248571
      vertex 0.00605869 -0.00920486 -0.0258117
      vertex 0.00664616 -0.00882053 -0.0258117
    endloop
  endfacet
  facet normal -0.0354743 -0.054537 -0.997881
    outer loop
      vertex -0.00202179 -0.00307178 -0.0262904
      vertex -0.00605869 -0.00920486 -0.0258117
      vertex -0.00221825 -0.00294399 -0.0262904
    endloop
  endfacet
  facet normal 0.0419568 -0.0493448 -0.9979
    outer loop
      vertex 0.00720787 -0.00840092 -0.0258117
      vertex 0.00240517 -0.0028038 -0.0262904
      vertex 0.0025835 -0.00265217 -0.0262904
    endloop
  endfacet
  facet normal -0.0215675 -0.0618728 -0.997851
    outer loop
      vertex -0.00349426 -0.0103693 -0.0258117
      vertex -0.00416183 -0.0101366 -0.0258117
      vertex -0.00116539 -0.00346088 -0.0262904
    endloop
  endfacet
  facet normal 0.0626724 -0.0102462 -0.997982
    outer loop
      vertex 0.0111074 -0.00204277 -0.0258117
      vertex 0.00374413 -0.000455856 -0.0262904
      vertex 0.0112181 -0.00136566 -0.0258117
    endloop
  endfacet
  facet normal -0.0774511 -0.10368 -0.991591
    outer loop
      vertex -0.00664616 -0.00882053 -0.0258117
      vertex -0.0110483 -0.0146618 -0.0248571
      vertex -0.00720787 -0.00840092 -0.0258117
    endloop
  endfacet
  facet normal -0.0411482 -0.191224 -0.980684
    outer loop
      vertex -0.00352192 -0.0178022 -0.0248571
      vertex -0.00491142 -0.0248251 -0.0234294
      vertex -0.00467396 -0.0175543 -0.0248571
    endloop
  endfacet
  facet normal -0.0566321 -0.0296397 -0.997955
    outer loop
      vertex -0.00330734 -0.00175285 -0.0262904
      vertex -0.010231 -0.00464153 -0.0258117
      vertex -0.00341415 -0.00154877 -0.0262904
    endloop
  endfacet
  facet normal 0.0999525 -0.0803845 -0.99174
    outer loop
      vertex 0.0152063 -0.0106525 -0.0248571
      vertex 0.00871277 -0.00694942 -0.0258117
      vertex 0.00914764 -0.00640869 -0.0258117
    endloop
  endfacet
  facet normal 0.108845 -0.0668138 -0.991811
    outer loop
      vertex 0.0158701 -0.00971127 -0.0248571
      vertex 0.00954723 -0.00584126 -0.0258117
      vertex 0.0164719 -0.00873089 -0.0248571
    endloop
  endfacet
  facet normal 0.113713 -0.231422 -0.966185
    outer loop
      vertex 0.0142727 -0.0292463 -0.0215354
      vertex 0.0126276 -0.0221472 -0.0234294
      vertex 0.0161495 -0.0283241 -0.0215354
    endloop
  endfacet
  facet normal -0.0419568 -0.0493448 -0.9979
    outer loop
      vertex -0.00240517 -0.0028038 -0.0262904
      vertex -0.00720787 -0.00840092 -0.0258117
      vertex -0.0025835 -0.00265217 -0.0262904
    endloop
  endfacet
  facet normal -0.094934 -0.0866784 -0.991703
    outer loop
      vertex -0.0137024 -0.0124063 -0.0248571
      vertex -0.0144825 -0.0115519 -0.0248571
      vertex -0.00871277 -0.00694942 -0.0258117
    endloop
  endfacet
  facet normal -0.141887 -0.129548 -0.981369
    outer loop
      vertex -0.0137024 -0.0124063 -0.0248571
      vertex -0.020196 -0.0161095 -0.0234294
      vertex -0.0144825 -0.0115519 -0.0248571
    endloop
  endfacet
  facet normal -0.0388539 -0.0520117 -0.99789
    outer loop
      vertex -0.00664616 -0.00882053 -0.0258117
      vertex -0.00720787 -0.00840092 -0.0258117
      vertex -0.00221825 -0.00294399 -0.0262904
    endloop
  endfacet
  facet normal -0.0644292 -0.112836 -0.991522
    outer loop
      vertex -0.00544739 -0.00955391 -0.0258117
      vertex -0.0100718 -0.0153017 -0.0248571
      vertex -0.00605869 -0.00920486 -0.0258117
    endloop
  endfacet
  facet normal -0.0640715 -0.184322 -0.980775
    outer loop
      vertex -0.00580788 -0.0172367 -0.0248571
      vertex -0.00964832 -0.0234985 -0.0234294
      vertex -0.00691891 -0.0168505 -0.0248571
    endloop
  endfacet
  facet normal -0.00194627 -0.0657593 -0.997834
    outer loop
      vertex 0 -0.0109024 -0.0258117
      vertex -0.000709534 -0.0108814 -0.0258117
      vertex -0.000236511 -0.00363159 -0.0262904
    endloop
  endfacet
  facet normal 0.0411482 -0.191224 -0.980684
    outer loop
      vertex 0.00491142 -0.0248251 -0.0234294
      vertex 0.00352192 -0.0178022 -0.0248571
      vertex 0.00467396 -0.0175543 -0.0248571
    endloop
  endfacet
  facet normal 0.0866448 -0.309372 -0.946986
    outer loop
      vertex 0.0101223 -0.0380116 -0.0191817
      vertex 0.00833607 -0.0313072 -0.0215354
      vertex 0.0103588 -0.0307407 -0.0215354
    endloop
  endfacet
  facet normal 0.0698315 -0.249338 -0.965895
    outer loop
      vertex 0.00833607 -0.0313072 -0.0215354
      vertex 0.00809956 -0.0240364 -0.0234294
      vertex 0.0103588 -0.0307407 -0.0215354
    endloop
  endfacet
  facet normal 0.0545557 -0.253381 -0.965827
    outer loop
      vertex 0.0062809 -0.0317497 -0.0215354
      vertex 0.00491142 -0.0248251 -0.0234294
      vertex 0.00833607 -0.0313072 -0.0215354
    endloop
  endfacet
  facet normal -0.00787709 -0.259458 -0.965722
    outer loop
      vertex 0 -0.0323229 -0.0215354
      vertex -0.00210476 -0.032259 -0.0215354
      vertex 0 -0.0252733 -0.0234294
    endloop
  endfacet
  facet normal 0.0060088 -0.195817 -0.980622
    outer loop
      vertex 0.0011797 -0.0180874 -0.0248571
      vertex 0 -0.0252733 -0.0234294
      vertex 0 -0.0181236 -0.0248571
    endloop
  endfacet
  facet normal -0.0236361 -0.258453 -0.965735
    outer loop
      vertex -0.00210476 -0.032259 -0.0215354
      vertex -0.00420094 -0.0320673 -0.0215354
      vertex -0.00328445 -0.025074 -0.0234294
    endloop
  endfacet
  facet normal -0.0293194 -0.320598 -0.946761
    outer loop
      vertex -0.00210476 -0.032259 -0.0215354
      vertex -0.0051012 -0.0389357 -0.0191817
      vertex -0.00420094 -0.0320673 -0.0215354
    endloop
  endfacet
  facet normal -0.041197 -0.191222 -0.980682
    outer loop
      vertex -0.00491142 -0.0248251 -0.0234294
      vertex -0.00651836 -0.0244789 -0.0234294
      vertex -0.00467396 -0.0175543 -0.0248571
    endloop
  endfacet
  facet normal -0.0296027 -0.193502 -0.980653
    outer loop
      vertex -0.00328445 -0.025074 -0.0234294
      vertex -0.00491142 -0.0248251 -0.0234294
      vertex -0.00352192 -0.0178022 -0.0248571
    endloop
  endfacet
  facet normal -0.0710826 -0.108473 -0.991555
    outer loop
      vertex -0.0100718 -0.0153017 -0.0248571
      vertex -0.0110483 -0.0146618 -0.0248571
      vertex -0.00664616 -0.00882053 -0.0258117
    endloop
  endfacet
  facet normal -0.106227 -0.162104 -0.981039
    outer loop
      vertex -0.0100718 -0.0153017 -0.0248571
      vertex -0.0140448 -0.0213385 -0.0234294
      vertex -0.0110483 -0.0146618 -0.0248571
    endloop
  endfacet
  facet normal -0.113547 -0.231463 -0.966195
    outer loop
      vertex -0.0111599 -0.0228672 -0.0234294
      vertex -0.0142727 -0.0292463 -0.0215354
      vertex -0.0126276 -0.0221472 -0.0234294
    endloop
  endfacet
  facet normal -0.0751026 -0.179825 -0.980827
    outer loop
      vertex -0.00964832 -0.0234985 -0.0234294
      vertex -0.0111599 -0.0228672 -0.0234294
      vertex -0.00800323 -0.0163984 -0.0248571
    endloop
  endfacet
  facet normal -0.0930174 -0.431479 -0.897315
    outer loop
      vertex -0.0102215 -0.0516663 -0.0131335
      vertex -0.013566 -0.0509453 -0.0131335
      vertex -0.0118675 -0.0445662 -0.016377
    endloop
  endfacet
  facet normal -0.0667873 -0.436574 -0.897186
    outer loop
      vertex -0.00598049 -0.0456495 -0.016377
      vertex -0.0102215 -0.0516663 -0.0131335
      vertex -0.00894165 -0.0451965 -0.016377
    endloop
  endfacet
  facet normal 0.0115833 -0.382848 -0.923739
    outer loop
      vertex 0.00255489 -0.0391674 -0.0191817
      vertex 0 -0.0460119 -0.016377
      vertex 0 -0.0392447 -0.0191817
    endloop
  endfacet
  facet normal -0.0115833 -0.382848 -0.923739
    outer loop
      vertex 0 -0.0460119 -0.016377
      vertex -0.00255489 -0.0391674 -0.0191817
      vertex 0 -0.0392447 -0.0191817
    endloop
  endfacet
  facet normal 0.133656 -0.138657 -0.98128
    outer loop
      vertex 0.0179424 -0.0184231 -0.0234294
      vertex 0.0137024 -0.0124063 -0.0248571
      vertex 0.0191069 -0.0173006 -0.0234294
    endloop
  endfacet
  facet normal 0.220032 -0.228075 -0.948456
    outer loop
      vertex 0.0296707 -0.026865 -0.0191817
      vertex 0.0229483 -0.0235624 -0.0215354
      vertex 0.024437 -0.0221262 -0.0215354
    endloop
  endfacet
  facet normal 0.207879 -0.317332 -0.92525
    outer loop
      vertex 0.0280495 -0.0372248 -0.016377
      vertex 0.0218086 -0.0331354 -0.0191817
      vertex 0.0239239 -0.0317497 -0.0191817
    endloop
  endfacet
  facet normal 0.240149 -0.366376 -0.898942
    outer loop
      vertex 0.0292292 -0.0444098 -0.0131335
      vertex 0.0280495 -0.0372248 -0.016377
      vertex 0.0320635 -0.042552 -0.0131335
    endloop
  endfacet
  facet normal 0.158097 -0.277526 -0.94762
    outer loop
      vertex 0.0196085 -0.0343904 -0.0191817
      vertex 0.0161495 -0.0283241 -0.0215354
      vertex 0.0179625 -0.0272913 -0.0215354
    endloop
  endfacet
  facet normal 0.141117 -0.287137 -0.947438
    outer loop
      vertex 0.0173302 -0.0355101 -0.0191817
      vertex 0.0161495 -0.0283241 -0.0215354
      vertex 0.0196085 -0.0343904 -0.0191817
    endloop
  endfacet
  facet normal 0.0856884 -0.174673 -0.980891
    outer loop
      vertex 0.0111599 -0.0228672 -0.0234294
      vertex 0.00800323 -0.0163984 -0.0248571
      vertex 0.0126276 -0.0221472 -0.0234294
    endloop
  endfacet
  facet normal 0.125017 -0.147044 -0.981198
    outer loop
      vertex 0.0167074 -0.0194731 -0.0234294
      vertex 0.011981 -0.0139647 -0.0248571
      vertex 0.0179424 -0.0184231 -0.0234294
    endloop
  endfacet
  facet normal 0.163004 -0.469895 -0.867542
    outer loop
      vertex 0.0168571 -0.0500231 -0.0131335
      vertex 0.0195236 -0.0522995 -0.0113995
      vertex 0.0176241 -0.0522995 -0.0117564
    endloop
  endfacet
  facet normal 0.163023 -0.469877 -0.867548
    outer loop
      vertex 0.0195236 -0.0522995 -0.0113995
      vertex 0.0168571 -0.0500231 -0.0131335
      vertex 0.0200815 -0.0489044 -0.0131335
    endloop
  endfacet
  facet normal 0.134353 -0.479379 -0.867263
    outer loop
      vertex 0.0149704 -0.0522995 -0.0121675
      vertex 0.0168571 -0.0500231 -0.0131335
      vertex 0.0176241 -0.0522995 -0.0117564
    endloop
  endfacet
  facet normal 0.134322 -0.47936 -0.867278
    outer loop
      vertex 0.0168571 -0.0500231 -0.0131335
      vertex 0.0149704 -0.0522995 -0.0121675
      vertex 0.013566 -0.0509453 -0.0131335
    endloop
  endfacet
  facet normal 0.354156 -0.249627 -0.901254
    outer loop
      vertex 0.0441322 -0.0309162 -0.0131335
      vertex 0.0402918 -0.0246544 -0.016377
      vertex 0.0460587 -0.028183 -0.0131335
    endloop
  endfacet
  facet normal 0.431578 -0.228158 -0.872745
    outer loop
      vertex 0.0478029 -0.0253391 -0.0131335
      vertex 0.0513496 -0.0252195 -0.0114109
      vertex 0.0513496 -0.0272193 -0.0108881
    endloop
  endfacet
  facet normal 0.431578 -0.228162 -0.872744
    outer loop
      vertex 0.0513496 -0.0252195 -0.0114109
      vertex 0.0478029 -0.0253391 -0.0131335
      vertex 0.0493593 -0.0223951 -0.0131335
    endloop
  endfacet
  facet normal 0.338197 -0.272092 -0.900882
    outer loop
      vertex 0.0420322 -0.0335264 -0.0131335
      vertex 0.0386066 -0.0270452 -0.016377
      vertex 0.0441322 -0.0309162 -0.0131335
    endloop
  endfacet
  facet normal 0.292796 -0.235478 -0.926726
    outer loop
      vertex 0.0386066 -0.0270452 -0.016377
      vertex 0.0313616 -0.0250158 -0.0191817
      vertex 0.0329285 -0.0230675 -0.0191817
    endloop
  endfacet
  facet normal 0.341558 -0.354374 -0.870493
    outer loop
      vertex 0.0418701 -0.0429916 -0.0094638
      vertex 0.0373421 -0.0383415 -0.0131335
      vertex 0.0445881 -0.0403719 -0.0094638
    endloop
  endfacet
  facet normal 0.277828 -0.254117 -0.92641
    outer loop
      vertex 0.0347862 -0.031497 -0.016377
      vertex 0.0296707 -0.026865 -0.0191817
      vertex 0.0367689 -0.0293293 -0.016377
    endloop
  endfacet
  facet normal 0.319356 -0.375667 -0.869992
    outer loop
      vertex 0.0389881 -0.0454416 -0.0094638
      vertex 0.0347719 -0.0405273 -0.0131335
      vertex 0.0418701 -0.0429916 -0.0094638
    endloop
  endfacet
  facet normal 0.354596 -0.417121 -0.836823
    outer loop
      vertex 0.0430508 -0.0501766 -0.00538207
      vertex 0.0389881 -0.0454416 -0.0094638
      vertex 0.0418701 -0.0429916 -0.0094638
    endloop
  endfacet
  facet normal 0.393426 -0.176547 -0.902246
    outer loop
      vertex 0.0493593 -0.0223951 -0.0131335
      vertex 0.0443697 -0.0169382 -0.016377
      vertex 0.0507202 -0.0193624 -0.0131335
    endloop
  endfacet
  facet normal 0.403445 -0.15066 -0.902515
    outer loop
      vertex 0.0507202 -0.0193624 -0.0131335
      vertex 0.0443697 -0.0169382 -0.016377
      vertex 0.0453854 -0.0142183 -0.016377
    endloop
  endfacet
  facet normal 0.162766 -0.099832 -0.981601
    outer loop
      vertex 0.022131 -0.0135422 -0.0234294
      vertex 0.0164719 -0.00873089 -0.0248571
      vertex 0.0229692 -0.0121756 -0.0234294
    endloop
  endfacet
  facet normal 0.168511 -0.0890242 -0.981671
    outer loop
      vertex 0.0229692 -0.0121756 -0.0234294
      vertex 0.0164719 -0.00873089 -0.0248571
      vertex 0.0237169 -0.0107603 -0.0234294
    endloop
  endfacet
  facet normal 0.285906 -0.12824 -0.949638
    outer loop
      vertex 0.0378437 -0.0144463 -0.0191817
      vertex 0.0303326 -0.0137625 -0.0215354
      vertex 0.0311689 -0.011898 -0.0215354
    endloop
  endfacet
  facet normal 0.230143 -0.10332 -0.967657
    outer loop
      vertex 0.0303326 -0.0137625 -0.0215354
      vertex 0.0237169 -0.0107603 -0.0234294
      vertex 0.0243711 -0.00930309 -0.0234294
    endloop
  endfacet
  facet normal 0.304119 -0.0705458 -0.950018
    outer loop
      vertex 0.0399809 -0.00735378 -0.0191817
      vertex 0.0324697 -0.00803757 -0.0215354
      vertex 0.0329294 -0.00605583 -0.0215354
    endloop
  endfacet
  facet normal 0.285897 -0.128319 -0.94963
    outer loop
      vertex 0.036828 -0.0167093 -0.0191817
      vertex 0.0303326 -0.0137625 -0.0215354
      vertex 0.0378437 -0.0144463 -0.0191817
    endloop
  endfacet
  facet normal 0.362166 -0.0840074 -0.92832
    outer loop
      vertex 0.0462217 -0.0114422 -0.016377
      vertex 0.039423 -0.00975895 -0.0191817
      vertex 0.0399809 -0.00735378 -0.0191817
    endloop
  endfacet
  facet normal 0.356325 -0.107343 -0.928175
    outer loop
      vertex 0.0453854 -0.0142183 -0.016377
      vertex 0.0387096 -0.0121269 -0.0191817
      vertex 0.0462217 -0.0114422 -0.016377
    endloop
  endfacet
  facet normal 0.188014 -0.17188 -0.96701
    outer loop
      vertex 0.024437 -0.0221262 -0.0215354
      vertex 0.020196 -0.0161095 -0.0234294
      vertex 0.0258293 -0.0206032 -0.0215354
    endloop
  endfacet
  facet normal 0.261824 -0.271572 -0.926119
    outer loop
      vertex 0.0326672 -0.0335407 -0.016377
      vertex 0.0278625 -0.0286083 -0.0191817
      vertex 0.0296707 -0.026865 -0.0191817
    endloop
  endfacet
  facet normal 0.354152 -0.249631 -0.901255
    outer loop
      vertex 0.0441322 -0.0309162 -0.0131335
      vertex 0.0386066 -0.0270452 -0.016377
      vertex 0.0402918 -0.0246544 -0.016377
    endloop
  endfacet
  facet normal 0.319126 -0.195679 -0.927291
    outer loop
      vertex 0.0418177 -0.0221663 -0.016377
      vertex 0.0343657 -0.0210285 -0.0191817
      vertex 0.0356674 -0.0189056 -0.0191817
    endloop
  endfacet
  facet normal 0.125933 -0.0123185 -0.991962
    outer loop
      vertex 0.0187597 -0.00113773 -0.0248571
      vertex 0.0112181 -0.00136566 -0.0258117
      vertex 0.0112848 -0.000683784 -0.0258117
    endloop
  endfacet
  facet normal 0.125935 -0.0124049 -0.991961
    outer loop
      vertex 0.0186481 -0.0022707 -0.0248571
      vertex 0.0112181 -0.00136566 -0.0258117
      vertex 0.0187597 -0.00113773 -0.0248571
    endloop
  endfacet
  facet normal 0.310286 -0.030387 -0.950157
    outer loop
      vertex 0.0403814 -0.0049181 -0.0191817
      vertex 0.0334568 -0.00202942 -0.0215354
      vertex 0.0406218 -0.00246334 -0.0191817
    endloop
  endfacet
  facet normal 0.371033 -0.0120648 -0.928541
    outer loop
      vertex 0.0477209 0 -0.016377
      vertex 0.0406218 -0.00246334 -0.0191817
      vertex 0.0407019 0 -0.0191817
    endloop
  endfacet
  facet normal -0.108866 -0.0667643 -0.991812
    outer loop
      vertex -0.00954723 -0.00584126 -0.0258117
      vertex -0.0164719 -0.00873089 -0.0248571
      vertex -0.00990868 -0.00525188 -0.0258117
    endloop
  endfacet
  facet normal -0.244805 -0.0567868 -0.967908
    outer loop
      vertex -0.0324697 -0.00803757 -0.0215354
      vertex -0.0329294 -0.00605583 -0.0215354
      vertex -0.0257473 -0.00473499 -0.0234294
    endloop
  endfacet
  facet normal -0.247778 -0.0406948 -0.967962
    outer loop
      vertex -0.0257473 -0.00473499 -0.0234294
      vertex -0.0329294 -0.00605583 -0.0215354
      vertex -0.0260048 -0.00316715 -0.0234294
    endloop
  endfacet
  facet normal -0.230143 -0.10332 -0.967657
    outer loop
      vertex -0.0237169 -0.0107603 -0.0234294
      vertex -0.0303326 -0.0137625 -0.0215354
      vertex -0.0243711 -0.00930309 -0.0234294
    endloop
  endfacet
  facet normal -0.173536 -0.0779713 -0.981736
    outer loop
      vertex -0.0170078 -0.00771618 -0.0248571
      vertex -0.0237169 -0.0107603 -0.0234294
      vertex -0.017477 -0.00667191 -0.0248571
    endloop
  endfacet
  facet normal -0.121486 -0.0365709 -0.991919
    outer loop
      vertex -0.0178766 -0.00559998 -0.0248571
      vertex -0.0182056 -0.00450706 -0.0248571
      vertex -0.010952 -0.0027113 -0.0258117
    endloop
  endfacet
  facet normal -0.0608972 -0.0184519 -0.997973
    outer loop
      vertex -0.00358868 -0.00112438 -0.0262904
      vertex -0.0107536 -0.00336838 -0.0258117
      vertex -0.00365543 -0.000904083 -0.0262904
    endloop
  endfacet
  facet normal -0.112709 -0.0595207 -0.991844
    outer loop
      vertex -0.00990868 -0.00525188 -0.0258117
      vertex -0.0170078 -0.00771618 -0.0248571
      vertex -0.010231 -0.00464153 -0.0258117
    endloop
  endfacet
  facet normal -0.119031 -0.0443681 -0.991899
    outer loop
      vertex -0.0105133 -0.00401306 -0.0258117
      vertex -0.017477 -0.00667191 -0.0248571
      vertex -0.0107536 -0.00336838 -0.0258117
    endloop
  endfacet
  facet normal -0.119029 -0.0443724 -0.991899
    outer loop
      vertex -0.017477 -0.00667191 -0.0248571
      vertex -0.0178766 -0.00559998 -0.0248571
      vertex -0.0107536 -0.00336838 -0.0258117
    endloop
  endfacet
  facet normal -0.369588 -0.0362501 -0.928489
    outer loop
      vertex -0.0473442 -0.00576687 -0.016377
      vertex -0.0476265 -0.00288868 -0.016377
      vertex -0.0403814 -0.0049181 -0.0191817
    endloop
  endfacet
  facet normal -0.310286 -0.030387 -0.950157
    outer loop
      vertex -0.0403814 -0.0049181 -0.0191817
      vertex -0.0406218 -0.00246334 -0.0191817
      vertex -0.0334568 -0.00202942 -0.0215354
    endloop
  endfacet
  facet normal -0.369574 -0.0361932 -0.928496
    outer loop
      vertex -0.0403814 -0.0049181 -0.0191817
      vertex -0.0476265 -0.00288868 -0.016377
      vertex -0.0406218 -0.00246334 -0.0191817
    endloop
  endfacet
  facet normal -0.310258 -0.0304603 -0.950164
    outer loop
      vertex -0.0332584 -0.00405025 -0.0215354
      vertex -0.0403814 -0.0049181 -0.0191817
      vertex -0.0334568 -0.00202942 -0.0215354
    endloop
  endfacet
  facet normal -0.249769 -0.0245217 -0.967995
    outer loop
      vertex -0.0332584 -0.00405025 -0.0215354
      vertex -0.0334568 -0.00202942 -0.0215354
      vertex -0.0260048 -0.00316715 -0.0234294
    endloop
  endfacet
  facet normal -0.250778 -0.00813099 -0.968011
    outer loop
      vertex -0.0334568 -0.00202942 -0.0215354
      vertex -0.0335226 0 -0.0215354
      vertex -0.0262117 0 -0.0234294
    endloop
  endfacet
  facet normal -0.126439 -0.00413415 -0.991966
    outer loop
      vertex -0.0187597 -0.00113773 -0.0248571
      vertex -0.0187969 0 -0.0248571
      vertex -0.0113077 0 -0.0258117
    endloop
  endfacet
  facet normal -0.189071 -0.00618199 -0.981944
    outer loop
      vertex -0.0187597 -0.00113773 -0.0248571
      vertex -0.0262117 0 -0.0234294
      vertex -0.0187969 0 -0.0248571
    endloop
  endfacet
  facet normal -0.0634106 -0.0021227 -0.997985
    outer loop
      vertex -0.0112848 -0.000683784 -0.0258117
      vertex -0.00377369 0 -0.0262904
      vertex -0.00376606 -0.000227928 -0.0262904
    endloop
  endfacet
  facet normal -0.0634105 -0.00212363 -0.997985
    outer loop
      vertex -0.00377369 0 -0.0262904
      vertex -0.0112848 -0.000683784 -0.0258117
      vertex -0.0113077 0 -0.0258117
    endloop
  endfacet
  facet normal -0.0631677 -0.00617896 -0.997984
    outer loop
      vertex -0.0112181 -0.00136566 -0.0258117
      vertex -0.0112848 -0.000683784 -0.0258117
      vertex -0.00374413 -0.000455856 -0.0262904
    endloop
  endfacet
  facet normal -0.0626724 -0.0102462 -0.997982
    outer loop
      vertex -0.0111074 -0.00204277 -0.0258117
      vertex -0.0112181 -0.00136566 -0.0258117
      vertex -0.00374413 -0.000455856 -0.0262904
    endloop
  endfacet
  facet normal -0.0137432 -0.0642244 -0.997841
    outer loop
      vertex -0.000706673 -0.00357437 -0.0262904
      vertex -0.00211811 -0.0107098 -0.0258117
      vertex -0.000938416 -0.00352478 -0.0262904
    endloop
  endfacet
  facet normal -0.0546137 -0.033493 -0.997946
    outer loop
      vertex -0.00954723 -0.00584126 -0.0258117
      vertex -0.00990868 -0.00525188 -0.0258117
      vertex -0.00330734 -0.00175285 -0.0262904
    endloop
  endfacet
  facet normal -0.0581975 -0.0261904 -0.997961
    outer loop
      vertex -0.00341415 -0.00154877 -0.0262904
      vertex -0.010231 -0.00464153 -0.0258117
      vertex -0.00350857 -0.00133896 -0.0262904
    endloop
  endfacet
  facet normal 0.0752361 -0.49287 -0.866844
    outer loop
      vertex 0.0103468 -0.0522995 -0.0127626
      vertex 0.00998502 -0.0522995 -0.012794
      vertex 0.0102215 -0.0516663 -0.0131335
    endloop
  endfacet
  facet normal 0.104914 -0.487101 -0.867021
    outer loop
      vertex 0.0103468 -0.0522995 -0.0127626
      vertex 0.0102215 -0.0516663 -0.0131335
      vertex 0.0108005 -0.0522995 -0.0127077
    endloop
  endfacet
  facet normal 0.0400797 -0.440074 -0.897067
    outer loop
      vertex 0.00555992 -0.0522995 -0.0131335
      vertex 0.00598049 -0.0456495 -0.016377
      vertex 0.00683689 -0.0521832 -0.0131335
    endloop
  endfacet
  facet normal 0.040099 -0.440075 -0.897065
    outer loop
      vertex 0.00598049 -0.0456495 -0.016377
      vertex 0.00555992 -0.0522995 -0.0131335
      vertex 0.00349729 -0.0522995 -0.0132257
    endloop
  endfacet
  facet normal 0.0524858 -0.036961 -0.997937
    outer loop
      vertex 0.00914764 -0.00640869 -0.0258117
      vertex 0.00318623 -0.00194931 -0.0262904
      vertex 0.00954723 -0.00584126 -0.0258117
    endloop
  endfacet
  facet normal -0.0287853 -0.0586297 -0.997865
    outer loop
      vertex -0.00481415 -0.00986481 -0.0258117
      vertex -0.00544739 -0.00955391 -0.0258117
      vertex -0.00160694 -0.00329208 -0.0262904
    endloop
  endfacet
  facet normal 0.0631707 -0.00607795 -0.997984
    outer loop
      vertex 0.0112848 -0.000683784 -0.0258117
      vertex 0.00374413 -0.000455856 -0.0262904
      vertex 0.00376606 -0.000227928 -0.0262904
    endloop
  endfacet
  facet normal 0.119031 -0.0443681 -0.991899
    outer loop
      vertex 0.017477 -0.00667191 -0.0248571
      vertex 0.0105133 -0.00401306 -0.0258117
      vertex 0.0107536 -0.00336838 -0.0258117
    endloop
  endfacet
  facet normal 0.0626581 -0.0103127 -0.997982
    outer loop
      vertex 0.0111074 -0.00204277 -0.0258117
      vertex 0.00370693 -0.000681877 -0.0262904
      vertex 0.00374413 -0.000455856 -0.0262904
    endloop
  endfacet
  facet normal 0.0619154 -0.01435 -0.997978
    outer loop
      vertex 0.0111074 -0.00204277 -0.0258117
      vertex 0.00365543 -0.000904083 -0.0262904
      vertex 0.00370693 -0.000681877 -0.0262904
    endloop
  endfacet
  facet normal 0.0566321 -0.0296397 -0.997955
    outer loop
      vertex 0.010231 -0.00464153 -0.0258117
      vertex 0.00330734 -0.00175285 -0.0262904
      vertex 0.00341415 -0.00154877 -0.0262904
    endloop
  endfacet
  facet normal 0.0608972 -0.0184519 -0.997973
    outer loop
      vertex 0.0107536 -0.00336838 -0.0258117
      vertex 0.00358868 -0.00112438 -0.0262904
      vertex 0.00365543 -0.000904083 -0.0262904
    endloop
  endfacet
  facet normal 0.0573738 -0.116859 -0.99149
    outer loop
      vertex 0.00800323 -0.0163984 -0.0248571
      vertex 0.00481415 -0.00986481 -0.0258117
      vertex 0.00544739 -0.00955391 -0.0258117
    endloop
  endfacet
  facet normal -0.0060088 -0.195817 -0.980622
    outer loop
      vertex 0 -0.0252733 -0.0234294
      vertex -0.0011797 -0.0180874 -0.0248571
      vertex 0 -0.0181236 -0.0248571
    endloop
  endfacet
  facet normal -0.00796395 -0.259434 -0.965728
    outer loop
      vertex 0 -0.0252733 -0.0234294
      vertex -0.00210476 -0.032259 -0.0215354
      vertex -0.00164509 -0.0252228 -0.0234294
    endloop
  endfacet
  facet normal -0.0351736 -0.125944 -0.991414
    outer loop
      vertex -0.00281143 -0.01056 -0.0258117
      vertex -0.00467396 -0.0175543 -0.0248571
      vertex -0.00349426 -0.0103693 -0.0258117
    endloop
  endfacet
  facet normal 0.0389458 -0.0519277 -0.997891
    outer loop
      vertex 0.00720787 -0.00840092 -0.0258117
      vertex 0.00221825 -0.00294399 -0.0262904
      vertex 0.00240517 -0.0028038 -0.0262904
    endloop
  endfacet
  facet normal 0.0545324 -0.0336171 -0.997946
    outer loop
      vertex 0.00954723 -0.00584126 -0.0258117
      vertex 0.00318623 -0.00194931 -0.0262904
      vertex 0.00330734 -0.00175285 -0.0262904
    endloop
  endfacet
  facet normal 0.0546137 -0.033493 -0.997946
    outer loop
      vertex 0.00954723 -0.00584126 -0.0258117
      vertex 0.00330734 -0.00175285 -0.0262904
      vertex 0.00990868 -0.00525188 -0.0258117
    endloop
  endfacet
  facet normal 0.0475807 -0.0435191 -0.997919
    outer loop
      vertex 0.00824261 -0.00746346 -0.0258117
      vertex 0.00290775 -0.00231934 -0.0262904
      vertex 0.00871277 -0.00694942 -0.0258117
    endloop
  endfacet
  facet normal 0.141887 -0.129548 -0.981369
    outer loop
      vertex 0.020196 -0.0161095 -0.0234294
      vertex 0.0137024 -0.0124063 -0.0248571
      vertex 0.0144825 -0.0115519 -0.0248571
    endloop
  endfacet
  facet normal 0.0836511 -0.0983738 -0.991627
    outer loop
      vertex 0.011981 -0.0139647 -0.0248571
      vertex 0.00720787 -0.00840092 -0.0258117
      vertex 0.012867 -0.0132113 -0.0248571
    endloop
  endfacet
  facet normal 0.177239 -0.183718 -0.966868
    outer loop
      vertex 0.0229483 -0.0235624 -0.0215354
      vertex 0.0191069 -0.0173006 -0.0234294
      vertex 0.024437 -0.0221262 -0.0215354
    endloop
  endfacet
  facet normal 0.0276444 -0.127947 -0.991396
    outer loop
      vertex 0.00467396 -0.0175543 -0.0248571
      vertex 0.00211811 -0.0107098 -0.0258117
      vertex 0.00281143 -0.01056 -0.0258117
    endloop
  endfacet
  facet normal 0.0948512 -0.0867544 -0.991704
    outer loop
      vertex 0.0137024 -0.0124063 -0.0248571
      vertex 0.00824261 -0.00746346 -0.0258117
      vertex 0.00871277 -0.00694942 -0.0258117
    endloop
  endfacet
  facet normal 0.0388539 -0.0520117 -0.99789
    outer loop
      vertex 0.00664616 -0.00882053 -0.0258117
      vertex 0.00221825 -0.00294399 -0.0262904
      vertex 0.00720787 -0.00840092 -0.0258117
    endloop
  endfacet
  facet normal 0.0643752 -0.11288 -0.991521
    outer loop
      vertex 0.00905514 -0.0158815 -0.0248571
      vertex 0.00544739 -0.00955391 -0.0258117
      vertex 0.0100718 -0.0153017 -0.0248571
    endloop
  endfacet
  facet normal 0.0644292 -0.112836 -0.991522
    outer loop
      vertex 0.0100718 -0.0153017 -0.0248571
      vertex 0.00544739 -0.00955391 -0.0258117
      vertex 0.00605869 -0.00920486 -0.0258117
    endloop
  endfacet
  facet normal -0.149363 -0.120201 -0.981449
    outer loop
      vertex -0.0144825 -0.0115519 -0.0248571
      vertex -0.020196 -0.0161095 -0.0234294
      vertex -0.0152063 -0.0106525 -0.0248571
    endloop
  endfacet
  facet normal -0.0999316 -0.0804209 -0.991739
    outer loop
      vertex -0.0144825 -0.0115519 -0.0248571
      vertex -0.0152063 -0.0106525 -0.0248571
      vertex -0.00871277 -0.00694942 -0.0258117
    endloop
  endfacet
  facet normal -0.0573738 -0.116859 -0.99149
    outer loop
      vertex -0.00481415 -0.00986481 -0.0258117
      vertex -0.00800323 -0.0163984 -0.0248571
      vertex -0.00544739 -0.00955391 -0.0258117
    endloop
  endfacet
  facet normal -0.0138719 -0.0642033 -0.99784
    outer loop
      vertex -0.00211811 -0.0107098 -0.0258117
      vertex -0.00281143 -0.01056 -0.0258117
      vertex -0.000938416 -0.00352478 -0.0262904
    endloop
  endfacet
  facet normal -0.0352712 -0.125928 -0.991412
    outer loop
      vertex -0.00467396 -0.0175543 -0.0248571
      vertex -0.00580788 -0.0172367 -0.0248571
      vertex -0.00349426 -0.0103693 -0.0258117
    endloop
  endfacet
  facet normal -0.0527008 -0.188156 -0.980724
    outer loop
      vertex -0.00467396 -0.0175543 -0.0248571
      vertex -0.00809956 -0.0240364 -0.0234294
      vertex -0.00580788 -0.0172367 -0.0248571
    endloop
  endfacet
  facet normal 0.0296027 -0.193502 -0.980653
    outer loop
      vertex 0.00491142 -0.0248251 -0.0234294
      vertex 0.00328445 -0.025074 -0.0234294
      vertex 0.00352192 -0.0178022 -0.0248571
    endloop
  endfacet
  facet normal 0.0392249 -0.256399 -0.965775
    outer loop
      vertex 0.0062809 -0.0317497 -0.0215354
      vertex 0.00328445 -0.025074 -0.0234294
      vertex 0.00491142 -0.0248251 -0.0234294
    endloop
  endfacet
  facet normal 0.0640265 -0.18435 -0.980773
    outer loop
      vertex 0.00809956 -0.0240364 -0.0234294
      vertex 0.00580788 -0.0172367 -0.0248571
      vertex 0.00964832 -0.0234985 -0.0234294
    endloop
  endfacet
  facet normal 0.0848415 -0.244282 -0.965986
    outer loop
      vertex 0.0123405 -0.0300531 -0.0215354
      vertex 0.00809956 -0.0240364 -0.0234294
      vertex 0.00964832 -0.0234985 -0.0234294
    endloop
  endfacet
  facet normal -0.0234566 -0.258427 -0.965746
    outer loop
      vertex -0.00210476 -0.032259 -0.0215354
      vertex -0.00328445 -0.025074 -0.0234294
      vertex -0.00164509 -0.0252228 -0.0234294
    endloop
  endfacet
  facet normal -0.00601109 -0.195818 -0.980622
    outer loop
      vertex 0 -0.0252733 -0.0234294
      vertex -0.00164509 -0.0252228 -0.0234294
      vertex -0.0011797 -0.0180874 -0.0248571
    endloop
  endfacet
  facet normal -0.0485713 -0.318093 -0.946814
    outer loop
      vertex -0.0051012 -0.0389357 -0.0191817
      vertex -0.0062809 -0.0317497 -0.0215354
      vertex -0.00420094 -0.0320673 -0.0215354
    endloop
  endfacet
  facet normal -0.0391554 -0.256429 -0.96577
    outer loop
      vertex -0.00420094 -0.0320673 -0.0215354
      vertex -0.0062809 -0.0317497 -0.0215354
      vertex -0.00328445 -0.025074 -0.0234294
    endloop
  endfacet
  facet normal -0.01981 -0.129514 -0.99138
    outer loop
      vertex -0.00235558 -0.0179806 -0.0248571
      vertex -0.00352192 -0.0178022 -0.0248571
      vertex -0.00211811 -0.0107098 -0.0258117
    endloop
  endfacet
  facet normal -0.0389458 -0.0519277 -0.997891
    outer loop
      vertex -0.00221825 -0.00294399 -0.0262904
      vertex -0.00720787 -0.00840092 -0.0258117
      vertex -0.00240517 -0.0028038 -0.0262904
    endloop
  endfacet
  facet normal -0.0805516 -0.37392 -0.923956
    outer loop
      vertex -0.00894165 -0.0451965 -0.016377
      vertex -0.0118675 -0.0445662 -0.016377
      vertex -0.00762653 -0.0385494 -0.0191817
    endloop
  endfacet
  facet normal -0.0578817 -0.378359 -0.923847
    outer loop
      vertex -0.00598049 -0.0456495 -0.016377
      vertex -0.00894165 -0.0451965 -0.016377
      vertex -0.00762653 -0.0385494 -0.0191817
    endloop
  endfacet
  facet normal 0.226804 -0.303225 -0.925535
    outer loop
      vertex 0.0304184 -0.0354528 -0.016377
      vertex 0.0239239 -0.0317497 -0.0191817
      vertex 0.0259447 -0.0302382 -0.0191817
    endloop
  endfacet
  facet normal 0.219981 -0.22817 -0.948444
    outer loop
      vertex 0.0278625 -0.0286083 -0.0191817
      vertex 0.0229483 -0.0235624 -0.0215354
      vertex 0.0296707 -0.026865 -0.0191817
    endloop
  endfacet
  facet normal 0.226811 -0.303213 -0.925537
    outer loop
      vertex 0.0280495 -0.0372248 -0.016377
      vertex 0.0239239 -0.0317497 -0.0191817
      vertex 0.0304184 -0.0354528 -0.016377
    endloop
  endfacet
  facet normal 0.261911 -0.350137 -0.899337
    outer loop
      vertex 0.0347719 -0.0405273 -0.0131335
      vertex 0.0280495 -0.0372248 -0.016377
      vertex 0.0304184 -0.0354528 -0.016377
    endloop
  endfacet
  facet normal 0.167856 -0.341684 -0.924703
    outer loop
      vertex 0.020318 -0.0416327 -0.016377
      vertex 0.0173302 -0.0355101 -0.0191817
      vertex 0.0229893 -0.0403204 -0.016377
    endloop
  endfacet
  facet normal 0.167901 -0.341636 -0.924713
    outer loop
      vertex 0.0229893 -0.0403204 -0.016377
      vertex 0.0173302 -0.0355101 -0.0191817
      vertex 0.0196085 -0.0343904 -0.0191817
    endloop
  endfacet
  facet normal 0.207862 -0.317354 -0.925246
    outer loop
      vertex 0.0255699 -0.0388489 -0.016377
      vertex 0.0218086 -0.0331354 -0.0191817
      vertex 0.0280495 -0.0372248 -0.016377
    endloop
  endfacet
  facet normal 0.188299 -0.3301 -0.924974
    outer loop
      vertex 0.0255699 -0.0388489 -0.016377
      vertex 0.0196085 -0.0343904 -0.0191817
      vertex 0.0218086 -0.0331354 -0.0191817
    endloop
  endfacet
  facet normal 0.113547 -0.231463 -0.966195
    outer loop
      vertex 0.0142727 -0.0292463 -0.0215354
      vertex 0.0111599 -0.0228672 -0.0234294
      vertex 0.0126276 -0.0221472 -0.0234294
    endloop
  endfacet
  facet normal 0.174802 -0.266643 -0.947811
    outer loop
      vertex 0.0239239 -0.0317497 -0.0191817
      vertex 0.0179625 -0.0272913 -0.0215354
      vertex 0.0197039 -0.0261497 -0.0215354
    endloop
  endfacet
  facet normal 0.338191 -0.272096 -0.900883
    outer loop
      vertex 0.0420322 -0.0335264 -0.0131335
      vertex 0.0367689 -0.0293293 -0.016377
      vertex 0.0386066 -0.0270452 -0.016377
    endloop
  endfacet
  facet normal 0.362538 -0.331559 -0.870997
    outer loop
      vertex 0.0445881 -0.0403719 -0.0094638
      vertex 0.0397654 -0.036005 -0.0131335
      vertex 0.0420322 -0.0335264 -0.0131335
    endloop
  endfacet
  facet normal 0.400232 -0.282104 -0.871913
    outer loop
      vertex 0.0494843 -0.0346651 -0.0094638
      vertex 0.0441322 -0.0309162 -0.0131335
      vertex 0.0460587 -0.028183 -0.0131335
    endloop
  endfacet
  facet normal 0.382156 -0.307458 -0.871451
    outer loop
      vertex 0.0494843 -0.0346651 -0.0094638
      vertex 0.0420322 -0.0335264 -0.0131335
      vertex 0.0441322 -0.0309162 -0.0131335
    endloop
  endfacet
  facet normal 0.402793 -0.368147 -0.837989
    outer loop
      vertex 0.0445881 -0.0403719 -0.0094638
      vertex 0.0513496 -0.0409589 -0.00595589
      vertex 0.0513496 -0.0414042 -0.00576026
    endloop
  endfacet
  facet normal 0.402802 -0.368114 -0.837999
    outer loop
      vertex 0.0513496 -0.0409589 -0.00595589
      vertex 0.0445881 -0.0403719 -0.0094638
      vertex 0.0471287 -0.0375919 -0.0094638
    endloop
  endfacet
  facet normal 0.362709 -0.331474 -0.870958
    outer loop
      vertex 0.0445881 -0.0403719 -0.0094638
      vertex 0.0420322 -0.0335264 -0.0131335
      vertex 0.0471287 -0.0375919 -0.0094638
    endloop
  endfacet
  facet normal 0.341594 -0.354284 -0.870515
    outer loop
      vertex 0.0445881 -0.0403719 -0.0094638
      vertex 0.0373421 -0.0383415 -0.0131335
      vertex 0.0397654 -0.036005 -0.0131335
    endloop
  endfacet
  facet normal 0.302409 -0.313643 -0.900098
    outer loop
      vertex 0.0373421 -0.0383415 -0.0131335
      vertex 0.0326672 -0.0335407 -0.016377
      vertex 0.0397654 -0.036005 -0.0131335
    endloop
  endfacet
  facet normal 0.268043 -0.164356 -0.949284
    outer loop
      vertex 0.0343657 -0.0210285 -0.0191817
      vertex 0.029376 -0.0155716 -0.0215354
      vertex 0.0356674 -0.0189056 -0.0191817
    endloop
  endfacet
  facet normal 0.267982 -0.164415 -0.949291
    outer loop
      vertex 0.0343657 -0.0210285 -0.0191817
      vertex 0.0283041 -0.0173187 -0.0215354
      vertex 0.029376 -0.0155716 -0.0215354
    endloop
  endfacet
  facet normal 0.215824 -0.132375 -0.967418
    outer loop
      vertex 0.029376 -0.0155716 -0.0215354
      vertex 0.022131 -0.0135422 -0.0234294
      vertex 0.0229692 -0.0121756 -0.0234294
    endloop
  endfacet
  facet normal 0.215814 -0.132409 -0.967415
    outer loop
      vertex 0.0283041 -0.0173187 -0.0215354
      vertex 0.022131 -0.0135422 -0.0234294
      vertex 0.029376 -0.0155716 -0.0215354
    endloop
  endfacet
  facet normal 0.181633 -0.0547545 -0.981841
    outer loop
      vertex 0.0249281 -0.00780964 -0.0234294
      vertex 0.0178766 -0.00559998 -0.0248571
      vertex 0.0253878 -0.00628471 -0.0234294
    endloop
  endfacet
  facet normal 0.240853 -0.0726068 -0.967842
    outer loop
      vertex 0.0318823 -0.00998783 -0.0215354
      vertex 0.0249281 -0.00780964 -0.0234294
      vertex 0.0253878 -0.00628471 -0.0234294
    endloop
  endfacet
  facet normal 0.293147 -0.10944 -0.949783
    outer loop
      vertex 0.0378437 -0.0144463 -0.0191817
      vertex 0.0318823 -0.00998783 -0.0215354
      vertex 0.0387096 -0.0121269 -0.0191817
    endloop
  endfacet
  facet normal 0.349055 -0.130312 -0.927998
    outer loop
      vertex 0.0453854 -0.0142183 -0.016377
      vertex 0.0378437 -0.0144463 -0.0191817
      vertex 0.0387096 -0.0121269 -0.0191817
    endloop
  endfacet
  facet normal 0.356326 -0.107351 -0.928174
    outer loop
      vertex 0.0462217 -0.0114422 -0.016377
      vertex 0.0387096 -0.0121269 -0.0191817
      vertex 0.039423 -0.00975895 -0.0191817
    endloop
  endfacet
  facet normal 0.299235 -0.0901514 -0.949911
    outer loop
      vertex 0.0387096 -0.0121269 -0.0191817
      vertex 0.0318823 -0.00998783 -0.0215354
      vertex 0.039423 -0.00975895 -0.0191817
    endloop
  endfacet
  facet normal 0.19805 -0.159358 -0.967151
    outer loop
      vertex 0.0258293 -0.0206032 -0.0215354
      vertex 0.020196 -0.0161095 -0.0234294
      vertex 0.0212059 -0.0148544 -0.0234294
    endloop
  endfacet
  facet normal 0.257471 -0.181479 -0.949091
    outer loop
      vertex 0.0329285 -0.0230675 -0.0191817
      vertex 0.0271206 -0.0189981 -0.0215354
      vertex 0.0343657 -0.0210285 -0.0191817
    endloop
  endfacet
  facet normal 0.393332 -0.176645 -0.902267
    outer loop
      vertex 0.0493593 -0.0223951 -0.0131335
      vertex 0.0431786 -0.0195904 -0.016377
      vertex 0.0443697 -0.0169382 -0.016377
    endloop
  endfacet
  facet normal 0.381799 -0.201712 -0.901966
    outer loop
      vertex 0.0493593 -0.0223951 -0.0131335
      vertex 0.0418177 -0.0221663 -0.016377
      vertex 0.0431786 -0.0195904 -0.016377
    endloop
  endfacet
  facet normal 0.31912 -0.19571 -0.927286
    outer loop
      vertex 0.0402918 -0.0246544 -0.016377
      vertex 0.0343657 -0.0210285 -0.0191817
      vertex 0.0418177 -0.0221663 -0.016377
    endloop
  endfacet
  facet normal 0.368727 -0.226133 -0.901612
    outer loop
      vertex 0.0478029 -0.0253391 -0.0131335
      vertex 0.0402918 -0.0246544 -0.016377
      vertex 0.0418177 -0.0221663 -0.016377
    endloop
  endfacet
  facet normal 0.311522 -0.0101297 -0.950185
    outer loop
      vertex 0.0406218 -0.00246334 -0.0191817
      vertex 0.0334568 -0.00202942 -0.0215354
      vertex 0.0407019 0 -0.0191817
    endloop
  endfacet
  facet normal 0.311515 -0.0101003 -0.950188
    outer loop
      vertex 0.0407019 0 -0.0191817
      vertex 0.0334568 -0.00202942 -0.0215354
      vertex 0.0335226 0 -0.0215354
    endloop
  endfacet
  facet normal -0.0524858 -0.036961 -0.997937
    outer loop
      vertex -0.00914764 -0.00640869 -0.0258117
      vertex -0.00954723 -0.00584126 -0.0258117
      vertex -0.00318623 -0.00194931 -0.0262904
    endloop
  endfacet
  facet normal -0.104634 -0.0736847 -0.991777
    outer loop
      vertex -0.00914764 -0.00640869 -0.0258117
      vertex -0.0158701 -0.00971127 -0.0248571
      vertex -0.00954723 -0.00584126 -0.0258117
    endloop
  endfacet
  facet normal -0.162766 -0.099832 -0.981601
    outer loop
      vertex -0.022131 -0.0135422 -0.0234294
      vertex -0.0229692 -0.0121756 -0.0234294
      vertex -0.0164719 -0.00873089 -0.0248571
    endloop
  endfacet
  facet normal -0.215824 -0.132375 -0.967418
    outer loop
      vertex -0.022131 -0.0135422 -0.0234294
      vertex -0.029376 -0.0155716 -0.0215354
      vertex -0.0229692 -0.0121756 -0.0234294
    endloop
  endfacet
  facet normal -0.23599 -0.0881363 -0.96775
    outer loop
      vertex -0.0311689 -0.011898 -0.0215354
      vertex -0.0318823 -0.00998783 -0.0215354
      vertex -0.0243711 -0.00930309 -0.0234294
    endloop
  endfacet
  facet normal -0.236003 -0.08802 -0.967758
    outer loop
      vertex -0.0243711 -0.00930309 -0.0234294
      vertex -0.0318823 -0.00998783 -0.0215354
      vertex -0.0249281 -0.00780964 -0.0234294
    endloop
  endfacet
  facet normal -0.0609175 -0.0183935 -0.997973
    outer loop
      vertex -0.0107536 -0.00336838 -0.0258117
      vertex -0.010952 -0.0027113 -0.0258117
      vertex -0.00365543 -0.000904083 -0.0262904
    endloop
  endfacet
  facet normal -0.121445 -0.0366695 -0.991921
    outer loop
      vertex -0.0107536 -0.00336838 -0.0258117
      vertex -0.0178766 -0.00559998 -0.0248571
      vertex -0.010952 -0.0027113 -0.0258117
    endloop
  endfacet
  facet normal -0.366629 -0.0602668 -0.928413
    outer loop
      vertex -0.046875 -0.00862122 -0.016377
      vertex -0.0473442 -0.00576687 -0.016377
      vertex -0.0403814 -0.0049181 -0.0191817
    endloop
  endfacet
  facet normal -0.366621 -0.0602836 -0.928415
    outer loop
      vertex -0.0399809 -0.00735378 -0.0191817
      vertex -0.046875 -0.00862122 -0.016377
      vertex -0.0403814 -0.0049181 -0.0191817
    endloop
  endfacet
  facet normal -0.427206 -0.0418538 -0.903185
    outer loop
      vertex -0.0476265 -0.00288868 -0.016377
      vertex -0.0513496 -0.00501158 -0.0145176
      vertex -0.0513496 -0.00311474 -0.0146055
    endloop
  endfacet
  facet normal -0.428927 -0.0139839 -0.903231
    outer loop
      vertex -0.0477209 0 -0.016377
      vertex -0.0513496 -0.00178271 -0.0146262
      vertex -0.0513496 0 -0.0146538
    endloop
  endfacet
  facet normal -0.0119535 -0.130534 -0.991372
    outer loop
      vertex -0.000709534 -0.0108814 -0.0258117
      vertex -0.00235558 -0.0179806 -0.0248571
      vertex -0.00141716 -0.0108166 -0.0258117
    endloop
  endfacet
  facet normal -0.00387876 -0.131053 -0.991368
    outer loop
      vertex 0 -0.0181236 -0.0248571
      vertex -0.000709534 -0.0108814 -0.0258117
      vertex 0 -0.0109024 -0.0258117
    endloop
  endfacet
  facet normal 0.0250702 -0.0604312 -0.997857
    outer loop
      vertex 0.00416183 -0.0101366 -0.0258117
      vertex 0.00138855 -0.00338268 -0.0262904
      vertex 0.00160694 -0.00329208 -0.0262904
    endloop
  endfacet
  facet normal -0.124957 -0.020429 -0.991952
    outer loop
      vertex -0.0111074 -0.00204277 -0.0258117
      vertex -0.0186481 -0.0022707 -0.0248571
      vertex -0.0112181 -0.00136566 -0.0258117
    endloop
  endfacet
  facet normal -0.125935 -0.0124049 -0.991961
    outer loop
      vertex -0.0186481 -0.0022707 -0.0248571
      vertex -0.0187597 -0.00113773 -0.0248571
      vertex -0.0112181 -0.00136566 -0.0258117
    endloop
  endfacet
  facet normal -0.032324 -0.0566099 -0.997873
    outer loop
      vertex -0.00544739 -0.00955391 -0.0258117
      vertex -0.00605869 -0.00920486 -0.0258117
      vertex -0.00202179 -0.00307178 -0.0262904
    endloop
  endfacet
  facet normal -0.00981628 -0.0649925 -0.997837
    outer loop
      vertex -0.000473022 -0.00360966 -0.0262904
      vertex -0.00141716 -0.0108166 -0.0258117
      vertex -0.000706673 -0.00357437 -0.0262904
    endloop
  endfacet
  facet normal 0.0352712 -0.125928 -0.991412
    outer loop
      vertex 0.00467396 -0.0175543 -0.0248571
      vertex 0.00349426 -0.0103693 -0.0258117
      vertex 0.00580788 -0.0172367 -0.0248571
    endloop
  endfacet
  facet normal 0.0894106 -0.0927567 -0.991666
    outer loop
      vertex 0.0137024 -0.0124063 -0.0248571
      vertex 0.00774002 -0.00794792 -0.0258117
      vertex 0.00824261 -0.00746346 -0.0258117
    endloop
  endfacet
  facet normal 0.0666832 -0.436635 -0.897164
    outer loop
      vertex 0.00683689 -0.0521832 -0.0131335
      vertex 0.00598049 -0.0456495 -0.016377
      vertex 0.0102215 -0.0516663 -0.0131335
    endloop
  endfacet
  facet normal 0.0753011 -0.492589 -0.866998
    outer loop
      vertex 0.00683689 -0.0521832 -0.0131335
      vertex 0.00998502 -0.0522995 -0.012794
      vertex 0.00685213 -0.0522995 -0.0130661
    endloop
  endfacet
  facet normal 0.0752729 -0.492879 -0.866836
    outer loop
      vertex 0.00998502 -0.0522995 -0.012794
      vertex 0.00683689 -0.0521832 -0.0131335
      vertex 0.0102215 -0.0516663 -0.0131335
    endloop
  endfacet
  facet normal 0.116063 -0.0521338 -0.991873
    outer loop
      vertex 0.017477 -0.00667191 -0.0248571
      vertex 0.010231 -0.00464153 -0.0258117
      vertex 0.0105133 -0.00401306 -0.0258117
    endloop
  endfacet
  facet normal 0.0581975 -0.0261904 -0.997961
    outer loop
      vertex 0.010231 -0.00464153 -0.0258117
      vertex 0.00341415 -0.00154877 -0.0262904
      vertex 0.00350857 -0.00133896 -0.0262904
    endloop
  endfacet
  facet normal 0.050225 -0.04018 -0.997929
    outer loop
      vertex 0.00914764 -0.00640869 -0.0258117
      vertex 0.00290775 -0.00231934 -0.0262904
      vertex 0.00305271 -0.00213814 -0.0262904
    endloop
  endfacet
  facet normal -0.0501338 -0.040319 -0.997928
    outer loop
      vertex -0.00871277 -0.00694942 -0.0258117
      vertex -0.00914764 -0.00640869 -0.0258117
      vertex -0.00290775 -0.00231934 -0.0262904
    endloop
  endfacet
  facet normal -0.0475807 -0.0435191 -0.997919
    outer loop
      vertex -0.00824261 -0.00746346 -0.0258117
      vertex -0.00871277 -0.00694942 -0.0258117
      vertex -0.00290775 -0.00231934 -0.0262904
    endloop
  endfacet
  facet normal 0.0275403 -0.127985 -0.991394
    outer loop
      vertex 0.00352192 -0.0178022 -0.0248571
      vertex 0.00211811 -0.0107098 -0.0258117
      vertex 0.00467396 -0.0175543 -0.0248571
    endloop
  endfacet
  facet normal 0.0138719 -0.0642033 -0.99784
    outer loop
      vertex 0.00211811 -0.0107098 -0.0258117
      vertex 0.000938416 -0.00352478 -0.0262904
      vertex 0.00281143 -0.01056 -0.0258117
    endloop
  endfacet
  facet normal -0.0177048 -0.195057 -0.980632
    outer loop
      vertex -0.00164509 -0.0252228 -0.0234294
      vertex -0.00328445 -0.025074 -0.0234294
      vertex -0.0011797 -0.0180874 -0.0248571
    endloop
  endfacet
  facet normal -0.0177159 -0.195054 -0.980633
    outer loop
      vertex -0.0011797 -0.0180874 -0.0248571
      vertex -0.00328445 -0.025074 -0.0234294
      vertex -0.00235558 -0.0179806 -0.0248571
    endloop
  endfacet
  facet normal -0.0275403 -0.127985 -0.991394
    outer loop
      vertex -0.00352192 -0.0178022 -0.0248571
      vertex -0.00467396 -0.0175543 -0.0248571
      vertex -0.00211811 -0.0107098 -0.0258117
    endloop
  endfacet
  facet normal -0.0276444 -0.127947 -0.991396
    outer loop
      vertex -0.00211811 -0.0107098 -0.0258117
      vertex -0.00467396 -0.0175543 -0.0248571
      vertex -0.00281143 -0.01056 -0.0258117
    endloop
  endfacet
  facet normal 0.104634 -0.0736847 -0.991777
    outer loop
      vertex 0.0158701 -0.00971127 -0.0248571
      vertex 0.00914764 -0.00640869 -0.0258117
      vertex 0.00954723 -0.00584126 -0.0258117
    endloop
  endfacet
  facet normal 0.104595 -0.0737651 -0.991776
    outer loop
      vertex 0.0152063 -0.0106525 -0.0248571
      vertex 0.00914764 -0.00640869 -0.0258117
      vertex 0.0158701 -0.00971127 -0.0248571
    endloop
  endfacet
  facet normal 0.094934 -0.0866784 -0.991703
    outer loop
      vertex 0.0137024 -0.0124063 -0.0248571
      vertex 0.00871277 -0.00694942 -0.0258117
      vertex 0.0144825 -0.0115519 -0.0248571
    endloop
  endfacet
  facet normal 0.0999316 -0.0804209 -0.991739
    outer loop
      vertex 0.0144825 -0.0115519 -0.0248571
      vertex 0.00871277 -0.00694942 -0.0258117
      vertex 0.0152063 -0.0106525 -0.0248571
    endloop
  endfacet
  facet normal 0.177147 -0.183776 -0.966874
    outer loop
      vertex 0.0229483 -0.0235624 -0.0215354
      vertex 0.0179424 -0.0184231 -0.0234294
      vertex 0.0191069 -0.0173006 -0.0234294
    endloop
  endfacet
  facet normal 0.16569 -0.194883 -0.96673
    outer loop
      vertex 0.0229483 -0.0235624 -0.0215354
      vertex 0.0167074 -0.0194731 -0.0234294
      vertex 0.0179424 -0.0184231 -0.0234294
    endloop
  endfacet
  facet normal 0.0774511 -0.10368 -0.991591
    outer loop
      vertex 0.0110483 -0.0146618 -0.0248571
      vertex 0.00664616 -0.00882053 -0.0258117
      vertex 0.00720787 -0.00840092 -0.0258117
    endloop
  endfacet
  facet normal 0.140825 -0.214815 -0.966448
    outer loop
      vertex 0.0179625 -0.0272913 -0.0215354
      vertex 0.0154066 -0.0204458 -0.0234294
      vertex 0.0197039 -0.0261497 -0.0215354
    endloop
  endfacet
  facet normal 0.00185722 -0.0657564 -0.997834
    outer loop
      vertex 0.000236511 -0.00363159 -0.0262904
      vertex 0 -0.0109024 -0.0258117
      vertex 0 -0.00363827 -0.0262904
    endloop
  endfacet
  facet normal 0.0448904 -0.0464864 -0.99791
    outer loop
      vertex 0.00824261 -0.00746346 -0.0258117
      vertex 0.0025835 -0.00265217 -0.0262904
      vertex 0.0027504 -0.002491 -0.0262904
    endloop
  endfacet
  facet normal 0.047532 -0.0435696 -0.997919
    outer loop
      vertex 0.00824261 -0.00746346 -0.0258117
      vertex 0.0027504 -0.002491 -0.0262904
      vertex 0.00290775 -0.00231934 -0.0262904
    endloop
  endfacet
  facet normal -0.0419857 -0.0493216 -0.9979
    outer loop
      vertex -0.00720787 -0.00840092 -0.0258117
      vertex -0.00774002 -0.00794792 -0.0258117
      vertex -0.0025835 -0.00265217 -0.0262904
    endloop
  endfacet
  facet normal -0.0948512 -0.0867544 -0.991704
    outer loop
      vertex -0.00824261 -0.00746346 -0.0258117
      vertex -0.0137024 -0.0124063 -0.0248571
      vertex -0.00871277 -0.00694942 -0.0258117
    endloop
  endfacet
  facet normal -0.00990128 -0.0649841 -0.997837
    outer loop
      vertex -0.00141716 -0.0108166 -0.0258117
      vertex -0.00211811 -0.0107098 -0.0258117
      vertex -0.000706673 -0.00357437 -0.0262904
    endloop
  endfacet
  facet normal -0.0501535 -0.120373 -0.991461
    outer loop
      vertex -0.00416183 -0.0101366 -0.0258117
      vertex -0.00691891 -0.0168505 -0.0248571
      vertex -0.00481415 -0.00986481 -0.0258117
    endloop
  endfacet
  facet normal -0.0288865 -0.0585677 -0.997865
    outer loop
      vertex -0.00160694 -0.00329208 -0.0262904
      vertex -0.00544739 -0.00955391 -0.0258117
      vertex -0.0018177 -0.00318813 -0.0262904
    endloop
  endfacet
  facet normal -0.0856884 -0.174673 -0.980891
    outer loop
      vertex -0.0111599 -0.0228672 -0.0234294
      vertex -0.0126276 -0.0221472 -0.0234294
      vertex -0.00800323 -0.0163984 -0.0248571
    endloop
  endfacet
  facet normal -0.0857926 -0.174591 -0.980896
    outer loop
      vertex -0.00800323 -0.0163984 -0.0248571
      vertex -0.0126276 -0.0221472 -0.0234294
      vertex -0.00905514 -0.0158815 -0.0248571
    endloop
  endfacet
  facet normal -0.070995 -0.10852 -0.991556
    outer loop
      vertex -0.00605869 -0.00920486 -0.0258117
      vertex -0.0100718 -0.0153017 -0.0248571
      vertex -0.00664616 -0.00882053 -0.0258117
    endloop
  endfacet
  facet normal -0.0176498 -0.0631977 -0.997845
    outer loop
      vertex -0.00281143 -0.01056 -0.0258117
      vertex -0.00349426 -0.0103693 -0.0258117
      vertex -0.000938416 -0.00352478 -0.0262904
    endloop
  endfacet
  facet normal 0 0 -1
    outer loop
      vertex 0.00374413 -0.000455856 -0.0262904
      vertex 0.00377369 0 -0.0262904
      vertex 0.00376606 -0.000227928 -0.0262904
    endloop
  endfacet
  facet normal 0 0 -1
    outer loop
      vertex 0.00370693 -0.000681877 -0.0262904
      vertex 0.00377369 0 -0.0262904
      vertex 0.00374413 -0.000455856 -0.0262904
    endloop
  endfacet
  facet normal 0 0 -1
    outer loop
      vertex 0.00365543 -0.000904083 -0.0262904
      vertex 0.00377369 0 -0.0262904
      vertex 0.00370693 -0.000681877 -0.0262904
    endloop
  endfacet
  facet normal 0 0 -1
    outer loop
      vertex 0.00358868 -0.00112438 -0.0262904
      vertex 0.00377369 0 -0.0262904
      vertex 0.00365543 -0.000904083 -0.0262904
    endloop
  endfacet
  facet normal 0 0 -1
    outer loop
      vertex 0.00350857 -0.00133896 -0.0262904
      vertex 0.00377369 0 -0.0262904
      vertex 0.00358868 -0.00112438 -0.0262904
    endloop
  endfacet
  facet normal 0 0 -1
    outer loop
      vertex 0.00341415 -0.00154877 -0.0262904
      vertex 0.00377369 0 -0.0262904
      vertex 0.00350857 -0.00133896 -0.0262904
    endloop
  endfacet
  facet normal 0 0 -1
    outer loop
      vertex 0.00330734 -0.00175285 -0.0262904
      vertex 0.00377369 0 -0.0262904
      vertex 0.00341415 -0.00154877 -0.0262904
    endloop
  endfacet
  facet normal 0 0 -1
    outer loop
      vertex 0.00318623 -0.00194931 -0.0262904
      vertex 0.00377369 0 -0.0262904
      vertex 0.00330734 -0.00175285 -0.0262904
    endloop
  endfacet
  facet normal 0 0 -1
    outer loop
      vertex 0.00305271 -0.00213814 -0.0262904
      vertex 0.00377369 0 -0.0262904
      vertex 0.00318623 -0.00194931 -0.0262904
    endloop
  endfacet
  facet normal 0 0 -1
    outer loop
      vertex 0.00290775 -0.00231934 -0.0262904
      vertex 0.00377369 0 -0.0262904
      vertex 0.00305271 -0.00213814 -0.0262904
    endloop
  endfacet
  facet normal 0 0 -1
    outer loop
      vertex 0.0027504 -0.002491 -0.0262904
      vertex 0.00377369 0 -0.0262904
      vertex 0.00290775 -0.00231934 -0.0262904
    endloop
  endfacet
  facet normal 0 0 -1
    outer loop
      vertex 0.0025835 -0.00265217 -0.0262904
      vertex 0.00377369 0 -0.0262904
      vertex 0.0027504 -0.002491 -0.0262904
    endloop
  endfacet
  facet normal 0 0 -1
    outer loop
      vertex 0.00240517 -0.0028038 -0.0262904
      vertex 0.00377369 0 -0.0262904
      vertex 0.0025835 -0.00265217 -0.0262904
    endloop
  endfacet
  facet normal 0 0 -1
    outer loop
      vertex 0.00221825 -0.00294399 -0.0262904
      vertex 0.00377369 0 -0.0262904
      vertex 0.00240517 -0.0028038 -0.0262904
    endloop
  endfacet
  facet normal 0 0 -1
    outer loop
      vertex 0.00202179 -0.00307178 -0.0262904
      vertex 0.00377369 0 -0.0262904
      vertex 0.00221825 -0.00294399 -0.0262904
    endloop
  endfacet
  facet normal 0 0 -1
    outer loop
      vertex 0.0018177 -0.00318813 -0.0262904
      vertex 0.00377369 0 -0.0262904
      vertex 0.00202179 -0.00307178 -0.0262904
    endloop
  endfacet
  facet normal 0 0 -1
    outer loop
      vertex 0.00160694 -0.00329208 -0.0262904
      vertex 0.00377369 0 -0.0262904
      vertex 0.0018177 -0.00318813 -0.0262904
    endloop
  endfacet
  facet normal 0 0 -1
    outer loop
      vertex 0.00138855 -0.00338268 -0.0262904
      vertex 0.00377369 0 -0.0262904
      vertex 0.00160694 -0.00329208 -0.0262904
    endloop
  endfacet
  facet normal 0 0 -1
    outer loop
      vertex 0.00116539 -0.00346088 -0.0262904
      vertex 0.00377369 0 -0.0262904
      vertex 0.00138855 -0.00338268 -0.0262904
    endloop
  endfacet
  facet normal 0 0 -1
    outer loop
      vertex 0.000938416 -0.00352478 -0.0262904
      vertex 0.00377369 0 -0.0262904
      vertex 0.00116539 -0.00346088 -0.0262904
    endloop
  endfacet
  facet normal 0 0 -1
    outer loop
      vertex 0.000706673 -0.00357437 -0.0262904
      vertex 0.00377369 0 -0.0262904
      vertex 0.000938416 -0.00352478 -0.0262904
    endloop
  endfacet
  facet normal 0 0 -1
    outer loop
      vertex 0.000473022 -0.00360966 -0.0262904
      vertex 0.00377369 0 -0.0262904
      vertex 0.000706673 -0.00357437 -0.0262904
    endloop
  endfacet
  facet normal 0 0 -1
    outer loop
      vertex 0.000236511 -0.00363159 -0.0262904
      vertex 0.00377369 0 -0.0262904
      vertex 0.000473022 -0.00360966 -0.0262904
    endloop
  endfacet
  facet normal 0 0 -1
    outer loop
      vertex 0 -0.00363827 -0.0262904
      vertex 0.00377369 0 -0.0262904
      vertex 0.000236511 -0.00363159 -0.0262904
    endloop
  endfacet
  facet normal 0 0 -1
    outer loop
      vertex -0.000236511 -0.00363159 -0.0262904
      vertex 0.00377369 0 -0.0262904
      vertex 0 -0.00363827 -0.0262904
    endloop
  endfacet
  facet normal 0 0 -1
    outer loop
      vertex -0.000473022 -0.00360966 -0.0262904
      vertex 0.00377369 0 -0.0262904
      vertex -0.000236511 -0.00363159 -0.0262904
    endloop
  endfacet
  facet normal 0 0 -1
    outer loop
      vertex -0.000706673 -0.00357437 -0.0262904
      vertex 0.00377369 0 -0.0262904
      vertex -0.000473022 -0.00360966 -0.0262904
    endloop
  endfacet
  facet normal 0 0 -1
    outer loop
      vertex -0.000938416 -0.00352478 -0.0262904
      vertex 0.00377369 0 -0.0262904
      vertex -0.000706673 -0.00357437 -0.0262904
    endloop
  endfacet
  facet normal 0 0 -1
    outer loop
      vertex -0.00116539 -0.00346088 -0.0262904
      vertex 0.00377369 0 -0.0262904
      vertex -0.000938416 -0.00352478 -0.0262904
    endloop
  endfacet
  facet normal 0 0 -1
    outer loop
      vertex -0.00138855 -0.00338268 -0.0262904
      vertex 0.00377369 0 -0.0262904
      vertex -0.00116539 -0.00346088 -0.0262904
    endloop
  endfacet
  facet normal 0 0 -1
    outer loop
      vertex -0.00160694 -0.00329208 -0.0262904
      vertex 0.00377369 0 -0.0262904
      vertex -0.00138855 -0.00338268 -0.0262904
    endloop
  endfacet
  facet normal 0 0 -1
    outer loop
      vertex -0.0018177 -0.00318813 -0.0262904
      vertex 0.00377369 0 -0.0262904
      vertex -0.00160694 -0.00329208 -0.0262904
    endloop
  endfacet
  facet normal 0 0 -1
    outer loop
      vertex -0.00202179 -0.00307178 -0.0262904
      vertex 0.00377369 0 -0.0262904
      vertex -0.0018177 -0.00318813 -0.0262904
    endloop
  endfacet
  facet normal 0 0 -1
    outer loop
      vertex -0.00221825 -0.00294399 -0.0262904
      vertex 0.00377369 0 -0.0262904
      vertex -0.00202179 -0.00307178 -0.0262904
    endloop
  endfacet
  facet normal 0 0 -1
    outer loop
      vertex -0.00240517 -0.0028038 -0.0262904
      vertex 0.00377369 0 -0.0262904
      vertex -0.00221825 -0.00294399 -0.0262904
    endloop
  endfacet
  facet normal 0 0 -1
    outer loop
      vertex -0.0025835 -0.00265217 -0.0262904
      vertex 0.00377369 0 -0.0262904
      vertex -0.00240517 -0.0028038 -0.0262904
    endloop
  endfacet
  facet normal 0 0 -1
    outer loop
      vertex -0.0027504 -0.002491 -0.0262904
      vertex 0.00377369 0 -0.0262904
      vertex -0.0025835 -0.00265217 -0.0262904
    endloop
  endfacet
  facet normal 0 0 -1
    outer loop
      vertex -0.00290775 -0.00231934 -0.0262904
      vertex 0.00377369 0 -0.0262904
      vertex -0.0027504 -0.002491 -0.0262904
    endloop
  endfacet
  facet normal 0 0 -1
    outer loop
      vertex -0.00305271 -0.00213814 -0.0262904
      vertex 0.00377369 0 -0.0262904
      vertex -0.00290775 -0.00231934 -0.0262904
    endloop
  endfacet
  facet normal 0 0 -1
    outer loop
      vertex -0.00318623 -0.00194931 -0.0262904
      vertex 0.00377369 0 -0.0262904
      vertex -0.00305271 -0.00213814 -0.0262904
    endloop
  endfacet
  facet normal 0 0 -1
    outer loop
      vertex -0.00330734 -0.00175285 -0.0262904
      vertex 0.00377369 0 -0.0262904
      vertex -0.00318623 -0.00194931 -0.0262904
    endloop
  endfacet
  facet normal 0 0 -1
    outer loop
      vertex -0.00341415 -0.00154877 -0.0262904
      vertex 0.00377369 0 -0.0262904
      vertex -0.00330734 -0.00175285 -0.0262904
    endloop
  endfacet
  facet normal 0 0 -1
    outer loop
      vertex -0.00350857 -0.00133896 -0.0262904
      vertex 0.00377369 0 -0.0262904
      vertex -0.00341415 -0.00154877 -0.0262904
    endloop
  endfacet
  facet normal 0 0 -1
    outer loop
      vertex -0.00358868 -0.00112438 -0.0262904
      vertex 0.00377369 0 -0.0262904
      vertex -0.00350857 -0.00133896 -0.0262904
    endloop
  endfacet
  facet normal 0 0 -1
    outer loop
      vertex -0.00365543 -0.000904083 -0.0262904
      vertex 0.00377369 0 -0.0262904
      vertex -0.00358868 -0.00112438 -0.0262904
    endloop
  endfacet
  facet normal 0 0 -1
    outer loop
      vertex -0.00370693 -0.000681877 -0.0262904
      vertex 0.00377369 0 -0.0262904
      vertex -0.00365543 -0.000904083 -0.0262904
    endloop
  endfacet
  facet normal 0 0 -1
    outer loop
      vertex -0.00374413 -0.000455856 -0.0262904
      vertex 0.00377369 0 -0.0262904
      vertex -0.00370693 -0.000681877 -0.0262904
    endloop
  endfacet
  facet normal 0 0 -1
    outer loop
      vertex -0.00376606 -0.000227928 -0.0262904
      vertex 0.00377369 0 -0.0262904
      vertex -0.00374413 -0.000455856 -0.0262904
    endloop
  endfacet
  facet normal -0 0 -1
    outer loop
      vertex 0.00377369 0 -0.0262904
      vertex -0.00376606 -0.000227928 -0.0262904
      vertex -0.00377369 0 -0.0262904
    endloop
  endfacet
  facet normal 0.00977316 -0.321912 -0.946719
    outer loop
      vertex 0.00255489 -0.0391674 -0.0191817
      vertex 0 -0.0323229 -0.0215354
      vertex 0.00210476 -0.032259 -0.0215354
    endloop
  endfacet
  facet normal 0.00787709 -0.259458 -0.965722
    outer loop
      vertex 0.00210476 -0.032259 -0.0215354
      vertex 0 -0.0323229 -0.0215354
      vertex 0 -0.0252733 -0.0234294
    endloop
  endfacet
  facet normal 0.0177159 -0.195054 -0.980633
    outer loop
      vertex 0.00328445 -0.025074 -0.0234294
      vertex 0.0011797 -0.0180874 -0.0248571
      vertex 0.00235558 -0.0179806 -0.0248571
    endloop
  endfacet
  facet normal 0.0118578 -0.130556 -0.99137
    outer loop
      vertex 0.0011797 -0.0180874 -0.0248571
      vertex 0.000709534 -0.0108814 -0.0258117
      vertex 0.00235558 -0.0179806 -0.0248571
    endloop
  endfacet
  facet normal 0.0428829 -0.123367 -0.991434
    outer loop
      vertex 0.00580788 -0.0172367 -0.0248571
      vertex 0.00349426 -0.0103693 -0.0258117
      vertex 0.00691891 -0.0168505 -0.0248571
    endloop
  endfacet
  facet normal 0.0697783 -0.249341 -0.965899
    outer loop
      vertex 0.00833607 -0.0313072 -0.0215354
      vertex 0.00651836 -0.0244789 -0.0234294
      vertex 0.00809956 -0.0240364 -0.0234294
    endloop
  endfacet
  facet normal 0.0177785 -0.0631497 -0.997846
    outer loop
      vertex 0.00349426 -0.0103693 -0.0258117
      vertex 0.000938416 -0.00352478 -0.0262904
      vertex 0.00116539 -0.00346088 -0.0262904
    endloop
  endfacet
  facet normal 0.0640715 -0.184322 -0.980775
    outer loop
      vertex 0.00964832 -0.0234985 -0.0234294
      vertex 0.00580788 -0.0172367 -0.0248571
      vertex 0.00691891 -0.0168505 -0.0248571
    endloop
  endfacet
  facet normal 0.244753 -0.287985 -0.92583
    outer loop
      vertex 0.0304184 -0.0354528 -0.016377
      vertex 0.0259447 -0.0302382 -0.0191817
      vertex 0.0278625 -0.0286083 -0.0191817
    endloop
  endfacet
  facet normal 0.244836 -0.287949 -0.925819
    outer loop
      vertex 0.0304184 -0.0354528 -0.016377
      vertex 0.0278625 -0.0286083 -0.0191817
      vertex 0.0326672 -0.0335407 -0.016377
    endloop
  endfacet
  facet normal 0.0962417 -0.168658 -0.980965
    outer loop
      vertex 0.0126276 -0.0221472 -0.0234294
      vertex 0.0100718 -0.0153017 -0.0248571
      vertex 0.0140448 -0.0213385 -0.0234294
    endloop
  endfacet
  facet normal 0.153529 -0.205293 -0.966583
    outer loop
      vertex 0.0197039 -0.0261497 -0.0215354
      vertex 0.0167074 -0.0194731 -0.0234294
      vertex 0.021368 -0.0249052 -0.0215354
    endloop
  endfacet
  facet normal 0.127544 -0.223513 -0.96632
    outer loop
      vertex 0.0179625 -0.0272913 -0.0215354
      vertex 0.0126276 -0.0221472 -0.0234294
      vertex 0.0140448 -0.0213385 -0.0234294
    endloop
  endfacet
  facet normal 0.127406 -0.223651 -0.966306
    outer loop
      vertex 0.0161495 -0.0283241 -0.0215354
      vertex 0.0126276 -0.0221472 -0.0234294
      vertex 0.0179625 -0.0272913 -0.0215354
    endloop
  endfacet
  facet normal 0.320877 -0.293492 -0.9005
    outer loop
      vertex 0.0397654 -0.036005 -0.0131335
      vertex 0.0347862 -0.031497 -0.016377
      vertex 0.0367689 -0.0293293 -0.016377
    endloop
  endfacet
  facet normal 0.302437 -0.31358 -0.900111
    outer loop
      vertex 0.0397654 -0.036005 -0.0131335
      vertex 0.0326672 -0.0335407 -0.016377
      vertex 0.0347862 -0.031497 -0.016377
    endloop
  endfacet
  facet normal 0.230193 -0.10325 -0.967652
    outer loop
      vertex 0.0303326 -0.0137625 -0.0215354
      vertex 0.0243711 -0.00930309 -0.0234294
      vertex 0.0311689 -0.011898 -0.0215354
    endloop
  endfacet
  facet normal 0.23599 -0.0881363 -0.96775
    outer loop
      vertex 0.0311689 -0.011898 -0.0215354
      vertex 0.0243711 -0.00930309 -0.0234294
      vertex 0.0318823 -0.00998783 -0.0215354
    endloop
  endfacet
  facet normal 0.207338 -0.146173 -0.967287
    outer loop
      vertex 0.0271206 -0.0189981 -0.0215354
      vertex 0.0212059 -0.0148544 -0.0234294
      vertex 0.022131 -0.0135422 -0.0234294
    endloop
  endfacet
  facet normal 0.207374 -0.14614 -0.967284
    outer loop
      vertex 0.0271206 -0.0189981 -0.0215354
      vertex 0.022131 -0.0135422 -0.0234294
      vertex 0.0283041 -0.0173187 -0.0215354
    endloop
  endfacet
  facet normal 0.292771 -0.235552 -0.926715
    outer loop
      vertex 0.0367689 -0.0293293 -0.016377
      vertex 0.0313616 -0.0250158 -0.0191817
      vertex 0.0386066 -0.0270452 -0.016377
    endloop
  endfacet
  facet normal 0.27785 -0.254065 -0.926418
    outer loop
      vertex 0.0367689 -0.0293293 -0.016377
      vertex 0.0296707 -0.026865 -0.0191817
      vertex 0.0313616 -0.0250158 -0.0191817
    endloop
  endfacet
  facet normal 0.00387876 -0.131053 -0.991368
    outer loop
      vertex 0.000709534 -0.0108814 -0.0258117
      vertex 0 -0.0181236 -0.0248571
      vertex 0 -0.0109024 -0.0258117
    endloop
  endfacet
  facet normal -0.371033 -0.0120648 -0.928541
    outer loop
      vertex -0.0406218 -0.00246334 -0.0191817
      vertex -0.0477209 0 -0.016377
      vertex -0.0407019 0 -0.0191817
    endloop
  endfacet
  facet normal -0.371051 -0.0121257 -0.928533
    outer loop
      vertex -0.0476265 -0.00288868 -0.016377
      vertex -0.0477209 0 -0.016377
      vertex -0.0406218 -0.00246334 -0.0191817
    endloop
  endfacet
  facet normal 0.0501535 -0.120373 -0.991461
    outer loop
      vertex 0.00691891 -0.0168505 -0.0248571
      vertex 0.00416183 -0.0101366 -0.0258117
      vertex 0.00481415 -0.00986481 -0.0258117
    endloop
  endfacet
  facet normal 0.116059 -0.0521464 -0.991872
    outer loop
      vertex 0.0170078 -0.00771618 -0.0248571
      vertex 0.010231 -0.00464153 -0.0258117
      vertex 0.017477 -0.00667191 -0.0248571
    endloop
  endfacet
  facet normal 0.112709 -0.0595207 -0.991844
    outer loop
      vertex 0.0170078 -0.00771618 -0.0248571
      vertex 0.00990868 -0.00525188 -0.0258117
      vertex 0.010231 -0.00464153 -0.0258117
    endloop
  endfacet
  facet normal 0.00599763 -0.065495 -0.997835
    outer loop
      vertex 0.000709534 -0.0108814 -0.0258117
      vertex 0.000236511 -0.00363159 -0.0262904
      vertex 0.00141716 -0.0108166 -0.0258117
    endloop
  endfacet
  facet normal 0.01981 -0.129514 -0.99138
    outer loop
      vertex 0.00235558 -0.0179806 -0.0248571
      vertex 0.00211811 -0.0107098 -0.0258117
      vertex 0.00352192 -0.0178022 -0.0248571
    endloop
  endfacet
  facet normal 0.00990128 -0.0649841 -0.997837
    outer loop
      vertex 0.00141716 -0.0108166 -0.0258117
      vertex 0.000706673 -0.00357437 -0.0262904
      vertex 0.00211811 -0.0107098 -0.0258117
    endloop
  endfacet
  facet normal -0.0197337 -0.129516 -0.991381
    outer loop
      vertex -0.00141716 -0.0108166 -0.0258117
      vertex -0.00235558 -0.0179806 -0.0248571
      vertex -0.00211811 -0.0107098 -0.0258117
    endloop
  endfacet
  facet normal -0.0250702 -0.0604312 -0.997857
    outer loop
      vertex -0.00138855 -0.00338268 -0.0262904
      vertex -0.00416183 -0.0101366 -0.0258117
      vertex -0.00160694 -0.00329208 -0.0262904
    endloop
  endfacet
  facet normal -0.0251641 -0.0603962 -0.997857
    outer loop
      vertex -0.00416183 -0.0101366 -0.0258117
      vertex -0.00481415 -0.00986481 -0.0258117
      vertex -0.00160694 -0.00329208 -0.0262904
    endloop
  endfacet
  facet normal 0.205673 -0.242003 -0.948226
    outer loop
      vertex 0.0259447 -0.0302382 -0.0191817
      vertex 0.0229483 -0.0235624 -0.0215354
      vertex 0.0278625 -0.0286083 -0.0191817
    endloop
  endfacet
  facet normal 0.205644 -0.242017 -0.948229
    outer loop
      vertex 0.0259447 -0.0302382 -0.0191817
      vertex 0.021368 -0.0249052 -0.0215354
      vertex 0.0229483 -0.0235624 -0.0215354
    endloop
  endfacet
  facet normal 0.13363 -0.138676 -0.981281
    outer loop
      vertex 0.0179424 -0.0184231 -0.0234294
      vertex 0.012867 -0.0132113 -0.0248571
      vertex 0.0137024 -0.0124063 -0.0248571
    endloop
  endfacet
  facet normal 0.125026 -0.147031 -0.981198
    outer loop
      vertex 0.0179424 -0.0184231 -0.0234294
      vertex 0.011981 -0.0139647 -0.0248571
      vertex 0.012867 -0.0132113 -0.0248571
    endloop
  endfacet
  facet normal 0.141816 -0.129671 -0.981363
    outer loop
      vertex 0.0191069 -0.0173006 -0.0234294
      vertex 0.0137024 -0.0124063 -0.0248571
      vertex 0.020196 -0.0161095 -0.0234294
    endloop
  endfacet
  facet normal 0.187994 -0.171895 -0.967011
    outer loop
      vertex 0.024437 -0.0221262 -0.0215354
      vertex 0.0191069 -0.0173006 -0.0234294
      vertex 0.020196 -0.0161095 -0.0234294
    endloop
  endfacet
  facet normal 0.0710826 -0.108473 -0.991555
    outer loop
      vertex 0.0100718 -0.0153017 -0.0248571
      vertex 0.00664616 -0.00882053 -0.0258117
      vertex 0.0110483 -0.0146618 -0.0248571
    endloop
  endfacet
  facet normal 0.0774779 -0.103663 -0.99159
    outer loop
      vertex 0.0110483 -0.0146618 -0.0248571
      vertex 0.00720787 -0.00840092 -0.0258117
      vertex 0.011981 -0.0139647 -0.0248571
    endloop
  endfacet
  facet normal 0.0288865 -0.0585677 -0.997865
    outer loop
      vertex 0.00544739 -0.00955391 -0.0258117
      vertex 0.00160694 -0.00329208 -0.0262904
      vertex 0.0018177 -0.00318813 -0.0262904
    endloop
  endfacet
  facet normal -0.0836966 -0.0983205 -0.991629
    outer loop
      vertex -0.00720787 -0.00840092 -0.0258117
      vertex -0.012867 -0.0132113 -0.0248571
      vertex -0.00774002 -0.00794792 -0.0258117
    endloop
  endfacet
  facet normal -0.0893978 -0.0927738 -0.991666
    outer loop
      vertex -0.012867 -0.0132113 -0.0248571
      vertex -0.0137024 -0.0124063 -0.0248571
      vertex -0.00774002 -0.00794792 -0.0258117
    endloop
  endfacet
  facet normal 0.0234566 -0.258427 -0.965746
    outer loop
      vertex 0.00210476 -0.032259 -0.0215354
      vertex 0.00164509 -0.0252228 -0.0234294
      vertex 0.00328445 -0.025074 -0.0234294
    endloop
  endfacet
  facet normal 0.00796395 -0.259434 -0.965728
    outer loop
      vertex 0.00210476 -0.032259 -0.0215354
      vertex 0 -0.0252733 -0.0234294
      vertex 0.00164509 -0.0252228 -0.0234294
    endloop
  endfacet
  facet normal 0.0526614 -0.188177 -0.980722
    outer loop
      vertex 0.00651836 -0.0244789 -0.0234294
      vertex 0.00467396 -0.0175543 -0.0248571
      vertex 0.00809956 -0.0240364 -0.0234294
    endloop
  endfacet
  facet normal 0.041197 -0.191222 -0.980682
    outer loop
      vertex 0.00491142 -0.0248251 -0.0234294
      vertex 0.00467396 -0.0175543 -0.0248571
      vertex 0.00651836 -0.0244789 -0.0234294
    endloop
  endfacet
  facet normal 0.0215675 -0.0618728 -0.997851
    outer loop
      vertex 0.00349426 -0.0103693 -0.0258117
      vertex 0.00116539 -0.00346088 -0.0262904
      vertex 0.00416183 -0.0101366 -0.0258117
    endloop
  endfacet
  facet normal 0.0501847 -0.120363 -0.991461
    outer loop
      vertex 0.00691891 -0.0168505 -0.0248571
      vertex 0.00481415 -0.00986481 -0.0258117
      vertex 0.00800323 -0.0163984 -0.0248571
    endloop
  endfacet
  facet normal 0.0961955 -0.168676 -0.980966
    outer loop
      vertex 0.0126276 -0.0221472 -0.0234294
      vertex 0.00905514 -0.0158815 -0.0248571
      vertex 0.0100718 -0.0153017 -0.0248571
    endloop
  endfacet
  facet normal 0.0857926 -0.174591 -0.980896
    outer loop
      vertex 0.0126276 -0.0221472 -0.0234294
      vertex 0.00800323 -0.0163984 -0.0248571
      vertex 0.00905514 -0.0158815 -0.0248571
    endloop
  endfacet
  facet normal 0.0429843 -0.123313 -0.991436
    outer loop
      vertex 0.00691891 -0.0168505 -0.0248571
      vertex 0.00349426 -0.0103693 -0.0258117
      vertex 0.00416183 -0.0101366 -0.0258117
    endloop
  endfacet
  facet normal -0.00402188 -0.131067 -0.991365
    outer loop
      vertex 0 -0.0181236 -0.0248571
      vertex -0.0011797 -0.0180874 -0.0248571
      vertex -0.000709534 -0.0108814 -0.0258117
    endloop
  endfacet
  facet normal -0.0118578 -0.130556 -0.99137
    outer loop
      vertex -0.0011797 -0.0180874 -0.0248571
      vertex -0.00235558 -0.0179806 -0.0248571
      vertex -0.000709534 -0.0108814 -0.0258117
    endloop
  endfacet
  facet normal 0.0216661 -0.0618286 -0.997852
    outer loop
      vertex 0.00416183 -0.0101366 -0.0258117
      vertex 0.00116539 -0.00346088 -0.0262904
      vertex 0.00138855 -0.00338268 -0.0262904
    endloop
  endfacet
  facet normal 0.0836966 -0.0983205 -0.991629
    outer loop
      vertex 0.012867 -0.0132113 -0.0248571
      vertex 0.00720787 -0.00840092 -0.0258117
      vertex 0.00774002 -0.00794792 -0.0258117
    endloop
  endfacet
  facet normal 0.0419857 -0.0493216 -0.9979
    outer loop
      vertex 0.00720787 -0.00840092 -0.0258117
      vertex 0.0025835 -0.00265217 -0.0262904
      vertex 0.00774002 -0.00794792 -0.0258117
    endloop
  endfacet
  facet normal 0.106227 -0.162104 -0.981039
    outer loop
      vertex 0.0140448 -0.0213385 -0.0234294
      vertex 0.0100718 -0.0153017 -0.0248571
      vertex 0.0110483 -0.0146618 -0.0248571
    endloop
  endfacet
  facet normal 0.115791 -0.154925 -0.981117
    outer loop
      vertex 0.0154066 -0.0204458 -0.0234294
      vertex 0.0110483 -0.0146618 -0.0248571
      vertex 0.011981 -0.0139647 -0.0248571
    endloop
  endfacet
  facet normal 0.0356202 -0.0544475 -0.997881
    outer loop
      vertex 0.00605869 -0.00920486 -0.0258117
      vertex 0.00221825 -0.00294399 -0.0262904
      vertex 0.00664616 -0.00882053 -0.0258117
    endloop
  endfacet
  facet normal 0.0351736 -0.125944 -0.991414
    outer loop
      vertex 0.00467396 -0.0175543 -0.0248571
      vertex 0.00281143 -0.01056 -0.0258117
      vertex 0.00349426 -0.0103693 -0.0258117
    endloop
  endfacet
  facet normal 0.0176498 -0.0631977 -0.997845
    outer loop
      vertex 0.00281143 -0.01056 -0.0258117
      vertex 0.000938416 -0.00352478 -0.0262904
      vertex 0.00349426 -0.0103693 -0.0258117
    endloop
  endfacet
  facet normal 0.0197337 -0.129516 -0.991381
    outer loop
      vertex 0.00235558 -0.0179806 -0.0248571
      vertex 0.00141716 -0.0108166 -0.0258117
      vertex 0.00211811 -0.0107098 -0.0258117
    endloop
  endfacet
  facet normal 0.0119535 -0.130534 -0.991372
    outer loop
      vertex 0.00235558 -0.0179806 -0.0248571
      vertex 0.000709534 -0.0108814 -0.0258117
      vertex 0.00141716 -0.0108166 -0.0258117
    endloop
  endfacet
  facet normal 0.106256 -0.162091 -0.981038
    outer loop
      vertex 0.0140448 -0.0213385 -0.0234294
      vertex 0.0110483 -0.0146618 -0.0248571
      vertex 0.0154066 -0.0204458 -0.0234294
    endloop
  endfacet
  facet normal 0.140819 -0.214818 -0.966449
    outer loop
      vertex 0.0179625 -0.0272913 -0.0215354
      vertex 0.0140448 -0.0213385 -0.0234294
      vertex 0.0154066 -0.0204458 -0.0234294
    endloop
  endfacet
  facet normal 0.032324 -0.0566099 -0.997873
    outer loop
      vertex 0.00544739 -0.00955391 -0.0258117
      vertex 0.00202179 -0.00307178 -0.0262904
      vertex 0.00605869 -0.00920486 -0.0258117
    endloop
  endfacet
  facet normal 0.0354743 -0.054537 -0.997881
    outer loop
      vertex 0.00605869 -0.00920486 -0.0258117
      vertex 0.00202179 -0.00307178 -0.0262904
      vertex 0.00221825 -0.00294399 -0.0262904
    endloop
  endfacet
  facet normal 0.00194627 -0.0657593 -0.997834
    outer loop
      vertex 0.000709534 -0.0108814 -0.0258117
      vertex 0 -0.0109024 -0.0258117
      vertex 0.000236511 -0.00363159 -0.0262904
    endloop
  endfacet
  facet normal 1 0 0
    outer loop
      vertex 0.0513496 0 4.63357e-07
      vertex 0.0513496 -0.00178271 -0.0146262
      vertex 0.0513496 0 -0.0146538
    endloop
  endfacet
  facet normal 1 0 0
    outer loop
      vertex 0.0513496 0 4.63357e-07
      vertex 0.0513496 -0.00311474 -0.0146055
      vertex 0.0513496 -0.00178271 -0.0146262
    endloop
  endfacet
  facet normal 1 0 0
    outer loop
      vertex 0.0513496 0 4.63357e-07
      vertex 0.0513496 -0.00501158 -0.0145176
      vertex 0.0513496 -0.00311474 -0.0146055
    endloop
  endfacet
  facet normal 1 0 0
    outer loop
      vertex 0.0513496 0 4.63357e-07
      vertex 0.0513496 -0.00625444 -0.0144599
      vertex 0.0513496 -0.00501158 -0.0145176
    endloop
  endfacet
  facet normal 1 0 0
    outer loop
      vertex 0.0513496 0 4.63357e-07
      vertex 0.0513496 -0.00736799 -0.0143741
      vertex 0.0513496 -0.00625444 -0.0144599
    endloop
  endfacet
  facet normal 1 0 0
    outer loop
      vertex 0.0513496 0 4.63357e-07
      vertex 0.0513496 -0.00944427 -0.0142138
      vertex 0.0513496 -0.00736799 -0.0143741
    endloop
  endfacet
  facet normal 1 0 0
    outer loop
      vertex 0.0513496 0 4.63357e-07
      vertex 0.0513496 -0.0103369 -0.0141179
      vertex 0.0513496 -0.00944427 -0.0142138
    endloop
  endfacet
  facet normal 1 0 0
    outer loop
      vertex 0.0513496 0 4.63357e-07
      vertex 0.0513496 -0.0127123 -0.0138626
      vertex 0.0513496 -0.0103369 -0.0141179
    endloop
  endfacet
  facet normal 1 0 0
    outer loop
      vertex 0.0513496 0 4.63357e-07
      vertex 0.0513496 -0.0158019 -0.013438
      vertex 0.0513496 -0.0127123 -0.0138626
    endloop
  endfacet
  facet normal 1 0 0
    outer loop
      vertex 0.0513496 0 4.63357e-07
      vertex 0.0513496 -0.016087 -0.0133988
      vertex 0.0513496 -0.0158019 -0.013438
    endloop
  endfacet
  facet normal 1 0 0
    outer loop
      vertex 0.0513496 0 4.63357e-07
      vertex 0.0513496 -0.0176764 -0.0131335
      vertex 0.0513496 -0.016087 -0.0133988
    endloop
  endfacet
  facet normal 1 0 0
    outer loop
      vertex 0.0513496 0 4.63357e-07
      vertex 0.0513496 -0.0192663 -0.0128236
      vertex 0.0513496 -0.0176764 -0.0131335
    endloop
  endfacet
  facet normal 1 0 0
    outer loop
      vertex 0.0513496 0 4.63357e-07
      vertex 0.0513496 -0.0196027 -0.012758
      vertex 0.0513496 -0.0192663 -0.0128236
    endloop
  endfacet
  facet normal 1 0 0
    outer loop
      vertex 0.0513496 0 4.63357e-07
      vertex 0.0513496 -0.0222137 -0.0121611
      vertex 0.0513496 -0.0196027 -0.012758
    endloop
  endfacet
  facet normal 1 0 0
    outer loop
      vertex 0.0513496 0 4.63357e-07
      vertex 0.0513496 -0.023298 -0.0119132
      vertex 0.0513496 -0.0222137 -0.0121611
    endloop
  endfacet
  facet normal 1 0 0
    outer loop
      vertex 0.0513496 0 4.63357e-07
      vertex 0.0513496 -0.0252195 -0.0114109
      vertex 0.0513496 -0.023298 -0.0119132
    endloop
  endfacet
  facet normal 1 0 0
    outer loop
      vertex 0.0513496 0 4.63357e-07
      vertex 0.0513496 -0.0272193 -0.0108881
      vertex 0.0513496 -0.0252195 -0.0114109
    endloop
  endfacet
  facet normal 1 0 0
    outer loop
      vertex 0.0513496 0 4.63357e-07
      vertex 0.0513496 -0.031122 -0.00974448
      vertex 0.0513496 -0.0272193 -0.0108881
    endloop
  endfacet
  facet normal 1 -0 0
    outer loop
      vertex 0.0513496 -0.0320178 -0.0094638
      vertex 0.0513496 -0.031122 -0.00974448
      vertex 0.0513496 0 4.63357e-07
    endloop
  endfacet
  facet normal 1 0 0
    outer loop
      vertex 0.0513496 -0.031122 -0.00974448
      vertex 0.0513496 -0.0320178 -0.0094638
      vertex 0.0513496 -0.0314212 -0.00965681
    endloop
  endfacet
  facet normal 1 0 0
    outer loop
      vertex 0.0513496 0 4.63357e-07
      vertex 0.0513496 -0.0347215 -0.00845408
      vertex 0.0513496 -0.0320178 -0.0094638
    endloop
  endfacet
  facet normal 1 0 0
    outer loop
      vertex 0.0513496 0 4.63357e-07
      vertex 0.0513496 -0.0359718 -0.00798695
      vertex 0.0513496 -0.0347215 -0.00845408
    endloop
  endfacet
  facet normal 1 0 0
    outer loop
      vertex 0.0513496 0 4.63357e-07
      vertex 0.0513496 -0.0396606 -0.00648475
      vertex 0.0513496 -0.0359718 -0.00798695
    endloop
  endfacet
  facet normal 1 0 0
    outer loop
      vertex 0.0513496 0 4.63357e-07
      vertex 0.0513496 -0.0409589 -0.00595589
      vertex 0.0513496 -0.0396606 -0.00648475
    endloop
  endfacet
  facet normal 1 0 0
    outer loop
      vertex 0.0513496 0 4.63357e-07
      vertex 0.0513496 -0.0414042 -0.00576026
      vertex 0.0513496 -0.0409589 -0.00595589
    endloop
  endfacet
  facet normal 1 0 0
    outer loop
      vertex 0.0513496 0 4.63357e-07
      vertex 0.0513496 -0.0422646 -0.00538207
      vertex 0.0513496 -0.0414042 -0.00576026
    endloop
  endfacet
  facet normal 1 0 0
    outer loop
      vertex 0.0513496 0 4.63357e-07
      vertex 0.0513496 -0.0464944 -0.00325363
      vertex 0.0513496 -0.0422646 -0.00538207
    endloop
  endfacet
  facet normal 1 0 0
    outer loop
      vertex 0.0513496 0 4.63357e-07
      vertex 0.0513496 -0.0508613 -0.000904574
      vertex 0.0513496 -0.0464944 -0.00325363
    endloop
  endfacet
  facet normal 1 -0 0
    outer loop
      vertex 0.0513496 -0.0522995 4.63357e-07
      vertex 0.0513496 -0.0508613 -0.000904574
      vertex 0.0513496 0 4.63357e-07
    endloop
  endfacet
  facet normal 1 0 0
    outer loop
      vertex 0.0513496 -0.0508613 -0.000904574
      vertex 0.0513496 -0.0522995 4.63357e-07
      vertex 0.0513496 -0.0518488 -0.000299718
    endloop
  endfacet
  facet normal 1 0 0
    outer loop
      vertex 0.0513496 -0.0518488 -0.000299718
      vertex 0.0513496 -0.0522995 4.63357e-07
      vertex 0.0513496 -0.0522995 -2.35951e-05
    endloop
  endfacet
  facet normal -0 0 1
    outer loop
      vertex -0.0513496 0 4.63357e-07
      vertex 0.0513496 -0.0522995 4.63357e-07
      vertex 0.0513496 0 4.63357e-07
    endloop
  endfacet
  facet normal 0 0 1
    outer loop
      vertex 0.0513496 -0.0522995 4.63357e-07
      vertex -0.0513496 0 4.63357e-07
      vertex -0.0513496 -0.0522995 4.63357e-07
    endloop
  endfacet
  facet normal -1 0 0
    outer loop
      vertex -0.0513496 -0.00178271 -0.0146262
      vertex -0.0513496 0 4.63357e-07
      vertex -0.0513496 0 -0.0146538
    endloop
  endfacet
  facet normal -1 0 0
    outer loop
      vertex -0.0513496 -0.00311474 -0.0146055
      vertex -0.0513496 0 4.63357e-07
      vertex -0.0513496 -0.00178271 -0.0146262
    endloop
  endfacet
  facet normal -1 0 0
    outer loop
      vertex -0.0513496 -0.00501158 -0.0145176
      vertex -0.0513496 0 4.63357e-07
      vertex -0.0513496 -0.00311474 -0.0146055
    endloop
  endfacet
  facet normal -1 0 0
    outer loop
      vertex -0.0513496 -0.00625444 -0.0144599
      vertex -0.0513496 0 4.63357e-07
      vertex -0.0513496 -0.00501158 -0.0145176
    endloop
  endfacet
  facet normal -1 0 0
    outer loop
      vertex -0.0513496 -0.00736799 -0.0143741
      vertex -0.0513496 0 4.63357e-07
      vertex -0.0513496 -0.00625444 -0.0144599
    endloop
  endfacet
  facet normal -1 0 0
    outer loop
      vertex -0.0513496 -0.00944427 -0.0142138
      vertex -0.0513496 0 4.63357e-07
      vertex -0.0513496 -0.00736799 -0.0143741
    endloop
  endfacet
  facet normal -1 0 0
    outer loop
      vertex -0.0513496 -0.0103369 -0.0141179
      vertex -0.0513496 0 4.63357e-07
      vertex -0.0513496 -0.00944427 -0.0142138
    endloop
  endfacet
  facet normal -1 0 0
    outer loop
      vertex -0.0513496 -0.0127123 -0.0138626
      vertex -0.0513496 0 4.63357e-07
      vertex -0.0513496 -0.0103369 -0.0141179
    endloop
  endfacet
  facet normal -1 0 0
    outer loop
      vertex -0.0513496 -0.0158019 -0.013438
      vertex -0.0513496 0 4.63357e-07
      vertex -0.0513496 -0.0127123 -0.0138626
    endloop
  endfacet
  facet normal -1 0 0
    outer loop
      vertex -0.0513496 -0.016087 -0.0133988
      vertex -0.0513496 0 4.63357e-07
      vertex -0.0513496 -0.0158019 -0.013438
    endloop
  endfacet
  facet normal -1 0 0
    outer loop
      vertex -0.0513496 -0.0176764 -0.0131335
      vertex -0.0513496 0 4.63357e-07
      vertex -0.0513496 -0.016087 -0.0133988
    endloop
  endfacet
  facet normal -1 0 0
    outer loop
      vertex -0.0513496 -0.0192663 -0.0128236
      vertex -0.0513496 0 4.63357e-07
      vertex -0.0513496 -0.0176764 -0.0131335
    endloop
  endfacet
  facet normal -1 0 0
    outer loop
      vertex -0.0513496 -0.0196027 -0.012758
      vertex -0.0513496 0 4.63357e-07
      vertex -0.0513496 -0.0192663 -0.0128236
    endloop
  endfacet
  facet normal -1 0 0
    outer loop
      vertex -0.0513496 -0.0222137 -0.0121611
      vertex -0.0513496 0 4.63357e-07
      vertex -0.0513496 -0.0196027 -0.012758
    endloop
  endfacet
  facet normal -1 0 0
    outer loop
      vertex -0.0513496 -0.023298 -0.0119132
      vertex -0.0513496 0 4.63357e-07
      vertex -0.0513496 -0.0222137 -0.0121611
    endloop
  endfacet
  facet normal -1 0 0
    outer loop
      vertex -0.0513496 -0.0252195 -0.0114109
      vertex -0.0513496 0 4.63357e-07
      vertex -0.0513496 -0.023298 -0.0119132
    endloop
  endfacet
  facet normal -1 0 0
    outer loop
      vertex -0.0513496 -0.0272193 -0.0108881
      vertex -0.0513496 0 4.63357e-07
      vertex -0.0513496 -0.0252195 -0.0114109
    endloop
  endfacet
  facet normal -1 0 0
    outer loop
      vertex -0.0513496 -0.031122 -0.00974448
      vertex -0.0513496 0 4.63357e-07
      vertex -0.0513496 -0.0272193 -0.0108881
    endloop
  endfacet
  facet normal -1 0 0
    outer loop
      vertex -0.0513496 -0.0320178 -0.0094638
      vertex -0.0513496 -0.031122 -0.00974448
      vertex -0.0513496 -0.0314212 -0.00965681
    endloop
  endfacet
  facet normal -1 0 0
    outer loop
      vertex -0.0513496 -0.031122 -0.00974448
      vertex -0.0513496 -0.0320178 -0.0094638
      vertex -0.0513496 0 4.63357e-07
    endloop
  endfacet
  facet normal -1 0 0
    outer loop
      vertex -0.0513496 -0.0347215 -0.00845408
      vertex -0.0513496 0 4.63357e-07
      vertex -0.0513496 -0.0320178 -0.0094638
    endloop
  endfacet
  facet normal -1 0 0
    outer loop
      vertex -0.0513496 -0.0359718 -0.00798695
      vertex -0.0513496 0 4.63357e-07
      vertex -0.0513496 -0.0347215 -0.00845408
    endloop
  endfacet
  facet normal -1 0 0
    outer loop
      vertex -0.0513496 -0.0396606 -0.00648475
      vertex -0.0513496 0 4.63357e-07
      vertex -0.0513496 -0.0359718 -0.00798695
    endloop
  endfacet
  facet normal -1 0 0
    outer loop
      vertex -0.0513496 -0.0409589 -0.00595589
      vertex -0.0513496 0 4.63357e-07
      vertex -0.0513496 -0.0396606 -0.00648475
    endloop
  endfacet
  facet normal -1 0 0
    outer loop
      vertex -0.0513496 -0.0414042 -0.00576026
      vertex -0.0513496 0 4.63357e-07
      vertex -0.0513496 -0.0409589 -0.00595589
    endloop
  endfacet
  facet normal -1 0 0
    outer loop
      vertex -0.0513496 -0.0422646 -0.00538207
      vertex -0.0513496 0 4.63357e-07
      vertex -0.0513496 -0.0414042 -0.00576026
    endloop
  endfacet
  facet normal -1 0 0
    outer loop
      vertex -0.0513496 -0.0464944 -0.00325363
      vertex -0.0513496 0 4.63357e-07
      vertex -0.0513496 -0.0422646 -0.00538207
    endloop
  endfacet
  facet normal -1 0 0
    outer loop
      vertex -0.0513496 -0.0508613 -0.000904574
      vertex -0.0513496 0 4.63357e-07
      vertex -0.0513496 -0.0464944 -0.00325363
    endloop
  endfacet
  facet normal -1 0 0
    outer loop
      vertex -0.0513496 -0.0522995 4.63357e-07
      vertex -0.0513496 -0.0508613 -0.000904574
      vertex -0.0513496 -0.0518488 -0.000299718
    endloop
  endfacet
  facet normal -1 0 0
    outer loop
      vertex -0.0513496 -0.0522995 4.63357e-07
      vertex -0.0513496 -0.0518488 -0.000299718
      vertex -0.0513496 -0.0522995 -2.35951e-05
    endloop
  endfacet
  facet normal -1 0 0
    outer loop
      vertex -0.0513496 -0.0508613 -0.000904574
      vertex -0.0513496 -0.0522995 4.63357e-07
      vertex -0.0513496 0 4.63357e-07
    endloop
  endfacet
  facet normal 0 1 0
    outer loop
      vertex 0.0477209 0 -0.016377
      vertex 0.0513496 0 4.63357e-07
      vertex 0.0513496 0 -0.0146538
    endloop
  endfacet
  facet normal 0 1 0
    outer loop
      vertex 0.0335226 0 -0.0215354
      vertex 0.0513496 0 4.63357e-07
      vertex 0.0407019 0 -0.0191817
    endloop
  endfacet
  facet normal 0 1 0
    outer loop
      vertex 0.0513496 0 4.63357e-07
      vertex 0.0477209 0 -0.016377
      vertex 0.0407019 0 -0.0191817
    endloop
  endfacet
  facet normal 0 1 0
    outer loop
      vertex 0.0262117 0 -0.0234294
      vertex 0.0513496 0 4.63357e-07
      vertex 0.0335226 0 -0.0215354
    endloop
  endfacet
  facet normal -0 1 -0
    outer loop
      vertex -0.0477209 0 -0.016377
      vertex -0.0513496 0 4.63357e-07
      vertex -0.0407019 0 -0.0191817
    endloop
  endfacet
  facet normal 0 1 0
    outer loop
      vertex -0.0513496 0 4.63357e-07
      vertex -0.0477209 0 -0.016377
      vertex -0.0513496 0 -0.0146538
    endloop
  endfacet
  facet normal 0 1 0
    outer loop
      vertex 0.0187969 0 -0.0248571
      vertex 0.0513496 0 4.63357e-07
      vertex 0.0262117 0 -0.0234294
    endloop
  endfacet
  facet normal 0 1 0
    outer loop
      vertex -0.0513496 0 4.63357e-07
      vertex -0.0335226 0 -0.0215354
      vertex -0.0407019 0 -0.0191817
    endloop
  endfacet
  facet normal 0 1 0
    outer loop
      vertex 0.0113077 0 -0.0258117
      vertex 0.0513496 0 4.63357e-07
      vertex 0.0187969 0 -0.0248571
    endloop
  endfacet
  facet normal 0 1 0
    outer loop
      vertex -0.0513496 0 4.63357e-07
      vertex -0.0262117 0 -0.0234294
      vertex -0.0335226 0 -0.0215354
    endloop
  endfacet
  facet normal 0 1 0
    outer loop
      vertex 0.00377369 0 -0.0262904
      vertex 0.0513496 0 4.63357e-07
      vertex 0.0113077 0 -0.0258117
    endloop
  endfacet
  facet normal 0 1 0
    outer loop
      vertex -0.0513496 0 4.63357e-07
      vertex -0.0187969 0 -0.0248571
      vertex -0.0262117 0 -0.0234294
    endloop
  endfacet
  facet normal 0 1 0
    outer loop
      vertex 0.0513496 0 4.63357e-07
      vertex 0.00377369 0 -0.0262904
      vertex -0.0513496 0 4.63357e-07
    endloop
  endfacet
  facet normal 0 1 0
    outer loop
      vertex -0.0513496 0 4.63357e-07
      vertex -0.0113077 0 -0.0258117
      vertex -0.0187969 0 -0.0248571
    endloop
  endfacet
  facet normal 0 1 -0
    outer loop
      vertex -0.00377369 0 -0.0262904
      vertex -0.0513496 0 4.63357e-07
      vertex 0.00377369 0 -0.0262904
    endloop
  endfacet
  facet normal 0 1 0
    outer loop
      vertex -0.0513496 0 4.63357e-07
      vertex -0.00377369 0 -0.0262904
      vertex -0.0113077 0 -0.0258117
    endloop
  endfacet
  facet normal 0 -1 0
    outer loop
      vertex -0.0509362 -0.0522995 -0.000267818
      vertex -0.0513496 -0.0522995 4.63357e-07
      vertex -0.0513496 -0.0522995 -2.35951e-05
    endloop
  endfacet
  facet normal 0 -1 0
    outer loop
      vertex -0.0513496 -0.0522995 4.63357e-07
      vertex -0.0448724 -0.0522995 -0.00328686
      vertex 0.0513496 -0.0522995 4.63357e-07
    endloop
  endfacet
  facet normal 0 -1 0
    outer loop
      vertex -0.0513496 -0.0522995 4.63357e-07
      vertex -0.0509362 -0.0522995 -0.000267818
      vertex -0.0504315 -0.0522995 -0.000546607
    endloop
  endfacet
  facet normal 0 -1 0
    outer loop
      vertex 0.0448724 -0.0522995 -0.00328686
      vertex 0.0513496 -0.0522995 4.63357e-07
      vertex -0.0448724 -0.0522995 -0.00328686
    endloop
  endfacet
  facet normal 0 -1 0
    outer loop
      vertex -0.0497835 -0.0522995 -0.000904574
      vertex -0.0513496 -0.0522995 4.63357e-07
      vertex -0.0504315 -0.0522995 -0.000546607
    endloop
  endfacet
  facet normal -0 -1 0
    outer loop
      vertex 0.0497835 -0.0522995 -0.000904574
      vertex 0.0513496 -0.0522995 4.63357e-07
      vertex 0.0448724 -0.0522995 -0.00328686
    endloop
  endfacet
  facet normal 0 -1 0
    outer loop
      vertex -0.0513496 -0.0522995 4.63357e-07
      vertex -0.0497835 -0.0522995 -0.000904574
      vertex -0.0448724 -0.0522995 -0.00328686
    endloop
  endfacet
  facet normal -0 -1 0
    outer loop
      vertex 0.0509362 -0.0522995 -0.000267818
      vertex 0.0513496 -0.0522995 4.63357e-07
      vertex 0.0504315 -0.0522995 -0.000546607
    endloop
  endfacet
  facet normal 0 -1 -0
    outer loop
      vertex 0.0513496 -0.0522995 4.63357e-07
      vertex 0.0509362 -0.0522995 -0.000267818
      vertex 0.0513496 -0.0522995 -2.35951e-05
    endloop
  endfacet
  facet normal 0 -1 0
    outer loop
      vertex 0.0513496 -0.0522995 4.63357e-07
      vertex 0.0497835 -0.0522995 -0.000904574
      vertex 0.0504315 -0.0522995 -0.000546607
    endloop
  endfacet
  facet normal 0 -1 0
    outer loop
      vertex -0.0431201 -0.0522995 -0.00407477
      vertex 0.0448724 -0.0522995 -0.00328686
      vertex -0.0448724 -0.0522995 -0.00328686
    endloop
  endfacet
  facet normal 0 -1 0
    outer loop
      vertex -0.0431201 -0.0522995 -0.00407477
      vertex 0.0431201 -0.0522995 -0.00407477
      vertex 0.0448724 -0.0522995 -0.00328686
    endloop
  endfacet
  facet normal 0 -1 0
    outer loop
      vertex -0.0387773 -0.0522995 -0.00592514
      vertex -0.0431201 -0.0522995 -0.00407477
      vertex -0.0402125 -0.0522995 -0.00538207
    endloop
  endfacet
  facet normal 0 -1 0
    outer loop
      vertex -0.0344225 -0.0522995 -0.00749347
      vertex -0.0431201 -0.0522995 -0.00407477
      vertex -0.0387773 -0.0522995 -0.00592514
    endloop
  endfacet
  facet normal 0 -1 0
    outer loop
      vertex -0.0387773 -0.0522995 -0.00592514
      vertex -0.0402125 -0.0522995 -0.00538207
      vertex -0.0396609 -0.0522995 -0.00559868
    endloop
  endfacet
  facet normal 0 -1 0
    outer loop
      vertex -0.0431201 -0.0522995 -0.00407477
      vertex -0.0344225 -0.0522995 -0.00749347
      vertex 0.0431201 -0.0522995 -0.00407477
    endloop
  endfacet
  facet normal 0 -1 0
    outer loop
      vertex -0.0387773 -0.0522995 -0.00592514
      vertex -0.0396609 -0.0522995 -0.00559868
      vertex -0.0394089 -0.0522995 -0.00569762
    endloop
  endfacet
  facet normal 0 -1 0
    outer loop
      vertex 0.0431201 -0.0522995 -0.00407477
      vertex 0.0387773 -0.0522995 -0.00592514
      vertex 0.0402125 -0.0522995 -0.00538207
    endloop
  endfacet
  facet normal 0 -1 0
    outer loop
      vertex 0.0402125 -0.0522995 -0.00538207
      vertex 0.0387773 -0.0522995 -0.00592514
      vertex 0.0396609 -0.0522995 -0.00559868
    endloop
  endfacet
  facet normal 0 -1 0
    outer loop
      vertex 0.0396609 -0.0522995 -0.00559868
      vertex 0.0387773 -0.0522995 -0.00592514
      vertex 0.0394089 -0.0522995 -0.00569762
    endloop
  endfacet
  facet normal 0 -1 0
    outer loop
      vertex 0.0344225 -0.0522995 -0.00749347
      vertex 0.0431201 -0.0522995 -0.00407477
      vertex -0.0344225 -0.0522995 -0.00749347
    endloop
  endfacet
  facet normal 0 -1 0
    outer loop
      vertex 0.0431201 -0.0522995 -0.00407477
      vertex 0.0344225 -0.0522995 -0.00749347
      vertex 0.0387773 -0.0522995 -0.00592514
    endloop
  endfacet
  facet normal 0 -1 0
    outer loop
      vertex -0.0326922 -0.0522995 -0.0080579
      vertex 0.0344225 -0.0522995 -0.00749347
      vertex -0.0344225 -0.0522995 -0.00749347
    endloop
  endfacet
  facet normal 0 -1 0
    outer loop
      vertex -0.0326922 -0.0522995 -0.0080579
      vertex 0.0326922 -0.0522995 -0.0080579
      vertex 0.0344225 -0.0522995 -0.00749347
    endloop
  endfacet
  facet normal 0 -1 0
    outer loop
      vertex -0.0246211 -0.0522995 -0.010339
      vertex -0.0326922 -0.0522995 -0.0080579
      vertex -0.0298194 -0.0522995 -0.00899469
    endloop
  endfacet
  facet normal 0 -1 0
    outer loop
      vertex -0.0326922 -0.0522995 -0.0080579
      vertex -0.0246211 -0.0522995 -0.010339
      vertex 0.0326922 -0.0522995 -0.0080579
    endloop
  endfacet
  facet normal 0 -1 0
    outer loop
      vertex -0.0246211 -0.0522995 -0.010339
      vertex -0.0298194 -0.0522995 -0.00899469
      vertex -0.028207 -0.0522995 -0.0094638
    endloop
  endfacet
  facet normal 0 -1 0
    outer loop
      vertex 0.0246211 -0.0522995 -0.010339
      vertex 0.0326922 -0.0522995 -0.0080579
      vertex -0.0246211 -0.0522995 -0.010339
    endloop
  endfacet
  facet normal 0 -1 0
    outer loop
      vertex -0.0246211 -0.0522995 -0.010339
      vertex -0.028207 -0.0522995 -0.0094638
      vertex -0.0255241 -0.0522995 -0.0101399
    endloop
  endfacet
  facet normal 0 -1 0
    outer loop
      vertex 0.0326922 -0.0522995 -0.0080579
      vertex 0.0246211 -0.0522995 -0.010339
      vertex 0.0298194 -0.0522995 -0.00899469
    endloop
  endfacet
  facet normal 0 -1 0
    outer loop
      vertex 0.0298194 -0.0522995 -0.00899469
      vertex 0.0246211 -0.0522995 -0.010339
      vertex 0.028207 -0.0522995 -0.0094638
    endloop
  endfacet
  facet normal 0 -1 0
    outer loop
      vertex 0.028207 -0.0522995 -0.0094638
      vertex 0.0246211 -0.0522995 -0.010339
      vertex 0.0255241 -0.0522995 -0.0101399
    endloop
  endfacet
  facet normal 0 -1 0
    outer loop
      vertex -0.0214755 -0.0522995 -0.0110325
      vertex 0.0246211 -0.0522995 -0.010339
      vertex -0.0246211 -0.0522995 -0.010339
    endloop
  endfacet
  facet normal 0 -1 0
    outer loop
      vertex -0.0214755 -0.0522995 -0.0110325
      vertex 0.0214755 -0.0522995 -0.0110325
      vertex 0.0246211 -0.0522995 -0.010339
    endloop
  endfacet
  facet normal 0 -1 0
    outer loop
      vertex -0.0195236 -0.0522995 -0.0113995
      vertex 0.0214755 -0.0522995 -0.0110325
      vertex -0.0214755 -0.0522995 -0.0110325
    endloop
  endfacet
  facet normal 0 -1 0
    outer loop
      vertex -0.0195236 -0.0522995 -0.0113995
      vertex 0.0195236 -0.0522995 -0.0113995
      vertex 0.0214755 -0.0522995 -0.0110325
    endloop
  endfacet
  facet normal 0 -1 0
    outer loop
      vertex -0.0176241 -0.0522995 -0.0117564
      vertex 0.0195236 -0.0522995 -0.0113995
      vertex -0.0195236 -0.0522995 -0.0113995
    endloop
  endfacet
  facet normal 0 -1 0
    outer loop
      vertex -0.0176241 -0.0522995 -0.0117564
      vertex 0.0176241 -0.0522995 -0.0117564
      vertex 0.0195236 -0.0522995 -0.0113995
    endloop
  endfacet
  facet normal 0 -1 0
    outer loop
      vertex -0.0149704 -0.0522995 -0.0121675
      vertex 0.0176241 -0.0522995 -0.0117564
      vertex -0.0176241 -0.0522995 -0.0117564
    endloop
  endfacet
  facet normal 0 -1 0
    outer loop
      vertex -0.0149704 -0.0522995 -0.0121675
      vertex 0.0149704 -0.0522995 -0.0121675
      vertex 0.0176241 -0.0522995 -0.0117564
    endloop
  endfacet
  facet normal 0 -1 0
    outer loop
      vertex -0.0108005 -0.0522995 -0.0127077
      vertex -0.0149704 -0.0522995 -0.0121675
      vertex -0.0139266 -0.0522995 -0.0123291
    endloop
  endfacet
  facet normal 0 -1 0
    outer loop
      vertex -0.0149704 -0.0522995 -0.0121675
      vertex -0.0108005 -0.0522995 -0.0127077
      vertex 0.0149704 -0.0522995 -0.0121675
    endloop
  endfacet
  facet normal 0 -1 0
    outer loop
      vertex 0.0108005 -0.0522995 -0.0127077
      vertex 0.0149704 -0.0522995 -0.0121675
      vertex -0.0108005 -0.0522995 -0.0127077
    endloop
  endfacet
  facet normal 0 -1 0
    outer loop
      vertex 0.0149704 -0.0522995 -0.0121675
      vertex 0.0108005 -0.0522995 -0.0127077
      vertex 0.0139266 -0.0522995 -0.0123291
    endloop
  endfacet
  facet normal 0 -1 0
    outer loop
      vertex -0.00998502 -0.0522995 -0.012794
      vertex -0.0108005 -0.0522995 -0.0127077
      vertex -0.0103468 -0.0522995 -0.0127626
    endloop
  endfacet
  facet normal 0 -1 0
    outer loop
      vertex -0.0108005 -0.0522995 -0.0127077
      vertex -0.00998502 -0.0522995 -0.012794
      vertex 0.0108005 -0.0522995 -0.0127077
    endloop
  endfacet
  facet normal 0 -1 0
    outer loop
      vertex 0.00998502 -0.0522995 -0.012794
      vertex 0.0108005 -0.0522995 -0.0127077
      vertex -0.00998502 -0.0522995 -0.012794
    endloop
  endfacet
  facet normal 0 -1 0
    outer loop
      vertex 0.0108005 -0.0522995 -0.0127077
      vertex 0.00998502 -0.0522995 -0.012794
      vertex 0.0103468 -0.0522995 -0.0127626
    endloop
  endfacet
  facet normal 0 -1 0
    outer loop
      vertex -0.00555992 -0.0522995 -0.0131335
      vertex -0.00998502 -0.0522995 -0.012794
      vertex -0.00685213 -0.0522995 -0.0130661
    endloop
  endfacet
  facet normal 0 -1 0
    outer loop
      vertex -0.00998502 -0.0522995 -0.012794
      vertex -0.00555992 -0.0522995 -0.0131335
      vertex 0.00998502 -0.0522995 -0.012794
    endloop
  endfacet
  facet normal 0 -1 0
    outer loop
      vertex 0.00555992 -0.0522995 -0.0131335
      vertex 0.00998502 -0.0522995 -0.012794
      vertex -0.00555992 -0.0522995 -0.0131335
    endloop
  endfacet
  facet normal 0 -1 0
    outer loop
      vertex 0.00998502 -0.0522995 -0.012794
      vertex 0.00555992 -0.0522995 -0.0131335
      vertex 0.00685213 -0.0522995 -0.0130661
    endloop
  endfacet
  facet normal 0 -1 0
    outer loop
      vertex -0.00349729 -0.0522995 -0.0132257
      vertex 0.00555992 -0.0522995 -0.0131335
      vertex -0.00555992 -0.0522995 -0.0131335
    endloop
  endfacet
  facet normal 0 -1 0
    outer loop
      vertex -0.00349729 -0.0522995 -0.0132257
      vertex 0.00349729 -0.0522995 -0.0132257
      vertex 0.00555992 -0.0522995 -0.0131335
    endloop
  endfacet
  facet normal 0 -1 0
    outer loop
      vertex -0.000133922 -0.0522995 -0.0132785
      vertex -0.00349729 -0.0522995 -0.0132257
      vertex -0.00341194 -0.0522995 -0.0132295
    endloop
  endfacet
  facet normal 0 -1 0
    outer loop
      vertex -0.00349729 -0.0522995 -0.0132257
      vertex -0.000133922 -0.0522995 -0.0132785
      vertex 0.00349729 -0.0522995 -0.0132257
    endloop
  endfacet
  facet normal 0 -1 0
    outer loop
      vertex 0.000133922 -0.0522995 -0.0132785
      vertex 0.00349729 -0.0522995 -0.0132257
      vertex -0.000133922 -0.0522995 -0.0132785
    endloop
  endfacet
  facet normal 0 -1 0
    outer loop
      vertex 0.00349729 -0.0522995 -0.0132257
      vertex 0.000133922 -0.0522995 -0.0132785
      vertex 0.00341194 -0.0522995 -0.0132295
    endloop
  endfacet
  facet normal -0 -1 0
    outer loop
      vertex 0.000133922 -0.0522995 -0.0132785
      vertex -0.000133922 -0.0522995 -0.0132785
      vertex 0 -0.0522995 -0.0132805
    endloop
  endfacet
endsolid OpenSCAD_Model
