solid OpenSCAD_Model
  facet normal 0.320187 -0.0101291 -0.9473
    outer loop
      vertex 0.0408249 -0.00253201 -0.0197009
      vertex 0.0336905 0 -0.0221394
      vertex 0.040905 0 -0.0197009
    endloop
  endfacet
  facet normal -0.00993357 -0.324259 -0.945916
    outer loop
      vertex 0 -0.040329 -0.0197009
      vertex -0.00211525 -0.0331507 -0.0221394
      vertex 0 -0.0332155 -0.0221394
    endloop
  endfacet
  facet normal -0.0441544 -0.124349 -0.991256
    outer loop
      vertex -0.00351143 -0.0106554 -0.0265702
      vertex -0.00695419 -0.0173168 -0.0255812
      vertex -0.00418282 -0.010417 -0.0265702
    endloop
  endfacet
  facet normal -0.371903 -0.332646 -0.866623
    outer loop
      vertex -0.0448103 -0.0414867 -0.00963484
      vertex -0.0473642 -0.0386314 -0.00963484
      vertex -0.0399647 -0.0370007 -0.0134362
    endloop
  endfacet
  facet normal 0.148596 -0.418693 -0.895888
    outer loop
      vertex 0.0169411 -0.0514059 -0.0134362
      vertex 0.0148201 -0.0449696 -0.016796
      vertex 0.0201817 -0.0502558 -0.0134362
    endloop
  endfacet
  facet normal 0.285352 -0.147429 -0.947016
    outer loop
      vertex 0.0358458 -0.0194283 -0.0197009
      vertex 0.0304842 -0.014142 -0.0221394
      vertex 0.0370121 -0.0171709 -0.0197009
    endloop
  endfacet
  facet normal 0.179873 -0.268433 -0.946356
    outer loop
      vertex 0.0219183 -0.0340509 -0.0197009
      vertex 0.0180521 -0.0280447 -0.0221394
      vertex 0.0240431 -0.0326271 -0.0197009
    endloop
  endfacet
  facet normal 0.427174 -0.256149 -0.867127
    outer loop
      vertex 0.0519018 -0.0324736 -0.00963484
      vertex 0.0520992 -0.0282383 -0.0107887
      vertex 0.0520992 -0.0321444 -0.00963484
    endloop
  endfacet
  facet normal 0.427056 -0.256159 -0.867183
    outer loop
      vertex 0.0520992 -0.0282383 -0.0107887
      vertex 0.0519018 -0.0324736 -0.00963484
      vertex 0.0480423 -0.0260391 -0.0134362
    endloop
  endfacet
  facet normal -0.422444 -0.123712 -0.897907
    outer loop
      vertex -0.0520992 -0.016667 -0.0134604
      vertex -0.0456114 -0.0146112 -0.016796
      vertex -0.0520992 -0.0166895 -0.0134573
    endloop
  endfacet
  facet normal -0.422199 -0.124496 -0.897914
    outer loop
      vertex -0.0456114 -0.0146112 -0.016796
      vertex -0.0520992 -0.016667 -0.0134604
      vertex -0.0464525 -0.0117588 -0.016796
    endloop
  endfacet
  facet normal -0.314887 -0.21709 -0.923969
    outer loop
      vertex -0.0387993 -0.027792 -0.016796
      vertex -0.040493 -0.0253353 -0.016796
      vertex -0.0330935 -0.0237045 -0.0197009
    endloop
  endfacet
  facet normal -0.410176 -0.28283 -0.867043
    outer loop
      vertex -0.0443525 -0.0317698 -0.0134362
      vertex -0.0497313 -0.0356226 -0.00963484
      vertex -0.0462885 -0.0289621 -0.0134362
    endloop
  endfacet
  facet normal 0.224769 -0.447567 -0.865542
    outer loop
      vertex 0.0252954 -0.0529995 -0.0108129
      vertex 0.0233421 -0.0489073 -0.0134362
      vertex 0.0294498 -0.0529995 -0.00973406
    endloop
  endfacet
  facet normal -0.148629 -0.418664 -0.895896
    outer loop
      vertex -0.0148201 -0.0449696 -0.016796
      vertex -0.0201817 -0.0502558 -0.0134362
      vertex -0.0176544 -0.0439634 -0.016796
    endloop
  endfacet
  facet normal -0.437825 -0.0419417 -0.898081
    outer loop
      vertex -0.0520992 -0.00432191 -0.0146681
      vertex -0.047864 -0.00296879 -0.016796
      vertex -0.0475807 -0.00592613 -0.016796
    endloop
  endfacet
  facet normal -0.437834 -0.0419078 -0.898079
    outer loop
      vertex -0.047864 -0.00296879 -0.016796
      vertex -0.0520992 -0.00432191 -0.0146681
      vertex -0.0520992 -0.00323113 -0.014719
    endloop
  endfacet
  facet normal -0.146038 -0.130642 -0.980615
    outer loop
      vertex -0.0137701 -0.0127487 -0.0255812
      vertex -0.0202971 -0.0165548 -0.0241021
      vertex -0.014555 -0.0118713 -0.0255812
    endloop
  endfacet
  facet normal -0.127217 -0.0288103 -0.991456
    outer loop
      vertex -0.0110073 -0.00278568 -0.0265702
      vertex -0.0185556 -0.00348949 -0.0255812
      vertex -0.0111628 -0.00209904 -0.0265702
    endloop
  endfacet
  facet normal -0.44214 -0.22839 -0.867381
    outer loop
      vertex -0.0520992 -0.0259135 -0.0114013
      vertex -0.0496054 -0.0230131 -0.0134362
      vertex -0.0480423 -0.0260391 -0.0134362
    endloop
  endfacet
  facet normal -0.442142 -0.228389 -0.867381
    outer loop
      vertex -0.0496054 -0.0230131 -0.0134362
      vertex -0.0520992 -0.0259135 -0.0114013
      vertex -0.0520992 -0.0241703 -0.0118603
    endloop
  endfacet
  facet normal -0.162832 -0.279406 -0.946265
    outer loop
      vertex -0.0197058 -0.0353403 -0.0197009
      vertex -0.0219183 -0.0340509 -0.0197009
      vertex -0.0162306 -0.0291071 -0.0221394
    endloop
  endfacet
  facet normal -0.255011 -0.040945 -0.966071
    outer loop
      vertex -0.0330935 -0.00622368 -0.0221394
      vertex -0.0334244 -0.00416279 -0.0221394
      vertex -0.025876 -0.0048666 -0.0241021
    endloop
  endfacet
  facet normal -0.251925 -0.0572011 -0.966055
    outer loop
      vertex -0.0255146 -0.00645828 -0.0241021
      vertex -0.0326319 -0.00825977 -0.0221394
      vertex -0.025876 -0.0048666 -0.0241021
    endloop
  endfacet
  facet normal -0.466962 -0.170616 -0.867661
    outer loop
      vertex -0.0509729 -0.0198975 -0.0134362
      vertex -0.0520992 -0.0203371 -0.0127436
      vertex -0.0520992 -0.0168149 -0.0134362
    endloop
  endfacet
  facet normal -0.434373 -0.0697823 -0.898026
    outer loop
      vertex -0.0471096 -0.00885963 -0.016796
      vertex -0.0520992 -0.00979828 -0.0143096
      vertex -0.0520992 -0.00743039 -0.0144936
    endloop
  endfacet
  facet normal 0.0242928 -0.260443 -0.965184
    outer loop
      vertex 0.00422192 -0.0329542 -0.0221394
      vertex 0.00211525 -0.0331507 -0.0221394
      vertex 0.00330162 -0.0257664 -0.0241021
    endloop
  endfacet
  facet normal -0.137724 -0.13962 -0.980581
    outer loop
      vertex -0.0129309 -0.0135765 -0.0255812
      vertex -0.0192022 -0.0177784 -0.0241021
      vertex -0.0137701 -0.0127487 -0.0255812
    endloop
  endfacet
  facet normal -0.347211 -0.273049 -0.897156
    outer loop
      vertex -0.0422421 -0.0344534 -0.0134362
      vertex -0.0443525 -0.0317698 -0.0134362
      vertex -0.0387993 -0.027792 -0.016796
    endloop
  endfacet
  facet normal 0.336857 -0.44048 -0.832168
    outer loop
      vertex 0.0390565 -0.0529995 -0.00635015
      vertex 0.0432663 -0.0515633 -0.00540625
      vertex 0.0413883 -0.0529995 -0.00540625
    endloop
  endfacet
  facet normal 0.336854 -0.440463 -0.832179
    outer loop
      vertex 0.0432663 -0.0515633 -0.00540625
      vertex 0.0390565 -0.0529995 -0.00635015
      vertex 0.0361319 -0.0490303 -0.00963484
    endloop
  endfacet
  facet normal -0.073242 -0.10934 -0.991302
    outer loop
      vertex -0.0101213 -0.0157251 -0.0255812
      vertex -0.0111036 -0.0150671 -0.0255812
      vertex -0.00608921 -0.0094595 -0.0265702
    endloop
  endfacet
  facet normal 0.145163 -0.289162 -0.94621
    outer loop
      vertex 0.017416 -0.0364914 -0.0197009
      vertex 0.0143442 -0.0300541 -0.0221394
      vertex 0.0162306 -0.0291071 -0.0221394
    endloop
  endfacet
  facet normal -0.0891819 -0.311573 -0.946028
    outer loop
      vertex -0.0101728 -0.0390625 -0.0197009
      vertex -0.0104103 -0.0315905 -0.0221394
      vertex -0.00837803 -0.0321722 -0.0221394
    endloop
  endfacet
  facet normal -0.391859 -0.308286 -0.866837
    outer loop
      vertex -0.0473642 -0.0386314 -0.00963484
      vertex -0.0497313 -0.0356226 -0.00963484
      vertex -0.0422421 -0.0344534 -0.0134362
    endloop
  endfacet
  facet normal -0.365758 -0.107853 -0.92444
    outer loop
      vertex -0.0456114 -0.0146112 -0.016796
      vertex -0.0464525 -0.0117588 -0.016796
      vertex -0.0389032 -0.0124617 -0.0197009
    endloop
  endfacet
  facet normal -0.128767 -0.148147 -0.980547
    outer loop
      vertex -0.0120411 -0.0143499 -0.0255812
      vertex -0.0167913 -0.0200109 -0.0241021
      vertex -0.0129309 -0.0135765 -0.0255812
    endloop
  endfacet
  facet normal -0.257023 -0.024751 -0.966088
    outer loop
      vertex -0.0261345 -0.00325489 -0.0241021
      vertex -0.0334244 -0.00416279 -0.0221394
      vertex -0.0262909 -0.00163078 -0.0241021
    endloop
  endfacet
  facet normal -0.427001 -0.2562 -0.867198
    outer loop
      vertex -0.0462885 -0.0289621 -0.0134362
      vertex -0.0519018 -0.0324736 -0.00963484
      vertex -0.0480423 -0.0260391 -0.0134362
    endloop
  endfacet
  facet normal -0.312571 -0.0709136 -0.947244
    outer loop
      vertex -0.0396204 -0.0100288 -0.0197009
      vertex -0.0401812 -0.00755692 -0.0197009
      vertex -0.0326319 -0.00825977 -0.0221394
    endloop
  endfacet
  facet normal -0.275595 -0.165344 -0.946947
    outer loop
      vertex -0.0345373 -0.0216093 -0.0197009
      vertex -0.0358458 -0.0194283 -0.0197009
      vertex -0.0295229 -0.0160017 -0.0221394
    endloop
  endfacet
  facet normal -0.0649726 -0.00609822 -0.997868
    outer loop
      vertex -0.0037632 -0.000468254 -0.0270651
      vertex -0.011342 -0.000702858 -0.0265702
      vertex -0.00378513 -0.000234604 -0.0270651
    endloop
  endfacet
  facet normal 0.425316 -0.431321 -0.795656
    outer loop
      vertex 0.0464649 -0.0487823 -0.00540625
      vertex 0.0520992 -0.0482352 -0.00269103
      vertex 0.0520992 -0.0496627 -0.00191719
    endloop
  endfacet
  facet normal 0.425315 -0.431325 -0.795654
    outer loop
      vertex 0.0520992 -0.0482352 -0.00269103
      vertex 0.0464649 -0.0487823 -0.00540625
      vertex 0.0494795 -0.0458097 -0.00540625
    endloop
  endfacet
  facet normal 0.172801 -0.343656 -0.92306
    outer loop
      vertex 0.0204201 -0.0427837 -0.016796
      vertex 0.0197058 -0.0353403 -0.0197009
      vertex 0.0231037 -0.0414343 -0.016796
    endloop
  endfacet
  facet normal 0.182477 -0.185074 -0.965634
    outer loop
      vertex 0.0230627 -0.0242128 -0.0221394
      vertex 0.0180321 -0.0189323 -0.0241021
      vertex 0.024559 -0.0227375 -0.0221394
    endloop
  endfacet
  facet normal -0.0100001 -0.324276 -0.94591
    outer loop
      vertex 0 -0.040329 -0.0197009
      vertex -0.00256824 -0.0402498 -0.0197009
      vertex -0.00211525 -0.0331507 -0.0221394
    endloop
  endfacet
  facet normal 0.246758 -0.368238 -0.896388
    outer loop
      vertex 0.0293751 -0.0456371 -0.0134362
      vertex 0.0256977 -0.0399227 -0.016796
      vertex 0.0281897 -0.0382528 -0.016796
    endloop
  endfacet
  facet normal 0.358346 -0.130872 -0.92437
    outer loop
      vertex 0.044591 -0.0174055 -0.016796
      vertex 0.0380325 -0.0148458 -0.0197009
      vertex 0.0389032 -0.0124617 -0.0197009
    endloop
  endfacet
  facet normal -0.172801 -0.343656 -0.92306
    outer loop
      vertex -0.0204201 -0.0427837 -0.016796
      vertex -0.0231037 -0.0414343 -0.016796
      vertex -0.0197058 -0.0353403 -0.0197009
    endloop
  endfacet
  facet normal 0.0594438 -0.380902 -0.922702
    outer loop
      vertex 0.00601006 -0.0469103 -0.016796
      vertex 0.005126 -0.0400114 -0.0197009
      vertex 0.00898647 -0.0464458 -0.016796
    endloop
  endfacet
  facet normal -0.211615 -0.243529 -0.946527
    outer loop
      vertex -0.0260735 -0.0310745 -0.0197009
      vertex -0.0280018 -0.0293989 -0.0197009
      vertex -0.0214748 -0.0255928 -0.0221394
    endloop
  endfacet
  facet normal 0.434765 -0.342059 -0.833051
    outer loop
      vertex 0.0520992 -0.0424935 -0.00557785
      vertex 0.0473642 -0.0386314 -0.00963484
      vertex 0.0520992 -0.0390723 -0.00698263
    endloop
  endfacet
  facet normal 0.196692 -0.460874 -0.865394
    outer loop
      vertex 0.0252954 -0.0529995 -0.0108129
      vertex 0.0229499 -0.0529995 -0.011346
      vertex 0.0233421 -0.0489073 -0.0134362
    endloop
  endfacet
  facet normal 0.422277 -0.124391 -0.897891
    outer loop
      vertex 0.0520992 -0.016667 -0.0134604
      vertex 0.0464525 -0.0117588 -0.016796
      vertex 0.0520992 -0.0131885 -0.0139423
    endloop
  endfacet
  facet normal 0.0357649 -0.38393 -0.922669
    outer loop
      vertex 0.00301075 -0.0471897 -0.016796
      vertex 0.00256824 -0.0402498 -0.0197009
      vertex 0.00601006 -0.0469103 -0.016796
    endloop
  endfacet
  facet normal -0.0991569 -0.169964 -0.980449
    outer loop
      vertex -0.0126905 -0.0227585 -0.0241021
      vertex -0.0141144 -0.0219278 -0.0241021
      vertex -0.0101213 -0.0157251 -0.0255812
    endloop
  endfacet
  facet normal -0.437837 -0.041987 -0.898073
    outer loop
      vertex -0.0475807 -0.00592613 -0.016796
      vertex -0.0520992 -0.00648865 -0.0145668
      vertex -0.0520992 -0.00432191 -0.0146681
    endloop
  endfacet
  facet normal -0.264841 -0.182463 -0.946872
    outer loop
      vertex -0.027256 -0.0195236 -0.0221394
      vertex -0.0345373 -0.0216093 -0.0197009
      vertex -0.0284452 -0.0177975 -0.0221394
    endloop
  endfacet
  facet normal -0.34952 -0.153391 -0.924287
    outer loop
      vertex -0.0370121 -0.0171709 -0.0197009
      vertex -0.044591 -0.0174055 -0.016796
      vertex -0.0380325 -0.0148458 -0.0197009
    endloop
  endfacet
  facet normal -0.427115 -0.256113 -0.867167
    outer loop
      vertex -0.0520992 -0.0321444 -0.00963484
      vertex -0.0480423 -0.0260391 -0.0134362
      vertex -0.0519018 -0.0324736 -0.00963484
    endloop
  endfacet
  facet normal -0.427052 -0.256165 -0.867183
    outer loop
      vertex -0.0480423 -0.0260391 -0.0134362
      vertex -0.0520992 -0.0321444 -0.00963484
      vertex -0.0520992 -0.0282383 -0.0107887
    endloop
  endfacet
  facet normal -0.378264 -0.226873 -0.897466
    outer loop
      vertex -0.040493 -0.0253353 -0.016796
      vertex -0.0480423 -0.0260391 -0.0134362
      vertex -0.0420265 -0.0227785 -0.016796
    endloop
  endfacet
  facet normal -0.25166 -0.289525 -0.923495
    outer loop
      vertex -0.03057 -0.0364323 -0.016796
      vertex -0.0328302 -0.0344677 -0.016796
      vertex -0.0280018 -0.0293989 -0.0197009
    endloop
  endfacet
  facet normal -0.429165 -0.0972707 -0.897973
    outer loop
      vertex -0.0520992 -0.0105143 -0.0142321
      vertex -0.0471096 -0.00885963 -0.016796
      vertex -0.0464525 -0.0117588 -0.016796
    endloop
  endfacet
  facet normal -0.429189 -0.0971938 -0.89797
    outer loop
      vertex -0.0471096 -0.00885963 -0.016796
      vertex -0.0520992 -0.0105143 -0.0142321
      vertex -0.0520992 -0.00979828 -0.0143096
    endloop
  endfacet
  facet normal -0.378251 -0.226951 -0.897452
    outer loop
      vertex -0.0462885 -0.0289621 -0.0134362
      vertex -0.0480423 -0.0260391 -0.0134362
      vertex -0.040493 -0.0253353 -0.016796
    endloop
  endfacet
  facet normal -0.31049 -0.315056 -0.896848
    outer loop
      vertex -0.037529 -0.0394011 -0.0134362
      vertex -0.0399647 -0.0370007 -0.0134362
      vertex -0.0328302 -0.0344677 -0.016796
    endloop
  endfacet
  facet normal 0.0626643 -0.0184705 -0.997864
    outer loop
      vertex 0.010808 -0.00346184 -0.0265702
      vertex 0.00367355 -0.000929832 -0.0270651
      vertex 0.0110073 -0.00278568 -0.0265702
    endloop
  endfacet
  facet normal -0.307577 -0.0905869 -0.947201
    outer loop
      vertex -0.0320415 -0.0102644 -0.0221394
      vertex -0.0396204 -0.0100288 -0.0197009
      vertex -0.0326319 -0.00825977 -0.0221394
    endloop
  endfacet
  facet normal -0.15382 -0.121112 -0.980648
    outer loop
      vertex -0.014555 -0.0118713 -0.0255812
      vertex -0.0202971 -0.0165548 -0.0241021
      vertex -0.0152826 -0.0109472 -0.0255812
    endloop
  endfacet
  facet normal 0.312571 -0.0709136 -0.947244
    outer loop
      vertex 0.0396204 -0.0100288 -0.0197009
      vertex 0.0326319 -0.00825977 -0.0221394
      vertex 0.0401812 -0.00755692 -0.0197009
    endloop
  endfacet
  facet normal 0.173522 -0.0897221 -0.980734
    outer loop
      vertex 0.0230837 -0.0125113 -0.0241021
      vertex 0.0165539 -0.00897217 -0.0255812
      vertex 0.0238352 -0.0110579 -0.0241021
    endloop
  endfacet
  facet normal 0.224964 -0.447414 -0.86557
    outer loop
      vertex 0.0294498 -0.0529995 -0.00973406
      vertex 0.0264111 -0.0473652 -0.0134362
      vertex 0.0295523 -0.0529995 -0.00970742
    endloop
  endfacet
  facet normal 0.224846 -0.447476 -0.865569
    outer loop
      vertex 0.0264111 -0.0473652 -0.0134362
      vertex 0.0294498 -0.0529995 -0.00973406
      vertex 0.0233421 -0.0489073 -0.0134362
    endloop
  endfacet
  facet normal 0.378264 -0.226873 -0.897466
    outer loop
      vertex 0.0480423 -0.0260391 -0.0134362
      vertex 0.040493 -0.0253353 -0.016796
      vertex 0.0420265 -0.0227785 -0.016796
    endloop
  endfacet
  facet normal 0.314887 -0.21709 -0.923969
    outer loop
      vertex 0.0387993 -0.027792 -0.016796
      vertex 0.0330935 -0.0237045 -0.0197009
      vertex 0.040493 -0.0253353 -0.016796
    endloop
  endfacet
  facet normal -0.0242587 -0.260438 -0.965186
    outer loop
      vertex -0.00211525 -0.0331507 -0.0221394
      vertex -0.00330162 -0.0257664 -0.0241021
      vertex -0.00165367 -0.0259199 -0.0241021
    endloop
  endfacet
  facet normal 0.12874 -0.0207169 -0.991462
    outer loop
      vertex 0.0185556 -0.00348949 -0.0255812
      vertex 0.0111628 -0.00209904 -0.0265702
      vertex 0.0187416 -0.00233364 -0.0255812
    endloop
  endfacet
  facet normal -0.473841 -0.284132 -0.833513
    outer loop
      vertex -0.0519018 -0.0324736 -0.00963484
      vertex -0.0520992 -0.0324675 -0.0095247
      vertex -0.0520992 -0.0321444 -0.00963484
    endloop
  endfacet
  facet normal -0.350432 -0.355586 -0.866462
    outer loop
      vertex -0.037529 -0.0394011 -0.0134362
      vertex -0.0420799 -0.044179 -0.00963484
      vertex -0.0399647 -0.0370007 -0.0134362
    endloop
  endfacet
  facet normal -0.108473 -0.305218 -0.946084
    outer loop
      vertex -0.0104103 -0.0315905 -0.0221394
      vertex -0.0150576 -0.0374975 -0.0197009
      vertex -0.0124016 -0.0308828 -0.0221394
    endloop
  endfacet
  facet normal -0.269053 -0.35192 -0.896528
    outer loop
      vertex -0.0322237 -0.0437279 -0.0134362
      vertex -0.0349455 -0.041647 -0.0134362
      vertex -0.0281897 -0.0382528 -0.016796
    endloop
  endfacet
  facet normal -0.131378 -0.225195 -0.965416
    outer loop
      vertex -0.0126905 -0.0227585 -0.0241021
      vertex -0.0180521 -0.0280447 -0.0221394
      vertex -0.0141144 -0.0219278 -0.0241021
    endloop
  endfacet
  facet normal -0.0719346 -0.251244 -0.965247
    outer loop
      vertex -0.00655079 -0.0251551 -0.0241021
      vertex -0.0104103 -0.0315905 -0.0221394
      vertex -0.00813961 -0.0247002 -0.0241021
    endloop
  endfacet
  facet normal 0.397665 -0.457482 -0.795345
    outer loop
      vertex 0.0444713 -0.0529995 -0.00397766
      vertex 0.0432663 -0.0515633 -0.00540625
      vertex 0.0497831 -0.0529995 -0.00132181
    endloop
  endfacet
  facet normal 0.279692 -0.479568 -0.831737
    outer loop
      vertex 0.0341154 -0.0529995 -0.00818422
      vertex 0.0298016 -0.0529995 -0.00963484
      vertex 0.032938 -0.0511703 -0.00963484
    endloop
  endfacet
  facet normal 0.308843 -0.460924 -0.831964
    outer loop
      vertex 0.0372242 -0.0529995 -0.00703034
      vertex 0.0361319 -0.0490303 -0.00963484
      vertex 0.0390565 -0.0529995 -0.00635015
    endloop
  endfacet
  facet normal 0.308834 -0.460928 -0.831966
    outer loop
      vertex 0.0361319 -0.0490303 -0.00963484
      vertex 0.0372242 -0.0529995 -0.00703034
      vertex 0.032938 -0.0511703 -0.00963484
    endloop
  endfacet
  facet normal 0.455455 -0.199889 -0.867528
    outer loop
      vertex 0.0520992 -0.0213288 -0.0125151
      vertex 0.0509729 -0.0198975 -0.0134362
      vertex 0.0520992 -0.0203371 -0.0127436
    endloop
  endfacet
  facet normal -0.308788 -0.461002 -0.831942
    outer loop
      vertex -0.0341154 -0.0529995 -0.00818422
      vertex -0.0372242 -0.0529995 -0.00703034
      vertex -0.032938 -0.0511703 -0.00963484
    endloop
  endfacet
  facet normal -0.172761 -0.343662 -0.923066
    outer loop
      vertex -0.017416 -0.0364914 -0.0197009
      vertex -0.0204201 -0.0427837 -0.016796
      vertex -0.0197058 -0.0353403 -0.0197009
    endloop
  endfacet
  facet normal -0.196107 -0.256492 -0.946443
    outer loop
      vertex -0.0198021 -0.0268717 -0.0221394
      vertex -0.0240431 -0.0326271 -0.0197009
      vertex -0.0214748 -0.0255928 -0.0221394
    endloop
  endfacet
  facet normal -0.161089 -0.11099 -0.980679
    outer loop
      vertex -0.0213118 -0.0152655 -0.0241021
      vertex -0.0222416 -0.013916 -0.0241021
      vertex -0.0152826 -0.0109472 -0.0255812
    endloop
  endfacet
  facet normal -0.119387 -0.156009 -0.980514
    outer loop
      vertex -0.0154839 -0.0210114 -0.0241021
      vertex -0.0167913 -0.0200109 -0.0241021
      vertex -0.0120411 -0.0143499 -0.0255812
    endloop
  endfacet
  facet normal -0.2039 -0.160473 -0.96575
    outer loop
      vertex -0.0202971 -0.0165548 -0.0241021
      vertex -0.025959 -0.0211725 -0.0221394
      vertex -0.0213118 -0.0152655 -0.0241021
    endloop
  endfacet
  facet normal -0.320146 -0.0102583 -0.947313
    outer loop
      vertex -0.0336237 -0.00208473 -0.0221394
      vertex -0.0408249 -0.00253201 -0.0197009
      vertex -0.0336905 0 -0.0221394
    endloop
  endfacet
  facet normal -0.379294 -0.0363347 -0.924562
    outer loop
      vertex -0.0475807 -0.00592613 -0.016796
      vertex -0.047864 -0.00296879 -0.016796
      vertex -0.0408249 -0.00253201 -0.0197009
    endloop
  endfacet
  facet normal -0.264831 -0.182494 -0.946869
    outer loop
      vertex -0.0330935 -0.0237045 -0.0197009
      vertex -0.0345373 -0.0216093 -0.0197009
      vertex -0.027256 -0.0195236 -0.0221394
    endloop
  endfacet
  facet normal -0.391887 -0.308183 -0.866861
    outer loop
      vertex -0.0422421 -0.0344534 -0.0134362
      vertex -0.0497313 -0.0356226 -0.00963484
      vertex -0.0443525 -0.0317698 -0.0134362
    endloop
  endfacet
  facet normal -0.363398 -0.250575 -0.897304
    outer loop
      vertex -0.0443525 -0.0317698 -0.0134362
      vertex -0.0462885 -0.0289621 -0.0134362
      vertex -0.0387993 -0.027792 -0.016796
    endloop
  endfacet
  facet normal -0.434773 -0.342027 -0.833061
    outer loop
      vertex -0.0520992 -0.0373186 -0.00770264
      vertex -0.0473642 -0.0386314 -0.00963484
      vertex -0.0520992 -0.0390723 -0.00698263
    endloop
  endfacet
  facet normal -0.434775 -0.342049 -0.83305
    outer loop
      vertex -0.0473642 -0.0386314 -0.00963484
      vertex -0.0520992 -0.0373186 -0.00770264
      vertex -0.0497313 -0.0356226 -0.00963484
    endloop
  endfacet
  facet normal -0.410257 -0.282776 -0.867022
    outer loop
      vertex -0.0497313 -0.0356226 -0.00963484
      vertex -0.0519018 -0.0324736 -0.00963484
      vertex -0.0462885 -0.0289621 -0.0134362
    endloop
  endfacet
  facet normal -0.442127 -0.228551 -0.867345
    outer loop
      vertex -0.0480423 -0.0260391 -0.0134362
      vertex -0.0520992 -0.0282383 -0.0107887
      vertex -0.0520992 -0.0259135 -0.0114013
    endloop
  endfacet
  facet normal -0.349517 -0.153428 -0.924282
    outer loop
      vertex -0.0433941 -0.0201321 -0.016796
      vertex -0.044591 -0.0174055 -0.016796
      vertex -0.0370121 -0.0171709 -0.0197009
    endloop
  endfacet
  facet normal -0.371772 -0.0842626 -0.924492
    outer loop
      vertex -0.0464525 -0.0117588 -0.016796
      vertex -0.0471096 -0.00885963 -0.016796
      vertex -0.0401812 -0.00755692 -0.0197009
    endloop
  endfacet
  facet normal 0.0697272 -0.316625 -0.945985
    outer loop
      vertex 0.0101728 -0.0390625 -0.0197009
      vertex 0.00631237 -0.0326271 -0.0221394
      vertex 0.00837803 -0.0321722 -0.0221394
    endloop
  endfacet
  facet normal -0.0798788 -0.104445 -0.991318
    outer loop
      vertex -0.00667953 -0.00906372 -0.0265702
      vertex -0.0111036 -0.0150671 -0.0255812
      vertex -0.00724316 -0.00863266 -0.0265702
    endloop
  endfacet
  facet normal -0.0613883 -0.0224647 -0.997861
    outer loop
      vertex -0.0105658 -0.00412369 -0.0265702
      vertex -0.010808 -0.00346184 -0.0265702
      vertex -0.00352669 -0.00137615 -0.0270651
    endloop
  endfacet
  facet normal -0.194672 -0.00619382 -0.980849
    outer loop
      vertex -0.0188532 -0.0011692 -0.0255812
      vertex -0.0262909 -0.00163078 -0.0241021
      vertex -0.0188904 0 -0.0255812
    endloop
  endfacet
  facet normal 0.192357 -0.0309542 -0.980837
    outer loop
      vertex 0.025876 -0.0048666 -0.0241021
      vertex 0.0185556 -0.00348949 -0.0255812
      vertex 0.0187416 -0.00233364 -0.0255812
    endloop
  endfacet
  facet normal -0.0732826 -0.109304 -0.991303
    outer loop
      vertex -0.00608921 -0.0094595 -0.0265702
      vertex -0.0111036 -0.0150671 -0.0255812
      vertex -0.00667953 -0.00906372 -0.0265702
    endloop
  endfacet
  facet normal 0.371942 -0.332533 -0.866649
    outer loop
      vertex 0.0473642 -0.0386314 -0.00963484
      vertex 0.0399647 -0.0370007 -0.0134362
      vertex 0.0422421 -0.0344534 -0.0134362
    endloop
  endfacet
  facet normal 0.116095 -0.0600765 -0.99142
    outer loop
      vertex 0.0165539 -0.00897217 -0.0255812
      vertex 0.00995827 -0.00539684 -0.0265702
      vertex 0.0102825 -0.00477028 -0.0265702
    endloop
  endfacet
  facet normal 0.0861375 -0.0991991 -0.991332
    outer loop
      vertex 0.0120411 -0.0143499 -0.0255812
      vertex 0.00724316 -0.00863266 -0.0265702
      vertex 0.00777912 -0.00816727 -0.0265702
    endloop
  endfacet
  facet normal 0.30082 -0.236644 -0.923854
    outer loop
      vertex 0.036953 -0.030139 -0.016796
      vertex 0.0330935 -0.0237045 -0.0197009
      vertex 0.0387993 -0.027792 -0.016796
    endloop
  endfacet
  facet normal 0.358354 -0.130861 -0.924369
    outer loop
      vertex 0.044591 -0.0174055 -0.016796
      vertex 0.0389032 -0.0124617 -0.0197009
      vertex 0.0456114 -0.0146112 -0.016796
    endloop
  endfacet
  facet normal 0.18324 -0.0669586 -0.980785
    outer loop
      vertex 0.0244923 -0.00956059 -0.0241021
      vertex 0.0175638 -0.00685596 -0.0255812
      vertex 0.0179663 -0.00575447 -0.0255812
    endloop
  endfacet
  facet normal 0.33688 -0.440415 -0.832194
    outer loop
      vertex 0.0432663 -0.0515633 -0.00540625
      vertex 0.0361319 -0.0490303 -0.00963484
      vertex 0.0391827 -0.0466967 -0.00963484
    endloop
  endfacet
  facet normal 0.122379 -0.427285 -0.895796
    outer loop
      vertex 0.0169411 -0.0514059 -0.0134362
      vertex 0.0119267 -0.0457983 -0.016796
      vertex 0.0148201 -0.0449696 -0.016796
    endloop
  endfacet
  facet normal 0.128767 -0.148147 -0.980547
    outer loop
      vertex 0.0167913 -0.0200109 -0.0241021
      vertex 0.0120411 -0.0143499 -0.0255812
      vertex 0.0129309 -0.0135765 -0.0255812
    endloop
  endfacet
  facet normal 0.035784 -0.383921 -0.922672
    outer loop
      vertex 0.00601006 -0.0469103 -0.016796
      vertex 0.00256824 -0.0402498 -0.0197009
      vertex 0.005126 -0.0400114 -0.0197009
    endloop
  endfacet
  facet normal 0.308788 -0.461002 -0.831942
    outer loop
      vertex 0.0341154 -0.0529995 -0.00818422
      vertex 0.032938 -0.0511703 -0.00963484
      vertex 0.0372242 -0.0529995 -0.00703034
    endloop
  endfacet
  facet normal 0.371772 -0.0842626 -0.924492
    outer loop
      vertex 0.0464525 -0.0117588 -0.016796
      vertex 0.0401812 -0.00755692 -0.0197009
      vertex 0.0471096 -0.00885963 -0.016796
    endloop
  endfacet
  facet normal 0.269098 -0.351845 -0.896544
    outer loop
      vertex 0.0349455 -0.041647 -0.0134362
      vertex 0.0281897 -0.0382528 -0.016796
      vertex 0.03057 -0.0364323 -0.016796
    endloop
  endfacet
  facet normal 0.437837 -0.041987 -0.898073
    outer loop
      vertex 0.0520992 -0.00648865 -0.0145668
      vertex 0.0475807 -0.00592613 -0.016796
      vertex 0.0520992 -0.00432191 -0.0146681
    endloop
  endfacet
  facet normal 0.412575 -0.369024 -0.832828
    outer loop
      vertex 0.0494795 -0.0458097 -0.00540625
      vertex 0.0448103 -0.0414867 -0.00963484
      vertex 0.0473642 -0.0386314 -0.00963484
    endloop
  endfacet
  facet normal 0.410257 -0.282776 -0.867022
    outer loop
      vertex 0.0497313 -0.0356226 -0.00963484
      vertex 0.0462885 -0.0289621 -0.0134362
      vertex 0.0519018 -0.0324736 -0.00963484
    endloop
  endfacet
  facet normal 0.0595148 -0.380865 -0.922713
    outer loop
      vertex 0.00898647 -0.0464458 -0.016796
      vertex 0.005126 -0.0400114 -0.0197009
      vertex 0.00766468 -0.0396147 -0.0197009
    endloop
  endfacet
  facet normal -0.0301055 -0.322997 -0.945921
    outer loop
      vertex -0.00256824 -0.0402498 -0.0197009
      vertex -0.005126 -0.0400114 -0.0197009
      vertex -0.00211525 -0.0331507 -0.0221394
    endloop
  endfacet
  facet normal 0.174276 -0.40844 -0.895994
    outer loop
      vertex 0.0233421 -0.0489073 -0.0134362
      vertex 0.0201817 -0.0502558 -0.0134362
      vertex 0.0204201 -0.0427837 -0.016796
    endloop
  endfacet
  facet normal -0.01197 -0.385441 -0.922655
    outer loop
      vertex 0 -0.0472832 -0.016796
      vertex -0.00301075 -0.0471897 -0.016796
      vertex -0.00256824 -0.0402498 -0.0197009
    endloop
  endfacet
  facet normal -0.0595148 -0.380865 -0.922713
    outer loop
      vertex -0.005126 -0.0400114 -0.0197009
      vertex -0.00898647 -0.0464458 -0.016796
      vertex -0.00766468 -0.0396147 -0.0197009
    endloop
  endfacet
  facet normal -0.0563529 -0.2553 -0.965218
    outer loop
      vertex -0.00493526 -0.0255117 -0.0241021
      vertex -0.00837803 -0.0321722 -0.0221394
      vertex -0.00655079 -0.0251551 -0.0241021
    endloop
  endfacet
  facet normal -0.0183122 -0.196597 -0.980313
    outer loop
      vertex -0.00165367 -0.0259199 -0.0241021
      vertex -0.00330162 -0.0257664 -0.0241021
      vertex -0.00118542 -0.0185881 -0.0255812
    endloop
  endfacet
  facet normal -0.12235 -0.427307 -0.89579
    outer loop
      vertex -0.0136337 -0.0523529 -0.0134362
      vertex -0.0169411 -0.0514059 -0.0134362
      vertex -0.0119267 -0.0457983 -0.016796
    endloop
  endfacet
  facet normal -0.0594438 -0.380902 -0.922702
    outer loop
      vertex -0.00601006 -0.0469103 -0.016796
      vertex -0.00898647 -0.0464458 -0.016796
      vertex -0.005126 -0.0400114 -0.0197009
    endloop
  endfacet
  facet normal 0.380743 -0.0120448 -0.924602
    outer loop
      vertex 0.0479593 0 -0.016796
      vertex 0.0408249 -0.00253201 -0.0197009
      vertex 0.040905 0 -0.0197009
    endloop
  endfacet
  facet normal -0.33688 -0.440415 -0.832194
    outer loop
      vertex -0.0361319 -0.0490303 -0.00963484
      vertex -0.0432663 -0.0515633 -0.00540625
      vertex -0.0391827 -0.0466967 -0.00963484
    endloop
  endfacet
  facet normal -0.290415 -0.33407 -0.896692
    outer loop
      vertex -0.0349455 -0.041647 -0.0134362
      vertex -0.037529 -0.0394011 -0.0134362
      vertex -0.0328302 -0.0344677 -0.016796
    endloop
  endfacet
  facet normal -0.145079 -0.216443 -0.965456
    outer loop
      vertex -0.0180521 -0.0280447 -0.0221394
      vertex -0.0198021 -0.0268717 -0.0221394
      vertex -0.0154839 -0.0210114 -0.0241021
    endloop
  endfacet
  facet normal -0.193556 -0.332125 -0.923163
    outer loop
      vertex -0.0197058 -0.0353403 -0.0197009
      vertex -0.0256977 -0.0399227 -0.016796
      vertex -0.0219183 -0.0340509 -0.0197009
    endloop
  endfacet
  facet normal -0.193546 -0.332137 -0.923161
    outer loop
      vertex -0.0231037 -0.0414343 -0.016796
      vertex -0.0256977 -0.0399227 -0.016796
      vertex -0.0197058 -0.0353403 -0.0197009
    endloop
  endfacet
  facet normal -0.223302 -0.383201 -0.896266
    outer loop
      vertex -0.0231037 -0.0414343 -0.016796
      vertex -0.0264111 -0.0473652 -0.0134362
      vertex -0.0256977 -0.0399227 -0.016796
    endloop
  endfacet
  facet normal 0.368426 -0.481761 -0.79509
    outer loop
      vertex 0.0444713 -0.0529995 -0.00397766
      vertex 0.0413883 -0.0529995 -0.00540625
      vertex 0.0432663 -0.0515633 -0.00540625
    endloop
  endfacet
  facet normal 0.397696 -0.457413 -0.795369
    outer loop
      vertex 0.0497831 -0.0529995 -0.00132181
      vertex 0.0464649 -0.0487823 -0.00540625
      vertex 0.0504806 -0.0529995 -0.00097305
    endloop
  endfacet
  facet normal 0.397695 -0.457414 -0.795369
    outer loop
      vertex 0.0464649 -0.0487823 -0.00540625
      vertex 0.0497831 -0.0529995 -0.00132181
      vertex 0.0432663 -0.0515633 -0.00540625
    endloop
  endfacet
  facet normal 0.167616 -0.472464 -0.865264
    outer loop
      vertex 0.0174663 -0.0529995 -0.0124643
      vertex 0.0169411 -0.0514059 -0.0134362
      vertex 0.0187744 -0.0529995 -0.0122109
    endloop
  endfacet
  facet normal -0.158141 -0.206836 -0.96551
    outer loop
      vertex -0.0198021 -0.0268717 -0.0221394
      vertex -0.0214748 -0.0255928 -0.0221394
      vertex -0.0154839 -0.0210114 -0.0241021
    endloop
  endfacet
  facet normal -0.211627 -0.243509 -0.946529
    outer loop
      vertex -0.0214748 -0.0255928 -0.0221394
      vertex -0.0280018 -0.0293989 -0.0197009
      vertex -0.0230627 -0.0242128 -0.0221394
    endloop
  endfacet
  facet normal -0.0874881 -0.246171 -0.96527
    outer loop
      vertex -0.0104103 -0.0315905 -0.0221394
      vertex -0.0124016 -0.0308828 -0.0221394
      vertex -0.00969696 -0.024148 -0.0241021
    endloop
  endfacet
  facet normal -0.145163 -0.289162 -0.94621
    outer loop
      vertex -0.0143442 -0.0300541 -0.0221394
      vertex -0.017416 -0.0364914 -0.0197009
      vertex -0.0162306 -0.0291071 -0.0221394
    endloop
  endfacet
  facet normal -0.162914 -0.279318 -0.946277
    outer loop
      vertex -0.0162306 -0.0291071 -0.0221394
      vertex -0.0219183 -0.0340509 -0.0197009
      vertex -0.0180521 -0.0280447 -0.0221394
    endloop
  endfacet
  facet normal 0.0425368 -0.192708 -0.980334
    outer loop
      vertex 0.00493526 -0.0255117 -0.0241021
      vertex 0.0046978 -0.0180397 -0.0255812
      vertex 0.00655079 -0.0251551 -0.0241021
    endloop
  endfacet
  facet normal -0.376273 -0.0604268 -0.924536
    outer loop
      vertex -0.0471096 -0.00885963 -0.016796
      vertex -0.0475807 -0.00592613 -0.016796
      vertex -0.0401812 -0.00755692 -0.0197009
    endloop
  endfacet
  facet normal -0.434368 -0.0697566 -0.89803
    outer loop
      vertex -0.0520992 -0.00743039 -0.0144936
      vertex -0.0475807 -0.00592613 -0.016796
      vertex -0.0471096 -0.00885963 -0.016796
    endloop
  endfacet
  facet normal -0.434354 -0.0698027 -0.898033
    outer loop
      vertex -0.0475807 -0.00592613 -0.016796
      vertex -0.0520992 -0.00743039 -0.0144936
      vertex -0.0520992 -0.00648865 -0.0145668
    endloop
  endfacet
  facet normal -0.30082 -0.236644 -0.923854
    outer loop
      vertex -0.036953 -0.030139 -0.016796
      vertex -0.0387993 -0.027792 -0.016796
      vertex -0.0330935 -0.0237045 -0.0197009
    endloop
  endfacet
  facet normal -0.252946 -0.199079 -0.946776
    outer loop
      vertex -0.031518 -0.0257063 -0.0197009
      vertex -0.0330935 -0.0237045 -0.0197009
      vertex -0.025959 -0.0211725 -0.0221394
    endloop
  endfacet
  facet normal -0.129774 -0.0124376 -0.991466
    outer loop
      vertex -0.0187416 -0.00233364 -0.0255812
      vertex -0.0188532 -0.0011692 -0.0255812
      vertex -0.011342 -0.000702858 -0.0265702
    endloop
  endfacet
  facet normal -0.242878 -0.0886934 -0.965994
    outer loop
      vertex -0.0244923 -0.00956059 -0.0241021
      vertex -0.0320415 -0.0102644 -0.0221394
      vertex -0.025053 -0.00802517 -0.0241021
    endloop
  endfacet
  facet normal -0.329526 -0.294573 -0.897017
    outer loop
      vertex -0.0349607 -0.0323677 -0.016796
      vertex -0.0422421 -0.0344534 -0.0134362
      vertex -0.036953 -0.030139 -0.016796
    endloop
  endfacet
  facet normal -0.285352 -0.147429 -0.947016
    outer loop
      vertex -0.0358458 -0.0194283 -0.0197009
      vertex -0.0370121 -0.0171709 -0.0197009
      vertex -0.0304842 -0.014142 -0.0221394
    endloop
  endfacet
  facet normal -0.455447 -0.199914 -0.867526
    outer loop
      vertex -0.0520992 -0.0213288 -0.0125151
      vertex -0.0496054 -0.0230131 -0.0134362
      vertex -0.0520992 -0.0241703 -0.0118603
    endloop
  endfacet
  facet normal -0.455441 -0.199902 -0.867532
    outer loop
      vertex -0.0496054 -0.0230131 -0.0134362
      vertex -0.0520992 -0.0213288 -0.0125151
      vertex -0.0509729 -0.0198975 -0.0134362
    endloop
  endfacet
  facet normal -0.455455 -0.199889 -0.867528
    outer loop
      vertex -0.0509729 -0.0198975 -0.0134362
      vertex -0.0520992 -0.0213288 -0.0125151
      vertex -0.0520992 -0.0203371 -0.0127436
    endloop
  endfacet
  facet normal -0.285306 -0.147478 -0.947022
    outer loop
      vertex -0.0295229 -0.0160017 -0.0221394
      vertex -0.0358458 -0.0194283 -0.0197009
      vertex -0.0304842 -0.014142 -0.0221394
    endloop
  endfacet
  facet normal -0.363407 -0.25054 -0.89731
    outer loop
      vertex -0.0387993 -0.027792 -0.016796
      vertex -0.0462885 -0.0289621 -0.0134362
      vertex -0.040493 -0.0253353 -0.016796
    endloop
  endfacet
  facet normal -0.429171 -0.0973115 -0.897966
    outer loop
      vertex -0.0464525 -0.0117588 -0.016796
      vertex -0.0520992 -0.0131885 -0.0139423
      vertex -0.0520992 -0.0105143 -0.0142321
    endloop
  endfacet
  facet normal -0.422277 -0.124391 -0.897891
    outer loop
      vertex -0.0464525 -0.0117588 -0.016796
      vertex -0.0520992 -0.016667 -0.0134604
      vertex -0.0520992 -0.0131885 -0.0139423
    endloop
  endfacet
  facet normal -0.307577 -0.0906712 -0.947193
    outer loop
      vertex -0.0389032 -0.0124617 -0.0197009
      vertex -0.0396204 -0.0100288 -0.0197009
      vertex -0.0320415 -0.0102644 -0.0221394
    endloop
  endfacet
  facet normal -0.365756 -0.107822 -0.924444
    outer loop
      vertex -0.0389032 -0.0124617 -0.0197009
      vertex -0.0464525 -0.0117588 -0.016796
      vertex -0.0396204 -0.0100288 -0.0197009
    endloop
  endfacet
  facet normal -0.102951 -0.0810596 -0.991378
    outer loop
      vertex -0.014555 -0.0118713 -0.0255812
      vertex -0.0152826 -0.0109472 -0.0255812
      vertex -0.00875568 -0.00714111 -0.0265702
    endloop
  endfacet
  facet normal -0.109416 -0.163343 -0.980483
    outer loop
      vertex -0.0101213 -0.0157251 -0.0255812
      vertex -0.0154839 -0.0210114 -0.0241021
      vertex -0.0111036 -0.0150671 -0.0255812
    endloop
  endfacet
  facet normal -0.12874 -0.0207169 -0.991462
    outer loop
      vertex -0.0185556 -0.00348949 -0.0255812
      vertex -0.0187416 -0.00233364 -0.0255812
      vertex -0.0111628 -0.00209904 -0.0265702
    endloop
  endfacet
  facet normal -0.173522 -0.0897221 -0.980734
    outer loop
      vertex -0.0230837 -0.0125113 -0.0241021
      vertex -0.0238352 -0.0110579 -0.0241021
      vertex -0.0165539 -0.00897217 -0.0255812
    endloop
  endfacet
  facet normal -0.301324 -0.110093 -0.947145
    outer loop
      vertex -0.0313244 -0.0122271 -0.0221394
      vertex -0.0380325 -0.0148458 -0.0197009
      vertex -0.0320415 -0.0102644 -0.0221394
    endloop
  endfacet
  facet normal -0.380743 -0.0120448 -0.924602
    outer loop
      vertex -0.0408249 -0.00253201 -0.0197009
      vertex -0.0479593 0 -0.016796
      vertex -0.040905 0 -0.0197009
    endloop
  endfacet
  facet normal -0.258072 -0.00826928 -0.96609
    outer loop
      vertex -0.0336237 -0.00208473 -0.0221394
      vertex -0.0336905 0 -0.0221394
      vertex -0.0262909 -0.00163078 -0.0241021
    endloop
  endfacet
  facet normal 0.0861904 -0.0991625 -0.991331
    outer loop
      vertex 0.0120411 -0.0143499 -0.0255812
      vertex 0.00777912 -0.00816727 -0.0265702
      vertex 0.0129309 -0.0135765 -0.0255812
    endloop
  endfacet
  facet normal 0.0649726 -0.00609822 -0.997868
    outer loop
      vertex 0.011342 -0.000702858 -0.0265702
      vertex 0.0037632 -0.000468254 -0.0270651
      vertex 0.00378513 -0.000234604 -0.0270651
    endloop
  endfacet
  facet normal -0.0652191 -0.00212111 -0.997869
    outer loop
      vertex -0.00378513 -0.000234604 -0.0270651
      vertex -0.011342 -0.000702858 -0.0265702
      vertex -0.00379276 0 -0.0270651
    endloop
  endfacet
  facet normal 0.0644609 -0.0103381 -0.997867
    outer loop
      vertex 0.0111628 -0.00209904 -0.0265702
      vertex 0.0037632 -0.000468254 -0.0270651
      vertex 0.0112743 -0.00140381 -0.0265702
    endloop
  endfacet
  facet normal 0.0626276 -0.0185739 -0.997864
    outer loop
      vertex 0.010808 -0.00346184 -0.0265702
      vertex 0.0036068 -0.0011549 -0.0270651
      vertex 0.00367355 -0.000929832 -0.0270651
    endloop
  endfacet
  facet normal -0.0182692 -0.0635399 -0.997812
    outer loop
      vertex -0.000943184 -0.00362206 -0.0270651
      vertex -0.00351143 -0.0106554 -0.0265702
      vertex -0.00117207 -0.00355625 -0.0270651
    endloop
  endfacet
  facet normal -0.056192 -0.0336602 -0.997852
    outer loop
      vertex -0.00959492 -0.00600338 -0.0265702
      vertex -0.00332355 -0.00180149 -0.0270651
      vertex -0.00320244 -0.00200367 -0.0270651
    endloop
  endfacet
  facet normal -0.0561911 -0.0336615 -0.997852
    outer loop
      vertex -0.00332355 -0.00180149 -0.0270651
      vertex -0.00959492 -0.00600338 -0.0265702
      vertex -0.00995827 -0.00539684 -0.0265702
    endloop
  endfacet
  facet normal 0.349517 -0.153428 -0.924282
    outer loop
      vertex 0.0433941 -0.0201321 -0.016796
      vertex 0.0370121 -0.0171709 -0.0197009
      vertex 0.044591 -0.0174055 -0.016796
    endloop
  endfacet
  facet normal 0.213519 -0.147105 -0.9658
    outer loop
      vertex 0.027256 -0.0195236 -0.0221394
      vertex 0.0222416 -0.013916 -0.0241021
      vertex 0.0284452 -0.0177975 -0.0221394
    endloop
  endfacet
  facet normal 0.251963 -0.0571224 -0.966049
    outer loop
      vertex 0.0326319 -0.00825977 -0.0221394
      vertex 0.025876 -0.0048666 -0.0241021
      vertex 0.0330935 -0.00622368 -0.0221394
    endloop
  endfacet
  facet normal 0.255008 -0.0409003 -0.966074
    outer loop
      vertex 0.0334244 -0.00416279 -0.0221394
      vertex 0.025876 -0.0048666 -0.0241021
      vertex 0.0261345 -0.00325489 -0.0241021
    endloop
  endfacet
  facet normal 0.1226 -0.0448647 -0.991442
    outer loop
      vertex 0.0175638 -0.00685596 -0.0255812
      vertex 0.0105658 -0.00412369 -0.0265702
      vertex 0.010808 -0.00346184 -0.0265702
    endloop
  endfacet
  facet normal 0.153851 -0.121083 -0.980647
    outer loop
      vertex 0.0202971 -0.0165548 -0.0241021
      vertex 0.0152826 -0.0109472 -0.0255812
      vertex 0.0213118 -0.0152655 -0.0241021
    endloop
  endfacet
  facet normal 0.258072 -0.00826928 -0.96609
    outer loop
      vertex 0.0336237 -0.00208473 -0.0221394
      vertex 0.0262909 -0.00163078 -0.0241021
      vertex 0.0336905 0 -0.0221394
    endloop
  endfacet
  facet normal 0.31888 -0.0305827 -0.947302
    outer loop
      vertex 0.0408249 -0.00253201 -0.0197009
      vertex 0.0334244 -0.00416279 -0.0221394
      vertex 0.0336237 -0.00208473 -0.0221394
    endloop
  endfacet
  facet normal 0.320146 -0.0102583 -0.947313
    outer loop
      vertex 0.0408249 -0.00253201 -0.0197009
      vertex 0.0336237 -0.00208473 -0.0221394
      vertex 0.0336905 0 -0.0221394
    endloop
  endfacet
  facet normal 0.269086 -0.272995 -0.923616
    outer loop
      vertex 0.0328302 -0.0344677 -0.016796
      vertex 0.0280018 -0.0293989 -0.0197009
      vertex 0.0349607 -0.0323677 -0.016796
    endloop
  endfacet
  facet normal 0.170653 -0.196316 -0.965576
    outer loop
      vertex 0.0230627 -0.0242128 -0.0221394
      vertex 0.0167913 -0.0200109 -0.0241021
      vertex 0.0180321 -0.0189323 -0.0241021
    endloop
  endfacet
  facet normal 0.278448 -0.415577 -0.865888
    outer loop
      vertex 0.032938 -0.0511703 -0.00963484
      vertex 0.0293751 -0.0456371 -0.0134362
      vertex 0.0361319 -0.0490303 -0.00963484
    endloop
  endfacet
  facet normal 0.252126 -0.432385 -0.865723
    outer loop
      vertex 0.0293751 -0.0456371 -0.0134362
      vertex 0.0298016 -0.0529995 -0.00963484
      vertex 0.02961 -0.0529995 -0.00969064
    endloop
  endfacet
  facet normal 0.25217 -0.432378 -0.865713
    outer loop
      vertex 0.0298016 -0.0529995 -0.00963484
      vertex 0.0293751 -0.0456371 -0.0134362
      vertex 0.032938 -0.0511703 -0.00963484
    endloop
  endfacet
  facet normal 0.437834 -0.0419078 -0.898079
    outer loop
      vertex 0.0520992 -0.00432191 -0.0146681
      vertex 0.047864 -0.00296879 -0.016796
      vertex 0.0520992 -0.00323113 -0.014719
    endloop
  endfacet
  facet normal 0.437825 -0.0419417 -0.898081
    outer loop
      vertex 0.047864 -0.00296879 -0.016796
      vertex 0.0520992 -0.00432191 -0.0146681
      vertex 0.0475807 -0.00592613 -0.016796
    endloop
  endfacet
  facet normal 0.376273 -0.0604268 -0.924536
    outer loop
      vertex 0.0471096 -0.00885963 -0.016796
      vertex 0.0401812 -0.00755692 -0.0197009
      vertex 0.0475807 -0.00592613 -0.016796
    endloop
  endfacet
  facet normal 0.285306 -0.147478 -0.947022
    outer loop
      vertex 0.0358458 -0.0194283 -0.0197009
      vertex 0.0295229 -0.0160017 -0.0221394
      vertex 0.0304842 -0.014142 -0.0221394
    endloop
  endfacet
  facet normal 0.293934 -0.128969 -0.947085
    outer loop
      vertex 0.0380325 -0.0148458 -0.0197009
      vertex 0.0304842 -0.014142 -0.0221394
      vertex 0.0313244 -0.0122271 -0.0221394
    endloop
  endfacet
  facet normal 0.429189 -0.0971938 -0.89797
    outer loop
      vertex 0.0520992 -0.0105143 -0.0142321
      vertex 0.0471096 -0.00885963 -0.016796
      vertex 0.0520992 -0.00979828 -0.0143096
    endloop
  endfacet
  facet normal 0.429165 -0.0972707 -0.897973
    outer loop
      vertex 0.0471096 -0.00885963 -0.016796
      vertex 0.0520992 -0.0105143 -0.0142321
      vertex 0.0464525 -0.0117588 -0.016796
    endloop
  endfacet
  facet normal 0.363631 -0.418235 -0.832377
    outer loop
      vertex 0.0432663 -0.0515633 -0.00540625
      vertex 0.0420799 -0.044179 -0.00963484
      vertex 0.0464649 -0.0487823 -0.00540625
    endloop
  endfacet
  facet normal 0.347211 -0.273049 -0.897156
    outer loop
      vertex 0.0422421 -0.0344534 -0.0134362
      vertex 0.0387993 -0.027792 -0.016796
      vertex 0.0443525 -0.0317698 -0.0134362
    endloop
  endfacet
  facet normal 0.32776 -0.377028 -0.86627
    outer loop
      vertex 0.0420799 -0.044179 -0.00963484
      vertex 0.0349455 -0.041647 -0.0134362
      vertex 0.037529 -0.0394011 -0.0134362
    endloop
  endfacet
  facet normal 0.303741 -0.397092 -0.86606
    outer loop
      vertex 0.0361319 -0.0490303 -0.00963484
      vertex 0.0349455 -0.041647 -0.0134362
      vertex 0.0391827 -0.0466967 -0.00963484
    endloop
  endfacet
  facet normal 0.196127 -0.256484 -0.946441
    outer loop
      vertex 0.0240431 -0.0326271 -0.0197009
      vertex 0.0214748 -0.0255928 -0.0221394
      vertex 0.0260735 -0.0310745 -0.0197009
    endloop
  endfacet
  facet normal 0.233175 -0.304933 -0.923388
    outer loop
      vertex 0.0281897 -0.0382528 -0.016796
      vertex 0.0240431 -0.0326271 -0.0197009
      vertex 0.0260735 -0.0310745 -0.0197009
    endloop
  endfacet
  facet normal 0.466962 -0.170616 -0.867661
    outer loop
      vertex 0.0520992 -0.0203371 -0.0127436
      vertex 0.0509729 -0.0198975 -0.0134362
      vertex 0.0520992 -0.0168149 -0.0134362
    endloop
  endfacet
  facet normal -0.0892463 -0.311573 -0.946022
    outer loop
      vertex -0.0101728 -0.0390625 -0.0197009
      vertex -0.01264 -0.0383558 -0.0197009
      vertex -0.0104103 -0.0315905 -0.0221394
    endloop
  endfacet
  facet normal -0.12883 -0.36288 -0.922887
    outer loop
      vertex -0.01264 -0.0383558 -0.0197009
      vertex -0.0176544 -0.0439634 -0.016796
      vertex -0.0150576 -0.0374975 -0.0197009
    endloop
  endfacet
  facet normal 0.106082 -0.370349 -0.922815
    outer loop
      vertex 0.0148201 -0.0449696 -0.016796
      vertex 0.0101728 -0.0390625 -0.0197009
      vertex 0.01264 -0.0383558 -0.0197009
    endloop
  endfacet
  facet normal 0.172761 -0.343662 -0.923066
    outer loop
      vertex 0.0204201 -0.0427837 -0.016796
      vertex 0.017416 -0.0364914 -0.0197009
      vertex 0.0197058 -0.0353403 -0.0197009
    endloop
  endfacet
  facet normal 0.145079 -0.216443 -0.965456
    outer loop
      vertex 0.0180521 -0.0280447 -0.0221394
      vertex 0.0154839 -0.0210114 -0.0241021
      vertex 0.0198021 -0.0268717 -0.0221394
    endloop
  endfacet
  facet normal -0.008011 -0.261501 -0.96517
    outer loop
      vertex 0 -0.0332155 -0.0221394
      vertex -0.00211525 -0.0331507 -0.0221394
      vertex 0 -0.0259714 -0.0241021
    endloop
  endfacet
  facet normal -0.035784 -0.383921 -0.922672
    outer loop
      vertex -0.00256824 -0.0402498 -0.0197009
      vertex -0.00601006 -0.0469103 -0.016796
      vertex -0.005126 -0.0400114 -0.0197009
    endloop
  endfacet
  facet normal 0.148629 -0.418664 -0.895896
    outer loop
      vertex 0.0201817 -0.0502558 -0.0134362
      vertex 0.0148201 -0.0449696 -0.016796
      vertex 0.0176544 -0.0439634 -0.016796
    endloop
  endfacet
  facet normal -0.0828626 -0.376366 -0.922758
    outer loop
      vertex -0.00898647 -0.0464458 -0.016796
      vertex -0.0101728 -0.0390625 -0.0197009
      vertex -0.00766468 -0.0396147 -0.0197009
    endloop
  endfacet
  facet normal -0.151003 -0.354013 -0.92297
    outer loop
      vertex -0.0176544 -0.0439634 -0.016796
      vertex -0.0204201 -0.0427837 -0.016796
      vertex -0.0150576 -0.0374975 -0.0197009
    endloop
  endfacet
  facet normal -0.107991 -0.489901 -0.865064
    outer loop
      vertex -0.0134432 -0.0529995 -0.0130938
      vertex -0.0136337 -0.0523529 -0.0134362
      vertex -0.0107004 -0.0529995 -0.0134362
    endloop
  endfacet
  facet normal -0.108382 -0.305284 -0.946073
    outer loop
      vertex -0.01264 -0.0383558 -0.0197009
      vertex -0.0150576 -0.0374975 -0.0197009
      vertex -0.0104103 -0.0315905 -0.0221394
    endloop
  endfacet
  facet normal 0.194682 -0.00614806 -0.980847
    outer loop
      vertex 0.0262909 -0.00163078 -0.0241021
      vertex 0.0188904 0 -0.0255812
      vertex 0.0263424 0 -0.0241021
    endloop
  endfacet
  facet normal -0.473819 -0.284316 -0.833463
    outer loop
      vertex -0.0519018 -0.0324736 -0.00963484
      vertex -0.0520992 -0.0325971 -0.00948049
      vertex -0.0520992 -0.0324675 -0.0095247
    endloop
  endfacet
  facet normal -0.350568 -0.355529 -0.86643
    outer loop
      vertex -0.0420799 -0.044179 -0.00963484
      vertex -0.0448103 -0.0414867 -0.00963484
      vertex -0.0399647 -0.0370007 -0.0134362
    endloop
  endfacet
  facet normal -0.455212 -0.313763 -0.833267
    outer loop
      vertex -0.0520992 -0.0329233 -0.00935767
      vertex -0.0497313 -0.0356226 -0.00963484
      vertex -0.0520992 -0.0373186 -0.00770264
    endloop
  endfacet
  facet normal -0.455211 -0.313761 -0.833269
    outer loop
      vertex -0.0497313 -0.0356226 -0.00963484
      vertex -0.0520992 -0.0329233 -0.00935767
      vertex -0.0519018 -0.0324736 -0.00963484
    endloop
  endfacet
  facet normal -0.397695 -0.457414 -0.795369
    outer loop
      vertex -0.0497831 -0.0529995 -0.00132181
      vertex -0.0464649 -0.0487823 -0.00540625
      vertex -0.0432663 -0.0515633 -0.00540625
    endloop
  endfacet
  facet normal -0.397696 -0.457413 -0.795369
    outer loop
      vertex -0.0464649 -0.0487823 -0.00540625
      vertex -0.0497831 -0.0529995 -0.00132181
      vertex -0.0504806 -0.0529995 -0.00097305
    endloop
  endfacet
  facet normal -0.347147 -0.273088 -0.897169
    outer loop
      vertex -0.036953 -0.030139 -0.016796
      vertex -0.0422421 -0.0344534 -0.0134362
      vertex -0.0387993 -0.027792 -0.016796
    endloop
  endfacet
  facet normal -0.36349 -0.41828 -0.832416
    outer loop
      vertex -0.0391827 -0.0466967 -0.00963484
      vertex -0.0432663 -0.0515633 -0.00540625
      vertex -0.0420799 -0.044179 -0.00963484
    endloop
  endfacet
  facet normal -0.246758 -0.368238 -0.896388
    outer loop
      vertex -0.0256977 -0.0399227 -0.016796
      vertex -0.0293751 -0.0456371 -0.0134362
      vertex -0.0281897 -0.0382528 -0.016796
    endloop
  endfacet
  facet normal -0.213845 -0.319122 -0.923272
    outer loop
      vertex -0.0256977 -0.0399227 -0.016796
      vertex -0.0281897 -0.0382528 -0.016796
      vertex -0.0240431 -0.0326271 -0.0197009
    endloop
  endfacet
  facet normal -0.233175 -0.304933 -0.923388
    outer loop
      vertex -0.0240431 -0.0326271 -0.0197009
      vertex -0.0281897 -0.0382528 -0.016796
      vertex -0.0260735 -0.0310745 -0.0197009
    endloop
  endfacet
  facet normal -0.196127 -0.256484 -0.946441
    outer loop
      vertex -0.0240431 -0.0326271 -0.0197009
      vertex -0.0260735 -0.0310745 -0.0197009
      vertex -0.0214748 -0.0255928 -0.0221394
    endloop
  endfacet
  facet normal -0.145346 -0.289127 -0.946193
    outer loop
      vertex -0.017416 -0.0364914 -0.0197009
      vertex -0.0197058 -0.0353403 -0.0197009
      vertex -0.0162306 -0.0291071 -0.0221394
    endloop
  endfacet
  facet normal -0.127034 -0.297787 -0.946142
    outer loop
      vertex -0.0124016 -0.0308828 -0.0221394
      vertex -0.017416 -0.0364914 -0.0197009
      vertex -0.0143442 -0.0300541 -0.0221394
    endloop
  endfacet
  facet normal 0.425295 -0.431403 -0.795623
    outer loop
      vertex 0.0504806 -0.0529995 -0.00097305
      vertex 0.0520992 -0.051781 -0.000768534
      vertex 0.0508632 -0.0529995 -0.000768534
    endloop
  endfacet
  facet normal 0.425306 -0.431421 -0.795607
    outer loop
      vertex 0.0520992 -0.051781 -0.000768534
      vertex 0.0504806 -0.0529995 -0.00097305
      vertex 0.0520992 -0.0496627 -0.00191719
    endloop
  endfacet
  facet normal 0.425282 -0.431414 -0.795624
    outer loop
      vertex 0.0520992 -0.0496627 -0.00191719
      vertex 0.0504806 -0.0529995 -0.00097305
      vertex 0.0464649 -0.0487823 -0.00540625
    endloop
  endfacet
  facet normal 0.451246 -0.403608 -0.795913
    outer loop
      vertex 0.0520992 -0.0482352 -0.00269103
      vertex 0.0494795 -0.0458097 -0.00540625
      vertex 0.0520992 -0.0428808 -0.00540625
    endloop
  endfacet
  facet normal 0.459954 -0.46656 -0.75549
    outer loop
      vertex 0.0520992 -0.0529995 -1.60384e-05
      vertex 0.0508632 -0.0529995 -0.000768534
      vertex 0.0520992 -0.051781 -0.000768534
    endloop
  endfacet
  facet normal 0.434773 -0.342027 -0.833061
    outer loop
      vertex 0.0473642 -0.0386314 -0.00963484
      vertex 0.0520992 -0.0373186 -0.00770264
      vertex 0.0520992 -0.0390723 -0.00698263
    endloop
  endfacet
  facet normal 0.434775 -0.342049 -0.83305
    outer loop
      vertex 0.0520992 -0.0373186 -0.00770264
      vertex 0.0473642 -0.0386314 -0.00963484
      vertex 0.0497313 -0.0356226 -0.00963484
    endloop
  endfacet
  facet normal 0.473819 -0.284316 -0.833463
    outer loop
      vertex 0.0520992 -0.0325971 -0.00948049
      vertex 0.0519018 -0.0324736 -0.00963484
      vertex 0.0520992 -0.0324675 -0.0095247
    endloop
  endfacet
  facet normal 0.196657 -0.460868 -0.865405
    outer loop
      vertex 0.0201817 -0.0502558 -0.0134362
      vertex 0.0229499 -0.0529995 -0.011346
      vertex 0.0212834 -0.0529995 -0.0117247
    endloop
  endfacet
  facet normal 0.196649 -0.460875 -0.865404
    outer loop
      vertex 0.0229499 -0.0529995 -0.011346
      vertex 0.0201817 -0.0502558 -0.0134362
      vertex 0.0233421 -0.0489073 -0.0134362
    endloop
  endfacet
  facet normal 0.138159 -0.482104 -0.865152
    outer loop
      vertex 0.0174663 -0.0529995 -0.0124643
      vertex 0.0165796 -0.0529995 -0.0126059
      vertex 0.0169411 -0.0514059 -0.0134362
    endloop
  endfacet
  facet normal -0.138159 -0.482104 -0.865152
    outer loop
      vertex -0.0165796 -0.0529995 -0.0126059
      vertex -0.0174663 -0.0529995 -0.0124643
      vertex -0.0169411 -0.0514059 -0.0134362
    endloop
  endfacet
  facet normal -0.131358 -0.225215 -0.965414
    outer loop
      vertex -0.0162306 -0.0291071 -0.0221394
      vertex -0.0180521 -0.0280447 -0.0221394
      vertex -0.0126905 -0.0227585 -0.0241021
    endloop
  endfacet
  facet normal -0.109347 -0.163412 -0.980479
    outer loop
      vertex -0.0141144 -0.0219278 -0.0241021
      vertex -0.0154839 -0.0210114 -0.0241021
      vertex -0.0101213 -0.0157251 -0.0255812
    endloop
  endfacet
  facet normal 0.0518256 -0.121279 -0.991265
    outer loop
      vertex 0.00695419 -0.0173168 -0.0255812
      vertex 0.00483799 -0.0101376 -0.0265702
      vertex 0.00804329 -0.0168514 -0.0255812
    endloop
  endfacet
  facet normal 0.0402868 -0.258399 -0.965198
    outer loop
      vertex 0.00422192 -0.0329542 -0.0221394
      vertex 0.00330162 -0.0257664 -0.0241021
      vertex 0.00493526 -0.0255117 -0.0241021
    endloop
  endfacet
  facet normal -0.0301268 -0.322989 -0.945923
    outer loop
      vertex -0.00211525 -0.0331507 -0.0221394
      vertex -0.005126 -0.0400114 -0.0197009
      vertex -0.00422192 -0.0329542 -0.0221394
    endloop
  endfacet
  facet normal -0.0500728 -0.320441 -0.945944
    outer loop
      vertex -0.005126 -0.0400114 -0.0197009
      vertex -0.00766468 -0.0396147 -0.0197009
      vertex -0.00422192 -0.0329542 -0.0221394
    endloop
  endfacet
  facet normal -0.439566 -0.0141128 -0.898099
    outer loop
      vertex -0.0520992 -0.0020793 -0.0147371
      vertex -0.047864 -0.00296879 -0.016796
      vertex -0.0520992 -0.00323113 -0.014719
    endloop
  endfacet
  facet normal -0.439566 -0.0141103 -0.8981
    outer loop
      vertex -0.047864 -0.00296879 -0.016796
      vertex -0.0520992 -0.0020793 -0.0147371
      vertex -0.0479593 0 -0.016796
    endloop
  endfacet
  facet normal -0.380797 -0.0122238 -0.924578
    outer loop
      vertex -0.047864 -0.00296879 -0.016796
      vertex -0.0479593 0 -0.016796
      vertex -0.0408249 -0.00253201 -0.0197009
    endloop
  endfacet
  facet normal -0.376263 -0.0603687 -0.924544
    outer loop
      vertex -0.0401812 -0.00755692 -0.0197009
      vertex -0.0475807 -0.00592613 -0.016796
      vertex -0.0405827 -0.00505447 -0.0197009
    endloop
  endfacet
  facet normal -0.379259 -0.0364154 -0.924574
    outer loop
      vertex -0.0405827 -0.00505447 -0.0197009
      vertex -0.0475807 -0.00592613 -0.016796
      vertex -0.0408249 -0.00253201 -0.0197009
    endloop
  endfacet
  facet normal -0.17876 -0.0784232 -0.980762
    outer loop
      vertex -0.0170927 -0.0079298 -0.0255812
      vertex -0.0244923 -0.00956059 -0.0241021
      vertex -0.0175638 -0.00685596 -0.0255812
    endloop
  endfacet
  facet normal -0.170635 -0.196342 -0.965574
    outer loop
      vertex -0.0214748 -0.0255928 -0.0221394
      vertex -0.0230627 -0.0242128 -0.0221394
      vertex -0.0167913 -0.0200109 -0.0241021
    endloop
  endfacet
  facet normal -0.226328 -0.22955 -0.946616
    outer loop
      vertex -0.0230627 -0.0242128 -0.0221394
      vertex -0.0280018 -0.0293989 -0.0197009
      vertex -0.024559 -0.0227375 -0.0221394
    endloop
  endfacet
  facet normal -0.1226 -0.0448647 -0.991442
    outer loop
      vertex -0.0105658 -0.00412369 -0.0265702
      vertex -0.0175638 -0.00685596 -0.0255812
      vertex -0.010808 -0.00346184 -0.0265702
    endloop
  endfacet
  facet normal -0.300742 -0.236697 -0.923866
    outer loop
      vertex -0.031518 -0.0257063 -0.0197009
      vertex -0.036953 -0.030139 -0.016796
      vertex -0.0330935 -0.0237045 -0.0197009
    endloop
  endfacet
  facet normal -0.112165 -0.0673493 -0.991405
    outer loop
      vertex -0.0159492 -0.00997925 -0.0255812
      vertex -0.0165539 -0.00897217 -0.0255812
      vertex -0.00959492 -0.00600338 -0.0265702
    endloop
  endfacet
  facet normal -0.146024 -0.130665 -0.980614
    outer loop
      vertex -0.0192022 -0.0177784 -0.0241021
      vertex -0.0202971 -0.0165548 -0.0241021
      vertex -0.0137701 -0.0127487 -0.0255812
    endloop
  endfacet
  facet normal -0.293934 -0.128969 -0.947085
    outer loop
      vertex -0.0304842 -0.014142 -0.0221394
      vertex -0.0380325 -0.0148458 -0.0197009
      vertex -0.0313244 -0.0122271 -0.0221394
    endloop
  endfacet
  facet normal -0.29393 -0.128995 -0.947082
    outer loop
      vertex -0.0370121 -0.0171709 -0.0197009
      vertex -0.0380325 -0.0148458 -0.0197009
      vertex -0.0304842 -0.014142 -0.0221394
    endloop
  endfacet
  facet normal -0.269147 -0.272872 -0.923635
    outer loop
      vertex -0.0280018 -0.0293989 -0.0197009
      vertex -0.0349607 -0.0323677 -0.016796
      vertex -0.0298185 -0.027607 -0.0197009
    endloop
  endfacet
  facet normal -0.285543 -0.255255 -0.923748
    outer loop
      vertex -0.0349607 -0.0323677 -0.016796
      vertex -0.036953 -0.030139 -0.016796
      vertex -0.031518 -0.0257063 -0.0197009
    endloop
  endfacet
  facet normal -0.403454 -0.177084 -0.897701
    outer loop
      vertex -0.0496054 -0.0230131 -0.0134362
      vertex -0.0509729 -0.0198975 -0.0134362
      vertex -0.044591 -0.0174055 -0.016796
    endloop
  endfacet
  facet normal -0.413643 -0.151134 -0.897807
    outer loop
      vertex -0.0520992 -0.0168149 -0.0134362
      vertex -0.044591 -0.0174055 -0.016796
      vertex -0.0509729 -0.0198975 -0.0134362
    endloop
  endfacet
  facet normal -0.413642 -0.15075 -0.897872
    outer loop
      vertex -0.044591 -0.0174055 -0.016796
      vertex -0.0520992 -0.0168149 -0.0134362
      vertex -0.0520992 -0.0167065 -0.0134544
    endloop
  endfacet
  facet normal -0.371729 -0.0843348 -0.924503
    outer loop
      vertex -0.0396204 -0.0100288 -0.0197009
      vertex -0.0464525 -0.0117588 -0.016796
      vertex -0.0401812 -0.00755692 -0.0197009
    endloop
  endfacet
  facet normal -0.31888 -0.0305827 -0.947302
    outer loop
      vertex -0.0334244 -0.00416279 -0.0221394
      vertex -0.0408249 -0.00253201 -0.0197009
      vertex -0.0336237 -0.00208473 -0.0221394
    endloop
  endfacet
  facet normal -0.0861904 -0.0991625 -0.991331
    outer loop
      vertex -0.0120411 -0.0143499 -0.0255812
      vertex -0.0129309 -0.0135765 -0.0255812
      vertex -0.00777912 -0.00816727 -0.0265702
    endloop
  endfacet
  facet normal -0.11936 -0.156023 -0.980515
    outer loop
      vertex -0.0111036 -0.0150671 -0.0255812
      vertex -0.0154839 -0.0210114 -0.0241021
      vertex -0.0120411 -0.0143499 -0.0255812
    endloop
  endfacet
  facet normal -0.0921857 -0.0934553 -0.991347
    outer loop
      vertex -0.0129309 -0.0135765 -0.0255812
      vertex -0.0137701 -0.0127487 -0.0255812
      vertex -0.00777912 -0.00816727 -0.0265702
    endloop
  endfacet
  facet normal -0.116095 -0.0600765 -0.99142
    outer loop
      vertex -0.00995827 -0.00539684 -0.0265702
      vertex -0.0165539 -0.00897217 -0.0255812
      vertex -0.0102825 -0.00477028 -0.0265702
    endloop
  endfacet
  facet normal -0.107749 -0.074365 -0.991393
    outer loop
      vertex -0.00919342 -0.00658512 -0.0265702
      vertex -0.0152826 -0.0109472 -0.0255812
      vertex -0.00959492 -0.00600338 -0.0265702
    endloop
  endfacet
  facet normal -0.203955 -0.160428 -0.965746
    outer loop
      vertex -0.025959 -0.0211725 -0.0221394
      vertex -0.027256 -0.0195236 -0.0221394
      vertex -0.0213118 -0.0152655 -0.0241021
    endloop
  endfacet
  facet normal -0.187053 -0.0550953 -0.980804
    outer loop
      vertex -0.0179663 -0.00575447 -0.0255812
      vertex -0.0255146 -0.00645828 -0.0241021
      vertex -0.0182972 -0.00463104 -0.0255812
    endloop
  endfacet
  facet normal -0.122627 -0.0448097 -0.991441
    outer loop
      vertex -0.0175638 -0.00685596 -0.0255812
      vertex -0.0179663 -0.00575447 -0.0255812
      vertex -0.010808 -0.00346184 -0.0265702
    endloop
  endfacet
  facet normal -0.320187 -0.0101291 -0.9473
    outer loop
      vertex -0.0408249 -0.00253201 -0.0197009
      vertex -0.040905 0 -0.0197009
      vertex -0.0336905 0 -0.0221394
    endloop
  endfacet
  facet normal -0.0581313 -0.0300816 -0.997856
    outer loop
      vertex -0.00995827 -0.00539684 -0.0265702
      vertex -0.0102825 -0.00477028 -0.0265702
      vertex -0.00332355 -0.00180149 -0.0270651
    endloop
  endfacet
  facet normal 0.0636886 -0.0144232 -0.997866
    outer loop
      vertex 0.0110073 -0.00278568 -0.0265702
      vertex 0.00367355 -0.000929832 -0.0270651
      vertex 0.0111628 -0.00209904 -0.0265702
    endloop
  endfacet
  facet normal -0.439613 -0.013994 -0.898078
    outer loop
      vertex -0.0479593 0 -0.016796
      vertex -0.0520992 -0.0020793 -0.0147371
      vertex -0.0520992 0 -0.0147695
    endloop
  endfacet
  facet normal 0.0582091 -0.0298994 -0.997857
    outer loop
      vertex 0.0102825 -0.00477028 -0.0265702
      vertex 0.00332355 -0.00180149 -0.0270651
      vertex 0.00343132 -0.00159168 -0.0270651
    endloop
  endfacet
  facet normal 0.11936 -0.156023 -0.980515
    outer loop
      vertex 0.0154839 -0.0210114 -0.0241021
      vertex 0.0111036 -0.0150671 -0.0255812
      vertex 0.0120411 -0.0143499 -0.0255812
    endloop
  endfacet
  facet normal 0.128776 -0.148141 -0.980546
    outer loop
      vertex 0.0167913 -0.0200109 -0.0241021
      vertex 0.0129309 -0.0135765 -0.0255812
      vertex 0.0180321 -0.0189323 -0.0241021
    endloop
  endfacet
  facet normal 0.285501 -0.255279 -0.923754
    outer loop
      vertex 0.0349607 -0.0323677 -0.016796
      vertex 0.0298185 -0.027607 -0.0197009
      vertex 0.031518 -0.0257063 -0.0197009
    endloop
  endfacet
  facet normal -0.0884233 -0.175928 -0.980424
    outer loop
      vertex -0.0112162 -0.0234995 -0.0241021
      vertex -0.0126905 -0.0227585 -0.0241021
      vertex -0.00804329 -0.0168514 -0.0255812
    endloop
  endfacet
  facet normal 0.0399986 -0.0522999 -0.99783
    outer loop
      vertex 0.00667953 -0.00906372 -0.0265702
      vertex 0.00241756 -0.00288105 -0.0270651
      vertex 0.00724316 -0.00863266 -0.0265702
    endloop
  endfacet
  facet normal -0.0872941 -0.246193 -0.965282
    outer loop
      vertex -0.00813961 -0.0247002 -0.0241021
      vertex -0.0104103 -0.0315905 -0.0221394
      vertex -0.00969696 -0.024148 -0.0241021
    endloop
  endfacet
  facet normal 0.40344 -0.177099 -0.897704
    outer loop
      vertex 0.0496054 -0.0230131 -0.0134362
      vertex 0.0433941 -0.0201321 -0.016796
      vertex 0.044591 -0.0174055 -0.016796
    endloop
  endfacet
  facet normal 0.264841 -0.182463 -0.946872
    outer loop
      vertex 0.0345373 -0.0216093 -0.0197009
      vertex 0.027256 -0.0195236 -0.0221394
      vertex 0.0284452 -0.0177975 -0.0221394
    endloop
  endfacet
  facet normal 0.226385 -0.229518 -0.94661
    outer loop
      vertex 0.0280018 -0.0293989 -0.0197009
      vertex 0.024559 -0.0227375 -0.0221394
      vertex 0.0298185 -0.027607 -0.0197009
    endloop
  endfacet
  facet normal 0.193518 -0.173163 -0.965694
    outer loop
      vertex 0.024559 -0.0227375 -0.0221394
      vertex 0.0192022 -0.0177784 -0.0241021
      vertex 0.0202971 -0.0165548 -0.0241021
    endloop
  endfacet
  facet normal 0.258048 -0.00814914 -0.966098
    outer loop
      vertex 0.0336905 0 -0.0221394
      vertex 0.0262909 -0.00163078 -0.0241021
      vertex 0.0263424 0 -0.0241021
    endloop
  endfacet
  facet normal 0.17353 -0.0896973 -0.980735
    outer loop
      vertex 0.0238352 -0.0110579 -0.0241021
      vertex 0.0165539 -0.00897217 -0.0255812
      vertex 0.0170927 -0.0079298 -0.0255812
    endloop
  endfacet
  facet normal 0.0649671 -0.00627471 -0.997868
    outer loop
      vertex 0.0112743 -0.00140381 -0.0265702
      vertex 0.0037632 -0.000468254 -0.0270651
      vertex 0.011342 -0.000702858 -0.0265702
    endloop
  endfacet
  facet normal 0.0652191 -0.00212111 -0.997869
    outer loop
      vertex 0.011342 -0.000702858 -0.0265702
      vertex 0.00378513 -0.000234604 -0.0270651
      vertex 0.00379276 0 -0.0270651
    endloop
  endfacet
  facet normal 0.19239 -0.0308572 -0.980833
    outer loop
      vertex 0.025876 -0.0048666 -0.0241021
      vertex 0.0187416 -0.00233364 -0.0255812
      vertex 0.0261345 -0.00325489 -0.0241021
    endloop
  endfacet
  facet normal 0.257056 -0.0246534 -0.966082
    outer loop
      vertex 0.0334244 -0.00416279 -0.0221394
      vertex 0.0262909 -0.00163078 -0.0241021
      vertex 0.0336237 -0.00208473 -0.0221394
    endloop
  endfacet
  facet normal 0.439566 -0.0141128 -0.898099
    outer loop
      vertex 0.047864 -0.00296879 -0.016796
      vertex 0.0520992 -0.0020793 -0.0147371
      vertex 0.0520992 -0.00323113 -0.014719
    endloop
  endfacet
  facet normal 0.439566 -0.0141103 -0.8981
    outer loop
      vertex 0.0520992 -0.0020793 -0.0147371
      vertex 0.047864 -0.00296879 -0.016796
      vertex 0.0479593 0 -0.016796
    endloop
  endfacet
  facet normal 0.257023 -0.024751 -0.966088
    outer loop
      vertex 0.0334244 -0.00416279 -0.0221394
      vertex 0.0261345 -0.00325489 -0.0241021
      vertex 0.0262909 -0.00163078 -0.0241021
    endloop
  endfacet
  facet normal 0.211627 -0.243509 -0.946529
    outer loop
      vertex 0.0280018 -0.0293989 -0.0197009
      vertex 0.0214748 -0.0255928 -0.0221394
      vertex 0.0230627 -0.0242128 -0.0221394
    endloop
  endfacet
  facet normal 0.170635 -0.196342 -0.965574
    outer loop
      vertex 0.0214748 -0.0255928 -0.0221394
      vertex 0.0167913 -0.0200109 -0.0241021
      vertex 0.0230627 -0.0242128 -0.0221394
    endloop
  endfacet
  facet normal 0.226328 -0.22955 -0.946616
    outer loop
      vertex 0.0280018 -0.0293989 -0.0197009
      vertex 0.0230627 -0.0242128 -0.0221394
      vertex 0.024559 -0.0227375 -0.0221394
    endloop
  endfacet
  facet normal 0.269147 -0.272872 -0.923635
    outer loop
      vertex 0.0349607 -0.0323677 -0.016796
      vertex 0.0280018 -0.0293989 -0.0197009
      vertex 0.0298185 -0.027607 -0.0197009
    endloop
  endfacet
  facet normal 0.290415 -0.33407 -0.896692
    outer loop
      vertex 0.0349455 -0.041647 -0.0134362
      vertex 0.0328302 -0.0344677 -0.016796
      vertex 0.037529 -0.0394011 -0.0134362
    endloop
  endfacet
  facet normal 0.310507 -0.315017 -0.896855
    outer loop
      vertex 0.0399647 -0.0370007 -0.0134362
      vertex 0.0328302 -0.0344677 -0.016796
      vertex 0.0349607 -0.0323677 -0.016796
    endloop
  endfacet
  facet normal 0.151017 -0.354 -0.922972
    outer loop
      vertex 0.0204201 -0.0427837 -0.016796
      vertex 0.0150576 -0.0374975 -0.0197009
      vertex 0.017416 -0.0364914 -0.0197009
    endloop
  endfacet
  facet normal 0.251786 -0.432434 -0.865797
    outer loop
      vertex 0.0295523 -0.0529995 -0.00970742
      vertex 0.0293751 -0.0456371 -0.0134362
      vertex 0.02961 -0.0529995 -0.00969064
    endloop
  endfacet
  facet normal 0.252097 -0.432391 -0.865728
    outer loop
      vertex 0.0293751 -0.0456371 -0.0134362
      vertex 0.0295523 -0.0529995 -0.00970742
      vertex 0.0264111 -0.0473652 -0.0134362
    endloop
  endfacet
  facet normal 0.439613 -0.013994 -0.898078
    outer loop
      vertex 0.0520992 -0.0020793 -0.0147371
      vertex 0.0479593 0 -0.016796
      vertex 0.0520992 0 -0.0147695
    endloop
  endfacet
  facet normal 0.422444 -0.123712 -0.897907
    outer loop
      vertex 0.0456114 -0.0146112 -0.016796
      vertex 0.0520992 -0.016667 -0.0134604
      vertex 0.0520992 -0.0166895 -0.0134573
    endloop
  endfacet
  facet normal 0.422199 -0.124496 -0.897914
    outer loop
      vertex 0.0520992 -0.016667 -0.0134604
      vertex 0.0456114 -0.0146112 -0.016796
      vertex 0.0464525 -0.0117588 -0.016796
    endloop
  endfacet
  facet normal 0.41295 -0.153151 -0.897784
    outer loop
      vertex 0.0520992 -0.0167065 -0.0134544
      vertex 0.0456114 -0.0146112 -0.016796
      vertex 0.0520992 -0.0166895 -0.0134573
    endloop
  endfacet
  facet normal 0.413646 -0.151052 -0.89782
    outer loop
      vertex 0.0456114 -0.0146112 -0.016796
      vertex 0.0520992 -0.0167065 -0.0134544
      vertex 0.044591 -0.0174055 -0.016796
    endloop
  endfacet
  facet normal 0.391615 -0.202378 -0.897597
    outer loop
      vertex 0.0480423 -0.0260391 -0.0134362
      vertex 0.0420265 -0.0227785 -0.016796
      vertex 0.0433941 -0.0201321 -0.016796
    endloop
  endfacet
  facet normal 0.413643 -0.151134 -0.897807
    outer loop
      vertex 0.044591 -0.0174055 -0.016796
      vertex 0.0520992 -0.0168149 -0.0134362
      vertex 0.0509729 -0.0198975 -0.0134362
    endloop
  endfacet
  facet normal 0.413642 -0.15075 -0.897872
    outer loop
      vertex 0.0520992 -0.0168149 -0.0134362
      vertex 0.044591 -0.0174055 -0.016796
      vertex 0.0520992 -0.0167065 -0.0134544
    endloop
  endfacet
  facet normal 0.391675 -0.202322 -0.897584
    outer loop
      vertex 0.0480423 -0.0260391 -0.0134362
      vertex 0.0433941 -0.0201321 -0.016796
      vertex 0.0496054 -0.0230131 -0.0134362
    endloop
  endfacet
  facet normal 0.327759 -0.196581 -0.924083
    outer loop
      vertex 0.040493 -0.0253353 -0.016796
      vertex 0.0358458 -0.0194283 -0.0197009
      vertex 0.0420265 -0.0227785 -0.016796
    endloop
  endfacet
  facet normal 0.350568 -0.355529 -0.86643
    outer loop
      vertex 0.0420799 -0.044179 -0.00963484
      vertex 0.0399647 -0.0370007 -0.0134362
      vertex 0.0448103 -0.0414867 -0.00963484
    endloop
  endfacet
  facet normal 0.391859 -0.308286 -0.866837
    outer loop
      vertex 0.0473642 -0.0386314 -0.00963484
      vertex 0.0422421 -0.0344534 -0.0134362
      vertex 0.0497313 -0.0356226 -0.00963484
    endloop
  endfacet
  facet normal 0.391887 -0.308183 -0.866861
    outer loop
      vertex 0.0497313 -0.0356226 -0.00963484
      vertex 0.0422421 -0.0344534 -0.0134362
      vertex 0.0443525 -0.0317698 -0.0134362
    endloop
  endfacet
  facet normal 0.427001 -0.2562 -0.867198
    outer loop
      vertex 0.0519018 -0.0324736 -0.00963484
      vertex 0.0462885 -0.0289621 -0.0134362
      vertex 0.0480423 -0.0260391 -0.0134362
    endloop
  endfacet
  facet normal 0.269053 -0.35192 -0.896528
    outer loop
      vertex 0.0322237 -0.0437279 -0.0134362
      vertex 0.0281897 -0.0382528 -0.016796
      vertex 0.0349455 -0.041647 -0.0134362
    endloop
  endfacet
  facet normal 0.303615 -0.397126 -0.866088
    outer loop
      vertex 0.0361319 -0.0490303 -0.00963484
      vertex 0.0322237 -0.0437279 -0.0134362
      vertex 0.0349455 -0.041647 -0.0134362
    endloop
  endfacet
  facet normal -0.088436 -0.175918 -0.980424
    outer loop
      vertex -0.00804329 -0.0168514 -0.0255812
      vertex -0.0126905 -0.0227585 -0.0241021
      vertex -0.00909996 -0.0163202 -0.0255812
    endloop
  endfacet
  facet normal -0.0123283 -0.131591 -0.991227
    outer loop
      vertex -0.00118542 -0.0185881 -0.0255812
      vertex -0.00236702 -0.0184774 -0.0255812
      vertex -0.00142384 -0.011116 -0.0265702
    endloop
  endfacet
  facet normal 0.107983 -0.4899 -0.865065
    outer loop
      vertex 0.0138021 -0.0529995 -0.013049
      vertex 0.0134432 -0.0529995 -0.0130938
      vertex 0.0136337 -0.0523529 -0.0134362
    endloop
  endfacet
  facet normal 0.0683885 -0.439396 -0.895686
    outer loop
      vertex 0.00601006 -0.0469103 -0.016796
      vertex 0.00705555 -0.0529995 -0.013729
      vertex 0.00679099 -0.0529995 -0.0137492
    endloop
  endfacet
  facet normal 0.0685677 -0.439366 -0.895687
    outer loop
      vertex 0.00705555 -0.0529995 -0.013729
      vertex 0.00601006 -0.0469103 -0.016796
      vertex 0.00898647 -0.0464458 -0.016796
    endloop
  endfacet
  facet normal 0.0301055 -0.322997 -0.945921
    outer loop
      vertex 0.00256824 -0.0402498 -0.0197009
      vertex 0.00211525 -0.0331507 -0.0221394
      vertex 0.005126 -0.0400114 -0.0197009
    endloop
  endfacet
  facet normal 0.223407 -0.383183 -0.896248
    outer loop
      vertex 0.0264111 -0.0473652 -0.0134362
      vertex 0.0256977 -0.0399227 -0.016796
      vertex 0.0293751 -0.0456371 -0.0134362
    endloop
  endfacet
  facet normal 0.0591615 -0.117779 -0.991276
    outer loop
      vertex 0.00804329 -0.0168514 -0.0255812
      vertex 0.00483799 -0.0101376 -0.0265702
      vertex 0.00547409 -0.00981808 -0.0265702
    endloop
  endfacet
  facet normal 0.0892463 -0.311573 -0.946022
    outer loop
      vertex 0.01264 -0.0383558 -0.0197009
      vertex 0.0101728 -0.0390625 -0.0197009
      vertex 0.0104103 -0.0315905 -0.0221394
    endloop
  endfacet
  facet normal 0.127036 -0.297785 -0.946143
    outer loop
      vertex 0.0150576 -0.0374975 -0.0197009
      vertex 0.0124016 -0.0308828 -0.0221394
      vertex 0.017416 -0.0364914 -0.0197009
    endloop
  endfacet
  facet normal -0.0950024 -0.434315 -0.895737
    outer loop
      vertex -0.0102934 -0.0529995 -0.0134797
      vertex -0.00898647 -0.0464458 -0.016796
      vertex -0.0102538 -0.0529995 -0.0134839
    endloop
  endfacet
  facet normal -0.0956177 -0.43419 -0.895732
    outer loop
      vertex -0.00898647 -0.0464458 -0.016796
      vertex -0.0102934 -0.0529995 -0.0134797
      vertex -0.0119267 -0.0457983 -0.016796
    endloop
  endfacet
  facet normal -0.106074 -0.370355 -0.922814
    outer loop
      vertex -0.0119267 -0.0457983 -0.016796
      vertex -0.0148201 -0.0449696 -0.016796
      vertex -0.0101728 -0.0390625 -0.0197009
    endloop
  endfacet
  facet normal -0.224769 -0.447567 -0.865542
    outer loop
      vertex -0.0252954 -0.0529995 -0.0108129
      vertex -0.0294498 -0.0529995 -0.00973406
      vertex -0.0233421 -0.0489073 -0.0134362
    endloop
  endfacet
  facet normal -0.246796 -0.368229 -0.896381
    outer loop
      vertex -0.0293751 -0.0456371 -0.0134362
      vertex -0.0322237 -0.0437279 -0.0134362
      vertex -0.0281897 -0.0382528 -0.016796
    endloop
  endfacet
  facet normal -0.17422 -0.408443 -0.896003
    outer loop
      vertex -0.0201817 -0.0502558 -0.0134362
      vertex -0.0204201 -0.0427837 -0.016796
      vertex -0.0176544 -0.0439634 -0.016796
    endloop
  endfacet
  facet normal -0.363631 -0.418235 -0.832377
    outer loop
      vertex -0.0432663 -0.0515633 -0.00540625
      vertex -0.0464649 -0.0487823 -0.00540625
      vertex -0.0420799 -0.044179 -0.00963484
    endloop
  endfacet
  facet normal -0.425295 -0.431403 -0.795623
    outer loop
      vertex -0.0520992 -0.051781 -0.000768534
      vertex -0.0504806 -0.0529995 -0.00097305
      vertex -0.0508632 -0.0529995 -0.000768534
    endloop
  endfacet
  facet normal -0.425306 -0.431421 -0.795607
    outer loop
      vertex -0.0504806 -0.0529995 -0.00097305
      vertex -0.0520992 -0.051781 -0.000768534
      vertex -0.0520992 -0.0496627 -0.00191719
    endloop
  endfacet
  facet normal -0.425282 -0.431414 -0.795624
    outer loop
      vertex -0.0504806 -0.0529995 -0.00097305
      vertex -0.0520992 -0.0496627 -0.00191719
      vertex -0.0464649 -0.0487823 -0.00540625
    endloop
  endfacet
  facet normal -0.434765 -0.342059 -0.833051
    outer loop
      vertex -0.0473642 -0.0386314 -0.00963484
      vertex -0.0520992 -0.0424935 -0.00557785
      vertex -0.0520992 -0.0390723 -0.00698263
    endloop
  endfacet
  facet normal -0.329515 -0.294601 -0.897012
    outer loop
      vertex -0.0399647 -0.0370007 -0.0134362
      vertex -0.0422421 -0.0344534 -0.0134362
      vertex -0.0349607 -0.0323677 -0.016796
    endloop
  endfacet
  facet normal -0.371942 -0.332533 -0.866649
    outer loop
      vertex -0.0399647 -0.0370007 -0.0134362
      vertex -0.0473642 -0.0386314 -0.00963484
      vertex -0.0422421 -0.0344534 -0.0134362
    endloop
  endfacet
  facet normal -0.23321 -0.304921 -0.923383
    outer loop
      vertex -0.0281897 -0.0382528 -0.016796
      vertex -0.03057 -0.0364323 -0.016796
      vertex -0.0260735 -0.0310745 -0.0197009
    endloop
  endfacet
  facet normal -0.251604 -0.289549 -0.923503
    outer loop
      vertex -0.0260735 -0.0310745 -0.0197009
      vertex -0.03057 -0.0364323 -0.016796
      vertex -0.0280018 -0.0293989 -0.0197009
    endloop
  endfacet
  facet normal -0.21384 -0.319123 -0.923273
    outer loop
      vertex -0.0219183 -0.0340509 -0.0197009
      vertex -0.0256977 -0.0399227 -0.016796
      vertex -0.0240431 -0.0326271 -0.0197009
    endloop
  endfacet
  facet normal -0.144883 -0.216518 -0.965468
    outer loop
      vertex -0.0141144 -0.0219278 -0.0241021
      vertex -0.0180521 -0.0280447 -0.0221394
      vertex -0.0154839 -0.0210114 -0.0241021
    endloop
  endfacet
  facet normal -0.151017 -0.354 -0.922972
    outer loop
      vertex -0.0150576 -0.0374975 -0.0197009
      vertex -0.0204201 -0.0427837 -0.016796
      vertex -0.017416 -0.0364914 -0.0197009
    endloop
  endfacet
  facet normal -0.127036 -0.297785 -0.946143
    outer loop
      vertex -0.0150576 -0.0374975 -0.0197009
      vertex -0.017416 -0.0364914 -0.0197009
      vertex -0.0124016 -0.0308828 -0.0221394
    endloop
  endfacet
  facet normal -0.0773545 -0.181218 -0.980396
    outer loop
      vertex -0.00969696 -0.024148 -0.0241021
      vertex -0.0112162 -0.0234995 -0.0241021
      vertex -0.00695419 -0.0173168 -0.0255812
    endloop
  endfacet
  facet normal -0.102455 -0.240171 -0.965309
    outer loop
      vertex -0.0124016 -0.0308828 -0.0221394
      vertex -0.0143442 -0.0300541 -0.0221394
      vertex -0.00969696 -0.024148 -0.0241021
    endloop
  endfacet
  facet normal 0.371903 -0.332646 -0.866623
    outer loop
      vertex 0.0448103 -0.0414867 -0.00963484
      vertex 0.0399647 -0.0370007 -0.0134362
      vertex 0.0473642 -0.0386314 -0.00963484
    endloop
  endfacet
  facet normal 0.412559 -0.369006 -0.832844
    outer loop
      vertex 0.0494795 -0.0458097 -0.00540625
      vertex 0.0520992 -0.0424935 -0.00557785
      vertex 0.0520992 -0.0428808 -0.00540625
    endloop
  endfacet
  facet normal 0.412581 -0.369022 -0.832827
    outer loop
      vertex 0.0520992 -0.0424935 -0.00557785
      vertex 0.0494795 -0.0458097 -0.00540625
      vertex 0.0473642 -0.0386314 -0.00963484
    endloop
  endfacet
  facet normal 0.455252 -0.313735 -0.833256
    outer loop
      vertex 0.0520992 -0.0329233 -0.00935767
      vertex 0.0519018 -0.0324736 -0.00963484
      vertex 0.0520992 -0.0325971 -0.00948049
    endloop
  endfacet
  facet normal 0.455212 -0.313763 -0.833267
    outer loop
      vertex 0.0497313 -0.0356226 -0.00963484
      vertex 0.0520992 -0.0329233 -0.00935767
      vertex 0.0520992 -0.0373186 -0.00770264
    endloop
  endfacet
  facet normal 0.455211 -0.313761 -0.833269
    outer loop
      vertex 0.0520992 -0.0329233 -0.00935767
      vertex 0.0497313 -0.0356226 -0.00963484
      vertex 0.0519018 -0.0324736 -0.00963484
    endloop
  endfacet
  facet normal 0.473841 -0.284132 -0.833513
    outer loop
      vertex 0.0520992 -0.0324675 -0.0095247
      vertex 0.0519018 -0.0324736 -0.00963484
      vertex 0.0520992 -0.0321444 -0.00963484
    endloop
  endfacet
  facet normal 0.442142 -0.228389 -0.867381
    outer loop
      vertex 0.0520992 -0.0259135 -0.0114013
      vertex 0.0496054 -0.0230131 -0.0134362
      vertex 0.0520992 -0.0241703 -0.0118603
    endloop
  endfacet
  facet normal 0.44214 -0.22839 -0.867381
    outer loop
      vertex 0.0496054 -0.0230131 -0.0134362
      vertex 0.0520992 -0.0259135 -0.0114013
      vertex 0.0480423 -0.0260391 -0.0134362
    endloop
  endfacet
  facet normal 0.0301268 -0.322989 -0.945923
    outer loop
      vertex 0.005126 -0.0400114 -0.0197009
      vertex 0.00211525 -0.0331507 -0.0221394
      vertex 0.00422192 -0.0329542 -0.0221394
    endloop
  endfacet
  facet normal 0.0100001 -0.324276 -0.94591
    outer loop
      vertex 0.00256824 -0.0402498 -0.0197009
      vertex 0 -0.040329 -0.0197009
      vertex 0.00211525 -0.0331507 -0.0221394
    endloop
  endfacet
  facet normal -0.071917 -0.251255 -0.965246
    outer loop
      vertex -0.00837803 -0.0321722 -0.0221394
      vertex -0.0104103 -0.0315905 -0.0221394
      vertex -0.00655079 -0.0251551 -0.0241021
    endloop
  endfacet
  facet normal -0.0501358 -0.320411 -0.945951
    outer loop
      vertex -0.00422192 -0.0329542 -0.0221394
      vertex -0.00766468 -0.0396147 -0.0197009
      vertex -0.00631237 -0.0326271 -0.0221394
    endloop
  endfacet
  facet normal -0.0652264 -0.00204164 -0.997868
    outer loop
      vertex -0.011342 -0.000702858 -0.0265702
      vertex -0.011364 0 -0.0265702
      vertex -0.00379276 0 -0.0270651
    endloop
  endfacet
  facet normal -0.193548 -0.173142 -0.965692
    outer loop
      vertex -0.024559 -0.0227375 -0.0221394
      vertex -0.025959 -0.0211725 -0.0221394
      vertex -0.0202971 -0.0165548 -0.0241021
    endloop
  endfacet
  facet normal -0.193518 -0.173163 -0.965694
    outer loop
      vertex -0.0192022 -0.0177784 -0.0241021
      vertex -0.024559 -0.0227375 -0.0221394
      vertex -0.0202971 -0.0165548 -0.0241021
    endloop
  endfacet
  facet normal -0.391615 -0.202378 -0.897597
    outer loop
      vertex -0.0420265 -0.0227785 -0.016796
      vertex -0.0480423 -0.0260391 -0.0134362
      vertex -0.0433941 -0.0201321 -0.016796
    endloop
  endfacet
  facet normal -0.327759 -0.196581 -0.924083
    outer loop
      vertex -0.040493 -0.0253353 -0.016796
      vertex -0.0420265 -0.0227785 -0.016796
      vertex -0.0358458 -0.0194283 -0.0197009
    endloop
  endfacet
  facet normal -0.252981 -0.198991 -0.946786
    outer loop
      vertex -0.025959 -0.0211725 -0.0221394
      vertex -0.0330935 -0.0237045 -0.0197009
      vertex -0.027256 -0.0195236 -0.0221394
    endloop
  endfacet
  facet normal -0.314911 -0.217005 -0.923981
    outer loop
      vertex -0.0330935 -0.0237045 -0.0197009
      vertex -0.040493 -0.0253353 -0.016796
      vertex -0.0345373 -0.0216093 -0.0197009
    endloop
  endfacet
  facet normal -0.11963 -0.0524825 -0.99143
    outer loop
      vertex -0.0170927 -0.0079298 -0.0255812
      vertex -0.0175638 -0.00685596 -0.0255812
      vertex -0.0102825 -0.00477028 -0.0265702
    endloop
  endfacet
  facet normal -0.18324 -0.0669586 -0.980785
    outer loop
      vertex -0.0175638 -0.00685596 -0.0255812
      vertex -0.0244923 -0.00956059 -0.0241021
      vertex -0.0179663 -0.00575447 -0.0255812
    endloop
  endfacet
  facet normal -0.222195 -0.133203 -0.96586
    outer loop
      vertex -0.0222416 -0.013916 -0.0241021
      vertex -0.0295229 -0.0160017 -0.0221394
      vertex -0.0230837 -0.0125113 -0.0241021
    endloop
  endfacet
  facet normal -0.107836 -0.0742639 -0.991391
    outer loop
      vertex -0.0152826 -0.0109472 -0.0255812
      vertex -0.0159492 -0.00997925 -0.0255812
      vertex -0.00959492 -0.00600338 -0.0265702
    endloop
  endfacet
  facet normal -0.358346 -0.130872 -0.92437
    outer loop
      vertex -0.0380325 -0.0148458 -0.0197009
      vertex -0.044591 -0.0174055 -0.016796
      vertex -0.0389032 -0.0124617 -0.0197009
    endloop
  endfacet
  facet normal -0.30135 -0.110057 -0.947141
    outer loop
      vertex -0.0380325 -0.0148458 -0.0197009
      vertex -0.0389032 -0.0124617 -0.0197009
      vertex -0.0320415 -0.0102644 -0.0221394
    endloop
  endfacet
  facet normal -0.310507 -0.315017 -0.896855
    outer loop
      vertex -0.0328302 -0.0344677 -0.016796
      vertex -0.0399647 -0.0370007 -0.0134362
      vertex -0.0349607 -0.0323677 -0.016796
    endloop
  endfacet
  facet normal -0.269086 -0.272995 -0.923616
    outer loop
      vertex -0.0328302 -0.0344677 -0.016796
      vertex -0.0349607 -0.0323677 -0.016796
      vertex -0.0280018 -0.0293989 -0.0197009
    endloop
  endfacet
  facet normal -0.240147 -0.214726 -0.94669
    outer loop
      vertex -0.0298185 -0.027607 -0.0197009
      vertex -0.031518 -0.0257063 -0.0197009
      vertex -0.025959 -0.0211725 -0.0221394
    endloop
  endfacet
  facet normal -0.285501 -0.255279 -0.923754
    outer loop
      vertex -0.0298185 -0.027607 -0.0197009
      vertex -0.0349607 -0.0323677 -0.016796
      vertex -0.031518 -0.0257063 -0.0197009
    endloop
  endfacet
  facet normal -0.358354 -0.130861 -0.924369
    outer loop
      vertex -0.044591 -0.0174055 -0.016796
      vertex -0.0456114 -0.0146112 -0.016796
      vertex -0.0389032 -0.0124617 -0.0197009
    endloop
  endfacet
  facet normal -0.413646 -0.151052 -0.89782
    outer loop
      vertex -0.0520992 -0.0167065 -0.0134544
      vertex -0.0456114 -0.0146112 -0.016796
      vertex -0.044591 -0.0174055 -0.016796
    endloop
  endfacet
  facet normal -0.41295 -0.153151 -0.897784
    outer loop
      vertex -0.0456114 -0.0146112 -0.016796
      vertex -0.0520992 -0.0167065 -0.0134544
      vertex -0.0520992 -0.0166895 -0.0134573
    endloop
  endfacet
  facet normal -0.0798946 -0.104436 -0.991317
    outer loop
      vertex -0.0111036 -0.0150671 -0.0255812
      vertex -0.0120411 -0.0143499 -0.0255812
      vertex -0.00724316 -0.00863266 -0.0265702
    endloop
  endfacet
  facet normal -0.182477 -0.185074 -0.965634
    outer loop
      vertex -0.0230627 -0.0242128 -0.0221394
      vertex -0.024559 -0.0227375 -0.0221394
      vertex -0.0180321 -0.0189323 -0.0241021
    endloop
  endfacet
  facet normal -0.18249 -0.185052 -0.965636
    outer loop
      vertex -0.0180321 -0.0189323 -0.0241021
      vertex -0.024559 -0.0227375 -0.0221394
      vertex -0.0192022 -0.0177784 -0.0241021
    endloop
  endfacet
  facet normal -0.0861375 -0.0991991 -0.991332
    outer loop
      vertex -0.00724316 -0.00863266 -0.0265702
      vertex -0.0120411 -0.0143499 -0.0255812
      vertex -0.00777912 -0.00816727 -0.0265702
    endloop
  endfacet
  facet normal -0.0431315 -0.0496718 -0.997834
    outer loop
      vertex -0.00724316 -0.00863266 -0.0265702
      vertex -0.00777912 -0.00816727 -0.0265702
      vertex -0.00241756 -0.00288105 -0.0270651
    endloop
  endfacet
  facet normal 0.00608815 -0.0658944 -0.997808
    outer loop
      vertex 0.000713348 -0.0111818 -0.0265702
      vertex 0.000237465 -0.00373173 -0.0270651
      vertex 0.00047493 -0.00370979 -0.0270651
    endloop
  endfacet
  facet normal -0.112218 -0.0672248 -0.991407
    outer loop
      vertex -0.00959492 -0.00600338 -0.0265702
      vertex -0.0165539 -0.00897217 -0.0255812
      vertex -0.00995827 -0.00539684 -0.0265702
    endloop
  endfacet
  facet normal -0.257056 -0.0246534 -0.966082
    outer loop
      vertex -0.0334244 -0.00416279 -0.0221394
      vertex -0.0336237 -0.00208473 -0.0221394
      vertex -0.0262909 -0.00163078 -0.0241021
    endloop
  endfacet
  facet normal -0.312568 -0.070862 -0.947248
    outer loop
      vertex -0.0326319 -0.00825977 -0.0221394
      vertex -0.0401812 -0.00755692 -0.0197009
      vertex -0.0330935 -0.00622368 -0.0221394
    endloop
  endfacet
  facet normal -0.316354 -0.0507943 -0.94728
    outer loop
      vertex -0.0330935 -0.00622368 -0.0221394
      vertex -0.0401812 -0.00755692 -0.0197009
      vertex -0.0334244 -0.00416279 -0.0221394
    endloop
  endfacet
  facet normal -0.255008 -0.0409003 -0.966074
    outer loop
      vertex -0.025876 -0.0048666 -0.0241021
      vertex -0.0334244 -0.00416279 -0.0221394
      vertex -0.0261345 -0.00325489 -0.0241021
    endloop
  endfacet
  facet normal -0.119647 -0.0524229 -0.991431
    outer loop
      vertex -0.0102825 -0.00477028 -0.0265702
      vertex -0.0175638 -0.00685596 -0.0255812
      vertex -0.0105658 -0.00412369 -0.0265702
    endloop
  endfacet
  facet normal -0.116128 -0.0600267 -0.991419
    outer loop
      vertex -0.0165539 -0.00897217 -0.0255812
      vertex -0.0170927 -0.0079298 -0.0255812
      vertex -0.0102825 -0.00477028 -0.0265702
    endloop
  endfacet
  facet normal 0.0613883 -0.0224647 -0.997861
    outer loop
      vertex 0.0105658 -0.00412369 -0.0265702
      vertex 0.00352669 -0.00137615 -0.0270651
      vertex 0.010808 -0.00346184 -0.0265702
    endloop
  endfacet
  facet normal -0.125164 -0.0368925 -0.99145
    outer loop
      vertex -0.010808 -0.00346184 -0.0265702
      vertex -0.0179663 -0.00575447 -0.0255812
      vertex -0.0110073 -0.00278568 -0.0265702
    endloop
  endfacet
  facet normal -0.130283 -0.00407796 -0.991468
    outer loop
      vertex -0.011342 -0.000702858 -0.0265702
      vertex -0.0188904 0 -0.0255812
      vertex -0.011364 0 -0.0265702
    endloop
  endfacet
  facet normal 0.0516115 -0.040496 -0.997846
    outer loop
      vertex 0.00919342 -0.00658512 -0.0265702
      vertex 0.00292206 -0.00238323 -0.0270651
      vertex 0.00306797 -0.00219727 -0.0270651
    endloop
  endfacet
  facet normal 0.0614499 -0.0222497 -0.997862
    outer loop
      vertex 0.010808 -0.00346184 -0.0265702
      vertex 0.00352669 -0.00137615 -0.0270651
      vertex 0.0036068 -0.0011549 -0.0270651
    endloop
  endfacet
  facet normal -0.0614499 -0.0222497 -0.997862
    outer loop
      vertex -0.00352669 -0.00137615 -0.0270651
      vertex -0.010808 -0.00346184 -0.0265702
      vertex -0.0036068 -0.0011549 -0.0270651
    endloop
  endfacet
  facet normal -0.0636886 -0.0144232 -0.997866
    outer loop
      vertex -0.0110073 -0.00278568 -0.0265702
      vertex -0.0111628 -0.00209904 -0.0265702
      vertex -0.00367355 -0.000929832 -0.0270651
    endloop
  endfacet
  facet normal 0.0431315 -0.0496718 -0.997834
    outer loop
      vertex 0.00724316 -0.00863266 -0.0265702
      vertex 0.00241756 -0.00288105 -0.0270651
      vertex 0.00777912 -0.00816727 -0.0265702
    endloop
  endfacet
  facet normal -0.0363709 -0.126917 -0.991246
    outer loop
      vertex -0.00282574 -0.0108519 -0.0265702
      vertex -0.0046978 -0.0180397 -0.0255812
      vertex -0.00351143 -0.0106554 -0.0265702
    endloop
  endfacet
  facet normal 0.247915 -0.0730154 -0.966026
    outer loop
      vertex 0.0320415 -0.0102644 -0.0221394
      vertex 0.0255146 -0.00645828 -0.0241021
      vertex 0.0326319 -0.00825977 -0.0221394
    endloop
  endfacet
  facet normal 0.0182145 -0.0635598 -0.997812
    outer loop
      vertex 0.00282574 -0.0108519 -0.0265702
      vertex 0.000943184 -0.00362206 -0.0270651
      vertex 0.00351143 -0.0106554 -0.0265702
    endloop
  endfacet
  facet normal -0.0539536 -0.0372372 -0.997849
    outer loop
      vertex -0.00919342 -0.00658512 -0.0265702
      vertex -0.00959492 -0.00600338 -0.0265702
      vertex -0.00320244 -0.00200367 -0.0270651
    endloop
  endfacet
  facet normal -0.0538349 -0.0373925 -0.997849
    outer loop
      vertex -0.00306797 -0.00219727 -0.0270651
      vertex -0.00919342 -0.00658512 -0.0265702
      vertex -0.00320244 -0.00200367 -0.0270651
    endloop
  endfacet
  facet normal -0.0599108 -0.0262496 -0.997859
    outer loop
      vertex -0.0102825 -0.00477028 -0.0265702
      vertex -0.0105658 -0.00412369 -0.0265702
      vertex -0.00352669 -0.00137615 -0.0270651
    endloop
  endfacet
  facet normal 0.0798946 -0.104436 -0.991317
    outer loop
      vertex 0.0111036 -0.0150671 -0.0255812
      vertex 0.00724316 -0.00863266 -0.0265702
      vertex 0.0120411 -0.0143499 -0.0255812
    endloop
  endfacet
  facet normal 0.0663304 -0.113785 -0.991289
    outer loop
      vertex 0.0101213 -0.0157251 -0.0255812
      vertex 0.00547409 -0.00981808 -0.0265702
      vertex 0.00608921 -0.0094595 -0.0265702
    endloop
  endfacet
  facet normal -0.0663304 -0.113785 -0.991289
    outer loop
      vertex -0.00547409 -0.00981808 -0.0265702
      vertex -0.0101213 -0.0157251 -0.0255812
      vertex -0.00608921 -0.0094595 -0.0265702
    endloop
  endfacet
  facet normal -0.102504 -0.240135 -0.965313
    outer loop
      vertex -0.00969696 -0.024148 -0.0241021
      vertex -0.0143442 -0.0300541 -0.0221394
      vertex -0.0112162 -0.0234995 -0.0241021
    endloop
  endfacet
  facet normal -0.117068 -0.233197 -0.965357
    outer loop
      vertex -0.0143442 -0.0300541 -0.0221394
      vertex -0.0162306 -0.0291071 -0.0221394
      vertex -0.0112162 -0.0234995 -0.0241021
    endloop
  endfacet
  facet normal 0.275565 -0.165373 -0.946951
    outer loop
      vertex 0.0345373 -0.0216093 -0.0197009
      vertex 0.0284452 -0.0177975 -0.0221394
      vertex 0.0295229 -0.0160017 -0.0221394
    endloop
  endfacet
  facet normal 0.327719 -0.196616 -0.92409
    outer loop
      vertex 0.040493 -0.0253353 -0.016796
      vertex 0.0345373 -0.0216093 -0.0197009
      vertex 0.0358458 -0.0194283 -0.0197009
    endloop
  endfacet
  facet normal 0.194672 -0.00619382 -0.980849
    outer loop
      vertex 0.0262909 -0.00163078 -0.0241021
      vertex 0.0188532 -0.0011692 -0.0255812
      vertex 0.0188904 0 -0.0255812
    endloop
  endfacet
  facet normal 0.19391 -0.0186734 -0.980842
    outer loop
      vertex 0.0261345 -0.00325489 -0.0241021
      vertex 0.0187416 -0.00233364 -0.0255812
      vertex 0.0262909 -0.00163078 -0.0241021
    endloop
  endfacet
  facet normal 0.240081 -0.214769 -0.946697
    outer loop
      vertex 0.0298185 -0.027607 -0.0197009
      vertex 0.024559 -0.0227375 -0.0221394
      vertex 0.025959 -0.0211725 -0.0221394
    endloop
  endfacet
  facet normal 0.15382 -0.121112 -0.980648
    outer loop
      vertex 0.0202971 -0.0165548 -0.0241021
      vertex 0.014555 -0.0118713 -0.0255812
      vertex 0.0152826 -0.0109472 -0.0255812
    endloop
  endfacet
  facet normal 0.127218 -0.028797 -0.991457
    outer loop
      vertex 0.0182972 -0.00463104 -0.0255812
      vertex 0.0110073 -0.00278568 -0.0265702
      vertex 0.0185556 -0.00348949 -0.0255812
    endloop
  endfacet
  facet normal 0.275595 -0.165344 -0.946947
    outer loop
      vertex 0.0345373 -0.0216093 -0.0197009
      vertex 0.0295229 -0.0160017 -0.0221394
      vertex 0.0358458 -0.0194283 -0.0197009
    endloop
  endfacet
  facet normal 0.122627 -0.0448097 -0.991441
    outer loop
      vertex 0.0175638 -0.00685596 -0.0255812
      vertex 0.010808 -0.00346184 -0.0265702
      vertex 0.0179663 -0.00575447 -0.0255812
    endloop
  endfacet
  facet normal 0.0652264 -0.00204164 -0.997868
    outer loop
      vertex 0.011342 -0.000702858 -0.0265702
      vertex 0.00379276 0 -0.0270651
      vertex 0.011364 0 -0.0265702
    endloop
  endfacet
  facet normal -0.0259829 -0.0607149 -0.997817
    outer loop
      vertex -0.00139618 -0.0034771 -0.0270651
      vertex -0.00483799 -0.0101376 -0.0265702
      vertex -0.00161457 -0.00338364 -0.0270651
    endloop
  endfacet
  facet normal 0.316354 -0.0507943 -0.94728
    outer loop
      vertex 0.0401812 -0.00755692 -0.0197009
      vertex 0.0330935 -0.00622368 -0.0221394
      vertex 0.0334244 -0.00416279 -0.0221394
    endloop
  endfacet
  facet normal 0.312568 -0.070862 -0.947248
    outer loop
      vertex 0.0401812 -0.00755692 -0.0197009
      vertex 0.0326319 -0.00825977 -0.0221394
      vertex 0.0330935 -0.00622368 -0.0221394
    endloop
  endfacet
  facet normal 0.255011 -0.040945 -0.966071
    outer loop
      vertex 0.0330935 -0.00622368 -0.0221394
      vertex 0.025876 -0.0048666 -0.0241021
      vertex 0.0334244 -0.00416279 -0.0221394
    endloop
  endfacet
  facet normal 0.190083 -0.043027 -0.980825
    outer loop
      vertex 0.025876 -0.0048666 -0.0241021
      vertex 0.0182972 -0.00463104 -0.0255812
      vertex 0.0185556 -0.00348949 -0.0255812
    endloop
  endfacet
  facet normal 0.379259 -0.0364154 -0.924574
    outer loop
      vertex 0.0475807 -0.00592613 -0.016796
      vertex 0.0405827 -0.00505447 -0.0197009
      vertex 0.0408249 -0.00253201 -0.0197009
    endloop
  endfacet
  facet normal 0.376263 -0.0603687 -0.924544
    outer loop
      vertex 0.0475807 -0.00592613 -0.016796
      vertex 0.0401812 -0.00755692 -0.0197009
      vertex 0.0405827 -0.00505447 -0.0197009
    endloop
  endfacet
  facet normal 0.379294 -0.0363347 -0.924562
    outer loop
      vertex 0.0475807 -0.00592613 -0.016796
      vertex 0.0408249 -0.00253201 -0.0197009
      vertex 0.047864 -0.00296879 -0.016796
    endloop
  endfacet
  facet normal 0.380797 -0.0122238 -0.924578
    outer loop
      vertex 0.047864 -0.00296879 -0.016796
      vertex 0.0408249 -0.00253201 -0.0197009
      vertex 0.0479593 0 -0.016796
    endloop
  endfacet
  facet normal 0.211615 -0.243529 -0.946527
    outer loop
      vertex 0.0260735 -0.0310745 -0.0197009
      vertex 0.0214748 -0.0255928 -0.0221394
      vertex 0.0280018 -0.0293989 -0.0197009
    endloop
  endfacet
  facet normal 0.196107 -0.256492 -0.946443
    outer loop
      vertex 0.0240431 -0.0326271 -0.0197009
      vertex 0.0198021 -0.0268717 -0.0221394
      vertex 0.0214748 -0.0255928 -0.0221394
    endloop
  endfacet
  facet normal 0.0921998 -0.093437 -0.991347
    outer loop
      vertex 0.0137701 -0.0127487 -0.0255812
      vertex 0.00777912 -0.00816727 -0.0265702
      vertex 0.00828362 -0.00766945 -0.0265702
    endloop
  endfacet
  facet normal 0.240147 -0.214726 -0.94669
    outer loop
      vertex 0.0298185 -0.027607 -0.0197009
      vertex 0.025959 -0.0211725 -0.0221394
      vertex 0.031518 -0.0257063 -0.0197009
    endloop
  endfacet
  facet normal 0.203955 -0.160428 -0.965746
    outer loop
      vertex 0.025959 -0.0211725 -0.0221394
      vertex 0.0213118 -0.0152655 -0.0241021
      vertex 0.027256 -0.0195236 -0.0221394
    endloop
  endfacet
  facet normal 0.252981 -0.198991 -0.946786
    outer loop
      vertex 0.0330935 -0.0237045 -0.0197009
      vertex 0.025959 -0.0211725 -0.0221394
      vertex 0.027256 -0.0195236 -0.0221394
    endloop
  endfacet
  facet normal 0.251604 -0.289549 -0.923503
    outer loop
      vertex 0.03057 -0.0364323 -0.016796
      vertex 0.0260735 -0.0310745 -0.0197009
      vertex 0.0280018 -0.0293989 -0.0197009
    endloop
  endfacet
  facet normal 0.23321 -0.304921 -0.923383
    outer loop
      vertex 0.0281897 -0.0382528 -0.016796
      vertex 0.0260735 -0.0310745 -0.0197009
      vertex 0.03057 -0.0364323 -0.016796
    endloop
  endfacet
  facet normal 0.434354 -0.0698027 -0.898033
    outer loop
      vertex 0.0520992 -0.00743039 -0.0144936
      vertex 0.0475807 -0.00592613 -0.016796
      vertex 0.0520992 -0.00648865 -0.0145668
    endloop
  endfacet
  facet normal 0.434368 -0.0697566 -0.89803
    outer loop
      vertex 0.0475807 -0.00592613 -0.016796
      vertex 0.0520992 -0.00743039 -0.0144936
      vertex 0.0471096 -0.00885963 -0.016796
    endloop
  endfacet
  facet normal 0.429171 -0.0973115 -0.897966
    outer loop
      vertex 0.0520992 -0.0131885 -0.0139423
      vertex 0.0464525 -0.0117588 -0.016796
      vertex 0.0520992 -0.0105143 -0.0142321
    endloop
  endfacet
  facet normal 0.307577 -0.0905869 -0.947201
    outer loop
      vertex 0.0396204 -0.0100288 -0.0197009
      vertex 0.0320415 -0.0102644 -0.0221394
      vertex 0.0326319 -0.00825977 -0.0221394
    endloop
  endfacet
  facet normal 0.307577 -0.0906712 -0.947193
    outer loop
      vertex 0.0389032 -0.0124617 -0.0197009
      vertex 0.0320415 -0.0102644 -0.0221394
      vertex 0.0396204 -0.0100288 -0.0197009
    endloop
  endfacet
  facet normal 0.442127 -0.228551 -0.867345
    outer loop
      vertex 0.0520992 -0.0282383 -0.0107887
      vertex 0.0480423 -0.0260391 -0.0134362
      vertex 0.0520992 -0.0259135 -0.0114013
    endloop
  endfacet
  facet normal 0.363407 -0.25054 -0.89731
    outer loop
      vertex 0.0462885 -0.0289621 -0.0134362
      vertex 0.0387993 -0.027792 -0.016796
      vertex 0.040493 -0.0253353 -0.016796
    endloop
  endfacet
  facet normal 0.378251 -0.226951 -0.897452
    outer loop
      vertex 0.0462885 -0.0289621 -0.0134362
      vertex 0.040493 -0.0253353 -0.016796
      vertex 0.0480423 -0.0260391 -0.0134362
    endloop
  endfacet
  facet normal 0.339315 -0.17535 -0.924185
    outer loop
      vertex 0.0420265 -0.0227785 -0.016796
      vertex 0.0358458 -0.0194283 -0.0197009
      vertex 0.0433941 -0.0201321 -0.016796
    endloop
  endfacet
  facet normal 0.339321 -0.175312 -0.92419
    outer loop
      vertex 0.0433941 -0.0201321 -0.016796
      vertex 0.0358458 -0.0194283 -0.0197009
      vertex 0.0370121 -0.0171709 -0.0197009
    endloop
  endfacet
  facet normal 0.329515 -0.294601 -0.897012
    outer loop
      vertex 0.0399647 -0.0370007 -0.0134362
      vertex 0.0349607 -0.0323677 -0.016796
      vertex 0.0422421 -0.0344534 -0.0134362
    endloop
  endfacet
  facet normal 0.300742 -0.236697 -0.923866
    outer loop
      vertex 0.036953 -0.030139 -0.016796
      vertex 0.031518 -0.0257063 -0.0197009
      vertex 0.0330935 -0.0237045 -0.0197009
    endloop
  endfacet
  facet normal 0.31049 -0.315056 -0.896848
    outer loop
      vertex 0.037529 -0.0394011 -0.0134362
      vertex 0.0328302 -0.0344677 -0.016796
      vertex 0.0399647 -0.0370007 -0.0134362
    endloop
  endfacet
  facet normal 0.350432 -0.355586 -0.866462
    outer loop
      vertex 0.0420799 -0.044179 -0.00963484
      vertex 0.037529 -0.0394011 -0.0134362
      vertex 0.0399647 -0.0370007 -0.0134362
    endloop
  endfacet
  facet normal 0.327717 -0.377115 -0.866248
    outer loop
      vertex 0.0391827 -0.0466967 -0.00963484
      vertex 0.0349455 -0.041647 -0.0134362
      vertex 0.0420799 -0.044179 -0.00963484
    endloop
  endfacet
  facet normal 0.36349 -0.41828 -0.832416
    outer loop
      vertex 0.0432663 -0.0515633 -0.00540625
      vertex 0.0391827 -0.0466967 -0.00963484
      vertex 0.0420799 -0.044179 -0.00963484
    endloop
  endfacet
  facet normal 0.278488 -0.415515 -0.865905
    outer loop
      vertex 0.0361319 -0.0490303 -0.00963484
      vertex 0.0293751 -0.0456371 -0.0134362
      vertex 0.0322237 -0.0437279 -0.0134362
    endloop
  endfacet
  facet normal 0.246796 -0.368229 -0.896381
    outer loop
      vertex 0.0293751 -0.0456371 -0.0134362
      vertex 0.0281897 -0.0382528 -0.016796
      vertex 0.0322237 -0.0437279 -0.0134362
    endloop
  endfacet
  facet normal 0.0686406 -0.439381 -0.895674
    outer loop
      vertex 0.0102538 -0.0529995 -0.0134839
      vertex 0.00705555 -0.0529995 -0.013729
      vertex 0.00898647 -0.0464458 -0.016796
    endloop
  endfacet
  facet normal 0.0950024 -0.434315 -0.895737
    outer loop
      vertex 0.00898647 -0.0464458 -0.016796
      vertex 0.0102934 -0.0529995 -0.0134797
      vertex 0.0102538 -0.0529995 -0.0134839
    endloop
  endfacet
  facet normal 0.0956177 -0.43419 -0.895732
    outer loop
      vertex 0.0102934 -0.0529995 -0.0134797
      vertex 0.00898647 -0.0464458 -0.016796
      vertex 0.0119267 -0.0457983 -0.016796
    endloop
  endfacet
  facet normal 0.107991 -0.489901 -0.865064
    outer loop
      vertex 0.0134432 -0.0529995 -0.0130938
      vertex 0.0107004 -0.0529995 -0.0134362
      vertex 0.0136337 -0.0523529 -0.0134362
    endloop
  endfacet
  facet normal 0.0500728 -0.320441 -0.945944
    outer loop
      vertex 0.005126 -0.0400114 -0.0197009
      vertex 0.00422192 -0.0329542 -0.0221394
      vertex 0.00766468 -0.0396147 -0.0197009
    endloop
  endfacet
  facet normal 0.0697116 -0.316633 -0.945983
    outer loop
      vertex 0.00766468 -0.0396147 -0.0197009
      vertex 0.00631237 -0.0326271 -0.0221394
      vertex 0.0101728 -0.0390625 -0.0197009
    endloop
  endfacet
  facet normal 0.21384 -0.319123 -0.923273
    outer loop
      vertex 0.0256977 -0.0399227 -0.016796
      vertex 0.0219183 -0.0340509 -0.0197009
      vertex 0.0240431 -0.0326271 -0.0197009
    endloop
  endfacet
  facet normal 0.213845 -0.319122 -0.923272
    outer loop
      vertex 0.0256977 -0.0399227 -0.016796
      vertex 0.0240431 -0.0326271 -0.0197009
      vertex 0.0281897 -0.0382528 -0.016796
    endloop
  endfacet
  facet normal 0.179903 -0.268397 -0.94636
    outer loop
      vertex 0.0240431 -0.0326271 -0.0197009
      vertex 0.0180521 -0.0280447 -0.0221394
      vertex 0.0198021 -0.0268717 -0.0221394
    endloop
  endfacet
  facet normal 0.162832 -0.279406 -0.946265
    outer loop
      vertex 0.0197058 -0.0353403 -0.0197009
      vertex 0.0162306 -0.0291071 -0.0221394
      vertex 0.0219183 -0.0340509 -0.0197009
    endloop
  endfacet
  facet normal -0.0357649 -0.38393 -0.922669
    outer loop
      vertex -0.00301075 -0.0471897 -0.016796
      vertex -0.00601006 -0.0469103 -0.016796
      vertex -0.00256824 -0.0402498 -0.0197009
    endloop
  endfacet
  facet normal -0.0683885 -0.439396 -0.895686
    outer loop
      vertex -0.00705555 -0.0529995 -0.013729
      vertex -0.00601006 -0.0469103 -0.016796
      vertex -0.00679099 -0.0529995 -0.0137492
    endloop
  endfacet
  facet normal -0.0685677 -0.439366 -0.895687
    outer loop
      vertex -0.00601006 -0.0469103 -0.016796
      vertex -0.00705555 -0.0529995 -0.013729
      vertex -0.00898647 -0.0464458 -0.016796
    endloop
  endfacet
  facet normal -0.0686406 -0.439381 -0.895674
    outer loop
      vertex -0.00705555 -0.0529995 -0.013729
      vertex -0.0102538 -0.0529995 -0.0134839
      vertex -0.00898647 -0.0464458 -0.016796
    endloop
  endfacet
  facet normal -0.122379 -0.427285 -0.895796
    outer loop
      vertex -0.0119267 -0.0457983 -0.016796
      vertex -0.0169411 -0.0514059 -0.0134362
      vertex -0.0148201 -0.0449696 -0.016796
    endloop
  endfacet
  facet normal -0.0828841 -0.376368 -0.922755
    outer loop
      vertex -0.00898647 -0.0464458 -0.016796
      vertex -0.0119267 -0.0457983 -0.016796
      vertex -0.0101728 -0.0390625 -0.0197009
    endloop
  endfacet
  facet normal -0.0957333 -0.434207 -0.895712
    outer loop
      vertex -0.0107004 -0.0529995 -0.0134362
      vertex -0.0119267 -0.0457983 -0.016796
      vertex -0.0102934 -0.0529995 -0.0134797
    endloop
  endfacet
  facet normal -0.0957137 -0.434205 -0.895715
    outer loop
      vertex -0.0119267 -0.0457983 -0.016796
      vertex -0.0107004 -0.0529995 -0.0134362
      vertex -0.0136337 -0.0523529 -0.0134362
    endloop
  endfacet
  facet normal -0.388884 -0.394387 -0.832603
    outer loop
      vertex -0.0420799 -0.044179 -0.00963484
      vertex -0.0464649 -0.0487823 -0.00540625
      vertex -0.0448103 -0.0414867 -0.00963484
    endloop
  endfacet
  facet normal -0.451246 -0.403608 -0.795913
    outer loop
      vertex -0.0494795 -0.0458097 -0.00540625
      vertex -0.0520992 -0.0482352 -0.00269103
      vertex -0.0520992 -0.0428808 -0.00540625
    endloop
  endfacet
  facet normal -0.199362 -0.396478 -0.896136
    outer loop
      vertex -0.0204201 -0.0427837 -0.016796
      vertex -0.0264111 -0.0473652 -0.0134362
      vertex -0.0231037 -0.0414343 -0.016796
    endloop
  endfacet
  facet normal -0.269098 -0.351845 -0.896544
    outer loop
      vertex -0.0281897 -0.0382528 -0.016796
      vertex -0.0349455 -0.041647 -0.0134362
      vertex -0.03057 -0.0364323 -0.016796
    endloop
  endfacet
  facet normal -0.397665 -0.457482 -0.795345
    outer loop
      vertex -0.0444713 -0.0529995 -0.00397766
      vertex -0.0497831 -0.0529995 -0.00132181
      vertex -0.0432663 -0.0515633 -0.00540625
    endloop
  endfacet
  facet normal -0.455252 -0.313735 -0.833256
    outer loop
      vertex -0.0519018 -0.0324736 -0.00963484
      vertex -0.0520992 -0.0329233 -0.00935767
      vertex -0.0520992 -0.0325971 -0.00948049
    endloop
  endfacet
  facet normal -0.179873 -0.268433 -0.946356
    outer loop
      vertex -0.0219183 -0.0340509 -0.0197009
      vertex -0.0240431 -0.0326271 -0.0197009
      vertex -0.0180521 -0.0280447 -0.0221394
    endloop
  endfacet
  facet normal -0.179903 -0.268397 -0.94636
    outer loop
      vertex -0.0180521 -0.0280447 -0.0221394
      vertex -0.0240431 -0.0326271 -0.0197009
      vertex -0.0198021 -0.0268717 -0.0221394
    endloop
  endfacet
  facet normal -0.117166 -0.233114 -0.965365
    outer loop
      vertex -0.0112162 -0.0234995 -0.0241021
      vertex -0.0162306 -0.0291071 -0.0221394
      vertex -0.0126905 -0.0227585 -0.0241021
    endloop
  endfacet
  facet normal -0.0990547 -0.170003 -0.980453
    outer loop
      vertex -0.00909996 -0.0163202 -0.0255812
      vertex -0.0126905 -0.0227585 -0.0241021
      vertex -0.0101213 -0.0157251 -0.0255812
    endloop
  endfacet
  facet normal 0.38889 -0.394385 -0.832601
    outer loop
      vertex 0.0464649 -0.0487823 -0.00540625
      vertex 0.0448103 -0.0414867 -0.00963484
      vertex 0.0494795 -0.0458097 -0.00540625
    endloop
  endfacet
  facet normal 0.388884 -0.394387 -0.832603
    outer loop
      vertex 0.0464649 -0.0487823 -0.00540625
      vertex 0.0420799 -0.044179 -0.00963484
      vertex 0.0448103 -0.0414867 -0.00963484
    endloop
  endfacet
  facet normal -0.0182145 -0.0635598 -0.997812
    outer loop
      vertex -0.00282574 -0.0108519 -0.0265702
      vertex -0.00351143 -0.0106554 -0.0265702
      vertex -0.000943184 -0.00362206 -0.0270651
    endloop
  endfacet
  facet normal -0.00814275 -0.261465 -0.965179
    outer loop
      vertex 0 -0.0259714 -0.0241021
      vertex -0.00211525 -0.0331507 -0.0221394
      vertex -0.00165367 -0.0259199 -0.0241021
    endloop
  endfacet
  facet normal 0.00993357 -0.324259 -0.945916
    outer loop
      vertex 0.00211525 -0.0331507 -0.0221394
      vertex 0 -0.040329 -0.0197009
      vertex 0 -0.0332155 -0.0221394
    endloop
  endfacet
  facet normal -0.0137975 -0.444593 -0.895626
    outer loop
      vertex 0 -0.0529995 -0.0139584
      vertex -0.0029535 -0.0529995 -0.0139129
      vertex 0 -0.0472832 -0.016796
    endloop
  endfacet
  facet normal -0.0138069 -0.444589 -0.895628
    outer loop
      vertex -0.0029535 -0.0529995 -0.0139129
      vertex -0.00301075 -0.0471897 -0.016796
      vertex 0 -0.0472832 -0.016796
    endloop
  endfacet
  facet normal -0.0138111 -0.444589 -0.895628
    outer loop
      vertex -0.00301075 -0.0471897 -0.016796
      vertex -0.0029535 -0.0529995 -0.0139129
      vertex -0.0033815 -0.0529995 -0.0139063
    endloop
  endfacet
  facet normal -0.0404344 -0.25841 -0.965189
    outer loop
      vertex -0.00422192 -0.0329542 -0.0221394
      vertex -0.00631237 -0.0326271 -0.0221394
      vertex -0.00493526 -0.0255117 -0.0241021
    endloop
  endfacet
  facet normal -0.056235 -0.255358 -0.96521
    outer loop
      vertex -0.00631237 -0.0326271 -0.0221394
      vertex -0.00837803 -0.0321722 -0.0221394
      vertex -0.00493526 -0.0255117 -0.0241021
    endloop
  endfacet
  facet normal -0.327719 -0.196616 -0.92409
    outer loop
      vertex -0.0345373 -0.0216093 -0.0197009
      vertex -0.040493 -0.0253353 -0.016796
      vertex -0.0358458 -0.0194283 -0.0197009
    endloop
  endfacet
  facet normal -0.229961 -0.118904 -0.965909
    outer loop
      vertex -0.0230837 -0.0125113 -0.0241021
      vertex -0.0295229 -0.0160017 -0.0221394
      vertex -0.0238352 -0.0110579 -0.0241021
    endloop
  endfacet
  facet normal -0.40344 -0.177099 -0.897704
    outer loop
      vertex -0.0433941 -0.0201321 -0.016796
      vertex -0.0496054 -0.0230131 -0.0134362
      vertex -0.044591 -0.0174055 -0.016796
    endloop
  endfacet
  facet normal -0.391675 -0.202322 -0.897584
    outer loop
      vertex -0.0480423 -0.0260391 -0.0134362
      vertex -0.0496054 -0.0230131 -0.0134362
      vertex -0.0433941 -0.0201321 -0.016796
    endloop
  endfacet
  facet normal -0.236922 -0.103954 -0.965951
    outer loop
      vertex -0.0304842 -0.014142 -0.0221394
      vertex -0.0313244 -0.0122271 -0.0221394
      vertex -0.0244923 -0.00956059 -0.0241021
    endloop
  endfacet
  facet normal -0.242873 -0.088737 -0.965991
    outer loop
      vertex -0.0313244 -0.0122271 -0.0221394
      vertex -0.0320415 -0.0102644 -0.0221394
      vertex -0.0244923 -0.00956059 -0.0241021
    endloop
  endfacet
  facet normal -0.213514 -0.14711 -0.9658
    outer loop
      vertex -0.0213118 -0.0152655 -0.0241021
      vertex -0.027256 -0.0195236 -0.0221394
      vertex -0.0222416 -0.013916 -0.0241021
    endloop
  endfacet
  facet normal -0.275565 -0.165373 -0.946951
    outer loop
      vertex -0.0284452 -0.0177975 -0.0221394
      vertex -0.0345373 -0.0216093 -0.0197009
      vertex -0.0295229 -0.0160017 -0.0221394
    endloop
  endfacet
  facet normal -0.153851 -0.121083 -0.980647
    outer loop
      vertex -0.0202971 -0.0165548 -0.0241021
      vertex -0.0213118 -0.0152655 -0.0241021
      vertex -0.0152826 -0.0109472 -0.0255812
    endloop
  endfacet
  facet normal -0.161106 -0.110949 -0.980681
    outer loop
      vertex -0.0152826 -0.0109472 -0.0255812
      vertex -0.0222416 -0.013916 -0.0241021
      vertex -0.0159492 -0.00997925 -0.0255812
    endloop
  endfacet
  facet normal -0.102953 -0.0810564 -0.991378
    outer loop
      vertex -0.00875568 -0.00714111 -0.0265702
      vertex -0.0152826 -0.0109472 -0.0255812
      vertex -0.00919342 -0.00658512 -0.0265702
    endloop
  endfacet
  facet normal -0.0220059 -0.0623087 -0.997814
    outer loop
      vertex -0.00117207 -0.00355625 -0.0270651
      vertex -0.00351143 -0.0106554 -0.0265702
      vertex -0.00139618 -0.0034771 -0.0270651
    endloop
  endfacet
  facet normal -0.167575 -0.10062 -0.980711
    outer loop
      vertex -0.0159492 -0.00997925 -0.0255812
      vertex -0.0222416 -0.013916 -0.0241021
      vertex -0.0165539 -0.00897217 -0.0255812
    endloop
  endfacet
  facet normal -0.167667 -0.100514 -0.980706
    outer loop
      vertex -0.0222416 -0.013916 -0.0241021
      vertex -0.0230837 -0.0125113 -0.0241021
      vertex -0.0165539 -0.00897217 -0.0255812
    endloop
  endfacet
  facet normal -0.240081 -0.214769 -0.946697
    outer loop
      vertex -0.024559 -0.0227375 -0.0221394
      vertex -0.0298185 -0.027607 -0.0197009
      vertex -0.025959 -0.0211725 -0.0221394
    endloop
  endfacet
  facet normal -0.226385 -0.229518 -0.94661
    outer loop
      vertex -0.0280018 -0.0293989 -0.0197009
      vertex -0.0298185 -0.027607 -0.0197009
      vertex -0.024559 -0.0227375 -0.0221394
    endloop
  endfacet
  facet normal -0.0598038 -0.0264626 -0.997859
    outer loop
      vertex -0.00343132 -0.00159168 -0.0270651
      vertex -0.0102825 -0.00477028 -0.0265702
      vertex -0.00352669 -0.00137615 -0.0270651
    endloop
  endfacet
  facet normal -0.0626276 -0.0185739 -0.997864
    outer loop
      vertex -0.0036068 -0.0011549 -0.0270651
      vertex -0.010808 -0.00346184 -0.0265702
      vertex -0.00367355 -0.000929832 -0.0270651
    endloop
  endfacet
  facet normal -0.158213 -0.206745 -0.965518
    outer loop
      vertex -0.0154839 -0.0210114 -0.0241021
      vertex -0.0214748 -0.0255928 -0.0221394
      vertex -0.0167913 -0.0200109 -0.0241021
    endloop
  endfacet
  facet normal -0.137709 -0.139642 -0.98058
    outer loop
      vertex -0.0180321 -0.0189323 -0.0241021
      vertex -0.0192022 -0.0177784 -0.0241021
      vertex -0.0129309 -0.0135765 -0.0255812
    endloop
  endfacet
  facet normal -0.170653 -0.196316 -0.965576
    outer loop
      vertex -0.0167913 -0.0200109 -0.0241021
      vertex -0.0230627 -0.0242128 -0.0221394
      vertex -0.0180321 -0.0189323 -0.0241021
    endloop
  endfacet
  facet normal -0.128776 -0.148141 -0.980546
    outer loop
      vertex -0.0167913 -0.0200109 -0.0241021
      vertex -0.0180321 -0.0189323 -0.0241021
      vertex -0.0129309 -0.0135765 -0.0255812
    endloop
  endfacet
  facet normal -0.251963 -0.0571224 -0.966049
    outer loop
      vertex -0.0326319 -0.00825977 -0.0221394
      vertex -0.0330935 -0.00622368 -0.0221394
      vertex -0.025876 -0.0048666 -0.0241021
    endloop
  endfacet
  facet normal -0.190078 -0.0431583 -0.98082
    outer loop
      vertex -0.0255146 -0.00645828 -0.0241021
      vertex -0.025876 -0.0048666 -0.0241021
      vertex -0.0182972 -0.00463104 -0.0255812
    endloop
  endfacet
  facet normal -0.31637 -0.0507593 -0.947277
    outer loop
      vertex -0.0401812 -0.00755692 -0.0197009
      vertex -0.0405827 -0.00505447 -0.0197009
      vertex -0.0334244 -0.00416279 -0.0221394
    endloop
  endfacet
  facet normal -0.318886 -0.0306186 -0.947298
    outer loop
      vertex -0.0405827 -0.00505447 -0.0197009
      vertex -0.0408249 -0.00253201 -0.0197009
      vertex -0.0334244 -0.00416279 -0.0221394
    endloop
  endfacet
  facet normal -0.258048 -0.00814914 -0.966098
    outer loop
      vertex -0.0262909 -0.00163078 -0.0241021
      vertex -0.0336905 0 -0.0221394
      vertex -0.0263424 0 -0.0241021
    endloop
  endfacet
  facet normal -0.19239 -0.0308572 -0.980833
    outer loop
      vertex -0.025876 -0.0048666 -0.0241021
      vertex -0.0261345 -0.00325489 -0.0241021
      vertex -0.0187416 -0.00233364 -0.0255812
    endloop
  endfacet
  facet normal -0.19391 -0.0186734 -0.980842
    outer loop
      vertex -0.0261345 -0.00325489 -0.0241021
      vertex -0.0262909 -0.00163078 -0.0241021
      vertex -0.0187416 -0.00233364 -0.0255812
    endloop
  endfacet
  facet normal -0.125174 -0.0368693 -0.991449
    outer loop
      vertex -0.0179663 -0.00575447 -0.0255812
      vertex -0.0182972 -0.00463104 -0.0255812
      vertex -0.0110073 -0.00278568 -0.0265702
    endloop
  endfacet
  facet normal -0.127218 -0.028797 -0.991457
    outer loop
      vertex -0.0182972 -0.00463104 -0.0255812
      vertex -0.0185556 -0.00348949 -0.0255812
      vertex -0.0110073 -0.00278568 -0.0265702
    endloop
  endfacet
  facet normal -0.0102574 -0.0653617 -0.997809
    outer loop
      vertex -0.00142384 -0.011116 -0.0265702
      vertex -0.0021286 -0.0110054 -0.0265702
      vertex -0.00047493 -0.00370979 -0.0270651
    endloop
  endfacet
  facet normal -0.0544158 -0.189588 -0.980355
    outer loop
      vertex -0.0046978 -0.0180397 -0.0255812
      vertex -0.00813961 -0.0247002 -0.0241021
      vertex -0.00583744 -0.0177126 -0.0255812
    endloop
  endfacet
  facet normal 0.00204027 -0.0661556 -0.997807
    outer loop
      vertex 0.000713348 -0.0111818 -0.0265702
      vertex 0 -0.0112038 -0.0265702
      vertex 0 -0.00373936 -0.0270651
    endloop
  endfacet
  facet normal 0.0296233 -0.0589776 -0.99782
    outer loop
      vertex 0.00483799 -0.0101376 -0.0265702
      vertex 0.00161457 -0.00338364 -0.0270651
      vertex 0.00182724 -0.00327682 -0.0270651
    endloop
  endfacet
  facet normal -0.0490047 -0.0437079 -0.997842
    outer loop
      vertex -0.0027647 -0.00255966 -0.0270651
      vertex -0.00875568 -0.00714111 -0.0265702
      vertex -0.00292206 -0.00238323 -0.0270651
    endloop
  endfacet
  facet normal -0.0582091 -0.0298994 -0.997857
    outer loop
      vertex -0.00332355 -0.00180149 -0.0270651
      vertex -0.0102825 -0.00477028 -0.0265702
      vertex -0.00343132 -0.00159168 -0.0270651
    endloop
  endfacet
  facet normal -0.00407415 -0.132104 -0.991228
    outer loop
      vertex 0 -0.0112038 -0.0265702
      vertex -0.00118542 -0.0185881 -0.0255812
      vertex -0.000713348 -0.0111818 -0.0265702
    endloop
  endfacet
  facet normal 0.0140369 -0.0646289 -0.997811
    outer loop
      vertex 0.0021286 -0.0110054 -0.0265702
      vertex 0.000710487 -0.0036726 -0.0270651
      vertex 0.000943184 -0.00362206 -0.0270651
    endloop
  endfacet
  facet normal 0.112218 -0.0672248 -0.991407
    outer loop
      vertex 0.0165539 -0.00897217 -0.0255812
      vertex 0.00959492 -0.00600338 -0.0265702
      vertex 0.00995827 -0.00539684 -0.0265702
    endloop
  endfacet
  facet normal 0.0304072 -0.195031 -0.980326
    outer loop
      vertex 0.00330162 -0.0257664 -0.0241021
      vertex 0.00236702 -0.0184774 -0.0255812
      vertex 0.00493526 -0.0255117 -0.0241021
    endloop
  endfacet
  facet normal 0.119387 -0.156009 -0.980514
    outer loop
      vertex 0.0154839 -0.0210114 -0.0241021
      vertex 0.0120411 -0.0143499 -0.0255812
      vertex 0.0167913 -0.0200109 -0.0241021
    endloop
  endfacet
  facet normal 0.00407415 -0.132104 -0.991228
    outer loop
      vertex 0.00118542 -0.0185881 -0.0255812
      vertex 0 -0.0112038 -0.0265702
      vertex 0.000713348 -0.0111818 -0.0265702
    endloop
  endfacet
  facet normal -0.0626643 -0.0184705 -0.997864
    outer loop
      vertex -0.010808 -0.00346184 -0.0265702
      vertex -0.0110073 -0.00278568 -0.0265702
      vertex -0.00367355 -0.000929832 -0.0270651
    endloop
  endfacet
  facet normal -0.00608815 -0.0658944 -0.997808
    outer loop
      vertex -0.000237465 -0.00373173 -0.0270651
      vertex -0.000713348 -0.0111818 -0.0265702
      vertex -0.00047493 -0.00370979 -0.0270651
    endloop
  endfacet
  facet normal -0.00212539 -0.0661475 -0.997808
    outer loop
      vertex 0 -0.00373936 -0.0270651
      vertex -0.000713348 -0.0111818 -0.0265702
      vertex -0.000237465 -0.00373173 -0.0270651
    endloop
  endfacet
  facet normal 0.0242587 -0.260438 -0.965186
    outer loop
      vertex 0.00211525 -0.0331507 -0.0221394
      vertex 0.00165367 -0.0259199 -0.0241021
      vertex 0.00330162 -0.0257664 -0.0241021
    endloop
  endfacet
  facet normal 0.0221136 -0.0622769 -0.997814
    outer loop
      vertex 0.00351143 -0.0106554 -0.0265702
      vertex 0.00139618 -0.0034771 -0.0270651
      vertex 0.00418282 -0.010417 -0.0265702
    endloop
  endfacet
  facet normal -0.0366946 -0.0547313 -0.997827
    outer loop
      vertex -0.00608921 -0.0094595 -0.0265702
      vertex -0.00667953 -0.00906372 -0.0265702
      vertex -0.00222874 -0.00302505 -0.0270651
    endloop
  endfacet
  facet normal -0.0518256 -0.121279 -0.991265
    outer loop
      vertex -0.00695419 -0.0173168 -0.0255812
      vertex -0.00804329 -0.0168514 -0.0255812
      vertex -0.00483799 -0.0101376 -0.0265702
    endloop
  endfacet
  facet normal -0.0774201 -0.181174 -0.980399
    outer loop
      vertex -0.00695419 -0.0173168 -0.0255812
      vertex -0.0112162 -0.0234995 -0.0241021
      vertex -0.00804329 -0.0168514 -0.0255812
    endloop
  endfacet
  facet normal 0.00602675 -0.197354 -0.980314
    outer loop
      vertex 0.00118542 -0.0185881 -0.0255812
      vertex 0 -0.0259714 -0.0241021
      vertex 0 -0.0186243 -0.0255812
    endloop
  endfacet
  facet normal -0.0304072 -0.195031 -0.980326
    outer loop
      vertex -0.00330162 -0.0257664 -0.0241021
      vertex -0.00493526 -0.0255117 -0.0241021
      vertex -0.00236702 -0.0184774 -0.0255812
    endloop
  endfacet
  facet normal 0.130283 -0.00407796 -0.991468
    outer loop
      vertex 0.0188904 0 -0.0255812
      vertex 0.011342 -0.000702858 -0.0265702
      vertex 0.011364 0 -0.0265702
    endloop
  endfacet
  facet normal 0.167575 -0.10062 -0.980711
    outer loop
      vertex 0.0222416 -0.013916 -0.0241021
      vertex 0.0159492 -0.00997925 -0.0255812
      vertex 0.0165539 -0.00897217 -0.0255812
    endloop
  endfacet
  facet normal 0.161106 -0.110949 -0.980681
    outer loop
      vertex 0.0222416 -0.013916 -0.0241021
      vertex 0.0152826 -0.0109472 -0.0255812
      vertex 0.0159492 -0.00997925 -0.0255812
    endloop
  endfacet
  facet normal 0.161089 -0.11099 -0.980679
    outer loop
      vertex 0.0213118 -0.0152655 -0.0241021
      vertex 0.0152826 -0.0109472 -0.0255812
      vertex 0.0222416 -0.013916 -0.0241021
    endloop
  endfacet
  facet normal 0.213514 -0.14711 -0.9658
    outer loop
      vertex 0.027256 -0.0195236 -0.0221394
      vertex 0.0213118 -0.0152655 -0.0241021
      vertex 0.0222416 -0.013916 -0.0241021
    endloop
  endfacet
  facet normal 0.116128 -0.0600267 -0.991419
    outer loop
      vertex 0.0165539 -0.00897217 -0.0255812
      vertex 0.0102825 -0.00477028 -0.0265702
      vertex 0.0170927 -0.0079298 -0.0255812
    endloop
  endfacet
  facet normal 0.0644028 -0.0106021 -0.997868
    outer loop
      vertex 0.0111628 -0.00209904 -0.0265702
      vertex 0.00372505 -0.000699997 -0.0270651
      vertex 0.0037632 -0.000468254 -0.0270651
    endloop
  endfacet
  facet normal 0.0637116 -0.0142761 -0.997866
    outer loop
      vertex 0.0111628 -0.00209904 -0.0265702
      vertex 0.00367355 -0.000929832 -0.0270651
      vertex 0.00372505 -0.000699997 -0.0270651
    endloop
  endfacet
  facet normal 0.236922 -0.103954 -0.965951
    outer loop
      vertex 0.0304842 -0.014142 -0.0221394
      vertex 0.0244923 -0.00956059 -0.0241021
      vertex 0.0313244 -0.0122271 -0.0221394
    endloop
  endfacet
  facet normal 0.125164 -0.0368925 -0.99145
    outer loop
      vertex 0.0179663 -0.00575447 -0.0255812
      vertex 0.010808 -0.00346184 -0.0265702
      vertex 0.0110073 -0.00278568 -0.0265702
    endloop
  endfacet
  facet normal 0.183261 -0.0669227 -0.980784
    outer loop
      vertex 0.0244923 -0.00956059 -0.0241021
      vertex 0.0179663 -0.00575447 -0.0255812
      vertex 0.025053 -0.00802517 -0.0241021
    endloop
  endfacet
  facet normal 0.365758 -0.107853 -0.92444
    outer loop
      vertex 0.0456114 -0.0146112 -0.016796
      vertex 0.0389032 -0.0124617 -0.0197009
      vertex 0.0464525 -0.0117588 -0.016796
    endloop
  endfacet
  facet normal 0.222195 -0.133203 -0.96586
    outer loop
      vertex 0.0295229 -0.0160017 -0.0221394
      vertex 0.0222416 -0.013916 -0.0241021
      vertex 0.0230837 -0.0125113 -0.0241021
    endloop
  endfacet
  facet normal 0.167667 -0.100514 -0.980706
    outer loop
      vertex 0.0222416 -0.013916 -0.0241021
      vertex 0.0165539 -0.00897217 -0.0255812
      vertex 0.0230837 -0.0125113 -0.0241021
    endloop
  endfacet
  facet normal 0.247905 -0.073032 -0.966028
    outer loop
      vertex 0.0320415 -0.0102644 -0.0221394
      vertex 0.025053 -0.00802517 -0.0241021
      vertex 0.0255146 -0.00645828 -0.0241021
    endloop
  endfacet
  facet normal 0.187052 -0.0551048 -0.980803
    outer loop
      vertex 0.025053 -0.00802517 -0.0241021
      vertex 0.0179663 -0.00575447 -0.0255812
      vertex 0.0255146 -0.00645828 -0.0241021
    endloop
  endfacet
  facet normal 0.318886 -0.0306186 -0.947298
    outer loop
      vertex 0.0405827 -0.00505447 -0.0197009
      vertex 0.0334244 -0.00416279 -0.0221394
      vertex 0.0408249 -0.00253201 -0.0197009
    endloop
  endfacet
  facet normal 0.31637 -0.0507593 -0.947277
    outer loop
      vertex 0.0401812 -0.00755692 -0.0197009
      vertex 0.0334244 -0.00416279 -0.0221394
      vertex 0.0405827 -0.00505447 -0.0197009
    endloop
  endfacet
  facet normal 0.252946 -0.199079 -0.946776
    outer loop
      vertex 0.031518 -0.0257063 -0.0197009
      vertex 0.025959 -0.0211725 -0.0221394
      vertex 0.0330935 -0.0237045 -0.0197009
    endloop
  endfacet
  facet normal 0.347147 -0.273088 -0.897169
    outer loop
      vertex 0.0422421 -0.0344534 -0.0134362
      vertex 0.036953 -0.030139 -0.016796
      vertex 0.0387993 -0.027792 -0.016796
    endloop
  endfacet
  facet normal 0.18249 -0.185052 -0.965636
    outer loop
      vertex 0.024559 -0.0227375 -0.0221394
      vertex 0.0180321 -0.0189323 -0.0241021
      vertex 0.0192022 -0.0177784 -0.0241021
    endloop
  endfacet
  facet normal 0.137709 -0.139642 -0.98058
    outer loop
      vertex 0.0180321 -0.0189323 -0.0241021
      vertex 0.0129309 -0.0135765 -0.0255812
      vertex 0.0192022 -0.0177784 -0.0241021
    endloop
  endfacet
  facet normal 0.434373 -0.0697823 -0.898026
    outer loop
      vertex 0.0520992 -0.00979828 -0.0143096
      vertex 0.0471096 -0.00885963 -0.016796
      vertex 0.0520992 -0.00743039 -0.0144936
    endloop
  endfacet
  facet normal 0.30135 -0.110057 -0.947141
    outer loop
      vertex 0.0380325 -0.0148458 -0.0197009
      vertex 0.0320415 -0.0102644 -0.0221394
      vertex 0.0389032 -0.0124617 -0.0197009
    endloop
  endfacet
  facet normal 0.301324 -0.110093 -0.947145
    outer loop
      vertex 0.0380325 -0.0148458 -0.0197009
      vertex 0.0313244 -0.0122271 -0.0221394
      vertex 0.0320415 -0.0102644 -0.0221394
    endloop
  endfacet
  facet normal 0.314911 -0.217005 -0.923981
    outer loop
      vertex 0.040493 -0.0253353 -0.016796
      vertex 0.0330935 -0.0237045 -0.0197009
      vertex 0.0345373 -0.0216093 -0.0197009
    endloop
  endfacet
  facet normal 0.264831 -0.182494 -0.946869
    outer loop
      vertex 0.0330935 -0.0237045 -0.0197009
      vertex 0.027256 -0.0195236 -0.0221394
      vertex 0.0345373 -0.0216093 -0.0197009
    endloop
  endfacet
  facet normal 0.410176 -0.28283 -0.867043
    outer loop
      vertex 0.0497313 -0.0356226 -0.00963484
      vertex 0.0443525 -0.0317698 -0.0134362
      vertex 0.0462885 -0.0289621 -0.0134362
    endloop
  endfacet
  facet normal 0.363398 -0.250575 -0.897304
    outer loop
      vertex 0.0443525 -0.0317698 -0.0134362
      vertex 0.0387993 -0.027792 -0.016796
      vertex 0.0462885 -0.0289621 -0.0134362
    endloop
  endfacet
  facet normal 0.329526 -0.294573 -0.897017
    outer loop
      vertex 0.0422421 -0.0344534 -0.0134362
      vertex 0.0349607 -0.0323677 -0.016796
      vertex 0.036953 -0.030139 -0.016796
    endloop
  endfacet
  facet normal 0.285543 -0.255255 -0.923748
    outer loop
      vertex 0.0349607 -0.0323677 -0.016796
      vertex 0.031518 -0.0257063 -0.0197009
      vertex 0.036953 -0.030139 -0.016796
    endloop
  endfacet
  facet normal 0.290388 -0.334081 -0.896697
    outer loop
      vertex 0.0349455 -0.041647 -0.0134362
      vertex 0.03057 -0.0364323 -0.016796
      vertex 0.0328302 -0.0344677 -0.016796
    endloop
  endfacet
  facet normal 0.25166 -0.289525 -0.923495
    outer loop
      vertex 0.03057 -0.0364323 -0.016796
      vertex 0.0280018 -0.0293989 -0.0197009
      vertex 0.0328302 -0.0344677 -0.016796
    endloop
  endfacet
  facet normal -0.0118855 -0.385415 -0.922667
    outer loop
      vertex 0 -0.0472832 -0.016796
      vertex -0.00256824 -0.0402498 -0.0197009
      vertex 0 -0.040329 -0.0197009
    endloop
  endfacet
  facet normal 0.0118855 -0.385415 -0.922667
    outer loop
      vertex 0.00256824 -0.0402498 -0.0197009
      vertex 0 -0.0472832 -0.016796
      vertex 0 -0.040329 -0.0197009
    endloop
  endfacet
  facet normal 0.0957137 -0.434205 -0.895715
    outer loop
      vertex 0.0107004 -0.0529995 -0.0134362
      vertex 0.0119267 -0.0457983 -0.016796
      vertex 0.0136337 -0.0523529 -0.0134362
    endloop
  endfacet
  facet normal 0.0957333 -0.434207 -0.895712
    outer loop
      vertex 0.0119267 -0.0457983 -0.016796
      vertex 0.0107004 -0.0529995 -0.0134362
      vertex 0.0102934 -0.0529995 -0.0134797
    endloop
  endfacet
  facet normal 0.13802 -0.482132 -0.865158
    outer loop
      vertex 0.0136337 -0.0523529 -0.0134362
      vertex 0.0165796 -0.0529995 -0.0126059
      vertex 0.0138021 -0.0529995 -0.013049
    endloop
  endfacet
  facet normal 0.138036 -0.48209 -0.865179
    outer loop
      vertex 0.0165796 -0.0529995 -0.0126059
      vertex 0.0136337 -0.0523529 -0.0134362
      vertex 0.0169411 -0.0514059 -0.0134362
    endloop
  endfacet
  facet normal 0.0592013 -0.117764 -0.991275
    outer loop
      vertex 0.00804329 -0.0168514 -0.0255812
      vertex 0.00547409 -0.00981808 -0.0265702
      vertex 0.00909996 -0.0163202 -0.0255812
    endloop
  endfacet
  facet normal 0.0828626 -0.376366 -0.922758
    outer loop
      vertex 0.00898647 -0.0464458 -0.016796
      vertex 0.00766468 -0.0396147 -0.0197009
      vertex 0.0101728 -0.0390625 -0.0197009
    endloop
  endfacet
  facet normal 0.145346 -0.289127 -0.946193
    outer loop
      vertex 0.017416 -0.0364914 -0.0197009
      vertex 0.0162306 -0.0291071 -0.0221394
      vertex 0.0197058 -0.0353403 -0.0197009
    endloop
  endfacet
  facet normal 0.199271 -0.396578 -0.896112
    outer loop
      vertex 0.0233421 -0.0489073 -0.0134362
      vertex 0.0204201 -0.0427837 -0.016796
      vertex 0.0264111 -0.0473652 -0.0134362
    endloop
  endfacet
  facet normal 0.158213 -0.206745 -0.965518
    outer loop
      vertex 0.0214748 -0.0255928 -0.0221394
      vertex 0.0154839 -0.0210114 -0.0241021
      vertex 0.0167913 -0.0200109 -0.0241021
    endloop
  endfacet
  facet normal 0.158141 -0.206836 -0.96551
    outer loop
      vertex 0.0198021 -0.0268717 -0.0221394
      vertex 0.0154839 -0.0210114 -0.0241021
      vertex 0.0214748 -0.0255928 -0.0221394
    endloop
  endfacet
  facet normal 0.108473 -0.305218 -0.946084
    outer loop
      vertex 0.0150576 -0.0374975 -0.0197009
      vertex 0.0104103 -0.0315905 -0.0221394
      vertex 0.0124016 -0.0308828 -0.0221394
    endloop
  endfacet
  facet normal 0.108382 -0.305284 -0.946073
    outer loop
      vertex 0.01264 -0.0383558 -0.0197009
      vertex 0.0104103 -0.0315905 -0.0221394
      vertex 0.0150576 -0.0374975 -0.0197009
    endloop
  endfacet
  facet normal -0.0412539 -0.442854 -0.895644
    outer loop
      vertex -0.00649593 -0.0529995 -0.0137628
      vertex -0.00601006 -0.0469103 -0.016796
      vertex -0.00301075 -0.0471897 -0.016796
    endloop
  endfacet
  facet normal -0.0412823 -0.442851 -0.895644
    outer loop
      vertex -0.00601006 -0.0469103 -0.016796
      vertex -0.00649593 -0.0529995 -0.0137628
      vertex -0.00679099 -0.0529995 -0.0137492
    endloop
  endfacet
  facet normal -0.0412677 -0.442847 -0.895647
    outer loop
      vertex -0.0033815 -0.0529995 -0.0139063
      vertex -0.00649593 -0.0529995 -0.0137628
      vertex -0.00301075 -0.0471897 -0.016796
    endloop
  endfacet
  facet normal -0.0697272 -0.316625 -0.945985
    outer loop
      vertex -0.00631237 -0.0326271 -0.0221394
      vertex -0.0101728 -0.0390625 -0.0197009
      vertex -0.00837803 -0.0321722 -0.0221394
    endloop
  endfacet
  facet normal -0.0697116 -0.316633 -0.945983
    outer loop
      vertex -0.00766468 -0.0396147 -0.0197009
      vertex -0.0101728 -0.0390625 -0.0197009
      vertex -0.00631237 -0.0326271 -0.0221394
    endloop
  endfacet
  facet normal -0.128827 -0.362883 -0.922886
    outer loop
      vertex -0.0148201 -0.0449696 -0.016796
      vertex -0.0176544 -0.0439634 -0.016796
      vertex -0.01264 -0.0383558 -0.0197009
    endloop
  endfacet
  facet normal -0.106082 -0.370349 -0.922815
    outer loop
      vertex -0.0101728 -0.0390625 -0.0197009
      vertex -0.0148201 -0.0449696 -0.016796
      vertex -0.01264 -0.0383558 -0.0197009
    endloop
  endfacet
  facet normal -0.107983 -0.4899 -0.865065
    outer loop
      vertex -0.0134432 -0.0529995 -0.0130938
      vertex -0.0138021 -0.0529995 -0.013049
      vertex -0.0136337 -0.0523529 -0.0134362
    endloop
  endfacet
  facet normal -0.13802 -0.482132 -0.865158
    outer loop
      vertex -0.0165796 -0.0529995 -0.0126059
      vertex -0.0136337 -0.0523529 -0.0134362
      vertex -0.0138021 -0.0529995 -0.013049
    endloop
  endfacet
  facet normal -0.138036 -0.48209 -0.865179
    outer loop
      vertex -0.0136337 -0.0523529 -0.0134362
      vertex -0.0165796 -0.0529995 -0.0126059
      vertex -0.0169411 -0.0514059 -0.0134362
    endloop
  endfacet
  facet normal -0.38889 -0.394385 -0.832601
    outer loop
      vertex -0.0464649 -0.0487823 -0.00540625
      vertex -0.0494795 -0.0458097 -0.00540625
      vertex -0.0448103 -0.0414867 -0.00963484
    endloop
  endfacet
  facet normal -0.425316 -0.431321 -0.795656
    outer loop
      vertex -0.0520992 -0.0482352 -0.00269103
      vertex -0.0464649 -0.0487823 -0.00540625
      vertex -0.0520992 -0.0496627 -0.00191719
    endloop
  endfacet
  facet normal -0.425315 -0.431325 -0.795654
    outer loop
      vertex -0.0464649 -0.0487823 -0.00540625
      vertex -0.0520992 -0.0482352 -0.00269103
      vertex -0.0494795 -0.0458097 -0.00540625
    endloop
  endfacet
  facet normal -0.199271 -0.396578 -0.896112
    outer loop
      vertex -0.0233421 -0.0489073 -0.0134362
      vertex -0.0264111 -0.0473652 -0.0134362
      vertex -0.0204201 -0.0427837 -0.016796
    endloop
  endfacet
  facet normal -0.174276 -0.40844 -0.895994
    outer loop
      vertex -0.0201817 -0.0502558 -0.0134362
      vertex -0.0233421 -0.0489073 -0.0134362
      vertex -0.0204201 -0.0427837 -0.016796
    endloop
  endfacet
  facet normal -0.167616 -0.472464 -0.865264
    outer loop
      vertex -0.0174663 -0.0529995 -0.0124643
      vertex -0.0187744 -0.0529995 -0.0122109
      vertex -0.0169411 -0.0514059 -0.0134362
    endloop
  endfacet
  facet normal -0.252126 -0.432385 -0.865723
    outer loop
      vertex -0.0298016 -0.0529995 -0.00963484
      vertex -0.0293751 -0.0456371 -0.0134362
      vertex -0.02961 -0.0529995 -0.00969064
    endloop
  endfacet
  facet normal -0.25217 -0.432378 -0.865713
    outer loop
      vertex -0.0293751 -0.0456371 -0.0134362
      vertex -0.0298016 -0.0529995 -0.00963484
      vertex -0.032938 -0.0511703 -0.00963484
    endloop
  endfacet
  facet normal -0.290388 -0.334081 -0.896697
    outer loop
      vertex -0.03057 -0.0364323 -0.016796
      vertex -0.0349455 -0.041647 -0.0134362
      vertex -0.0328302 -0.0344677 -0.016796
    endloop
  endfacet
  facet normal 0.00814275 -0.261465 -0.965179
    outer loop
      vertex 0.00211525 -0.0331507 -0.0221394
      vertex 0 -0.0259714 -0.0241021
      vertex 0.00165367 -0.0259199 -0.0241021
    endloop
  endfacet
  facet normal 0.008011 -0.261501 -0.96517
    outer loop
      vertex 0.00211525 -0.0331507 -0.0221394
      vertex 0 -0.0332155 -0.0221394
      vertex 0 -0.0259714 -0.0241021
    endloop
  endfacet
  facet normal -0.0658594 -0.185822 -0.980374
    outer loop
      vertex -0.00583744 -0.0177126 -0.0255812
      vertex -0.00813961 -0.0247002 -0.0241021
      vertex -0.00695419 -0.0173168 -0.0255812
    endloop
  endfacet
  facet normal -0.0542987 -0.189648 -0.98035
    outer loop
      vertex -0.00655079 -0.0251551 -0.0241021
      vertex -0.00813961 -0.0247002 -0.0241021
      vertex -0.0046978 -0.0180397 -0.0255812
    endloop
  endfacet
  facet normal -0.339321 -0.175312 -0.92419
    outer loop
      vertex -0.0358458 -0.0194283 -0.0197009
      vertex -0.0433941 -0.0201321 -0.016796
      vertex -0.0370121 -0.0171709 -0.0197009
    endloop
  endfacet
  facet normal -0.339315 -0.17535 -0.924185
    outer loop
      vertex -0.0420265 -0.0227785 -0.016796
      vertex -0.0433941 -0.0201321 -0.016796
      vertex -0.0358458 -0.0194283 -0.0197009
    endloop
  endfacet
  facet normal -0.187052 -0.0551048 -0.980803
    outer loop
      vertex -0.025053 -0.00802517 -0.0241021
      vertex -0.0255146 -0.00645828 -0.0241021
      vertex -0.0179663 -0.00575447 -0.0255812
    endloop
  endfacet
  facet normal -0.183261 -0.0669227 -0.980784
    outer loop
      vertex -0.0244923 -0.00956059 -0.0241021
      vertex -0.025053 -0.00802517 -0.0241021
      vertex -0.0179663 -0.00575447 -0.0255812
    endloop
  endfacet
  facet normal -0.229982 -0.11888 -0.965907
    outer loop
      vertex -0.0295229 -0.0160017 -0.0221394
      vertex -0.0304842 -0.014142 -0.0221394
      vertex -0.0238352 -0.0110579 -0.0241021
    endloop
  endfacet
  facet normal -0.236911 -0.103969 -0.965952
    outer loop
      vertex -0.0238352 -0.0110579 -0.0241021
      vertex -0.0304842 -0.014142 -0.0221394
      vertex -0.0244923 -0.00956059 -0.0241021
    endloop
  endfacet
  facet normal -0.0489699 -0.0437535 -0.997841
    outer loop
      vertex -0.00828362 -0.00766945 -0.0265702
      vertex -0.00875568 -0.00714111 -0.0265702
      vertex -0.0027647 -0.00255966 -0.0270651
    endloop
  endfacet
  facet normal -0.0461641 -0.0467835 -0.997838
    outer loop
      vertex -0.00777912 -0.00816727 -0.0265702
      vertex -0.00828362 -0.00766945 -0.0265702
      vertex -0.0027647 -0.00255966 -0.0270651
    endloop
  endfacet
  facet normal -0.213519 -0.147105 -0.9658
    outer loop
      vertex -0.027256 -0.0195236 -0.0221394
      vertex -0.0284452 -0.0177975 -0.0221394
      vertex -0.0222416 -0.013916 -0.0241021
    endloop
  endfacet
  facet normal -0.222159 -0.133323 -0.965852
    outer loop
      vertex -0.0284452 -0.0177975 -0.0221394
      vertex -0.0295229 -0.0160017 -0.0221394
      vertex -0.0222416 -0.013916 -0.0241021
    endloop
  endfacet
  facet normal -0.130289 -0.00414536 -0.991467
    outer loop
      vertex -0.0188532 -0.0011692 -0.0255812
      vertex -0.0188904 0 -0.0255812
      vertex -0.011342 -0.000702858 -0.0265702
    endloop
  endfacet
  facet normal -0.193903 -0.0185836 -0.980845
    outer loop
      vertex -0.0187416 -0.00233364 -0.0255812
      vertex -0.0262909 -0.00163078 -0.0241021
      vertex -0.0188532 -0.0011692 -0.0255812
    endloop
  endfacet
  facet normal -0.0644609 -0.0103381 -0.997867
    outer loop
      vertex -0.0111628 -0.00209904 -0.0265702
      vertex -0.0112743 -0.00140381 -0.0265702
      vertex -0.0037632 -0.000468254 -0.0270651
    endloop
  endfacet
  facet normal -0.128742 -0.0206475 -0.991463
    outer loop
      vertex -0.0111628 -0.00209904 -0.0265702
      vertex -0.0187416 -0.00233364 -0.0255812
      vertex -0.0112743 -0.00140381 -0.0265702
    endloop
  endfacet
  facet normal -0.190083 -0.043027 -0.980825
    outer loop
      vertex -0.0182972 -0.00463104 -0.0255812
      vertex -0.025876 -0.0048666 -0.0241021
      vertex -0.0185556 -0.00348949 -0.0255812
    endloop
  endfacet
  facet normal -0.192357 -0.0309542 -0.980837
    outer loop
      vertex -0.0185556 -0.00348949 -0.0255812
      vertex -0.025876 -0.0048666 -0.0241021
      vertex -0.0187416 -0.00233364 -0.0255812
    endloop
  endfacet
  facet normal 0.0515507 -0.0405867 -0.997845
    outer loop
      vertex 0.00875568 -0.00714111 -0.0265702
      vertex 0.00292206 -0.00238323 -0.0270651
      vertex 0.00919342 -0.00658512 -0.0265702
    endloop
  endfacet
  facet normal 0.0366734 -0.054744 -0.997827
    outer loop
      vertex 0.00608921 -0.0094595 -0.0265702
      vertex 0.00203228 -0.00315666 -0.0270651
      vertex 0.00222874 -0.00302505 -0.0270651
    endloop
  endfacet
  facet normal -0.0140369 -0.0646289 -0.997811
    outer loop
      vertex -0.000710487 -0.0036726 -0.0270651
      vertex -0.0021286 -0.0110054 -0.0265702
      vertex -0.000943184 -0.00362206 -0.0270651
    endloop
  endfacet
  facet normal -0.0644028 -0.0106021 -0.997868
    outer loop
      vertex -0.00372505 -0.000699997 -0.0270651
      vertex -0.0111628 -0.00209904 -0.0265702
      vertex -0.0037632 -0.000468254 -0.0270651
    endloop
  endfacet
  facet normal 0.00610256 -0.0658939 -0.997808
    outer loop
      vertex 0.000713348 -0.0111818 -0.0265702
      vertex 0.00047493 -0.00370979 -0.0270651
      vertex 0.00142384 -0.011116 -0.0265702
    endloop
  endfacet
  facet normal -0.0184157 -0.196567 -0.980317
    outer loop
      vertex -0.00118542 -0.0185881 -0.0255812
      vertex -0.00330162 -0.0257664 -0.0241021
      vertex -0.00236702 -0.0184774 -0.0255812
    endloop
  endfacet
  facet normal 0.0598038 -0.0264626 -0.997859
    outer loop
      vertex 0.0102825 -0.00477028 -0.0265702
      vertex 0.00343132 -0.00159168 -0.0270651
      vertex 0.00352669 -0.00137615 -0.0270651
    endloop
  endfacet
  facet normal -0.0637116 -0.0142761 -0.997866
    outer loop
      vertex -0.00367355 -0.000929832 -0.0270651
      vertex -0.0111628 -0.00209904 -0.0265702
      vertex -0.00372505 -0.000699997 -0.0270651
    endloop
  endfacet
  facet normal 0.112165 -0.0673493 -0.991405
    outer loop
      vertex 0.0159492 -0.00997925 -0.0255812
      vertex 0.00959492 -0.00600338 -0.0265702
      vertex 0.0165539 -0.00897217 -0.0255812
    endloop
  endfacet
  facet normal 0.0599108 -0.0262496 -0.997859
    outer loop
      vertex 0.0102825 -0.00477028 -0.0265702
      vertex 0.00352669 -0.00137615 -0.0270651
      vertex 0.0105658 -0.00412369 -0.0265702
    endloop
  endfacet
  facet normal 0.0658866 -0.185818 -0.980373
    outer loop
      vertex 0.00813961 -0.0247002 -0.0241021
      vertex 0.00695419 -0.0173168 -0.0255812
      vertex 0.00969696 -0.024148 -0.0241021
    endloop
  endfacet
  facet normal 0.0182692 -0.0635399 -0.997812
    outer loop
      vertex 0.00351143 -0.0106554 -0.0265702
      vertex 0.000943184 -0.00362206 -0.0270651
      vertex 0.00117207 -0.00355625 -0.0270651
    endloop
  endfacet
  facet normal 0.146038 -0.130642 -0.980615
    outer loop
      vertex 0.0202971 -0.0165548 -0.0241021
      vertex 0.0137701 -0.0127487 -0.0255812
      vertex 0.014555 -0.0118713 -0.0255812
    endloop
  endfacet
  facet normal 0.146024 -0.130665 -0.980614
    outer loop
      vertex 0.0192022 -0.0177784 -0.0241021
      vertex 0.0137701 -0.0127487 -0.0255812
      vertex 0.0202971 -0.0165548 -0.0241021
    endloop
  endfacet
  facet normal -0.0515507 -0.0405867 -0.997845
    outer loop
      vertex -0.00875568 -0.00714111 -0.0265702
      vertex -0.00919342 -0.00658512 -0.0265702
      vertex -0.00292206 -0.00238323 -0.0270651
    endloop
  endfacet
  facet normal -0.0460719 -0.046866 -0.997838
    outer loop
      vertex -0.0025959 -0.0027256 -0.0270651
      vertex -0.00777912 -0.00816727 -0.0265702
      vertex -0.0027647 -0.00255966 -0.0270651
    endloop
  endfacet
  facet normal 0.0798788 -0.104445 -0.991318
    outer loop
      vertex 0.0111036 -0.0150671 -0.0255812
      vertex 0.00667953 -0.00906372 -0.0265702
      vertex 0.00724316 -0.00863266 -0.0265702
    endloop
  endfacet
  facet normal 0.0663088 -0.113802 -0.991288
    outer loop
      vertex 0.00909996 -0.0163202 -0.0255812
      vertex 0.00547409 -0.00981808 -0.0265702
      vertex 0.0101213 -0.0157251 -0.0255812
    endloop
  endfacet
  facet normal -0.0977951 -0.0873777 -0.991363
    outer loop
      vertex -0.00828362 -0.00766945 -0.0265702
      vertex -0.014555 -0.0118713 -0.0255812
      vertex -0.00875568 -0.00714111 -0.0265702
    endloop
  endfacet
  facet normal -0.0221136 -0.0622769 -0.997814
    outer loop
      vertex -0.00351143 -0.0106554 -0.0265702
      vertex -0.00418282 -0.010417 -0.0265702
      vertex -0.00139618 -0.0034771 -0.0270651
    endloop
  endfacet
  facet normal 0.127034 -0.297787 -0.946142
    outer loop
      vertex 0.017416 -0.0364914 -0.0197009
      vertex 0.0124016 -0.0308828 -0.0221394
      vertex 0.0143442 -0.0300541 -0.0221394
    endloop
  endfacet
  facet normal 0.0563529 -0.2553 -0.965218
    outer loop
      vertex 0.00837803 -0.0321722 -0.0221394
      vertex 0.00493526 -0.0255117 -0.0241021
      vertex 0.00655079 -0.0251551 -0.0241021
    endloop
  endfacet
  facet normal -0.0399245 -0.052351 -0.99783
    outer loop
      vertex -0.00222874 -0.00302505 -0.0270651
      vertex -0.00667953 -0.00906372 -0.0265702
      vertex -0.00241756 -0.00288105 -0.0270651
    endloop
  endfacet
  facet normal -0.0399986 -0.0522999 -0.99783
    outer loop
      vertex -0.00667953 -0.00906372 -0.0265702
      vertex -0.00724316 -0.00863266 -0.0265702
      vertex -0.00241756 -0.00288105 -0.0270651
    endloop
  endfacet
  facet normal 0.0542987 -0.189648 -0.98035
    outer loop
      vertex 0.00655079 -0.0251551 -0.0241021
      vertex 0.0046978 -0.0180397 -0.0255812
      vertex 0.00813961 -0.0247002 -0.0241021
    endloop
  endfacet
  facet normal -0.0663088 -0.113802 -0.991288
    outer loop
      vertex -0.00909996 -0.0163202 -0.0255812
      vertex -0.0101213 -0.0157251 -0.0255812
      vertex -0.00547409 -0.00981808 -0.0265702
    endloop
  endfacet
  facet normal -0.0592013 -0.117764 -0.991275
    outer loop
      vertex -0.00804329 -0.0168514 -0.0255812
      vertex -0.00909996 -0.0163202 -0.0255812
      vertex -0.00547409 -0.00981808 -0.0265702
    endloop
  endfacet
  facet normal -0.00614675 -0.197373 -0.980309
    outer loop
      vertex 0 -0.0259714 -0.0241021
      vertex -0.00165367 -0.0259199 -0.0241021
      vertex -0.00118542 -0.0185881 -0.0255812
    endloop
  endfacet
  facet normal 0.0121865 -0.131587 -0.99123
    outer loop
      vertex 0.00118542 -0.0185881 -0.0255812
      vertex 0.000713348 -0.0111818 -0.0265702
      vertex 0.00142384 -0.011116 -0.0265702
    endloop
  endfacet
  facet normal -0.0242928 -0.260443 -0.965184
    outer loop
      vertex -0.00211525 -0.0331507 -0.0221394
      vertex -0.00422192 -0.0329542 -0.0221394
      vertex -0.00330162 -0.0257664 -0.0241021
    endloop
  endfacet
  facet normal -0.0402868 -0.258399 -0.965198
    outer loop
      vertex -0.00422192 -0.0329542 -0.0221394
      vertex -0.00493526 -0.0255117 -0.0241021
      vertex -0.00330162 -0.0257664 -0.0241021
    endloop
  endfacet
  facet normal 0.107836 -0.0742639 -0.991391
    outer loop
      vertex 0.0152826 -0.0109472 -0.0255812
      vertex 0.00959492 -0.00600338 -0.0265702
      vertex 0.0159492 -0.00997925 -0.0255812
    endloop
  endfacet
  facet normal 0.107749 -0.074365 -0.991393
    outer loop
      vertex 0.0152826 -0.0109472 -0.0255812
      vertex 0.00919342 -0.00658512 -0.0265702
      vertex 0.00959492 -0.00600338 -0.0265702
    endloop
  endfacet
  facet normal 0.236911 -0.103969 -0.965952
    outer loop
      vertex 0.0304842 -0.014142 -0.0221394
      vertex 0.0238352 -0.0110579 -0.0241021
      vertex 0.0244923 -0.00956059 -0.0241021
    endloop
  endfacet
  facet normal 0.242873 -0.088737 -0.965991
    outer loop
      vertex 0.0313244 -0.0122271 -0.0221394
      vertex 0.0244923 -0.00956059 -0.0241021
      vertex 0.0320415 -0.0102644 -0.0221394
    endloop
  endfacet
  facet normal 0.128742 -0.0206475 -0.991463
    outer loop
      vertex 0.0187416 -0.00233364 -0.0255812
      vertex 0.0111628 -0.00209904 -0.0265702
      vertex 0.0112743 -0.00140381 -0.0265702
    endloop
  endfacet
  facet normal 0.127217 -0.0288103 -0.991456
    outer loop
      vertex 0.0185556 -0.00348949 -0.0255812
      vertex 0.0110073 -0.00278568 -0.0265702
      vertex 0.0111628 -0.00209904 -0.0265702
    endloop
  endfacet
  facet normal 0.187053 -0.0550953 -0.980804
    outer loop
      vertex 0.0255146 -0.00645828 -0.0241021
      vertex 0.0179663 -0.00575447 -0.0255812
      vertex 0.0182972 -0.00463104 -0.0255812
    endloop
  endfacet
  facet normal 0.125174 -0.0368693 -0.991449
    outer loop
      vertex 0.0179663 -0.00575447 -0.0255812
      vertex 0.0110073 -0.00278568 -0.0265702
      vertex 0.0182972 -0.00463104 -0.0255812
    endloop
  endfacet
  facet normal 0.11963 -0.0524825 -0.99143
    outer loop
      vertex 0.0170927 -0.0079298 -0.0255812
      vertex 0.0102825 -0.00477028 -0.0265702
      vertex 0.0175638 -0.00685596 -0.0255812
    endloop
  endfacet
  facet normal 0.119647 -0.0524229 -0.991431
    outer loop
      vertex 0.0175638 -0.00685596 -0.0255812
      vertex 0.0102825 -0.00477028 -0.0265702
      vertex 0.0105658 -0.00412369 -0.0265702
    endloop
  endfacet
  facet normal 0.222159 -0.133323 -0.965852
    outer loop
      vertex 0.0284452 -0.0177975 -0.0221394
      vertex 0.0222416 -0.013916 -0.0241021
      vertex 0.0295229 -0.0160017 -0.0221394
    endloop
  endfacet
  facet normal 0.242878 -0.0886934 -0.965994
    outer loop
      vertex 0.0320415 -0.0102644 -0.0221394
      vertex 0.0244923 -0.00956059 -0.0241021
      vertex 0.025053 -0.00802517 -0.0241021
    endloop
  endfacet
  facet normal 0.178755 -0.0784472 -0.980761
    outer loop
      vertex 0.0238352 -0.0110579 -0.0241021
      vertex 0.0170927 -0.0079298 -0.0255812
      vertex 0.0244923 -0.00956059 -0.0241021
    endloop
  endfacet
  facet normal 0.17876 -0.0784232 -0.980762
    outer loop
      vertex 0.0244923 -0.00956059 -0.0241021
      vertex 0.0170927 -0.0079298 -0.0255812
      vertex 0.0175638 -0.00685596 -0.0255812
    endloop
  endfacet
  facet normal 0.251925 -0.0572011 -0.966055
    outer loop
      vertex 0.0326319 -0.00825977 -0.0221394
      vertex 0.0255146 -0.00645828 -0.0241021
      vertex 0.025876 -0.0048666 -0.0241021
    endloop
  endfacet
  facet normal 0.190078 -0.0431583 -0.98082
    outer loop
      vertex 0.0255146 -0.00645828 -0.0241021
      vertex 0.0182972 -0.00463104 -0.0255812
      vertex 0.025876 -0.0048666 -0.0241021
    endloop
  endfacet
  facet normal 0.193548 -0.173142 -0.965692
    outer loop
      vertex 0.024559 -0.0227375 -0.0221394
      vertex 0.0202971 -0.0165548 -0.0241021
      vertex 0.025959 -0.0211725 -0.0221394
    endloop
  endfacet
  facet normal 0.2039 -0.160473 -0.96575
    outer loop
      vertex 0.025959 -0.0211725 -0.0221394
      vertex 0.0202971 -0.0165548 -0.0241021
      vertex 0.0213118 -0.0152655 -0.0241021
    endloop
  endfacet
  facet normal 0.34952 -0.153391 -0.924287
    outer loop
      vertex 0.044591 -0.0174055 -0.016796
      vertex 0.0370121 -0.0171709 -0.0197009
      vertex 0.0380325 -0.0148458 -0.0197009
    endloop
  endfacet
  facet normal 0.29393 -0.128995 -0.947082
    outer loop
      vertex 0.0370121 -0.0171709 -0.0197009
      vertex 0.0304842 -0.014142 -0.0221394
      vertex 0.0380325 -0.0148458 -0.0197009
    endloop
  endfacet
  facet normal 0.371729 -0.0843348 -0.924503
    outer loop
      vertex 0.0464525 -0.0117588 -0.016796
      vertex 0.0396204 -0.0100288 -0.0197009
      vertex 0.0401812 -0.00755692 -0.0197009
    endloop
  endfacet
  facet normal 0.365756 -0.107822 -0.924444
    outer loop
      vertex 0.0464525 -0.0117588 -0.016796
      vertex 0.0389032 -0.0124617 -0.0197009
      vertex 0.0396204 -0.0100288 -0.0197009
    endloop
  endfacet
  facet normal 0.403454 -0.177084 -0.897701
    outer loop
      vertex 0.0496054 -0.0230131 -0.0134362
      vertex 0.044591 -0.0174055 -0.016796
      vertex 0.0509729 -0.0198975 -0.0134362
    endloop
  endfacet
  facet normal 0.455447 -0.199914 -0.867526
    outer loop
      vertex 0.0496054 -0.0230131 -0.0134362
      vertex 0.0520992 -0.0213288 -0.0125151
      vertex 0.0520992 -0.0241703 -0.0118603
    endloop
  endfacet
  facet normal 0.455441 -0.199902 -0.867532
    outer loop
      vertex 0.0520992 -0.0213288 -0.0125151
      vertex 0.0496054 -0.0230131 -0.0134362
      vertex 0.0509729 -0.0198975 -0.0134362
    endloop
  endfacet
  facet normal 0.0412677 -0.442847 -0.895647
    outer loop
      vertex 0.0033815 -0.0529995 -0.0139063
      vertex 0.00301075 -0.0471897 -0.016796
      vertex 0.00649593 -0.0529995 -0.0137628
    endloop
  endfacet
  facet normal 0.0137975 -0.444593 -0.895626
    outer loop
      vertex 0.0029535 -0.0529995 -0.0139129
      vertex 0 -0.0529995 -0.0139584
      vertex 0 -0.0472832 -0.016796
    endloop
  endfacet
  facet normal 0.0412823 -0.442851 -0.895644
    outer loop
      vertex 0.00649593 -0.0529995 -0.0137628
      vertex 0.00601006 -0.0469103 -0.016796
      vertex 0.00679099 -0.0529995 -0.0137492
    endloop
  endfacet
  facet normal 0.0412539 -0.442854 -0.895644
    outer loop
      vertex 0.00601006 -0.0469103 -0.016796
      vertex 0.00649593 -0.0529995 -0.0137628
      vertex 0.00301075 -0.0471897 -0.016796
    endloop
  endfacet
  facet normal 0.167675 -0.472424 -0.865275
    outer loop
      vertex 0.0187744 -0.0529995 -0.0122109
      vertex 0.0201817 -0.0502558 -0.0134362
      vertex 0.0212834 -0.0529995 -0.0117247
    endloop
  endfacet
  facet normal 0.167664 -0.47242 -0.865279
    outer loop
      vertex 0.0201817 -0.0502558 -0.0134362
      vertex 0.0187744 -0.0529995 -0.0122109
      vertex 0.0169411 -0.0514059 -0.0134362
    endloop
  endfacet
  facet normal 0.12235 -0.427307 -0.89579
    outer loop
      vertex 0.0136337 -0.0523529 -0.0134362
      vertex 0.0119267 -0.0457983 -0.016796
      vertex 0.0169411 -0.0514059 -0.0134362
    endloop
  endfacet
  facet normal 0.128827 -0.362883 -0.922886
    outer loop
      vertex 0.0148201 -0.0449696 -0.016796
      vertex 0.01264 -0.0383558 -0.0197009
      vertex 0.0176544 -0.0439634 -0.016796
    endloop
  endfacet
  facet normal 0.12883 -0.36288 -0.922887
    outer loop
      vertex 0.0176544 -0.0439634 -0.016796
      vertex 0.01264 -0.0383558 -0.0197009
      vertex 0.0150576 -0.0374975 -0.0197009
    endloop
  endfacet
  facet normal 0.223302 -0.383201 -0.896266
    outer loop
      vertex 0.0264111 -0.0473652 -0.0134362
      vertex 0.0231037 -0.0414343 -0.016796
      vertex 0.0256977 -0.0399227 -0.016796
    endloop
  endfacet
  facet normal 0.199362 -0.396478 -0.896136
    outer loop
      vertex 0.0264111 -0.0473652 -0.0134362
      vertex 0.0204201 -0.0427837 -0.016796
      vertex 0.0231037 -0.0414343 -0.016796
    endloop
  endfacet
  facet normal 0.162914 -0.279318 -0.946277
    outer loop
      vertex 0.0219183 -0.0340509 -0.0197009
      vertex 0.0162306 -0.0291071 -0.0221394
      vertex 0.0180521 -0.0280447 -0.0221394
    endloop
  endfacet
  facet normal 0.144883 -0.216518 -0.965468
    outer loop
      vertex 0.0180521 -0.0280447 -0.0221394
      vertex 0.0141144 -0.0219278 -0.0241021
      vertex 0.0154839 -0.0210114 -0.0241021
    endloop
  endfacet
  facet normal 0.0773545 -0.181218 -0.980396
    outer loop
      vertex 0.00969696 -0.024148 -0.0241021
      vertex 0.00695419 -0.0173168 -0.0255812
      vertex 0.0112162 -0.0234995 -0.0241021
    endloop
  endfacet
  facet normal 0.071917 -0.251255 -0.965246
    outer loop
      vertex 0.00837803 -0.0321722 -0.0221394
      vertex 0.00655079 -0.0251551 -0.0241021
      vertex 0.0104103 -0.0315905 -0.0221394
    endloop
  endfacet
  facet normal 0.0891819 -0.311573 -0.946028
    outer loop
      vertex 0.0101728 -0.0390625 -0.0197009
      vertex 0.00837803 -0.0321722 -0.0221394
      vertex 0.0104103 -0.0315905 -0.0221394
    endloop
  endfacet
  facet normal 0.0501358 -0.320411 -0.945951
    outer loop
      vertex 0.00766468 -0.0396147 -0.0197009
      vertex 0.00422192 -0.0329542 -0.0221394
      vertex 0.00631237 -0.0326271 -0.0221394
    endloop
  endfacet
  facet normal 0.088436 -0.175918 -0.980424
    outer loop
      vertex 0.0126905 -0.0227585 -0.0241021
      vertex 0.00804329 -0.0168514 -0.0255812
      vertex 0.00909996 -0.0163202 -0.0255812
    endloop
  endfacet
  facet normal 0.131378 -0.225195 -0.965416
    outer loop
      vertex 0.0180521 -0.0280447 -0.0221394
      vertex 0.0126905 -0.0227585 -0.0241021
      vertex 0.0141144 -0.0219278 -0.0241021
    endloop
  endfacet
  facet normal -0.459954 -0.46656 -0.75549
    outer loop
      vertex -0.0508632 -0.0529995 -0.000768534
      vertex -0.0520992 -0.0529995 -1.60384e-05
      vertex -0.0520992 -0.051781 -0.000768534
    endloop
  endfacet
  facet normal -0.412559 -0.369006 -0.832844
    outer loop
      vertex -0.0520992 -0.0424935 -0.00557785
      vertex -0.0494795 -0.0458097 -0.00540625
      vertex -0.0520992 -0.0428808 -0.00540625
    endloop
  endfacet
  facet normal -0.412581 -0.369022 -0.832827
    outer loop
      vertex -0.0494795 -0.0458097 -0.00540625
      vertex -0.0520992 -0.0424935 -0.00557785
      vertex -0.0473642 -0.0386314 -0.00963484
    endloop
  endfacet
  facet normal -0.412575 -0.369024 -0.832828
    outer loop
      vertex -0.0448103 -0.0414867 -0.00963484
      vertex -0.0494795 -0.0458097 -0.00540625
      vertex -0.0473642 -0.0386314 -0.00963484
    endloop
  endfacet
  facet normal -0.148596 -0.418693 -0.895888
    outer loop
      vertex -0.0169411 -0.0514059 -0.0134362
      vertex -0.0201817 -0.0502558 -0.0134362
      vertex -0.0148201 -0.0449696 -0.016796
    endloop
  endfacet
  facet normal -0.224846 -0.447476 -0.865569
    outer loop
      vertex -0.0294498 -0.0529995 -0.00973406
      vertex -0.0264111 -0.0473652 -0.0134362
      vertex -0.0233421 -0.0489073 -0.0134362
    endloop
  endfacet
  facet normal -0.224964 -0.447414 -0.86557
    outer loop
      vertex -0.0264111 -0.0473652 -0.0134362
      vertex -0.0294498 -0.0529995 -0.00973406
      vertex -0.0295523 -0.0529995 -0.00970742
    endloop
  endfacet
  facet normal -0.368426 -0.481761 -0.79509
    outer loop
      vertex -0.0413883 -0.0529995 -0.00540625
      vertex -0.0444713 -0.0529995 -0.00397766
      vertex -0.0432663 -0.0515633 -0.00540625
    endloop
  endfacet
  facet normal -0.327717 -0.377115 -0.866248
    outer loop
      vertex -0.0391827 -0.0466967 -0.00963484
      vertex -0.0420799 -0.044179 -0.00963484
      vertex -0.0349455 -0.041647 -0.0134362
    endloop
  endfacet
  facet normal -0.32776 -0.377028 -0.86627
    outer loop
      vertex -0.0349455 -0.041647 -0.0134362
      vertex -0.0420799 -0.044179 -0.00963484
      vertex -0.037529 -0.0394011 -0.0134362
    endloop
  endfacet
  facet normal -0.278488 -0.415515 -0.865905
    outer loop
      vertex -0.0293751 -0.0456371 -0.0134362
      vertex -0.0361319 -0.0490303 -0.00963484
      vertex -0.0322237 -0.0437279 -0.0134362
    endloop
  endfacet
  facet normal -0.278448 -0.415577 -0.865888
    outer loop
      vertex -0.032938 -0.0511703 -0.00963484
      vertex -0.0361319 -0.0490303 -0.00963484
      vertex -0.0293751 -0.0456371 -0.0134362
    endloop
  endfacet
  facet normal -0.0658866 -0.185818 -0.980373
    outer loop
      vertex -0.00813961 -0.0247002 -0.0241021
      vertex -0.00969696 -0.024148 -0.0241021
      vertex -0.00695419 -0.0173168 -0.0255812
    endloop
  endfacet
  facet normal -0.0425368 -0.192708 -0.980334
    outer loop
      vertex -0.00493526 -0.0255117 -0.0241021
      vertex -0.00655079 -0.0251551 -0.0241021
      vertex -0.0046978 -0.0180397 -0.0255812
    endloop
  endfacet
  facet normal -0.0203957 -0.130558 -0.991231
    outer loop
      vertex -0.00236702 -0.0184774 -0.0255812
      vertex -0.00353909 -0.0182943 -0.0255812
      vertex -0.00142384 -0.011116 -0.0265702
    endloop
  endfacet
  facet normal -0.0304644 -0.195011 -0.980328
    outer loop
      vertex -0.00236702 -0.0184774 -0.0255812
      vertex -0.00493526 -0.0255117 -0.0241021
      vertex -0.00353909 -0.0182943 -0.0255812
    endloop
  endfacet
  facet normal 0.0460719 -0.046866 -0.997838
    outer loop
      vertex 0.00777912 -0.00816727 -0.0265702
      vertex 0.0025959 -0.0027256 -0.0270651
      vertex 0.0027647 -0.00255966 -0.0270651
    endloop
  endfacet
  facet normal -0.247905 -0.073032 -0.966028
    outer loop
      vertex -0.025053 -0.00802517 -0.0241021
      vertex -0.0320415 -0.0102644 -0.0221394
      vertex -0.0255146 -0.00645828 -0.0241021
    endloop
  endfacet
  facet normal -0.247915 -0.0730154 -0.966026
    outer loop
      vertex -0.0320415 -0.0102644 -0.0221394
      vertex -0.0326319 -0.00825977 -0.0221394
      vertex -0.0255146 -0.00645828 -0.0241021
    endloop
  endfacet
  facet normal -0.17353 -0.0896973 -0.980735
    outer loop
      vertex -0.0165539 -0.00897217 -0.0255812
      vertex -0.0238352 -0.0110579 -0.0241021
      vertex -0.0170927 -0.0079298 -0.0255812
    endloop
  endfacet
  facet normal -0.178755 -0.0784472 -0.980761
    outer loop
      vertex -0.0238352 -0.0110579 -0.0241021
      vertex -0.0244923 -0.00956059 -0.0241021
      vertex -0.0170927 -0.0079298 -0.0255812
    endloop
  endfacet
  facet normal -0.194682 -0.00614806 -0.980847
    outer loop
      vertex -0.0262909 -0.00163078 -0.0241021
      vertex -0.0263424 0 -0.0241021
      vertex -0.0188904 0 -0.0255812
    endloop
  endfacet
  facet normal -0.0649671 -0.00627471 -0.997868
    outer loop
      vertex -0.0112743 -0.00140381 -0.0265702
      vertex -0.011342 -0.000702858 -0.0265702
      vertex -0.0037632 -0.000468254 -0.0270651
    endloop
  endfacet
  facet normal -0.129754 -0.012532 -0.991467
    outer loop
      vertex -0.0112743 -0.00140381 -0.0265702
      vertex -0.0187416 -0.00233364 -0.0255812
      vertex -0.011342 -0.000702858 -0.0265702
    endloop
  endfacet
  facet normal -0.0296233 -0.0589776 -0.99782
    outer loop
      vertex -0.00161457 -0.00338364 -0.0270651
      vertex -0.00483799 -0.0101376 -0.0265702
      vertex -0.00182724 -0.00327682 -0.0270651
    endloop
  endfacet
  facet normal 0.0220059 -0.0623087 -0.997814
    outer loop
      vertex 0.00351143 -0.0106554 -0.0265702
      vertex 0.00117207 -0.00355625 -0.0270651
      vertex 0.00139618 -0.0034771 -0.0270651
    endloop
  endfacet
  facet normal 0.0332139 -0.0569762 -0.997823
    outer loop
      vertex 0.00547409 -0.00981808 -0.0265702
      vertex 0.00182724 -0.00327682 -0.0270651
      vertex 0.00608921 -0.0094595 -0.0265702
    endloop
  endfacet
  facet normal 0.0538349 -0.0373925 -0.997849
    outer loop
      vertex 0.00919342 -0.00658512 -0.0265702
      vertex 0.00306797 -0.00219727 -0.0270651
      vertex 0.00320244 -0.00200367 -0.0270651
    endloop
  endfacet
  facet normal 0.043219 -0.049583 -0.997834
    outer loop
      vertex 0.00777912 -0.00816727 -0.0265702
      vertex 0.00241756 -0.00288105 -0.0270651
      vertex 0.0025959 -0.0027256 -0.0270651
    endloop
  endfacet
  facet normal 0.0399245 -0.052351 -0.99783
    outer loop
      vertex 0.00667953 -0.00906372 -0.0265702
      vertex 0.00222874 -0.00302505 -0.0270651
      vertex 0.00241756 -0.00288105 -0.0270651
    endloop
  endfacet
  facet normal 0.0366946 -0.0547313 -0.997827
    outer loop
      vertex 0.00608921 -0.0094595 -0.0265702
      vertex 0.00222874 -0.00302505 -0.0270651
      vertex 0.00667953 -0.00906372 -0.0265702
    endloop
  endfacet
  facet normal 0.0581313 -0.0300816 -0.997856
    outer loop
      vertex 0.00995827 -0.00539684 -0.0265702
      vertex 0.00332355 -0.00180149 -0.0270651
      vertex 0.0102825 -0.00477028 -0.0265702
    endloop
  endfacet
  facet normal 0.137724 -0.13962 -0.980581
    outer loop
      vertex 0.0192022 -0.0177784 -0.0241021
      vertex 0.0129309 -0.0135765 -0.0255812
      vertex 0.0137701 -0.0127487 -0.0255812
    endloop
  endfacet
  facet normal 0.0921857 -0.0934553 -0.991347
    outer loop
      vertex 0.0129309 -0.0135765 -0.0255812
      vertex 0.00777912 -0.00816727 -0.0265702
      vertex 0.0137701 -0.0127487 -0.0255812
    endloop
  endfacet
  facet normal -0.0103172 -0.0653481 -0.997809
    outer loop
      vertex -0.00047493 -0.00370979 -0.0270651
      vertex -0.0021286 -0.0110054 -0.0265702
      vertex -0.000710487 -0.0036726 -0.0270651
    endloop
  endfacet
  facet normal 0.102953 -0.0810564 -0.991378
    outer loop
      vertex 0.0152826 -0.0109472 -0.0255812
      vertex 0.00875568 -0.00714111 -0.0265702
      vertex 0.00919342 -0.00658512 -0.0265702
    endloop
  endfacet
  facet normal 0.0977951 -0.0873777 -0.991363
    outer loop
      vertex 0.014555 -0.0118713 -0.0255812
      vertex 0.00828362 -0.00766945 -0.0265702
      vertex 0.00875568 -0.00714111 -0.0265702
    endloop
  endfacet
  facet normal 0.09775 -0.0874447 -0.991362
    outer loop
      vertex 0.0137701 -0.0127487 -0.0255812
      vertex 0.00828362 -0.00766945 -0.0265702
      vertex 0.014555 -0.0118713 -0.0255812
    endloop
  endfacet
  facet normal -0.0516115 -0.040496 -0.997846
    outer loop
      vertex -0.00292206 -0.00238323 -0.0270651
      vertex -0.00919342 -0.00658512 -0.0265702
      vertex -0.00306797 -0.00219727 -0.0270651
    endloop
  endfacet
  facet normal 0.0732826 -0.109304 -0.991303
    outer loop
      vertex 0.0111036 -0.0150671 -0.0255812
      vertex 0.00608921 -0.0094595 -0.0265702
      vertex 0.00667953 -0.00906372 -0.0265702
    endloop
  endfacet
  facet normal 0 0 -1
    outer loop
      vertex 0.0037632 -0.000468254 -0.0270651
      vertex 0.00379276 0 -0.0270651
      vertex 0.00378513 -0.000234604 -0.0270651
    endloop
  endfacet
  facet normal 0 0 -1
    outer loop
      vertex 0.00372505 -0.000699997 -0.0270651
      vertex 0.00379276 0 -0.0270651
      vertex 0.0037632 -0.000468254 -0.0270651
    endloop
  endfacet
  facet normal 0 0 -1
    outer loop
      vertex 0.00367355 -0.000929832 -0.0270651
      vertex 0.00379276 0 -0.0270651
      vertex 0.00372505 -0.000699997 -0.0270651
    endloop
  endfacet
  facet normal 0 0 -1
    outer loop
      vertex 0.0036068 -0.0011549 -0.0270651
      vertex 0.00379276 0 -0.0270651
      vertex 0.00367355 -0.000929832 -0.0270651
    endloop
  endfacet
  facet normal 0 0 -1
    outer loop
      vertex 0.00352669 -0.00137615 -0.0270651
      vertex 0.00379276 0 -0.0270651
      vertex 0.0036068 -0.0011549 -0.0270651
    endloop
  endfacet
  facet normal 0 0 -1
    outer loop
      vertex 0.00343132 -0.00159168 -0.0270651
      vertex 0.00379276 0 -0.0270651
      vertex 0.00352669 -0.00137615 -0.0270651
    endloop
  endfacet
  facet normal 0 0 -1
    outer loop
      vertex 0.00332355 -0.00180149 -0.0270651
      vertex 0.00379276 0 -0.0270651
      vertex 0.00343132 -0.00159168 -0.0270651
    endloop
  endfacet
  facet normal 0 0 -1
    outer loop
      vertex 0.00320244 -0.00200367 -0.0270651
      vertex 0.00379276 0 -0.0270651
      vertex 0.00332355 -0.00180149 -0.0270651
    endloop
  endfacet
  facet normal 0 0 -1
    outer loop
      vertex 0.00306797 -0.00219727 -0.0270651
      vertex 0.00379276 0 -0.0270651
      vertex 0.00320244 -0.00200367 -0.0270651
    endloop
  endfacet
  facet normal 0 0 -1
    outer loop
      vertex 0.00292206 -0.00238323 -0.0270651
      vertex 0.00379276 0 -0.0270651
      vertex 0.00306797 -0.00219727 -0.0270651
    endloop
  endfacet
  facet normal 0 0 -1
    outer loop
      vertex 0.0027647 -0.00255966 -0.0270651
      vertex 0.00379276 0 -0.0270651
      vertex 0.00292206 -0.00238323 -0.0270651
    endloop
  endfacet
  facet normal 0 0 -1
    outer loop
      vertex 0.0025959 -0.0027256 -0.0270651
      vertex 0.00379276 0 -0.0270651
      vertex 0.0027647 -0.00255966 -0.0270651
    endloop
  endfacet
  facet normal 0 0 -1
    outer loop
      vertex 0.00241756 -0.00288105 -0.0270651
      vertex 0.00379276 0 -0.0270651
      vertex 0.0025959 -0.0027256 -0.0270651
    endloop
  endfacet
  facet normal 0 0 -1
    outer loop
      vertex 0.00222874 -0.00302505 -0.0270651
      vertex 0.00379276 0 -0.0270651
      vertex 0.00241756 -0.00288105 -0.0270651
    endloop
  endfacet
  facet normal 0 0 -1
    outer loop
      vertex 0.00203228 -0.00315666 -0.0270651
      vertex 0.00379276 0 -0.0270651
      vertex 0.00222874 -0.00302505 -0.0270651
    endloop
  endfacet
  facet normal 0 0 -1
    outer loop
      vertex 0.00182724 -0.00327682 -0.0270651
      vertex 0.00379276 0 -0.0270651
      vertex 0.00203228 -0.00315666 -0.0270651
    endloop
  endfacet
  facet normal 0 0 -1
    outer loop
      vertex 0.00161457 -0.00338364 -0.0270651
      vertex 0.00379276 0 -0.0270651
      vertex 0.00182724 -0.00327682 -0.0270651
    endloop
  endfacet
  facet normal 0 0 -1
    outer loop
      vertex 0.00139618 -0.0034771 -0.0270651
      vertex 0.00379276 0 -0.0270651
      vertex 0.00161457 -0.00338364 -0.0270651
    endloop
  endfacet
  facet normal 0 0 -1
    outer loop
      vertex 0.00117207 -0.00355625 -0.0270651
      vertex 0.00379276 0 -0.0270651
      vertex 0.00139618 -0.0034771 -0.0270651
    endloop
  endfacet
  facet normal 0 0 -1
    outer loop
      vertex 0.000943184 -0.00362206 -0.0270651
      vertex 0.00379276 0 -0.0270651
      vertex 0.00117207 -0.00355625 -0.0270651
    endloop
  endfacet
  facet normal 0 0 -1
    outer loop
      vertex 0.000710487 -0.0036726 -0.0270651
      vertex 0.00379276 0 -0.0270651
      vertex 0.000943184 -0.00362206 -0.0270651
    endloop
  endfacet
  facet normal 0 0 -1
    outer loop
      vertex 0.00047493 -0.00370979 -0.0270651
      vertex 0.00379276 0 -0.0270651
      vertex 0.000710487 -0.0036726 -0.0270651
    endloop
  endfacet
  facet normal 0 0 -1
    outer loop
      vertex 0.000237465 -0.00373173 -0.0270651
      vertex 0.00379276 0 -0.0270651
      vertex 0.00047493 -0.00370979 -0.0270651
    endloop
  endfacet
  facet normal 0 0 -1
    outer loop
      vertex 0 -0.00373936 -0.0270651
      vertex 0.00379276 0 -0.0270651
      vertex 0.000237465 -0.00373173 -0.0270651
    endloop
  endfacet
  facet normal 0 0 -1
    outer loop
      vertex -0.000237465 -0.00373173 -0.0270651
      vertex 0.00379276 0 -0.0270651
      vertex 0 -0.00373936 -0.0270651
    endloop
  endfacet
  facet normal 0 0 -1
    outer loop
      vertex -0.00047493 -0.00370979 -0.0270651
      vertex 0.00379276 0 -0.0270651
      vertex -0.000237465 -0.00373173 -0.0270651
    endloop
  endfacet
  facet normal 0 0 -1
    outer loop
      vertex -0.000710487 -0.0036726 -0.0270651
      vertex 0.00379276 0 -0.0270651
      vertex -0.00047493 -0.00370979 -0.0270651
    endloop
  endfacet
  facet normal 0 0 -1
    outer loop
      vertex -0.000943184 -0.00362206 -0.0270651
      vertex 0.00379276 0 -0.0270651
      vertex -0.000710487 -0.0036726 -0.0270651
    endloop
  endfacet
  facet normal 0 0 -1
    outer loop
      vertex -0.00117207 -0.00355625 -0.0270651
      vertex 0.00379276 0 -0.0270651
      vertex -0.000943184 -0.00362206 -0.0270651
    endloop
  endfacet
  facet normal 0 0 -1
    outer loop
      vertex -0.00139618 -0.0034771 -0.0270651
      vertex 0.00379276 0 -0.0270651
      vertex -0.00117207 -0.00355625 -0.0270651
    endloop
  endfacet
  facet normal 0 0 -1
    outer loop
      vertex -0.00161457 -0.00338364 -0.0270651
      vertex 0.00379276 0 -0.0270651
      vertex -0.00139618 -0.0034771 -0.0270651
    endloop
  endfacet
  facet normal 0 0 -1
    outer loop
      vertex -0.00182724 -0.00327682 -0.0270651
      vertex 0.00379276 0 -0.0270651
      vertex -0.00161457 -0.00338364 -0.0270651
    endloop
  endfacet
  facet normal 0 0 -1
    outer loop
      vertex -0.00203228 -0.00315666 -0.0270651
      vertex 0.00379276 0 -0.0270651
      vertex -0.00182724 -0.00327682 -0.0270651
    endloop
  endfacet
  facet normal 0 0 -1
    outer loop
      vertex -0.00222874 -0.00302505 -0.0270651
      vertex 0.00379276 0 -0.0270651
      vertex -0.00203228 -0.00315666 -0.0270651
    endloop
  endfacet
  facet normal 0 0 -1
    outer loop
      vertex -0.00241756 -0.00288105 -0.0270651
      vertex 0.00379276 0 -0.0270651
      vertex -0.00222874 -0.00302505 -0.0270651
    endloop
  endfacet
  facet normal 0 0 -1
    outer loop
      vertex -0.0025959 -0.0027256 -0.0270651
      vertex 0.00379276 0 -0.0270651
      vertex -0.00241756 -0.00288105 -0.0270651
    endloop
  endfacet
  facet normal 0 0 -1
    outer loop
      vertex -0.0027647 -0.00255966 -0.0270651
      vertex 0.00379276 0 -0.0270651
      vertex -0.0025959 -0.0027256 -0.0270651
    endloop
  endfacet
  facet normal 0 0 -1
    outer loop
      vertex -0.00292206 -0.00238323 -0.0270651
      vertex 0.00379276 0 -0.0270651
      vertex -0.0027647 -0.00255966 -0.0270651
    endloop
  endfacet
  facet normal 0 0 -1
    outer loop
      vertex -0.00306797 -0.00219727 -0.0270651
      vertex 0.00379276 0 -0.0270651
      vertex -0.00292206 -0.00238323 -0.0270651
    endloop
  endfacet
  facet normal 0 0 -1
    outer loop
      vertex -0.00320244 -0.00200367 -0.0270651
      vertex 0.00379276 0 -0.0270651
      vertex -0.00306797 -0.00219727 -0.0270651
    endloop
  endfacet
  facet normal 0 0 -1
    outer loop
      vertex -0.00332355 -0.00180149 -0.0270651
      vertex 0.00379276 0 -0.0270651
      vertex -0.00320244 -0.00200367 -0.0270651
    endloop
  endfacet
  facet normal 0 0 -1
    outer loop
      vertex -0.00343132 -0.00159168 -0.0270651
      vertex 0.00379276 0 -0.0270651
      vertex -0.00332355 -0.00180149 -0.0270651
    endloop
  endfacet
  facet normal 0 0 -1
    outer loop
      vertex -0.00352669 -0.00137615 -0.0270651
      vertex 0.00379276 0 -0.0270651
      vertex -0.00343132 -0.00159168 -0.0270651
    endloop
  endfacet
  facet normal 0 0 -1
    outer loop
      vertex -0.0036068 -0.0011549 -0.0270651
      vertex 0.00379276 0 -0.0270651
      vertex -0.00352669 -0.00137615 -0.0270651
    endloop
  endfacet
  facet normal 0 0 -1
    outer loop
      vertex -0.00367355 -0.000929832 -0.0270651
      vertex 0.00379276 0 -0.0270651
      vertex -0.0036068 -0.0011549 -0.0270651
    endloop
  endfacet
  facet normal 0 0 -1
    outer loop
      vertex -0.00372505 -0.000699997 -0.0270651
      vertex 0.00379276 0 -0.0270651
      vertex -0.00367355 -0.000929832 -0.0270651
    endloop
  endfacet
  facet normal 0 0 -1
    outer loop
      vertex -0.0037632 -0.000468254 -0.0270651
      vertex 0.00379276 0 -0.0270651
      vertex -0.00372505 -0.000699997 -0.0270651
    endloop
  endfacet
  facet normal 0 0 -1
    outer loop
      vertex -0.00378513 -0.000234604 -0.0270651
      vertex 0.00379276 0 -0.0270651
      vertex -0.0037632 -0.000468254 -0.0270651
    endloop
  endfacet
  facet normal -0 0 -1
    outer loop
      vertex 0.00379276 0 -0.0270651
      vertex -0.00378513 -0.000234604 -0.0270651
      vertex -0.00379276 0 -0.0270651
    endloop
  endfacet
  facet normal 0.0296248 -0.058977 -0.99782
    outer loop
      vertex 0.00483799 -0.0101376 -0.0265702
      vertex 0.00182724 -0.00327682 -0.0270651
      vertex 0.00547409 -0.00981808 -0.0265702
    endloop
  endfacet
  facet normal -0.0332139 -0.0569762 -0.997823
    outer loop
      vertex -0.00547409 -0.00981808 -0.0265702
      vertex -0.00608921 -0.0094595 -0.0265702
      vertex -0.00182724 -0.00327682 -0.0270651
    endloop
  endfacet
  facet normal -0.0296248 -0.058977 -0.99782
    outer loop
      vertex -0.00483799 -0.0101376 -0.0265702
      vertex -0.00547409 -0.00981808 -0.0265702
      vertex -0.00182724 -0.00327682 -0.0270651
    endloop
  endfacet
  facet normal -0.0591615 -0.117779 -0.991276
    outer loop
      vertex -0.00483799 -0.0101376 -0.0265702
      vertex -0.00804329 -0.0168514 -0.0255812
      vertex -0.00547409 -0.00981808 -0.0265702
    endloop
  endfacet
  facet normal -0.0142237 -0.0645988 -0.99781
    outer loop
      vertex -0.0021286 -0.0110054 -0.0265702
      vertex -0.00282574 -0.0108519 -0.0265702
      vertex -0.000943184 -0.00362206 -0.0270651
    endloop
  endfacet
  facet normal -0.028402 -0.128991 -0.991239
    outer loop
      vertex -0.0021286 -0.0110054 -0.0265702
      vertex -0.0046978 -0.0180397 -0.0255812
      vertex -0.00282574 -0.0108519 -0.0265702
    endloop
  endfacet
  facet normal 0.0142237 -0.0645988 -0.99781
    outer loop
      vertex 0.0021286 -0.0110054 -0.0265702
      vertex 0.000943184 -0.00362206 -0.0270651
      vertex 0.00282574 -0.0108519 -0.0265702
    endloop
  endfacet
  facet normal 0.0103172 -0.0653481 -0.997809
    outer loop
      vertex 0.0021286 -0.0110054 -0.0265702
      vertex 0.00047493 -0.00370979 -0.0270651
      vertex 0.000710487 -0.0036726 -0.0270651
    endloop
  endfacet
  facet normal 0.0283473 -0.129011 -0.991238
    outer loop
      vertex 0.00353909 -0.0182943 -0.0255812
      vertex 0.0021286 -0.0110054 -0.0265702
      vertex 0.0046978 -0.0180397 -0.0255812
    endloop
  endfacet
  facet normal 0.0423447 -0.192715 -0.980341
    outer loop
      vertex 0.00493526 -0.0255117 -0.0241021
      vertex 0.00353909 -0.0182943 -0.0255812
      vertex 0.0046978 -0.0180397 -0.0255812
    endloop
  endfacet
  facet normal 0.00614675 -0.197373 -0.980309
    outer loop
      vertex 0.00165367 -0.0259199 -0.0241021
      vertex 0 -0.0259714 -0.0241021
      vertex 0.00118542 -0.0185881 -0.0255812
    endloop
  endfacet
  facet normal 0.0183122 -0.196597 -0.980313
    outer loop
      vertex 0.00165367 -0.0259199 -0.0241021
      vertex 0.00118542 -0.0185881 -0.0255812
      vertex 0.00330162 -0.0257664 -0.0241021
    endloop
  endfacet
  facet normal -0.00204027 -0.0661556 -0.997807
    outer loop
      vertex 0 -0.0112038 -0.0265702
      vertex -0.000713348 -0.0111818 -0.0265702
      vertex 0 -0.00373936 -0.0270651
    endloop
  endfacet
  facet normal -0.00602675 -0.197354 -0.980314
    outer loop
      vertex 0 -0.0259714 -0.0241021
      vertex -0.00118542 -0.0185881 -0.0255812
      vertex 0 -0.0186243 -0.0255812
    endloop
  endfacet
  facet normal 0.00212539 -0.0661475 -0.997808
    outer loop
      vertex 0.000713348 -0.0111818 -0.0265702
      vertex 0 -0.00373936 -0.0270651
      vertex 0.000237465 -0.00373173 -0.0270651
    endloop
  endfacet
  facet normal -0.043219 -0.049583 -0.997834
    outer loop
      vertex -0.00241756 -0.00288105 -0.0270651
      vertex -0.00777912 -0.00816727 -0.0265702
      vertex -0.0025959 -0.0027256 -0.0270651
    endloop
  endfacet
  facet normal 0.129754 -0.012532 -0.991467
    outer loop
      vertex 0.0187416 -0.00233364 -0.0255812
      vertex 0.0112743 -0.00140381 -0.0265702
      vertex 0.011342 -0.000702858 -0.0265702
    endloop
  endfacet
  facet normal 0.193903 -0.0185836 -0.980845
    outer loop
      vertex 0.0262909 -0.00163078 -0.0241021
      vertex 0.0187416 -0.00233364 -0.0255812
      vertex 0.0188532 -0.0011692 -0.0255812
    endloop
  endfacet
  facet normal 0.229961 -0.118904 -0.965909
    outer loop
      vertex 0.0295229 -0.0160017 -0.0221394
      vertex 0.0230837 -0.0125113 -0.0241021
      vertex 0.0238352 -0.0110579 -0.0241021
    endloop
  endfacet
  facet normal 0.229982 -0.11888 -0.965907
    outer loop
      vertex 0.0295229 -0.0160017 -0.0221394
      vertex 0.0238352 -0.0110579 -0.0241021
      vertex 0.0304842 -0.014142 -0.0221394
    endloop
  endfacet
  facet normal 0.0138111 -0.444589 -0.895628
    outer loop
      vertex 0.0029535 -0.0529995 -0.0139129
      vertex 0.00301075 -0.0471897 -0.016796
      vertex 0.0033815 -0.0529995 -0.0139063
    endloop
  endfacet
  facet normal 0.0138069 -0.444589 -0.895628
    outer loop
      vertex 0.00301075 -0.0471897 -0.016796
      vertex 0.0029535 -0.0529995 -0.0139129
      vertex 0 -0.0472832 -0.016796
    endloop
  endfacet
  facet normal 0.01197 -0.385441 -0.922655
    outer loop
      vertex 0.00301075 -0.0471897 -0.016796
      vertex 0 -0.0472832 -0.016796
      vertex 0.00256824 -0.0402498 -0.0197009
    endloop
  endfacet
  facet normal 0.0828841 -0.376368 -0.922755
    outer loop
      vertex 0.0119267 -0.0457983 -0.016796
      vertex 0.00898647 -0.0464458 -0.016796
      vertex 0.0101728 -0.0390625 -0.0197009
    endloop
  endfacet
  facet normal 0.106074 -0.370355 -0.922814
    outer loop
      vertex 0.0119267 -0.0457983 -0.016796
      vertex 0.0101728 -0.0390625 -0.0197009
      vertex 0.0148201 -0.0449696 -0.016796
    endloop
  endfacet
  facet normal 0.151003 -0.354013 -0.92297
    outer loop
      vertex 0.0176544 -0.0439634 -0.016796
      vertex 0.0150576 -0.0374975 -0.0197009
      vertex 0.0204201 -0.0427837 -0.016796
    endloop
  endfacet
  facet normal 0.17422 -0.408443 -0.896003
    outer loop
      vertex 0.0201817 -0.0502558 -0.0134362
      vertex 0.0176544 -0.0439634 -0.016796
      vertex 0.0204201 -0.0427837 -0.016796
    endloop
  endfacet
  facet normal 0.193556 -0.332125 -0.923163
    outer loop
      vertex 0.0256977 -0.0399227 -0.016796
      vertex 0.0197058 -0.0353403 -0.0197009
      vertex 0.0219183 -0.0340509 -0.0197009
    endloop
  endfacet
  facet normal 0.193546 -0.332137 -0.923161
    outer loop
      vertex 0.0231037 -0.0414343 -0.016796
      vertex 0.0197058 -0.0353403 -0.0197009
      vertex 0.0256977 -0.0399227 -0.016796
    endloop
  endfacet
  facet normal 0.131358 -0.225215 -0.965414
    outer loop
      vertex 0.0162306 -0.0291071 -0.0221394
      vertex 0.0126905 -0.0227585 -0.0241021
      vertex 0.0180521 -0.0280447 -0.0221394
    endloop
  endfacet
  facet normal 0.109416 -0.163343 -0.980483
    outer loop
      vertex 0.0154839 -0.0210114 -0.0241021
      vertex 0.0101213 -0.0157251 -0.0255812
      vertex 0.0111036 -0.0150671 -0.0255812
    endloop
  endfacet
  facet normal 0.0404344 -0.25841 -0.965189
    outer loop
      vertex 0.00631237 -0.0326271 -0.0221394
      vertex 0.00422192 -0.0329542 -0.0221394
      vertex 0.00493526 -0.0255117 -0.0241021
    endloop
  endfacet
  facet normal 0.056235 -0.255358 -0.96521
    outer loop
      vertex 0.00631237 -0.0326271 -0.0221394
      vertex 0.00493526 -0.0255117 -0.0241021
      vertex 0.00837803 -0.0321722 -0.0221394
    endloop
  endfacet
  facet normal -0.279692 -0.479568 -0.831737
    outer loop
      vertex -0.0298016 -0.0529995 -0.00963484
      vertex -0.0341154 -0.0529995 -0.00818422
      vertex -0.032938 -0.0511703 -0.00963484
    endloop
  endfacet
  facet normal -0.167664 -0.47242 -0.865279
    outer loop
      vertex -0.0187744 -0.0529995 -0.0122109
      vertex -0.0201817 -0.0502558 -0.0134362
      vertex -0.0169411 -0.0514059 -0.0134362
    endloop
  endfacet
  facet normal -0.167675 -0.472424 -0.865275
    outer loop
      vertex -0.0201817 -0.0502558 -0.0134362
      vertex -0.0187744 -0.0529995 -0.0122109
      vertex -0.0212834 -0.0529995 -0.0117247
    endloop
  endfacet
  facet normal -0.196657 -0.460868 -0.865405
    outer loop
      vertex -0.0229499 -0.0529995 -0.011346
      vertex -0.0201817 -0.0502558 -0.0134362
      vertex -0.0212834 -0.0529995 -0.0117247
    endloop
  endfacet
  facet normal -0.196649 -0.460875 -0.865404
    outer loop
      vertex -0.0201817 -0.0502558 -0.0134362
      vertex -0.0229499 -0.0529995 -0.011346
      vertex -0.0233421 -0.0489073 -0.0134362
    endloop
  endfacet
  facet normal -0.336857 -0.44048 -0.832168
    outer loop
      vertex -0.0432663 -0.0515633 -0.00540625
      vertex -0.0390565 -0.0529995 -0.00635015
      vertex -0.0413883 -0.0529995 -0.00540625
    endloop
  endfacet
  facet normal -0.336854 -0.440463 -0.832179
    outer loop
      vertex -0.0390565 -0.0529995 -0.00635015
      vertex -0.0432663 -0.0515633 -0.00540625
      vertex -0.0361319 -0.0490303 -0.00963484
    endloop
  endfacet
  facet normal -0.308834 -0.460928 -0.831966
    outer loop
      vertex -0.0372242 -0.0529995 -0.00703034
      vertex -0.0361319 -0.0490303 -0.00963484
      vertex -0.032938 -0.0511703 -0.00963484
    endloop
  endfacet
  facet normal -0.308843 -0.460924 -0.831964
    outer loop
      vertex -0.0361319 -0.0490303 -0.00963484
      vertex -0.0372242 -0.0529995 -0.00703034
      vertex -0.0390565 -0.0529995 -0.00635015
    endloop
  endfacet
  facet normal -0.303615 -0.397126 -0.866088
    outer loop
      vertex -0.0322237 -0.0437279 -0.0134362
      vertex -0.0361319 -0.0490303 -0.00963484
      vertex -0.0349455 -0.041647 -0.0134362
    endloop
  endfacet
  facet normal -0.303741 -0.397092 -0.86606
    outer loop
      vertex -0.0361319 -0.0490303 -0.00963484
      vertex -0.0391827 -0.0466967 -0.00963484
      vertex -0.0349455 -0.041647 -0.0134362
    endloop
  endfacet
  facet normal -0.223407 -0.383183 -0.896248
    outer loop
      vertex -0.0264111 -0.0473652 -0.0134362
      vertex -0.0293751 -0.0456371 -0.0134362
      vertex -0.0256977 -0.0399227 -0.016796
    endloop
  endfacet
  facet normal -0.252097 -0.432391 -0.865728
    outer loop
      vertex -0.0295523 -0.0529995 -0.00970742
      vertex -0.0293751 -0.0456371 -0.0134362
      vertex -0.0264111 -0.0473652 -0.0134362
    endloop
  endfacet
  facet normal -0.251786 -0.432434 -0.865797
    outer loop
      vertex -0.0293751 -0.0456371 -0.0134362
      vertex -0.0295523 -0.0529995 -0.00970742
      vertex -0.02961 -0.0529995 -0.00969064
    endloop
  endfacet
  facet normal -0.0423447 -0.192715 -0.980341
    outer loop
      vertex -0.00353909 -0.0182943 -0.0255812
      vertex -0.00493526 -0.0255117 -0.0241021
      vertex -0.0046978 -0.0180397 -0.0255812
    endloop
  endfacet
  facet normal -0.0366734 -0.054744 -0.997827
    outer loop
      vertex -0.00203228 -0.00315666 -0.0270651
      vertex -0.00608921 -0.0094595 -0.0265702
      vertex -0.00222874 -0.00302505 -0.0270651
    endloop
  endfacet
  facet normal 0.0259829 -0.0607149 -0.997817
    outer loop
      vertex 0.00483799 -0.0101376 -0.0265702
      vertex 0.00139618 -0.0034771 -0.0270651
      vertex 0.00161457 -0.00338364 -0.0270651
    endloop
  endfacet
  facet normal 0.0539536 -0.0372372 -0.997849
    outer loop
      vertex 0.00919342 -0.00658512 -0.0265702
      vertex 0.00320244 -0.00200367 -0.0270651
      vertex 0.00959492 -0.00600338 -0.0265702
    endloop
  endfacet
  facet normal 0.0561911 -0.0336615 -0.997852
    outer loop
      vertex 0.00959492 -0.00600338 -0.0265702
      vertex 0.00332355 -0.00180149 -0.0270651
      vertex 0.00995827 -0.00539684 -0.0265702
    endloop
  endfacet
  facet normal 0.056192 -0.0336602 -0.997852
    outer loop
      vertex 0.00332355 -0.00180149 -0.0270651
      vertex 0.00959492 -0.00600338 -0.0265702
      vertex 0.00320244 -0.00200367 -0.0270651
    endloop
  endfacet
  facet normal 0.0461641 -0.0467835 -0.997838
    outer loop
      vertex 0.00777912 -0.00816727 -0.0265702
      vertex 0.0027647 -0.00255966 -0.0270651
      vertex 0.00828362 -0.00766945 -0.0265702
    endloop
  endfacet
  facet normal 0.102951 -0.0810596 -0.991378
    outer loop
      vertex 0.014555 -0.0118713 -0.0255812
      vertex 0.00875568 -0.00714111 -0.0265702
      vertex 0.0152826 -0.0109472 -0.0255812
    endloop
  endfacet
  facet normal 0.0333393 -0.0568899 -0.997824
    outer loop
      vertex 0.00608921 -0.0094595 -0.0265702
      vertex 0.00182724 -0.00327682 -0.0270651
      vertex 0.00203228 -0.00315666 -0.0270651
    endloop
  endfacet
  facet normal -0.0333393 -0.0568899 -0.997824
    outer loop
      vertex -0.00182724 -0.00327682 -0.0270651
      vertex -0.00608921 -0.0094595 -0.0265702
      vertex -0.00203228 -0.00315666 -0.0270651
    endloop
  endfacet
  facet normal -0.0921998 -0.093437 -0.991347
    outer loop
      vertex -0.00777912 -0.00816727 -0.0265702
      vertex -0.0137701 -0.0127487 -0.0255812
      vertex -0.00828362 -0.00766945 -0.0265702
    endloop
  endfacet
  facet normal -0.09775 -0.0874447 -0.991362
    outer loop
      vertex -0.0137701 -0.0127487 -0.0255812
      vertex -0.014555 -0.0118713 -0.0255812
      vertex -0.00828362 -0.00766945 -0.0265702
    endloop
  endfacet
  facet normal -0.0517319 -0.121307 -0.991266
    outer loop
      vertex -0.00418282 -0.010417 -0.0265702
      vertex -0.00695419 -0.0173168 -0.0255812
      vertex -0.00483799 -0.0101376 -0.0265702
    endloop
  endfacet
  facet normal -0.0259085 -0.0607533 -0.997817
    outer loop
      vertex -0.00418282 -0.010417 -0.0265702
      vertex -0.00483799 -0.0101376 -0.0265702
      vertex -0.00139618 -0.0034771 -0.0270651
    endloop
  endfacet
  facet normal -0.0121865 -0.131587 -0.99123
    outer loop
      vertex -0.00118542 -0.0185881 -0.0255812
      vertex -0.00142384 -0.011116 -0.0265702
      vertex -0.000713348 -0.0111818 -0.0265702
    endloop
  endfacet
  facet normal -0.00610256 -0.0658939 -0.997808
    outer loop
      vertex -0.000713348 -0.0111818 -0.0265702
      vertex -0.00142384 -0.011116 -0.0265702
      vertex -0.00047493 -0.00370979 -0.0270651
    endloop
  endfacet
  facet normal -0.0204848 -0.130532 -0.991232
    outer loop
      vertex -0.00142384 -0.011116 -0.0265702
      vertex -0.00353909 -0.0182943 -0.0255812
      vertex -0.0021286 -0.0110054 -0.0265702
    endloop
  endfacet
  facet normal -0.0283473 -0.129011 -0.991238
    outer loop
      vertex -0.00353909 -0.0182943 -0.0255812
      vertex -0.0046978 -0.0180397 -0.0255812
      vertex -0.0021286 -0.0110054 -0.0265702
    endloop
  endfacet
  facet normal 0.0363709 -0.126917 -0.991246
    outer loop
      vertex 0.0046978 -0.0180397 -0.0255812
      vertex 0.00282574 -0.0108519 -0.0265702
      vertex 0.00351143 -0.0106554 -0.0265702
    endloop
  endfacet
  facet normal 0.0304644 -0.195011 -0.980328
    outer loop
      vertex 0.00493526 -0.0255117 -0.0241021
      vertex 0.00236702 -0.0184774 -0.0255812
      vertex 0.00353909 -0.0182943 -0.0255812
    endloop
  endfacet
  facet normal 0.0441544 -0.124349 -0.991256
    outer loop
      vertex 0.00695419 -0.0173168 -0.0255812
      vertex 0.00351143 -0.0106554 -0.0265702
      vertex 0.00418282 -0.010417 -0.0265702
    endloop
  endfacet
  facet normal 0.0990547 -0.170003 -0.980453
    outer loop
      vertex 0.0126905 -0.0227585 -0.0241021
      vertex 0.00909996 -0.0163202 -0.0255812
      vertex 0.0101213 -0.0157251 -0.0255812
    endloop
  endfacet
  facet normal 0.0184157 -0.196567 -0.980317
    outer loop
      vertex 0.00330162 -0.0257664 -0.0241021
      vertex 0.00118542 -0.0185881 -0.0255812
      vertex 0.00236702 -0.0184774 -0.0255812
    endloop
  endfacet
  facet normal 0.0123283 -0.131591 -0.991227
    outer loop
      vertex 0.00236702 -0.0184774 -0.0255812
      vertex 0.00118542 -0.0185881 -0.0255812
      vertex 0.00142384 -0.011116 -0.0265702
    endloop
  endfacet
  facet normal -0.00403434 -0.13211 -0.991227
    outer loop
      vertex 0 -0.0186243 -0.0255812
      vertex -0.00118542 -0.0185881 -0.0255812
      vertex 0 -0.0112038 -0.0265702
    endloop
  endfacet
  facet normal 0.00403434 -0.13211 -0.991227
    outer loop
      vertex 0.00118542 -0.0185881 -0.0255812
      vertex 0 -0.0186243 -0.0255812
      vertex 0 -0.0112038 -0.0265702
    endloop
  endfacet
  facet normal 0.129774 -0.0124376 -0.991466
    outer loop
      vertex 0.0187416 -0.00233364 -0.0255812
      vertex 0.011342 -0.000702858 -0.0265702
      vertex 0.0188532 -0.0011692 -0.0255812
    endloop
  endfacet
  facet normal 0.130289 -0.00414536 -0.991467
    outer loop
      vertex 0.0188532 -0.0011692 -0.0255812
      vertex 0.011342 -0.000702858 -0.0265702
      vertex 0.0188904 0 -0.0255812
    endloop
  endfacet
  facet normal 0.117166 -0.233114 -0.965365
    outer loop
      vertex 0.0162306 -0.0291071 -0.0221394
      vertex 0.0112162 -0.0234995 -0.0241021
      vertex 0.0126905 -0.0227585 -0.0241021
    endloop
  endfacet
  facet normal 0.117068 -0.233197 -0.965357
    outer loop
      vertex 0.0143442 -0.0300541 -0.0221394
      vertex 0.0112162 -0.0234995 -0.0241021
      vertex 0.0162306 -0.0291071 -0.0221394
    endloop
  endfacet
  facet normal -0.196692 -0.460874 -0.865394
    outer loop
      vertex -0.0229499 -0.0529995 -0.011346
      vertex -0.0252954 -0.0529995 -0.0108129
      vertex -0.0233421 -0.0489073 -0.0134362
    endloop
  endfacet
  facet normal -0.0440847 -0.124385 -0.991254
    outer loop
      vertex -0.00583744 -0.0177126 -0.0255812
      vertex -0.00695419 -0.0173168 -0.0255812
      vertex -0.00351143 -0.0106554 -0.0265702
    endloop
  endfacet
  facet normal -0.0364252 -0.126908 -0.991245
    outer loop
      vertex -0.0046978 -0.0180397 -0.0255812
      vertex -0.00583744 -0.0177126 -0.0255812
      vertex -0.00351143 -0.0106554 -0.0265702
    endloop
  endfacet
  facet normal 0.0489699 -0.0437535 -0.997841
    outer loop
      vertex 0.00828362 -0.00766945 -0.0265702
      vertex 0.0027647 -0.00255966 -0.0270651
      vertex 0.00875568 -0.00714111 -0.0265702
    endloop
  endfacet
  facet normal 0.0490047 -0.0437079 -0.997842
    outer loop
      vertex 0.00875568 -0.00714111 -0.0265702
      vertex 0.0027647 -0.00255966 -0.0270651
      vertex 0.00292206 -0.00238323 -0.0270651
    endloop
  endfacet
  facet normal 0.073242 -0.10934 -0.991302
    outer loop
      vertex 0.0101213 -0.0157251 -0.0255812
      vertex 0.00608921 -0.0094595 -0.0265702
      vertex 0.0111036 -0.0150671 -0.0255812
    endloop
  endfacet
  facet normal 0.102504 -0.240135 -0.965313
    outer loop
      vertex 0.0143442 -0.0300541 -0.0221394
      vertex 0.00969696 -0.024148 -0.0241021
      vertex 0.0112162 -0.0234995 -0.0241021
    endloop
  endfacet
  facet normal 0.0364252 -0.126908 -0.991245
    outer loop
      vertex 0.0046978 -0.0180397 -0.0255812
      vertex 0.00351143 -0.0106554 -0.0265702
      vertex 0.00583744 -0.0177126 -0.0255812
    endloop
  endfacet
  facet normal 0.0440847 -0.124385 -0.991254
    outer loop
      vertex 0.00583744 -0.0177126 -0.0255812
      vertex 0.00351143 -0.0106554 -0.0265702
      vertex 0.00695419 -0.0173168 -0.0255812
    endloop
  endfacet
  facet normal 0.0259085 -0.0607533 -0.997817
    outer loop
      vertex 0.00418282 -0.010417 -0.0265702
      vertex 0.00139618 -0.0034771 -0.0270651
      vertex 0.00483799 -0.0101376 -0.0265702
    endloop
  endfacet
  facet normal 0.0517319 -0.121307 -0.991266
    outer loop
      vertex 0.00695419 -0.0173168 -0.0255812
      vertex 0.00418282 -0.010417 -0.0265702
      vertex 0.00483799 -0.0101376 -0.0265702
    endloop
  endfacet
  facet normal 0.0203957 -0.130558 -0.991231
    outer loop
      vertex 0.00236702 -0.0184774 -0.0255812
      vertex 0.00142384 -0.011116 -0.0265702
      vertex 0.00353909 -0.0182943 -0.0255812
    endloop
  endfacet
  facet normal 0.028402 -0.128991 -0.991239
    outer loop
      vertex 0.0046978 -0.0180397 -0.0255812
      vertex 0.0021286 -0.0110054 -0.0265702
      vertex 0.00282574 -0.0108519 -0.0265702
    endloop
  endfacet
  facet normal 0.102455 -0.240171 -0.965309
    outer loop
      vertex 0.0124016 -0.0308828 -0.0221394
      vertex 0.00969696 -0.024148 -0.0241021
      vertex 0.0143442 -0.0300541 -0.0221394
    endloop
  endfacet
  facet normal 0.0874881 -0.246171 -0.96527
    outer loop
      vertex 0.0104103 -0.0315905 -0.0221394
      vertex 0.00969696 -0.024148 -0.0241021
      vertex 0.0124016 -0.0308828 -0.0221394
    endloop
  endfacet
  facet normal 0.0204848 -0.130532 -0.991232
    outer loop
      vertex 0.00353909 -0.0182943 -0.0255812
      vertex 0.00142384 -0.011116 -0.0265702
      vertex 0.0021286 -0.0110054 -0.0265702
    endloop
  endfacet
  facet normal 0.0102574 -0.0653617 -0.997809
    outer loop
      vertex 0.00142384 -0.011116 -0.0265702
      vertex 0.00047493 -0.00370979 -0.0270651
      vertex 0.0021286 -0.0110054 -0.0265702
    endloop
  endfacet
  facet normal 0.0884233 -0.175928 -0.980424
    outer loop
      vertex 0.0112162 -0.0234995 -0.0241021
      vertex 0.00804329 -0.0168514 -0.0255812
      vertex 0.0126905 -0.0227585 -0.0241021
    endloop
  endfacet
  facet normal 0.0774201 -0.181174 -0.980399
    outer loop
      vertex 0.0112162 -0.0234995 -0.0241021
      vertex 0.00695419 -0.0173168 -0.0255812
      vertex 0.00804329 -0.0168514 -0.0255812
    endloop
  endfacet
  facet normal 0.109347 -0.163412 -0.980479
    outer loop
      vertex 0.0141144 -0.0219278 -0.0241021
      vertex 0.0101213 -0.0157251 -0.0255812
      vertex 0.0154839 -0.0210114 -0.0241021
    endloop
  endfacet
  facet normal 0.0991569 -0.169964 -0.980449
    outer loop
      vertex 0.0126905 -0.0227585 -0.0241021
      vertex 0.0101213 -0.0157251 -0.0255812
      vertex 0.0141144 -0.0219278 -0.0241021
    endloop
  endfacet
  facet normal 0.0872941 -0.246193 -0.965282
    outer loop
      vertex 0.0104103 -0.0315905 -0.0221394
      vertex 0.00813961 -0.0247002 -0.0241021
      vertex 0.00969696 -0.024148 -0.0241021
    endloop
  endfacet
  facet normal 0.0719346 -0.251244 -0.965247
    outer loop
      vertex 0.0104103 -0.0315905 -0.0221394
      vertex 0.00655079 -0.0251551 -0.0241021
      vertex 0.00813961 -0.0247002 -0.0241021
    endloop
  endfacet
  facet normal 0.0544158 -0.189588 -0.980355
    outer loop
      vertex 0.00813961 -0.0247002 -0.0241021
      vertex 0.0046978 -0.0180397 -0.0255812
      vertex 0.00583744 -0.0177126 -0.0255812
    endloop
  endfacet
  facet normal 0.0658594 -0.185822 -0.980374
    outer loop
      vertex 0.00813961 -0.0247002 -0.0241021
      vertex 0.00583744 -0.0177126 -0.0255812
      vertex 0.00695419 -0.0173168 -0.0255812
    endloop
  endfacet
  facet normal 1 0 0
    outer loop
      vertex 0.0520992 0 1.27942e-07
      vertex 0.0520992 -0.0020793 -0.0147371
      vertex 0.0520992 0 -0.0147695
    endloop
  endfacet
  facet normal 1 0 0
    outer loop
      vertex 0.0520992 0 1.27942e-07
      vertex 0.0520992 -0.00323113 -0.014719
      vertex 0.0520992 -0.0020793 -0.0147371
    endloop
  endfacet
  facet normal 1 0 0
    outer loop
      vertex 0.0520992 0 1.27942e-07
      vertex 0.0520992 -0.00432191 -0.0146681
      vertex 0.0520992 -0.00323113 -0.014719
    endloop
  endfacet
  facet normal 1 0 0
    outer loop
      vertex 0.0520992 0 1.27942e-07
      vertex 0.0520992 -0.00648865 -0.0145668
      vertex 0.0520992 -0.00432191 -0.0146681
    endloop
  endfacet
  facet normal 1 0 0
    outer loop
      vertex 0.0520992 0 1.27942e-07
      vertex 0.0520992 -0.00743039 -0.0144936
      vertex 0.0520992 -0.00648865 -0.0145668
    endloop
  endfacet
  facet normal 1 0 0
    outer loop
      vertex 0.0520992 0 1.27942e-07
      vertex 0.0520992 -0.00979828 -0.0143096
      vertex 0.0520992 -0.00743039 -0.0144936
    endloop
  endfacet
  facet normal 1 0 0
    outer loop
      vertex 0.0520992 0 1.27942e-07
      vertex 0.0520992 -0.0105143 -0.0142321
      vertex 0.0520992 -0.00979828 -0.0143096
    endloop
  endfacet
  facet normal 1 0 0
    outer loop
      vertex 0.0520992 0 1.27942e-07
      vertex 0.0520992 -0.0131885 -0.0139423
      vertex 0.0520992 -0.0105143 -0.0142321
    endloop
  endfacet
  facet normal 1 0 0
    outer loop
      vertex 0.0520992 0 1.27942e-07
      vertex 0.0520992 -0.016667 -0.0134604
      vertex 0.0520992 -0.0131885 -0.0139423
    endloop
  endfacet
  facet normal 1 -0 0
    outer loop
      vertex 0.0520992 -0.0168149 -0.0134362
      vertex 0.0520992 -0.016667 -0.0134604
      vertex 0.0520992 0 1.27942e-07
    endloop
  endfacet
  facet normal 1 0 0
    outer loop
      vertex 0.0520992 -0.016667 -0.0134604
      vertex 0.0520992 -0.0167065 -0.0134544
      vertex 0.0520992 -0.0166895 -0.0134573
    endloop
  endfacet
  facet normal 1 0 0
    outer loop
      vertex 0.0520992 -0.016667 -0.0134604
      vertex 0.0520992 -0.0168149 -0.0134362
      vertex 0.0520992 -0.0167065 -0.0134544
    endloop
  endfacet
  facet normal 1 0 0
    outer loop
      vertex 0.0520992 0 1.27942e-07
      vertex 0.0520992 -0.0203371 -0.0127436
      vertex 0.0520992 -0.0168149 -0.0134362
    endloop
  endfacet
  facet normal 1 0 0
    outer loop
      vertex 0.0520992 0 1.27942e-07
      vertex 0.0520992 -0.0213288 -0.0125151
      vertex 0.0520992 -0.0203371 -0.0127436
    endloop
  endfacet
  facet normal 1 0 0
    outer loop
      vertex 0.0520992 0 1.27942e-07
      vertex 0.0520992 -0.0241703 -0.0118603
      vertex 0.0520992 -0.0213288 -0.0125151
    endloop
  endfacet
  facet normal 1 0 0
    outer loop
      vertex 0.0520992 0 1.27942e-07
      vertex 0.0520992 -0.0259135 -0.0114013
      vertex 0.0520992 -0.0241703 -0.0118603
    endloop
  endfacet
  facet normal 1 0 0
    outer loop
      vertex 0.0520992 0 1.27942e-07
      vertex 0.0520992 -0.0282383 -0.0107887
      vertex 0.0520992 -0.0259135 -0.0114013
    endloop
  endfacet
  facet normal 1 0 0
    outer loop
      vertex 0.0520992 0 1.27942e-07
      vertex 0.0520992 -0.0321444 -0.00963484
      vertex 0.0520992 -0.0282383 -0.0107887
    endloop
  endfacet
  facet normal 1 0 0
    outer loop
      vertex 0.0520992 0 1.27942e-07
      vertex 0.0520992 -0.0324675 -0.0095247
      vertex 0.0520992 -0.0321444 -0.00963484
    endloop
  endfacet
  facet normal 1 -0 0
    outer loop
      vertex 0.0520992 -0.0329233 -0.00935767
      vertex 0.0520992 -0.0324675 -0.0095247
      vertex 0.0520992 0 1.27942e-07
    endloop
  endfacet
  facet normal 1 0 0
    outer loop
      vertex 0.0520992 -0.0324675 -0.0095247
      vertex 0.0520992 -0.0329233 -0.00935767
      vertex 0.0520992 -0.0325971 -0.00948049
    endloop
  endfacet
  facet normal 1 0 0
    outer loop
      vertex 0.0520992 0 1.27942e-07
      vertex 0.0520992 -0.0373186 -0.00770264
      vertex 0.0520992 -0.0329233 -0.00935767
    endloop
  endfacet
  facet normal 1 0 0
    outer loop
      vertex 0.0520992 0 1.27942e-07
      vertex 0.0520992 -0.0390723 -0.00698263
      vertex 0.0520992 -0.0373186 -0.00770264
    endloop
  endfacet
  facet normal 1 0 0
    outer loop
      vertex 0.0520992 0 1.27942e-07
      vertex 0.0520992 -0.0424935 -0.00557785
      vertex 0.0520992 -0.0390723 -0.00698263
    endloop
  endfacet
  facet normal 1 0 0
    outer loop
      vertex 0.0520992 0 1.27942e-07
      vertex 0.0520992 -0.0428808 -0.00540625
      vertex 0.0520992 -0.0424935 -0.00557785
    endloop
  endfacet
  facet normal 1 0 0
    outer loop
      vertex 0.0520992 0 1.27942e-07
      vertex 0.0520992 -0.0482352 -0.00269103
      vertex 0.0520992 -0.0428808 -0.00540625
    endloop
  endfacet
  facet normal 1 0 0
    outer loop
      vertex 0.0520992 0 1.27942e-07
      vertex 0.0520992 -0.0496627 -0.00191719
      vertex 0.0520992 -0.0482352 -0.00269103
    endloop
  endfacet
  facet normal 1 -0 0
    outer loop
      vertex 0.0520992 -0.0529995 1.27942e-07
      vertex 0.0520992 -0.0496627 -0.00191719
      vertex 0.0520992 0 1.27942e-07
    endloop
  endfacet
  facet normal 1 0 0
    outer loop
      vertex 0.0520992 -0.0496627 -0.00191719
      vertex 0.0520992 -0.0529995 1.27942e-07
      vertex 0.0520992 -0.051781 -0.000768534
    endloop
  endfacet
  facet normal 1 0 0
    outer loop
      vertex 0.0520992 -0.051781 -0.000768534
      vertex 0.0520992 -0.0529995 1.27942e-07
      vertex 0.0520992 -0.0529995 -1.60384e-05
    endloop
  endfacet
  facet normal -0 0 1
    outer loop
      vertex -0.0520992 0 1.27942e-07
      vertex 0.0520992 -0.0529995 1.27942e-07
      vertex 0.0520992 0 1.27942e-07
    endloop
  endfacet
  facet normal 0 0 1
    outer loop
      vertex 0.0520992 -0.0529995 1.27942e-07
      vertex -0.0520992 0 1.27942e-07
      vertex -0.0520992 -0.0529995 1.27942e-07
    endloop
  endfacet
  facet normal -1 0 0
    outer loop
      vertex -0.0520992 -0.0020793 -0.0147371
      vertex -0.0520992 0 1.27942e-07
      vertex -0.0520992 0 -0.0147695
    endloop
  endfacet
  facet normal -1 0 0
    outer loop
      vertex -0.0520992 -0.00323113 -0.014719
      vertex -0.0520992 0 1.27942e-07
      vertex -0.0520992 -0.0020793 -0.0147371
    endloop
  endfacet
  facet normal -1 0 0
    outer loop
      vertex -0.0520992 -0.00432191 -0.0146681
      vertex -0.0520992 0 1.27942e-07
      vertex -0.0520992 -0.00323113 -0.014719
    endloop
  endfacet
  facet normal -1 0 0
    outer loop
      vertex -0.0520992 -0.00648865 -0.0145668
      vertex -0.0520992 0 1.27942e-07
      vertex -0.0520992 -0.00432191 -0.0146681
    endloop
  endfacet
  facet normal -1 0 0
    outer loop
      vertex -0.0520992 -0.00743039 -0.0144936
      vertex -0.0520992 0 1.27942e-07
      vertex -0.0520992 -0.00648865 -0.0145668
    endloop
  endfacet
  facet normal -1 0 0
    outer loop
      vertex -0.0520992 -0.00979828 -0.0143096
      vertex -0.0520992 0 1.27942e-07
      vertex -0.0520992 -0.00743039 -0.0144936
    endloop
  endfacet
  facet normal -1 0 0
    outer loop
      vertex -0.0520992 -0.0105143 -0.0142321
      vertex -0.0520992 0 1.27942e-07
      vertex -0.0520992 -0.00979828 -0.0143096
    endloop
  endfacet
  facet normal -1 0 0
    outer loop
      vertex -0.0520992 -0.0131885 -0.0139423
      vertex -0.0520992 0 1.27942e-07
      vertex -0.0520992 -0.0105143 -0.0142321
    endloop
  endfacet
  facet normal -1 0 0
    outer loop
      vertex -0.0520992 -0.016667 -0.0134604
      vertex -0.0520992 0 1.27942e-07
      vertex -0.0520992 -0.0131885 -0.0139423
    endloop
  endfacet
  facet normal -1 0 0
    outer loop
      vertex -0.0520992 -0.0167065 -0.0134544
      vertex -0.0520992 -0.016667 -0.0134604
      vertex -0.0520992 -0.0166895 -0.0134573
    endloop
  endfacet
  facet normal -1 0 0
    outer loop
      vertex -0.0520992 -0.0168149 -0.0134362
      vertex -0.0520992 -0.016667 -0.0134604
      vertex -0.0520992 -0.0167065 -0.0134544
    endloop
  endfacet
  facet normal -1 0 0
    outer loop
      vertex -0.0520992 -0.016667 -0.0134604
      vertex -0.0520992 -0.0168149 -0.0134362
      vertex -0.0520992 0 1.27942e-07
    endloop
  endfacet
  facet normal -1 0 0
    outer loop
      vertex -0.0520992 -0.0203371 -0.0127436
      vertex -0.0520992 0 1.27942e-07
      vertex -0.0520992 -0.0168149 -0.0134362
    endloop
  endfacet
  facet normal -1 0 0
    outer loop
      vertex -0.0520992 -0.0213288 -0.0125151
      vertex -0.0520992 0 1.27942e-07
      vertex -0.0520992 -0.0203371 -0.0127436
    endloop
  endfacet
  facet normal -1 0 0
    outer loop
      vertex -0.0520992 -0.0241703 -0.0118603
      vertex -0.0520992 0 1.27942e-07
      vertex -0.0520992 -0.0213288 -0.0125151
    endloop
  endfacet
  facet normal -1 0 0
    outer loop
      vertex -0.0520992 -0.0259135 -0.0114013
      vertex -0.0520992 0 1.27942e-07
      vertex -0.0520992 -0.0241703 -0.0118603
    endloop
  endfacet
  facet normal -1 0 0
    outer loop
      vertex -0.0520992 -0.0282383 -0.0107887
      vertex -0.0520992 0 1.27942e-07
      vertex -0.0520992 -0.0259135 -0.0114013
    endloop
  endfacet
  facet normal -1 0 0
    outer loop
      vertex -0.0520992 -0.0321444 -0.00963484
      vertex -0.0520992 0 1.27942e-07
      vertex -0.0520992 -0.0282383 -0.0107887
    endloop
  endfacet
  facet normal -1 0 0
    outer loop
      vertex -0.0520992 -0.0324675 -0.0095247
      vertex -0.0520992 0 1.27942e-07
      vertex -0.0520992 -0.0321444 -0.00963484
    endloop
  endfacet
  facet normal -1 0 0
    outer loop
      vertex -0.0520992 -0.0329233 -0.00935767
      vertex -0.0520992 -0.0324675 -0.0095247
      vertex -0.0520992 -0.0325971 -0.00948049
    endloop
  endfacet
  facet normal -1 0 0
    outer loop
      vertex -0.0520992 -0.0324675 -0.0095247
      vertex -0.0520992 -0.0329233 -0.00935767
      vertex -0.0520992 0 1.27942e-07
    endloop
  endfacet
  facet normal -1 0 0
    outer loop
      vertex -0.0520992 -0.0373186 -0.00770264
      vertex -0.0520992 0 1.27942e-07
      vertex -0.0520992 -0.0329233 -0.00935767
    endloop
  endfacet
  facet normal -1 0 0
    outer loop
      vertex -0.0520992 -0.0390723 -0.00698263
      vertex -0.0520992 0 1.27942e-07
      vertex -0.0520992 -0.0373186 -0.00770264
    endloop
  endfacet
  facet normal -1 0 0
    outer loop
      vertex -0.0520992 -0.0424935 -0.00557785
      vertex -0.0520992 0 1.27942e-07
      vertex -0.0520992 -0.0390723 -0.00698263
    endloop
  endfacet
  facet normal -1 0 0
    outer loop
      vertex -0.0520992 -0.0428808 -0.00540625
      vertex -0.0520992 0 1.27942e-07
      vertex -0.0520992 -0.0424935 -0.00557785
    endloop
  endfacet
  facet normal -1 0 0
    outer loop
      vertex -0.0520992 -0.0482352 -0.00269103
      vertex -0.0520992 0 1.27942e-07
      vertex -0.0520992 -0.0428808 -0.00540625
    endloop
  endfacet
  facet normal -1 0 0
    outer loop
      vertex -0.0520992 -0.0496627 -0.00191719
      vertex -0.0520992 0 1.27942e-07
      vertex -0.0520992 -0.0482352 -0.00269103
    endloop
  endfacet
  facet normal -1 0 0
    outer loop
      vertex -0.0520992 -0.0529995 1.27942e-07
      vertex -0.0520992 -0.0496627 -0.00191719
      vertex -0.0520992 -0.051781 -0.000768534
    endloop
  endfacet
  facet normal -1 0 0
    outer loop
      vertex -0.0520992 -0.0529995 1.27942e-07
      vertex -0.0520992 -0.051781 -0.000768534
      vertex -0.0520992 -0.0529995 -1.60384e-05
    endloop
  endfacet
  facet normal -1 0 0
    outer loop
      vertex -0.0520992 -0.0496627 -0.00191719
      vertex -0.0520992 -0.0529995 1.27942e-07
      vertex -0.0520992 0 1.27942e-07
    endloop
  endfacet
  facet normal 0 1 0
    outer loop
      vertex 0.0479593 0 -0.016796
      vertex 0.0520992 0 1.27942e-07
      vertex 0.0520992 0 -0.0147695
    endloop
  endfacet
  facet normal 0 1 0
    outer loop
      vertex 0.0336905 0 -0.0221394
      vertex 0.0520992 0 1.27942e-07
      vertex 0.040905 0 -0.0197009
    endloop
  endfacet
  facet normal 0 1 0
    outer loop
      vertex 0.0520992 0 1.27942e-07
      vertex 0.0479593 0 -0.016796
      vertex 0.040905 0 -0.0197009
    endloop
  endfacet
  facet normal 0 1 0
    outer loop
      vertex 0.0263424 0 -0.0241021
      vertex 0.0520992 0 1.27942e-07
      vertex 0.0336905 0 -0.0221394
    endloop
  endfacet
  facet normal -0 1 -0
    outer loop
      vertex -0.0479593 0 -0.016796
      vertex -0.0520992 0 1.27942e-07
      vertex -0.040905 0 -0.0197009
    endloop
  endfacet
  facet normal 0 1 0
    outer loop
      vertex -0.0520992 0 1.27942e-07
      vertex -0.0479593 0 -0.016796
      vertex -0.0520992 0 -0.0147695
    endloop
  endfacet
  facet normal 0 1 0
    outer loop
      vertex 0.0188904 0 -0.0255812
      vertex 0.0520992 0 1.27942e-07
      vertex 0.0263424 0 -0.0241021
    endloop
  endfacet
  facet normal 0 1 0
    outer loop
      vertex -0.0520992 0 1.27942e-07
      vertex -0.0336905 0 -0.0221394
      vertex -0.040905 0 -0.0197009
    endloop
  endfacet
  facet normal 0 1 0
    outer loop
      vertex 0.011364 0 -0.0265702
      vertex 0.0520992 0 1.27942e-07
      vertex 0.0188904 0 -0.0255812
    endloop
  endfacet
  facet normal 0 1 0
    outer loop
      vertex -0.0520992 0 1.27942e-07
      vertex -0.0263424 0 -0.0241021
      vertex -0.0336905 0 -0.0221394
    endloop
  endfacet
  facet normal 0 1 0
    outer loop
      vertex 0.00379276 0 -0.0270651
      vertex 0.0520992 0 1.27942e-07
      vertex 0.011364 0 -0.0265702
    endloop
  endfacet
  facet normal 0 1 0
    outer loop
      vertex -0.0520992 0 1.27942e-07
      vertex -0.0188904 0 -0.0255812
      vertex -0.0263424 0 -0.0241021
    endloop
  endfacet
  facet normal 0 1 0
    outer loop
      vertex 0.0520992 0 1.27942e-07
      vertex 0.00379276 0 -0.0270651
      vertex -0.0520992 0 1.27942e-07
    endloop
  endfacet
  facet normal 0 1 0
    outer loop
      vertex -0.0520992 0 1.27942e-07
      vertex -0.011364 0 -0.0265702
      vertex -0.0188904 0 -0.0255812
    endloop
  endfacet
  facet normal 0 1 -0
    outer loop
      vertex -0.00379276 0 -0.0270651
      vertex -0.0520992 0 1.27942e-07
      vertex 0.00379276 0 -0.0270651
    endloop
  endfacet
  facet normal 0 1 0
    outer loop
      vertex -0.0520992 0 1.27942e-07
      vertex -0.00379276 0 -0.0270651
      vertex -0.011364 0 -0.0265702
    endloop
  endfacet
  facet normal 0 -1 0
    outer loop
      vertex -0.0508632 -0.0529995 -0.000768534
      vertex -0.0520992 -0.0529995 1.27942e-07
      vertex -0.0520992 -0.0529995 -1.60384e-05
    endloop
  endfacet
  facet normal 0 -1 0
    outer loop
      vertex -0.0444713 -0.0529995 -0.00397766
      vertex -0.0520992 -0.0529995 1.27942e-07
      vertex -0.0497831 -0.0529995 -0.00132181
    endloop
  endfacet
  facet normal 0 -1 0
    outer loop
      vertex -0.0504806 -0.0529995 -0.00097305
      vertex -0.0520992 -0.0529995 1.27942e-07
      vertex -0.0508632 -0.0529995 -0.000768534
    endloop
  endfacet
  facet normal 0 -1 0
    outer loop
      vertex -0.0520992 -0.0529995 1.27942e-07
      vertex -0.0444713 -0.0529995 -0.00397766
      vertex 0.0520992 -0.0529995 1.27942e-07
    endloop
  endfacet
  facet normal 0 -1 0
    outer loop
      vertex -0.0520992 -0.0529995 1.27942e-07
      vertex -0.0504806 -0.0529995 -0.00097305
      vertex -0.0497831 -0.0529995 -0.00132181
    endloop
  endfacet
  facet normal -0 -1 0
    outer loop
      vertex 0.0504806 -0.0529995 -0.00097305
      vertex 0.0520992 -0.0529995 1.27942e-07
      vertex 0.0497831 -0.0529995 -0.00132181
    endloop
  endfacet
  facet normal 0 -1 -0
    outer loop
      vertex 0.0520992 -0.0529995 1.27942e-07
      vertex 0.0508632 -0.0529995 -0.000768534
      vertex 0.0520992 -0.0529995 -1.60384e-05
    endloop
  endfacet
  facet normal 0 -1 0
    outer loop
      vertex 0.0520992 -0.0529995 1.27942e-07
      vertex 0.0504806 -0.0529995 -0.00097305
      vertex 0.0508632 -0.0529995 -0.000768534
    endloop
  endfacet
  facet normal 0 -1 0
    outer loop
      vertex 0.0444713 -0.0529995 -0.00397766
      vertex 0.0520992 -0.0529995 1.27942e-07
      vertex -0.0444713 -0.0529995 -0.00397766
    endloop
  endfacet
  facet normal 0 -1 0
    outer loop
      vertex 0.0520992 -0.0529995 1.27942e-07
      vertex 0.0444713 -0.0529995 -0.00397766
      vertex 0.0497831 -0.0529995 -0.00132181
    endloop
  endfacet
  facet normal 0 -1 0
    outer loop
      vertex -0.0390565 -0.0529995 -0.00635015
      vertex -0.0444713 -0.0529995 -0.00397766
      vertex -0.0413883 -0.0529995 -0.00540625
    endloop
  endfacet
  facet normal 0 -1 0
    outer loop
      vertex -0.0372242 -0.0529995 -0.00703034
      vertex -0.0444713 -0.0529995 -0.00397766
      vertex -0.0390565 -0.0529995 -0.00635015
    endloop
  endfacet
  facet normal 0 -1 0
    outer loop
      vertex -0.0444713 -0.0529995 -0.00397766
      vertex -0.0372242 -0.0529995 -0.00703034
      vertex 0.0444713 -0.0529995 -0.00397766
    endloop
  endfacet
  facet normal 0 -1 0
    outer loop
      vertex 0.0444713 -0.0529995 -0.00397766
      vertex 0.0390565 -0.0529995 -0.00635015
      vertex 0.0413883 -0.0529995 -0.00540625
    endloop
  endfacet
  facet normal 0 -1 0
    outer loop
      vertex 0.0372242 -0.0529995 -0.00703034
      vertex 0.0444713 -0.0529995 -0.00397766
      vertex -0.0372242 -0.0529995 -0.00703034
    endloop
  endfacet
  facet normal 0 -1 0
    outer loop
      vertex 0.0444713 -0.0529995 -0.00397766
      vertex 0.0372242 -0.0529995 -0.00703034
      vertex 0.0390565 -0.0529995 -0.00635015
    endloop
  endfacet
  facet normal 0 -1 0
    outer loop
      vertex -0.0341154 -0.0529995 -0.00818422
      vertex 0.0372242 -0.0529995 -0.00703034
      vertex -0.0372242 -0.0529995 -0.00703034
    endloop
  endfacet
  facet normal 0 -1 0
    outer loop
      vertex -0.0341154 -0.0529995 -0.00818422
      vertex 0.0341154 -0.0529995 -0.00818422
      vertex 0.0372242 -0.0529995 -0.00703034
    endloop
  endfacet
  facet normal 0 -1 0
    outer loop
      vertex -0.0294498 -0.0529995 -0.00973406
      vertex -0.0341154 -0.0529995 -0.00818422
      vertex -0.0298016 -0.0529995 -0.00963484
    endloop
  endfacet
  facet normal 0 -1 0
    outer loop
      vertex -0.0252954 -0.0529995 -0.0108129
      vertex -0.0341154 -0.0529995 -0.00818422
      vertex -0.0294498 -0.0529995 -0.00973406
    endloop
  endfacet
  facet normal 0 -1 0
    outer loop
      vertex -0.0294498 -0.0529995 -0.00973406
      vertex -0.0298016 -0.0529995 -0.00963484
      vertex -0.02961 -0.0529995 -0.00969064
    endloop
  endfacet
  facet normal 0 -1 0
    outer loop
      vertex -0.0229499 -0.0529995 -0.011346
      vertex -0.0341154 -0.0529995 -0.00818422
      vertex -0.0252954 -0.0529995 -0.0108129
    endloop
  endfacet
  facet normal 0 -1 0
    outer loop
      vertex -0.0294498 -0.0529995 -0.00973406
      vertex -0.02961 -0.0529995 -0.00969064
      vertex -0.0295523 -0.0529995 -0.00970742
    endloop
  endfacet
  facet normal 0 -1 0
    outer loop
      vertex 0.0341154 -0.0529995 -0.00818422
      vertex 0.0294498 -0.0529995 -0.00973406
      vertex 0.0298016 -0.0529995 -0.00963484
    endloop
  endfacet
  facet normal 0 -1 0
    outer loop
      vertex 0.0298016 -0.0529995 -0.00963484
      vertex 0.0294498 -0.0529995 -0.00973406
      vertex 0.02961 -0.0529995 -0.00969064
    endloop
  endfacet
  facet normal 0 -1 0
    outer loop
      vertex 0.02961 -0.0529995 -0.00969064
      vertex 0.0294498 -0.0529995 -0.00973406
      vertex 0.0295523 -0.0529995 -0.00970742
    endloop
  endfacet
  facet normal 0 -1 0
    outer loop
      vertex -0.0341154 -0.0529995 -0.00818422
      vertex -0.0229499 -0.0529995 -0.011346
      vertex 0.0341154 -0.0529995 -0.00818422
    endloop
  endfacet
  facet normal 0 -1 0
    outer loop
      vertex 0.0341154 -0.0529995 -0.00818422
      vertex 0.0252954 -0.0529995 -0.0108129
      vertex 0.0294498 -0.0529995 -0.00973406
    endloop
  endfacet
  facet normal 0 -1 0
    outer loop
      vertex 0.0229499 -0.0529995 -0.011346
      vertex 0.0341154 -0.0529995 -0.00818422
      vertex -0.0229499 -0.0529995 -0.011346
    endloop
  endfacet
  facet normal 0 -1 0
    outer loop
      vertex 0.0341154 -0.0529995 -0.00818422
      vertex 0.0229499 -0.0529995 -0.011346
      vertex 0.0252954 -0.0529995 -0.0108129
    endloop
  endfacet
  facet normal 0 -1 0
    outer loop
      vertex -0.0187744 -0.0529995 -0.0122109
      vertex -0.0229499 -0.0529995 -0.011346
      vertex -0.0212834 -0.0529995 -0.0117247
    endloop
  endfacet
  facet normal 0 -1 0
    outer loop
      vertex -0.0229499 -0.0529995 -0.011346
      vertex -0.0187744 -0.0529995 -0.0122109
      vertex 0.0229499 -0.0529995 -0.011346
    endloop
  endfacet
  facet normal 0 -1 0
    outer loop
      vertex 0.0187744 -0.0529995 -0.0122109
      vertex 0.0229499 -0.0529995 -0.011346
      vertex -0.0187744 -0.0529995 -0.0122109
    endloop
  endfacet
  facet normal 0 -1 0
    outer loop
      vertex 0.0229499 -0.0529995 -0.011346
      vertex 0.0187744 -0.0529995 -0.0122109
      vertex 0.0212834 -0.0529995 -0.0117247
    endloop
  endfacet
  facet normal 0 -1 0
    outer loop
      vertex -0.0165796 -0.0529995 -0.0126059
      vertex -0.0187744 -0.0529995 -0.0122109
      vertex -0.0174663 -0.0529995 -0.0124643
    endloop
  endfacet
  facet normal 0 -1 0
    outer loop
      vertex -0.0187744 -0.0529995 -0.0122109
      vertex -0.0165796 -0.0529995 -0.0126059
      vertex 0.0187744 -0.0529995 -0.0122109
    endloop
  endfacet
  facet normal 0 -1 0
    outer loop
      vertex 0.0165796 -0.0529995 -0.0126059
      vertex 0.0187744 -0.0529995 -0.0122109
      vertex -0.0165796 -0.0529995 -0.0126059
    endloop
  endfacet
  facet normal 0 -1 0
    outer loop
      vertex 0.0187744 -0.0529995 -0.0122109
      vertex 0.0165796 -0.0529995 -0.0126059
      vertex 0.0174663 -0.0529995 -0.0124643
    endloop
  endfacet
  facet normal 0 -1 0
    outer loop
      vertex -0.0134432 -0.0529995 -0.0130938
      vertex -0.0165796 -0.0529995 -0.0126059
      vertex -0.0138021 -0.0529995 -0.013049
    endloop
  endfacet
  facet normal 0 -1 0
    outer loop
      vertex -0.0165796 -0.0529995 -0.0126059
      vertex -0.0134432 -0.0529995 -0.0130938
      vertex 0.0165796 -0.0529995 -0.0126059
    endloop
  endfacet
  facet normal 0 -1 0
    outer loop
      vertex 0.0134432 -0.0529995 -0.0130938
      vertex 0.0165796 -0.0529995 -0.0126059
      vertex -0.0134432 -0.0529995 -0.0130938
    endloop
  endfacet
  facet normal 0 -1 0
    outer loop
      vertex 0.0165796 -0.0529995 -0.0126059
      vertex 0.0134432 -0.0529995 -0.0130938
      vertex 0.0138021 -0.0529995 -0.013049
    endloop
  endfacet
  facet normal 0 -1 0
    outer loop
      vertex -0.00705555 -0.0529995 -0.013729
      vertex -0.0134432 -0.0529995 -0.0130938
      vertex -0.0107004 -0.0529995 -0.0134362
    endloop
  endfacet
  facet normal 0 -1 0
    outer loop
      vertex -0.0134432 -0.0529995 -0.0130938
      vertex -0.00705555 -0.0529995 -0.013729
      vertex 0.0134432 -0.0529995 -0.0130938
    endloop
  endfacet
  facet normal 0 -1 0
    outer loop
      vertex -0.00705555 -0.0529995 -0.013729
      vertex -0.0107004 -0.0529995 -0.0134362
      vertex -0.0102934 -0.0529995 -0.0134797
    endloop
  endfacet
  facet normal 0 -1 0
    outer loop
      vertex 0.00705555 -0.0529995 -0.013729
      vertex 0.0134432 -0.0529995 -0.0130938
      vertex -0.00705555 -0.0529995 -0.013729
    endloop
  endfacet
  facet normal 0 -1 0
    outer loop
      vertex -0.00705555 -0.0529995 -0.013729
      vertex -0.0102934 -0.0529995 -0.0134797
      vertex -0.0102538 -0.0529995 -0.0134839
    endloop
  endfacet
  facet normal 0 -1 0
    outer loop
      vertex 0.0134432 -0.0529995 -0.0130938
      vertex 0.00705555 -0.0529995 -0.013729
      vertex 0.0107004 -0.0529995 -0.0134362
    endloop
  endfacet
  facet normal 0 -1 0
    outer loop
      vertex 0.0107004 -0.0529995 -0.0134362
      vertex 0.00705555 -0.0529995 -0.013729
      vertex 0.0102934 -0.0529995 -0.0134797
    endloop
  endfacet
  facet normal 0 -1 0
    outer loop
      vertex 0.0102934 -0.0529995 -0.0134797
      vertex 0.00705555 -0.0529995 -0.013729
      vertex 0.0102538 -0.0529995 -0.0134839
    endloop
  endfacet
  facet normal 0 -1 0
    outer loop
      vertex -0.00649593 -0.0529995 -0.0137628
      vertex -0.00705555 -0.0529995 -0.013729
      vertex -0.00679099 -0.0529995 -0.0137492
    endloop
  endfacet
  facet normal 0 -1 0
    outer loop
      vertex -0.00705555 -0.0529995 -0.013729
      vertex -0.00649593 -0.0529995 -0.0137628
      vertex 0.00705555 -0.0529995 -0.013729
    endloop
  endfacet
  facet normal 0 -1 0
    outer loop
      vertex 0.00649593 -0.0529995 -0.0137628
      vertex 0.00705555 -0.0529995 -0.013729
      vertex -0.00649593 -0.0529995 -0.0137628
    endloop
  endfacet
  facet normal 0 -1 0
    outer loop
      vertex 0.00705555 -0.0529995 -0.013729
      vertex 0.00649593 -0.0529995 -0.0137628
      vertex 0.00679099 -0.0529995 -0.0137492
    endloop
  endfacet
  facet normal 0 -1 0
    outer loop
      vertex -0.0029535 -0.0529995 -0.0139129
      vertex -0.00649593 -0.0529995 -0.0137628
      vertex -0.0033815 -0.0529995 -0.0139063
    endloop
  endfacet
  facet normal 0 -1 0
    outer loop
      vertex -0.00649593 -0.0529995 -0.0137628
      vertex -0.0029535 -0.0529995 -0.0139129
      vertex 0.00649593 -0.0529995 -0.0137628
    endloop
  endfacet
  facet normal 0 -1 0
    outer loop
      vertex 0.0029535 -0.0529995 -0.0139129
      vertex 0.00649593 -0.0529995 -0.0137628
      vertex -0.0029535 -0.0529995 -0.0139129
    endloop
  endfacet
  facet normal 0 -1 0
    outer loop
      vertex 0.00649593 -0.0529995 -0.0137628
      vertex 0.0029535 -0.0529995 -0.0139129
      vertex 0.0033815 -0.0529995 -0.0139063
    endloop
  endfacet
  facet normal -0 -1 0
    outer loop
      vertex 0.0029535 -0.0529995 -0.0139129
      vertex -0.0029535 -0.0529995 -0.0139129
      vertex 0 -0.0529995 -0.0139584
    endloop
  endfacet
endsolid OpenSCAD_Model
