Amplitude_Deg,Frequency_Hz,Start_Amp_Mult,Start_Freq_Mult,Fell,Distance_Traversed,CoT,Passed,Avg_Velocity
30.0,0.44000000000000006,1.1333333333333333,1.0888888888888888,False,0.6201,0.3501,False,0.031004999999999998
30.0,0.4456410256410257,1.5777777777777777,0.8555555555555555,False,0.6311,0.5545,False,0.031555
30.0,0.45128205128205134,1.6888888888888889,0.8555555555555555,False,0.8117,0.3866,False,0.040584999999999996
30.0,0.456923076923077,1.8,1.3222222222222222,False,1.0439,0.4933,False,0.052195000000000005
30.0,0.46256410256410263,1.1333333333333333,0.8555555555555555,False,0.854,0.5329,False,0.0427
30.0,0.4682051282051283,0.9111111111111112,0.7,False,1.1631,0.4897,False,0.058155
30.0,0.4738461538461539,1.3555555555555556,1.4,False,1.2914,0.4925,False,0.06457
30.0,0.47948717948717956,1.3555555555555556,1.0888888888888888,False,1.3924,0.5674,False,0.06962
30.0,0.4851282051282052,1.3555555555555556,0.8555555555555555,False,0.8404,0.5055,False,0.04202
30.0,0.49076923076923085,1.3555555555555556,1.3222222222222222,False,0.9905,0.3747,False,0.049525
30.0,0.4964102564102565,1.4666666666666668,1.1666666666666665,False,0.6357,0.5691,False,0.031785
30.0,0.5020512820512821,1.8,1.3222222222222222,False,0.9158,0.7857,False,0.04579
30.0,0.5076923076923078,1.8,1.3222222222222222,False,1.9356,0.3308,False,0.09678
30.0,0.5133333333333334,1.2444444444444445,0.7777777777777777,False,1.1434,0.4365,False,0.05717
30.0,0.5189743589743591,1.5777777777777777,0.8555555555555555,False,1.1378,0.5726,False,0.056889999999999996
30.0,0.5246153846153847,1.1333333333333333,1.4,False,1.4636,0.368,False,0.07318
30.0,0.5302564102564103,1.1333333333333333,1.011111111111111,False,1.0404,0.5908,False,0.05202
30.0,0.535897435897436,1.3555555555555556,0.9333333333333333,False,1.6255,0.4084,False,0.081275
30.0,0.5415384615384616,1.4666666666666668,1.1666666666666665,False,1.4375,0.4114,False,0.071875
30.0,0.5471794871794873,1.8,1.1666666666666665,False,2.0604,0.4036,True,0.10302
30.0,0.5528205128205128,1.0222222222222221,1.4,False,1.5061,0.3132,False,0.075305
30.0,0.5584615384615386,1.3555555555555556,0.8555555555555555,False,1.2852,0.4123,False,0.06426
30.0,0.5641025641025641,1.2444444444444445,1.1666666666666665,False,1.7282,0.2885,False,0.08641
30.0,0.5697435897435899,1.3555555555555556,1.0888888888888888,False,1.8189,0.2438,False,0.090945
30.0,0.5753846153846154,0.8,1.011111111111111,False,1.9466,0.2725,False,0.09733
30.0,0.5810256410256411,0.8,1.1666666666666665,False,0.6499,0.514,False,0.032495
30.0,0.5866666666666667,1.5777777777777777,1.0888888888888888,False,1.0403,0.5459,False,0.052015
30.0,0.5923076923076923,1.2444444444444445,1.1666666666666665,False,0.7245,0.3873,False,0.036225
30.0,0.597948717948718,0.9111111111111112,1.0888888888888888,False,0.7856,0.2915,False,0.039279999999999995
30.0,0.6035897435897436,1.3555555555555556,0.9333333333333333,False,1.1163,0.4436,False,0.055815000000000003
30.0,0.6092307692307692,1.3555555555555556,0.9333333333333333,False,1.5936,0.3742,False,0.07968
30.0,0.6148717948717949,1.6888888888888889,1.2444444444444445,False,0.8985,0.3252,False,0.044925
30.0,0.6205128205128205,1.1333333333333333,1.0888888888888888,False,0.6749,0.3719,False,0.033745000000000004
30.0,0.6261538461538462,1.5777777777777777,0.7,False,0.7106,0.8072,False,0.03553
30.0,0.6317948717948718,1.8,1.011111111111111,False,0.8607,0.3354,False,0.043035000000000004
30.0,0.6374358974358975,1.4666666666666668,0.7777777777777777,False,0.6826,0.7791,False,0.03413
30.0,0.6430769230769231,1.6888888888888889,1.011111111111111,False,1.023,0.4326,False,0.051149999999999994
30.0,0.6487179487179487,1.1333333333333333,1.0888888888888888,False,0.7647,0.3155,False,0.038235000000000005
30.0,0.6543589743589744,1.4666666666666668,1.2444444444444445,False,0.7238,0.4914,False,0.03619
30.0,0.66,1.3555555555555556,1.1666666666666665,False,0.7096,0.3191,False,0.03548
30.384615384615383,0.44000000000000006,1.4666666666666668,1.3222222222222222,False,1.5038,0.364,False,0.07519
30.384615384615383,0.4456410256410257,1.0222222222222221,1.2444444444444445,False,1.1124,0.3648,False,0.05562
30.384615384615383,0.45128205128205134,1.1333333333333333,1.011111111111111,False,0.9751,0.3031,False,0.048755
30.384615384615383,0.456923076923077,1.0222222222222221,1.1666666666666665,False,1.6176,0.3653,False,0.08088
30.384615384615383,0.46256410256410263,1.0222222222222221,1.1666666666666665,False,1.0509,0.5647,False,0.052544999999999994
30.384615384615383,0.4682051282051283,1.5777777777777777,1.2444444444444445,False,1.0624,0.3523,False,0.05312
30.384615384615383,0.4738461538461539,1.5777777777777777,1.3222222222222222,False,0.9713,0.3864,False,0.048565000000000004
30.384615384615383,0.47948717948717956,1.6888888888888889,1.2444444444444445,False,0.9828,0.4438,False,0.04914
30.384615384615383,0.4851282051282052,1.2444444444444445,1.4,False,1.0986,0.6977,False,0.05493
30.384615384615383,0.49076923076923085,1.6888888888888889,1.4,False,1.0934,0.4001,False,0.054669999999999996
30.384615384615383,0.4964102564102565,1.4666666666666668,0.8555555555555555,False,0.8159,0.5037,False,0.040795
30.384615384615383,0.5020512820512821,1.0222222222222221,1.0888888888888888,False,0.8178,0.6876,False,0.040889999999999996
30.384615384615383,0.5076923076923078,1.4666666666666668,1.2444444444444445,False,1.3291,0.532,False,0.066455
30.384615384615383,0.5133333333333334,0.9111111111111112,0.9333333333333333,False,0.9792,0.4622,False,0.04896
30.384615384615383,0.5189743589743591,1.3555555555555556,1.1666666666666665,False,1.1913,0.7392,False,0.059565
30.384615384615383,0.5246153846153847,1.2444444444444445,1.2444444444444445,False,1.098,0.8199,False,0.054900000000000004
30.384615384615383,0.5302564102564103,0.9111111111111112,1.011111111111111,False,0.9806,0.3788,False,0.049030000000000004
30.384615384615383,0.535897435897436,1.1333333333333333,1.3222222222222222,False,1.1526,0.6718,False,0.05763
30.384615384615383,0.5415384615384616,1.2444444444444445,0.9333333333333333,False,1.5846,0.5479,False,0.07923
30.384615384615383,0.5471794871794873,0.8,1.0888888888888888,False,0.8917,0.4283,False,0.044585
30.384615384615383,0.5528205128205128,1.0222222222222221,1.011111111111111,False,1.0915,0.5939,False,0.054575
30.384615384615383,0.5584615384615386,0.9111111111111112,0.7777777777777777,False,0.9658,0.4657,False,0.04829
30.384615384615383,0.5641025641025641,0.8,0.8555555555555555,False,1.9866,0.333,False,0.09933
30.384615384615383,0.5697435897435899,0.9111111111111112,0.9333333333333333,False,0.9137,0.585,False,0.045684999999999996
30.384615384615383,0.5753846153846154,1.8,0.7777777777777777,False,1.5736,0.406,False,0.07868
30.384615384615383,0.5810256410256411,1.6888888888888889,0.7777777777777777,False,1.0761,0.6104,False,0.053805000000000006
30.384615384615383,0.5866666666666667,1.0222222222222221,1.0888888888888888,False,1.3482,0.49,False,0.06741
30.384615384615383,0.5923076923076923,1.8,1.2444444444444445,False,1.018,0.3507,False,0.0509
30.384615384615383,0.597948717948718,1.1333333333333333,1.011111111111111,False,1.1769,0.3562,False,0.058845
30.384615384615383,0.6035897435897436,0.9111111111111112,1.0888888888888888,False,1.1142,0.5123,False,0.05571
30.384615384615383,0.6092307692307692,0.9111111111111112,1.011111111111111,False,0.7789,0.4268,False,0.038945
30.384615384615383,0.6148717948717949,0.9111111111111112,1.011111111111111,False,1.8183,0.2835,False,0.090915
30.384615384615383,0.6205128205128205,1.4666666666666668,1.2444444444444445,False,0.7891,0.3546,False,0.039455000000000004
30.384615384615383,0.6261538461538462,1.6888888888888889,1.2444444444444445,False,1.9411,0.2998,False,0.097055
30.384615384615383,0.6317948717948718,0.8,0.8555555555555555,False,1.7601,0.3529,False,0.088005
30.384615384615383,0.6374358974358975,1.1333333333333333,1.2444444444444445,False,1.0169,0.5677,False,0.050844999999999994
30.384615384615383,0.6430769230769231,1.6888888888888889,1.011111111111111,False,1.2851,0.4542,False,0.06425499999999999
30.384615384615383,0.6487179487179487,1.1333333333333333,1.011111111111111,False,1.0581,0.3757,False,0.052905
30.384615384615383,0.6543589743589744,1.1333333333333333,1.4,False,1.0723,0.5827,False,0.053615
30.384615384615383,0.66,1.2444444444444445,1.1666666666666665,False,0.8298,0.6185,False,0.04149
30.76923076923077,0.44000000000000006,1.2444444444444445,1.4,False,0.7871,0.5622,False,0.039355
30.76923076923077,0.4456410256410257,0.8,1.2444444444444445,False,0.82,0.386,False,0.040999999999999995
30.76923076923077,0.45128205128205134,1.5777777777777777,1.0888888888888888,False,1.1319,0.3878,False,0.05659499999999999
30.76923076923077,0.456923076923077,1.5777777777777777,1.3222222222222222,False,0.966,0.6193,False,0.048299999999999996
30.76923076923077,0.46256410256410263,1.5777777777777777,1.4,False,1.6315,0.3461,False,0.081575
30.76923076923077,0.4682051282051283,1.4666666666666668,0.8555555555555555,False,0.779,0.5683,False,0.03895
30.76923076923077,0.4738461538461539,0.9111111111111112,0.8555555555555555,False,0.7359,0.6013,False,0.036795
30.76923076923077,0.47948717948717956,1.2444444444444445,1.2444444444444445,False,0.942,0.533,False,0.047099999999999996
30.76923076923077,0.4851282051282052,1.6888888888888889,1.1666666666666665,False,1.2785,0.3003,False,0.063925
30.76923076923077,0.49076923076923085,1.3555555555555556,1.1666666666666665,False,0.988,0.8033,False,0.0494
30.76923076923077,0.4964102564102565,1.4666666666666668,1.4,False,0.9278,0.4254,False,0.04639
30.76923076923077,0.5020512820512821,0.9111111111111112,0.9333333333333333,False,1.0164,0.4748,False,0.05082
30.76923076923077,0.5076923076923078,1.8,0.9333333333333333,False,1.352,0.3271,False,0.06760000000000001
30.76923076923077,0.5133333333333334,1.0222222222222221,1.2444444444444445,False,1.263,0.4361,False,0.06315
30.76923076923077,0.5189743589743591,0.9111111111111112,0.8555555555555555,False,0.7726,0.5909,False,0.03863
30.76923076923077,0.5246153846153847,1.2444444444444445,1.0888888888888888,False,0.9421,0.5226,False,0.047105
30.76923076923077,0.5302564102564103,1.4666666666666668,1.1666666666666665,False,1.1133,0.5375,False,0.055665
30.76923076923077,0.535897435897436,1.4666666666666668,1.011111111111111,False,1.2189,0.5438,False,0.060945000000000006
30.76923076923077,0.5415384615384616,1.6888888888888889,1.011111111111111,False,1.4466,0.4578,False,0.07233
30.76923076923077,0.5471794871794873,1.8,0.9333333333333333,False,2.2257,0.4105,True,0.111285
30.76923076923077,0.5528205128205128,0.9111111111111112,1.4,False,1.1151,0.4468,False,0.055755
30.76923076923077,0.5584615384615386,1.6888888888888889,0.9333333333333333,False,1.0998,0.4882,False,0.054990000000000004
30.76923076923077,0.5641025641025641,1.8,0.9333333333333333,False,1.1391,0.8524,False,0.056955
30.76923076923077,0.5697435897435899,1.5777777777777777,0.8555555555555555,False,1.0389,0.5343,False,0.051945
30.76923076923077,0.5753846153846154,1.4666666666666668,0.7,False,1.1292,0.5145,False,0.056459999999999996
30.76923076923077,0.5810256410256411,1.8,0.7777777777777777,False,1.3074,0.4786,False,0.06537
30.76923076923077,0.5866666666666667,1.8,1.2444444444444445,False,0.9112,0.4822,False,0.04556
30.76923076923077,0.5923076923076923,1.6888888888888889,0.7777777777777777,False,1.2377,0.534,False,0.061885
30.76923076923077,0.597948717948718,1.2444444444444445,0.9333333333333333,False,0.7676,0.6185,False,0.03838
30.76923076923077,0.6035897435897436,1.0222222222222221,0.9333333333333333,False,1.1414,0.4368,False,0.057069999999999996
30.76923076923077,0.6092307692307692,1.6888888888888889,0.8555555555555555,False,1.303,0.4459,False,0.06515
30.76923076923077,0.6148717948717949,1.3555555555555556,1.0888888888888888,False,1.2708,0.3476,False,0.06354
30.76923076923077,0.6205128205128205,1.5777777777777777,1.0888888888888888,False,1.8396,0.265,False,0.09197999999999999
30.76923076923077,0.6261538461538462,1.4666666666666668,0.8555555555555555,False,1.1202,0.6001,False,0.056010000000000004
30.76923076923077,0.6317948717948718,0.9111111111111112,1.011111111111111,False,1.5125,0.3194,False,0.075625
30.76923076923077,0.6374358974358975,1.4666666666666668,1.011111111111111,False,0.7666,0.71,False,0.038329999999999996
30.76923076923077,0.6430769230769231,1.1333333333333333,0.9333333333333333,False,0.672,0.8889,False,0.033600000000000005
30.76923076923077,0.6487179487179487,1.8,0.7,False,1.3492,0.4966,False,0.06745999999999999
30.76923076923077,0.6543589743589744,1.3555555555555556,1.2444444444444445,False,0.828,0.6271,False,0.0414
30.76923076923077,0.66,1.6888888888888889,1.2444444444444445,False,0.7131,0.5765,False,0.035655
31.153846153846153,0.44000000000000006,0.9111111111111112,0.9333333333333333,False,0.6573,0.6233,False,0.032865
31.153846153846153,0.4456410256410257,1.5777777777777777,1.0888888888888888,False,1.0749,0.4963,False,0.053745
31.153846153846153,0.45128205128205134,1.0222222222222221,1.0888888888888888,False,1.5058,0.351,False,0.07529
31.153846153846153,0.456923076923077,1.0222222222222221,1.0888888888888888,False,1.0645,0.3342,False,0.053225
31.153846153846153,0.46256410256410263,1.6888888888888889,1.3222222222222222,False,1.0759,0.5155,False,0.053795
31.153846153846153,0.4682051282051283,0.9111111111111112,0.8555555555555555,False,0.9174,0.37,False,0.04587
31.153846153846153,0.4738461538461539,1.4666666666666668,0.7777777777777777,False,0.9286,0.539,False,0.04643
31.153846153846153,0.47948717948717956,1.2444444444444445,1.3222222222222222,False,0.8146,0.544,False,0.04073
31.153846153846153,0.4851282051282052,1.4666666666666668,1.3222222222222222,False,0.9972,0.6792,False,0.04986
31.153846153846153,0.49076923076923085,1.0222222222222221,0.8555555555555555,False,1.3409,0.4328,False,0.067045
31.153846153846153,0.4964102564102565,1.0222222222222221,1.0888888888888888,False,1.5568,0.3203,False,0.07783999999999999
31.153846153846153,0.5020512820512821,1.3555555555555556,1.2444444444444445,False,0.9806,0.5407,False,0.049030000000000004
31.153846153846153,0.5076923076923078,1.3555555555555556,1.4,False,1.2436,0.3628,False,0.06218
31.153846153846153,0.5133333333333334,1.8,0.8555555555555555,False,1.0988,0.4058,False,0.05494
31.153846153846153,0.5189743589743591,1.4666666666666668,1.4,False,2.4144,0.3642,True,0.12072000000000001
31.153846153846153,0.5246153846153847,0.8,0.9333333333333333,False,1.2578,0.4223,False,0.06289
31.153846153846153,0.5302564102564103,1.0222222222222221,0.9333333333333333,False,1.0055,0.5334,False,0.050275
31.153846153846153,0.535897435897436,1.2444444444444445,1.011111111111111,False,1.0317,0.6002,False,0.051585000000000006
31.153846153846153,0.5415384615384616,1.4666666666666668,1.1666666666666665,False,1.9147,0.3844,False,0.095735
31.153846153846153,0.5471794871794873,1.0222222222222221,1.1666666666666665,False,1.1604,0.421,False,0.05802
31.153846153846153,0.5528205128205128,0.9111111111111112,1.3222222222222222,False,0.7537,0.7419,False,0.037685
31.153846153846153,0.5584615384615386,0.8,1.011111111111111,False,1.3264,0.3889,False,0.06632
31.153846153846153,0.5641025641025641,0.8,1.3222222222222222,False,1.9458,0.3472,False,0.09729
31.153846153846153,0.5697435897435899,1.0222222222222221,1.2444444444444445,False,2.7612,0.3611,True,0.13806000000000002
31.153846153846153,0.5753846153846154,1.8,0.7777777777777777,False,1.4519,0.3808,False,0.07259499999999999
31.153846153846153,0.5810256410256411,1.6888888888888889,0.7777777777777777,False,1.1833,0.7673,False,0.059165
31.153846153846153,0.5866666666666667,1.4666666666666668,0.7,False,0.8585,0.5761,False,0.042925000000000005
31.153846153846153,0.5923076923076923,1.5777777777777777,0.7,False,0.8561,0.6238,False,0.042804999999999996
31.153846153846153,0.597948717948718,1.0222222222222221,0.8555555555555555,False,1.1403,0.4772,False,0.057015
31.153846153846153,0.6035897435897436,0.9111111111111112,1.2444444444444445,False,0.9194,0.8028,False,0.04597
31.153846153846153,0.6092307692307692,1.1333333333333333,1.3222222222222222,False,1.9245,0.3664,False,0.096225
31.153846153846153,0.6148717948717949,0.9111111111111112,1.0888888888888888,False,1.7866,0.2851,False,0.08932999999999999
31.153846153846153,0.6205128205128205,1.6888888888888889,0.9333333333333333,False,0.8427,0.3602,False,0.042135
31.153846153846153,0.6261538461538462,1.4666666666666668,1.4,False,1.2951,0.4693,False,0.064755
31.153846153846153,0.6317948717948718,1.0222222222222221,1.011111111111111,False,1.0163,0.5906,False,0.050815
31.153846153846153,0.6374358974358975,0.9111111111111112,1.0888888888888888,False,0.9709,0.3803,False,0.048545
31.153846153846153,0.6430769230769231,1.4666666666666668,1.2444444444444445,False,1.1621,0.5855,False,0.058105
31.153846153846153,0.6487179487179487,1.0222222222222221,0.7,False,0.6232,0.4946,False,0.03116
31.153846153846153,0.6543589743589744,1.0222222222222221,0.7777777777777777,False,1.1923,0.4669,False,0.059614999999999994
31.153846153846153,0.66,1.2444444444444445,0.9333333333333333,False,1.1554,0.4931,False,0.05777
31.53846153846154,0.44000000000000006,1.3555555555555556,1.0888888888888888,False,1.0418,0.4027,False,0.052090000000000004
31.53846153846154,0.4456410256410257,1.1333333333333333,1.4,False,1.7103,0.4407,False,0.085515
31.53846153846154,0.45128205128205134,1.6888888888888889,0.7777777777777777,False,0.9212,0.4908,False,0.046060000000000004
31.53846153846154,0.456923076923077,1.8,1.011111111111111,False,0.9658,0.6659,False,0.04829
31.53846153846154,0.46256410256410263,1.8,0.9333333333333333,False,1.0645,0.4592,False,0.053225
31.53846153846154,0.4682051282051283,1.4666666666666668,1.0888888888888888,False,0.9273,0.4043,False,0.046365
31.53846153846154,0.4738461538461539,1.3555555555555556,1.3222222222222222,False,1.3358,0.6201,False,0.06679
31.53846153846154,0.47948717948717956,0.9111111111111112,0.9333333333333333,False,0.686,0.5299,False,0.034300000000000004
31.53846153846154,0.4851282051282052,1.1333333333333333,1.1666666666666665,False,1.3837,0.4035,False,0.069185
31.53846153846154,0.49076923076923085,1.4666666666666668,0.8555555555555555,False,1.3476,0.4951,False,0.06738
31.53846153846154,0.4964102564102565,0.8,1.011111111111111,False,1.2608,0.3845,False,0.06304
31.53846153846154,0.5020512820512821,1.5777777777777777,0.7777777777777777,False,0.9371,0.4757,False,0.046855
31.53846153846154,0.5076923076923078,1.4666666666666668,1.4,False,1.0329,0.4999,False,0.051644999999999996
31.53846153846154,0.5133333333333334,1.1333333333333333,1.2444444444444445,False,1.1986,0.498,False,0.059930000000000004
31.53846153846154,0.5189743589743591,1.5777777777777777,1.0888888888888888,False,1.5794,0.5445,False,0.07897
31.53846153846154,0.5246153846153847,1.8,0.9333333333333333,False,0.8732,0.5318,False,0.04366
31.53846153846154,0.5302564102564103,0.8,0.7777777777777777,False,0.9731,0.7075,False,0.048655
31.53846153846154,0.535897435897436,1.8,1.3222222222222222,False,1.2111,0.4517,False,0.060555000000000005
31.53846153846154,0.5415384615384616,1.2444444444444445,1.1666666666666665,False,1.1876,0.4145,False,0.05938
31.53846153846154,0.5471794871794873,1.3555555555555556,1.2444444444444445,False,1.2535,0.3992,False,0.06267500000000001
31.53846153846154,0.5528205128205128,1.5777777777777777,1.0888888888888888,False,0.9958,0.6558,False,0.04979
31.53846153846154,0.5584615384615386,1.8,1.3222222222222222,False,1.3203,0.4265,False,0.066015
31.53846153846154,0.5641025641025641,0.8,1.2444444444444445,False,1.5847,0.4169,False,0.079235
31.53846153846154,0.5697435897435899,1.1333333333333333,1.4,False,2.6454,0.3199,True,0.13227
31.53846153846154,0.5753846153846154,1.8,0.8555555555555555,False,1.0721,0.5823,False,0.053605
31.53846153846154,0.5810256410256411,1.0222222222222221,1.2444444444444445,False,1.569,0.5904,False,0.07844999999999999
31.53846153846154,0.5866666666666667,1.3555555555555556,0.7,False,1.1689,0.4733,False,0.058445000000000004
31.53846153846154,0.5923076923076923,1.4666666666666668,1.3222222222222222,False,0.9146,0.5934,False,0.04573
31.53846153846154,0.597948717948718,1.6888888888888889,0.7777777777777777,False,0.8352,0.7193,False,0.041760000000000005
31.53846153846154,0.6035897435897436,1.1333333333333333,1.1666666666666665,False,1.5124,0.3269,False,0.07561999999999999
31.53846153846154,0.6092307692307692,1.4666666666666668,1.011111111111111,False,0.9805,0.5663,False,0.049025
31.53846153846154,0.6148717948717949,1.4666666666666668,1.011111111111111,False,1.1024,0.484,False,0.05512
31.53846153846154,0.6205128205128205,1.5777777777777777,1.4,False,0.9605,0.5621,False,0.048025
31.53846153846154,0.6261538461538462,1.4666666666666668,0.7777777777777777,False,1.4755,0.4423,False,0.07377500000000001
31.53846153846154,0.6317948717948718,1.2444444444444445,1.0888888888888888,False,1.0231,0.3254,False,0.05115499999999999
31.53846153846154,0.6374358974358975,1.2444444444444445,1.3222222222222222,False,0.7714,1.3804,False,0.03857
31.53846153846154,0.6430769230769231,1.6888888888888889,1.011111111111111,False,1.0552,0.3811,False,0.052759999999999994
31.53846153846154,0.6487179487179487,1.3555555555555556,0.8555555555555555,False,0.8705,0.4655,False,0.043525
31.53846153846154,0.6543589743589744,1.8,1.2444444444444445,False,0.8985,0.4053,False,0.044925
31.53846153846154,0.66,0.8,1.2444444444444445,False,1.0447,0.6202,False,0.052235
31.923076923076923,0.44000000000000006,0.9111111111111112,0.9333333333333333,False,1.0898,0.379,False,0.054490000000000004
31.923076923076923,0.4456410256410257,1.8,0.9333333333333333,False,1.3404,0.3939,False,0.06702
31.923076923076923,0.45128205128205134,0.9111111111111112,1.0888888888888888,False,0.789,0.5331,False,0.03945
31.923076923076923,0.456923076923077,0.8,1.1666666666666665,False,1.0952,0.4842,False,0.054759999999999996
31.923076923076923,0.46256410256410263,1.3555555555555556,1.4,False,1.0071,0.5529,False,0.050355000000000004
31.923076923076923,0.4682051282051283,1.4666666666666668,1.4,False,1.1563,0.4145,False,0.057815000000000005
31.923076923076923,0.4738461538461539,0.9111111111111112,0.9333333333333333,False,1.1817,0.489,False,0.059085
31.923076923076923,0.47948717948717956,1.5777777777777777,1.1666666666666665,False,1.2459,0.4333,False,0.062295
31.923076923076923,0.4851282051282052,1.0222222222222221,1.1666666666666665,False,0.8925,0.5226,False,0.044625
31.923076923076923,0.49076923076923085,1.5777777777777777,1.3222222222222222,False,0.8905,0.5626,False,0.044524999999999995
31.923076923076923,0.4964102564102565,1.0222222222222221,1.011111111111111,False,1.2713,0.4522,False,0.06356500000000001
31.923076923076923,0.5020512820512821,1.3555555555555556,1.4,False,1.0514,0.4264,False,0.05256999999999999
31.923076923076923,0.5076923076923078,1.4666666666666668,0.8555555555555555,False,1.0971,0.3947,False,0.054855
31.923076923076923,0.5133333333333334,1.0222222222222221,1.0888888888888888,False,1.1296,0.7203,False,0.056479999999999995
31.923076923076923,0.5189743589743591,0.8,0.7,False,1.5653,0.2849,False,0.078265
31.923076923076923,0.5246153846153847,1.3555555555555556,1.3222222222222222,False,1.7282,0.3637,False,0.08641
31.923076923076923,0.5302564102564103,0.9111111111111112,0.7777777777777777,False,1.1042,0.4982,False,0.05521
31.923076923076923,0.535897435897436,1.3555555555555556,1.2444444444444445,False,1.4055,0.4222,False,0.070275
31.923076923076923,0.5415384615384616,1.1333333333333333,0.8555555555555555,False,1.0233,0.6858,False,0.051165
31.923076923076923,0.5471794871794873,1.5777777777777777,0.9333333333333333,False,1.2636,0.703,False,0.06318
31.923076923076923,0.5528205128205128,1.4666666666666668,1.2444444444444445,False,1.4,0.5387,False,0.06999999999999999
31.923076923076923,0.5584615384615386,1.1333333333333333,0.8555555555555555,False,1.451,0.7263,False,0.07255
31.923076923076923,0.5641025641025641,1.5777777777777777,0.8555555555555555,False,0.9854,0.6126,False,0.04927
31.923076923076923,0.5697435897435899,1.4666666666666668,1.2444444444444445,False,1.2761,0.4933,False,0.063805
31.923076923076923,0.5753846153846154,1.4666666666666668,1.0888888888888888,False,0.9342,0.5553,False,0.04671
31.923076923076923,0.5810256410256411,1.6888888888888889,0.8555555555555555,False,0.9506,0.6472,False,0.04753
31.923076923076923,0.5866666666666667,0.8,1.4,False,1.1761,0.4236,False,0.058804999999999996
31.923076923076923,0.5923076923076923,1.2444444444444445,1.0888888888888888,False,0.9896,0.5012,False,0.04948
31.923076923076923,0.597948717948718,1.1333333333333333,0.7777777777777777,False,0.8701,0.5323,False,0.043505
31.923076923076923,0.6035897435897436,1.0222222222222221,1.4,False,1.8862,0.3263,False,0.09431
31.923076923076923,0.6092307692307692,1.8,1.2444444444444445,False,1.745,0.2898,False,0.08725000000000001
31.923076923076923,0.6148717948717949,1.6888888888888889,1.1666666666666665,False,1.4609,0.5474,False,0.073045
31.923076923076923,0.6205128205128205,1.3555555555555556,1.4,False,1.9301,0.5318,False,0.096505
31.923076923076923,0.6261538461538462,1.3555555555555556,1.011111111111111,False,0.8351,0.5538,False,0.041755
31.923076923076923,0.6317948717948718,1.0222222222222221,1.4,False,1.0371,0.4651,False,0.051855
31.923076923076923,0.6374358974358975,1.2444444444444445,0.8555555555555555,False,0.7936,0.4296,False,0.03968
31.923076923076923,0.6430769230769231,1.8,1.011111111111111,False,0.776,0.6191,False,0.0388
31.923076923076923,0.6487179487179487,0.8,0.7,False,0.8781,0.5092,False,0.043905
31.923076923076923,0.6543589743589744,1.5777777777777777,1.4,False,0.8894,0.4359,False,0.044469999999999996
31.923076923076923,0.66,0.8,1.1666666666666665,False,0.9023,0.4103,False,0.045115
32.30769230769231,0.44000000000000006,1.8,0.7777777777777777,False,1.2286,0.5446,False,0.06143
32.30769230769231,0.4456410256410257,1.0222222222222221,1.4,False,1.3285,0.4553,False,0.066425
32.30769230769231,0.45128205128205134,1.8,1.011111111111111,False,1.0236,0.5191,False,0.05118
32.30769230769231,0.456923076923077,0.8,1.4,False,1.9346,0.4564,False,0.09673000000000001
32.30769230769231,0.46256410256410263,1.5777777777777777,1.2444444444444445,False,1.6139,0.5125,False,0.08069499999999999
32.30769230769231,0.4682051282051283,1.2444444444444445,1.011111111111111,False,0.9497,0.3542,False,0.047485
32.30769230769231,0.4738461538461539,1.0222222222222221,0.9333333333333333,False,1.2449,0.3524,False,0.062244999999999995
32.30769230769231,0.47948717948717956,1.5777777777777777,1.4,False,1.4804,0.4996,False,0.07402
32.30769230769231,0.4851282051282052,0.8,0.9333333333333333,False,1.0811,0.5146,False,0.054055
32.30769230769231,0.49076923076923085,1.3555555555555556,1.3222222222222222,False,1.0646,0.4589,False,0.05323
32.30769230769231,0.4964102564102565,0.8,0.7,False,1.137,0.4335,False,0.05685
32.30769230769231,0.5020512820512821,1.4666666666666668,1.011111111111111,False,1.1721,0.4624,False,0.058605
32.30769230769231,0.5076923076923078,0.9111111111111112,1.3222222222222222,False,0.9704,0.4561,False,0.04852
32.30769230769231,0.5133333333333334,1.2444444444444445,1.011111111111111,False,1.2127,0.5639,False,0.060634999999999994
32.30769230769231,0.5189743589743591,1.1333333333333333,0.7777777777777777,False,1.5204,0.389,False,0.07602
32.30769230769231,0.5246153846153847,1.6888888888888889,0.8555555555555555,False,1.1316,0.413,False,0.05658
32.30769230769231,0.5302564102564103,1.3555555555555556,0.8555555555555555,False,1.3306,0.5828,False,0.06653
32.30769230769231,0.535897435897436,1.5777777777777777,0.8555555555555555,False,1.2271,0.4387,False,0.06135500000000001
32.30769230769231,0.5415384615384616,1.2444444444444445,0.7,False,1.525,0.4349,False,0.07625
32.30769230769231,0.5471794871794873,1.3555555555555556,0.9333333333333333,False,0.8813,1.0553,False,0.044065
32.30769230769231,0.5528205128205128,1.4666666666666668,1.011111111111111,False,1.0425,0.6284,False,0.052125
32.30769230769231,0.5584615384615386,1.3555555555555556,1.2444444444444445,False,1.1254,0.6974,False,0.05627
32.30769230769231,0.5641025641025641,1.3555555555555556,1.4,False,1.2612,0.4949,False,0.06306
32.30769230769231,0.5697435897435899,1.0222222222222221,1.3222222222222222,False,1.4046,0.4586,False,0.07023
32.30769230769231,0.5753846153846154,1.8,0.7777777777777777,False,2.6288,0.3577,True,0.13144
32.30769230769231,0.5810256410256411,0.8,0.7,False,1.7,0.4527,False,0.08499999999999999
32.30769230769231,0.5866666666666667,0.9111111111111112,1.1666666666666665,False,1.9855,0.373,False,0.099275
32.30769230769231,0.5923076923076923,1.3555555555555556,0.8555555555555555,False,0.9125,0.3772,False,0.045625
32.30769230769231,0.597948717948718,1.5777777777777777,1.011111111111111,False,1.1414,0.4812,False,0.057069999999999996
32.30769230769231,0.6035897435897436,1.3555555555555556,1.011111111111111,False,1.3468,0.4436,False,0.06734
32.30769230769231,0.6092307692307692,1.6888888888888889,1.3222222222222222,False,0.8524,0.402,False,0.042620000000000005
32.30769230769231,0.6148717948717949,1.6888888888888889,1.2444444444444445,False,1.8479,0.3028,False,0.092395
32.30769230769231,0.6205128205128205,1.1333333333333333,1.4,False,1.0626,0.5995,False,0.05313
32.30769230769231,0.6261538461538462,1.4666666666666668,1.2444444444444445,False,1.2422,0.4018,False,0.06211
32.30769230769231,0.6317948717948718,1.8,1.3222222222222222,False,1.1328,0.706,False,0.05664
32.30769230769231,0.6374358974358975,0.8,1.3222222222222222,False,0.649,0.4112,False,0.03245
32.30769230769231,0.6430769230769231,1.4666666666666668,1.011111111111111,False,1.4368,0.5382,False,0.07184
32.30769230769231,0.6487179487179487,1.8,1.2444444444444445,False,1.1617,0.5991,False,0.058085
32.30769230769231,0.6543589743589744,1.1333333333333333,1.2444444444444445,False,1.3091,0.542,False,0.065455
32.30769230769231,0.66,1.1333333333333333,1.1666666666666665,False,1.0708,0.559,False,0.05354
32.69230769230769,0.44000000000000006,1.1333333333333333,1.3222222222222222,False,0.773,0.6218,False,0.038650000000000004
32.69230769230769,0.4456410256410257,1.2444444444444445,1.0888888888888888,False,1.5764,0.304,False,0.07882
32.69230769230769,0.45128205128205134,1.4666666666666668,1.011111111111111,False,1.7851,0.4219,False,0.089255
32.69230769230769,0.456923076923077,1.5777777777777777,1.2444444444444445,False,1.7051,0.44,False,0.085255
32.69230769230769,0.46256410256410263,1.3555555555555556,1.1666666666666665,False,0.759,0.5875,False,0.03795
32.69230769230769,0.4682051282051283,1.6888888888888889,0.7,False,1.2539,0.4776,False,0.062695
32.69230769230769,0.4738461538461539,1.3555555555555556,1.011111111111111,False,1.1756,0.46,False,0.05878
32.69230769230769,0.47948717948717956,1.3555555555555556,1.1666666666666665,False,1.1142,0.4498,False,0.05571
32.69230769230769,0.4851282051282052,1.3555555555555556,1.3222222222222222,False,0.8515,0.5731,False,0.042575
32.69230769230769,0.49076923076923085,1.4666666666666668,1.2444444444444445,False,1.2454,0.7176,False,0.062270000000000006
32.69230769230769,0.4964102564102565,1.8,1.0888888888888888,False,1.3228,0.4923,False,0.06614
32.69230769230769,0.5020512820512821,1.3555555555555556,0.9333333333333333,False,1.1723,0.3297,False,0.058614999999999993
32.69230769230769,0.5076923076923078,1.4666666666666668,0.7777777777777777,False,0.8505,0.5121,False,0.042525
32.69230769230769,0.5133333333333334,1.6888888888888889,0.7777777777777777,False,0.9588,0.4164,False,0.047939999999999997
32.69230769230769,0.5189743589743591,1.1333333333333333,1.1666666666666665,False,1.1167,0.4636,False,0.055835
32.69230769230769,0.5246153846153847,1.1333333333333333,0.7,False,1.633,0.413,False,0.08165
32.69230769230769,0.5302564102564103,0.9111111111111112,1.3222222222222222,False,1.313,0.4025,False,0.06565
32.69230769230769,0.535897435897436,1.2444444444444445,0.7777777777777777,False,1.4475,0.3822,False,0.072375
32.69230769230769,0.5415384615384616,1.6888888888888889,1.3222222222222222,False,1.0421,0.5092,False,0.052105
32.69230769230769,0.5471794871794873,1.1333333333333333,0.7777777777777777,False,0.6682,0.9464,False,0.03341
32.69230769230769,0.5528205128205128,1.0222222222222221,1.2444444444444445,False,1.2155,0.5343,False,0.060775
32.69230769230769,0.5584615384615386,1.8,0.7777777777777777,False,2.3412,0.4363,True,0.11706000000000001
32.69230769230769,0.5641025641025641,0.9111111111111112,1.2444444444444445,False,1.7682,0.4738,False,0.08841
32.69230769230769,0.5697435897435899,1.1333333333333333,1.2444444444444445,False,2.1018,0.276,True,0.10508999999999999
32.69230769230769,0.5753846153846154,0.8,0.9333333333333333,False,1.2519,0.4996,False,0.062595
32.69230769230769,0.5810256410256411,1.3555555555555556,1.2444444444444445,False,0.8276,0.4994,False,0.04138
32.69230769230769,0.5866666666666667,0.9111111111111112,1.1666666666666665,False,1.2203,0.6035,False,0.061015
32.69230769230769,0.5923076923076923,0.8,1.3222222222222222,False,0.7496,0.5646,False,0.03748
32.69230769230769,0.597948717948718,1.0222222222222221,1.3222222222222222,False,1.3051,0.4384,False,0.065255
32.69230769230769,0.6035897435897436,1.1333333333333333,1.1666666666666665,False,1.2307,0.4889,False,0.06153499999999999
32.69230769230769,0.6092307692307692,1.1333333333333333,0.7777777777777777,False,1.1607,0.7962,False,0.058035
32.69230769230769,0.6148717948717949,1.2444444444444445,0.7777777777777777,False,1.2952,0.4828,False,0.06476
32.69230769230769,0.6205128205128205,1.6888888888888889,0.8555555555555555,False,1.6561,0.3915,False,0.08280499999999999
32.69230769230769,0.6261538461538462,1.8,0.8555555555555555,False,1.3736,0.5012,False,0.06867999999999999
32.69230769230769,0.6317948717948718,1.3555555555555556,0.8555555555555555,False,1.0092,0.4321,False,0.050460000000000005
32.69230769230769,0.6374358974358975,1.2444444444444445,1.0888888888888888,False,1.133,0.4473,False,0.05665
32.69230769230769,0.6430769230769231,1.6888888888888889,1.011111111111111,False,1.0199,0.4684,False,0.050995
32.69230769230769,0.6487179487179487,0.8,0.8555555555555555,False,0.8756,0.7178,False,0.04378
32.69230769230769,0.6543589743589744,1.3555555555555556,1.0888888888888888,False,1.2693,0.457,False,0.06346500000000001
32.69230769230769,0.66,1.3555555555555556,1.011111111111111,False,1.3779,0.4356,False,0.068895
33.07692307692308,0.44000000000000006,0.8,1.0888888888888888,False,1.758,0.3679,False,0.0879
33.07692307692308,0.4456410256410257,1.6888888888888889,1.1666666666666665,False,1.2885,0.4702,False,0.064425
33.07692307692308,0.45128205128205134,1.2444444444444445,1.4,False,1.469,0.3539,False,0.07345
33.07692307692308,0.456923076923077,1.8,1.4,False,1.0854,0.6784,False,0.05427
33.07692307692308,0.46256410256410263,1.2444444444444445,1.4,False,1.299,0.5302,False,0.06495
33.07692307692308,0.4682051282051283,1.8,0.7777777777777777,False,1.2141,0.716,False,0.060704999999999995
33.07692307692308,0.4738461538461539,0.8,0.9333333333333333,False,1.1703,0.4295,False,0.058515
33.07692307692308,0.47948717948717956,1.1333333333333333,1.011111111111111,False,1.1469,0.5604,False,0.057345
33.07692307692308,0.4851282051282052,1.8,1.3222222222222222,False,1.1518,0.4268,False,0.057589999999999995
33.07692307692308,0.49076923076923085,1.0222222222222221,0.7,False,1.1035,0.4509,False,0.055174999999999995
33.07692307692308,0.4964102564102565,1.6888888888888889,0.7777777777777777,False,0.7713,0.7569,False,0.038565
33.07692307692308,0.5020512820512821,1.3555555555555556,0.7777777777777777,False,1.1809,0.3651,False,0.059045
33.07692307692308,0.5076923076923078,1.2444444444444445,0.7777777777777777,False,1.1767,0.6762,False,0.058835000000000005
33.07692307692308,0.5133333333333334,1.2444444444444445,0.7777777777777777,False,1.1227,0.4743,False,0.056135000000000004
33.07692307692308,0.5189743589743591,1.5777777777777777,0.7777777777777777,False,1.7914,0.4444,False,0.08957000000000001
33.07692307692308,0.5246153846153847,1.1333333333333333,0.7777777777777777,False,1.2835,0.5973,False,0.06417500000000001
33.07692307692308,0.5302564102564103,0.8,1.1666666666666665,False,1.0371,0.5469,False,0.051855
33.07692307692308,0.535897435897436,1.4666666666666668,1.1666666666666665,False,1.6001,0.5015,False,0.080005
33.07692307692308,0.5415384615384616,1.6888888888888889,0.9333333333333333,False,0.6523,0.9683,False,0.032615
33.07692307692308,0.5471794871794873,1.5777777777777777,1.1666666666666665,False,1.2559,0.6046,False,0.062795
33.07692307692308,0.5528205128205128,1.3555555555555556,1.0888888888888888,False,0.772,0.9066,False,0.0386
33.07692307692308,0.5584615384615386,1.0222222222222221,1.4,False,0.9127,0.6514,False,0.045634999999999995
33.07692307692308,0.5641025641025641,1.6888888888888889,0.8555555555555555,False,1.0615,0.6937,False,0.053075000000000004
33.07692307692308,0.5697435897435899,1.6888888888888889,0.7,False,1.9327,0.4245,False,0.096635
33.07692307692308,0.5753846153846154,1.4666666666666668,0.7777777777777777,False,1.2313,0.6403,False,0.061565
33.07692307692308,0.5810256410256411,1.6888888888888889,1.2444444444444445,False,1.1937,0.5229,False,0.059685
33.07692307692308,0.5866666666666667,1.3555555555555556,0.7,False,3.0272,0.3045,True,0.15136
33.07692307692308,0.5923076923076923,1.8,1.1666666666666665,False,1.1743,0.4666,False,0.058714999999999996
33.07692307692308,0.597948717948718,1.2444444444444445,0.9333333333333333,False,0.7723,0.5173,False,0.038615
33.07692307692308,0.6035897435897436,0.8,1.0888888888888888,False,0.8245,0.579,False,0.041225
33.07692307692308,0.6092307692307692,1.1333333333333333,0.8555555555555555,False,1.3201,0.4076,False,0.06600500000000001
33.07692307692308,0.6148717948717949,1.3555555555555556,0.7777777777777777,False,1.0491,0.5624,False,0.052454999999999995
33.07692307692308,0.6205128205128205,1.2444444444444445,0.8555555555555555,False,1.9627,0.3588,False,0.098135
33.07692307692308,0.6261538461538462,1.1333333333333333,0.7,False,0.9637,0.6999,False,0.048185
33.07692307692308,0.6317948717948718,0.8,1.4,False,0.8073,0.4947,False,0.040365
33.07692307692308,0.6374358974358975,1.6888888888888889,1.011111111111111,False,1.7817,0.3461,False,0.089085
33.07692307692308,0.6430769230769231,1.5777777777777777,1.3222222222222222,False,1.157,0.7068,False,0.05785
33.07692307692308,0.6487179487179487,1.1333333333333333,1.3222222222222222,False,0.9065,0.6264,False,0.045325
33.07692307692308,0.6543589743589744,1.8,1.011111111111111,False,0.8917,0.8647,False,0.044585
33.07692307692308,0.66,1.4666666666666668,1.1666666666666665,False,1.1657,0.3978,False,0.058285
33.46153846153846,0.44000000000000006,1.8,1.0888888888888888,False,1.543,0.3957,False,0.07715
33.46153846153846,0.4456410256410257,0.9111111111111112,1.011111111111111,False,1.2733,0.3941,False,0.063665
33.46153846153846,0.45128205128205134,1.0222222222222221,1.3222222222222222,False,0.9374,0.7874,False,0.04687
33.46153846153846,0.456923076923077,1.2444444444444445,1.1666666666666665,False,1.9021,0.4752,False,0.095105
33.46153846153846,0.46256410256410263,1.6888888888888889,1.2444444444444445,False,1.1679,0.6623,False,0.058394999999999996
33.46153846153846,0.4682051282051283,1.0222222222222221,1.2444444444444445,False,1.1099,0.4747,False,0.055495
33.46153846153846,0.4738461538461539,1.5777777777777777,1.1666666666666665,False,1.1068,0.4283,False,0.05534
33.46153846153846,0.47948717948717956,1.3555555555555556,1.0888888888888888,False,1.1495,0.4978,False,0.057475
33.46153846153846,0.4851282051282052,1.6888888888888889,1.3222222222222222,False,1.2964,0.4196,False,0.06482
33.46153846153846,0.49076923076923085,1.4666666666666668,1.4,False,0.9662,0.7515,False,0.04831
33.46153846153846,0.4964102564102565,1.0222222222222221,1.2444444444444445,False,1.5243,0.4225,False,0.076215
33.46153846153846,0.5020512820512821,0.8,1.011111111111111,False,1.5509,0.3336,False,0.077545
33.46153846153846,0.5076923076923078,1.4666666666666668,0.9333333333333333,False,1.1061,0.5328,False,0.05530500000000001
33.46153846153846,0.5133333333333334,1.4666666666666668,0.9333333333333333,False,1.1796,0.6838,False,0.05898
33.46153846153846,0.5189743589743591,1.1333333333333333,1.2444444444444445,False,1.0735,0.6231,False,0.053674999999999994
33.46153846153846,0.5246153846153847,1.3555555555555556,1.011111111111111,False,1.366,0.7044,False,0.0683
33.46153846153846,0.5302564102564103,0.8,1.1666666666666665,False,1.1677,0.7355,False,0.058385
33.46153846153846,0.535897435897436,0.8,0.7,False,1.4177,0.5197,False,0.070885
33.46153846153846,0.5415384615384616,0.9111111111111112,1.2444444444444445,False,0.7737,1.6112,False,0.038685000000000004
33.46153846153846,0.5471794871794873,1.5777777777777777,1.1666666666666665,False,1.0177,0.5513,False,0.050885
33.46153846153846,0.5528205128205128,1.1333333333333333,1.011111111111111,False,1.1432,0.5187,False,0.05716
33.46153846153846,0.5584615384615386,1.5777777777777777,1.4,False,2.1339,0.396,True,0.10669500000000001
33.46153846153846,0.5641025641025641,1.5777777777777777,0.8555555555555555,False,1.1302,0.6094,False,0.056510000000000005
33.46153846153846,0.5697435897435899,0.9111111111111112,1.2444444444444445,False,1.4744,0.4716,False,0.07372
33.46153846153846,0.5753846153846154,0.9111111111111112,1.0888888888888888,False,1.5709,0.6321,False,0.078545
33.46153846153846,0.5810256410256411,0.8,0.7,False,1.619,0.4973,False,0.08095
33.46153846153846,0.5866666666666667,0.8,0.7777777777777777,False,1.464,0.439,False,0.0732
33.46153846153846,0.5923076923076923,1.2444444444444445,1.2444444444444445,False,1.109,0.4739,False,0.05545
33.46153846153846,0.597948717948718,1.0222222222222221,0.9333333333333333,False,0.7197,0.4669,False,0.035985
33.46153846153846,0.6035897435897436,1.6888888888888889,1.3222222222222222,False,1.4436,0.4519,False,0.07218
33.46153846153846,0.6092307692307692,1.8,1.0888888888888888,False,0.9534,0.687,False,0.047670000000000004
33.46153846153846,0.6148717948717949,1.6888888888888889,0.8555555555555555,False,0.8592,0.469,False,0.04296
33.46153846153846,0.6205128205128205,1.0222222222222221,1.2444444444444445,False,0.8203,0.8259,False,0.041015
33.46153846153846,0.6261538461538462,1.8,1.3222222222222222,False,1.7093,0.3842,False,0.085465
33.46153846153846,0.6317948717948718,1.2444444444444445,0.8555555555555555,False,1.1602,0.4932,False,0.05800999999999999
33.46153846153846,0.6374358974358975,1.0222222222222221,0.9333333333333333,False,1.3506,0.5966,False,0.06753
33.46153846153846,0.6430769230769231,1.8,0.7777777777777777,False,1.0687,0.728,False,0.053434999999999996
33.46153846153846,0.6487179487179487,1.8,1.0888888888888888,False,0.9663,0.5188,False,0.048315000000000004
33.46153846153846,0.6543589743589744,1.0222222222222221,1.3222222222222222,False,1.4151,0.3619,False,0.070755
33.46153846153846,0.66,1.6888888888888889,1.2444444444444445,False,1.2499,0.7199,False,0.062495
33.84615384615385,0.44000000000000006,0.9111111111111112,1.1666666666666665,False,0.9561,0.6048,False,0.047805
33.84615384615385,0.4456410256410257,0.8,1.4,False,1.3081,0.312,False,0.065405
33.84615384615385,0.45128205128205134,1.1333333333333333,1.3222222222222222,False,1.2486,0.4022,False,0.06243
33.84615384615385,0.456923076923077,0.9111111111111112,1.3222222222222222,False,1.4256,0.5163,False,0.07128
33.84615384615385,0.46256410256410263,1.3555555555555556,1.4,False,1.5401,0.4203,False,0.077005
33.84615384615385,0.4682051282051283,0.8,0.9333333333333333,False,1.3086,0.4466,False,0.06543
33.84615384615385,0.4738461538461539,1.8,0.9333333333333333,False,1.255,0.458,False,0.06275
33.84615384615385,0.47948717948717956,1.3555555555555556,1.4,False,1.2657,0.4928,False,0.06328500000000001
33.84615384615385,0.4851282051282052,1.2444444444444445,1.1666666666666665,False,1.8673,0.3662,False,0.093365
33.84615384615385,0.49076923076923085,0.8,1.011111111111111,False,0.9669,0.5752,False,0.048345
33.84615384615385,0.4964102564102565,1.3555555555555556,0.8555555555555555,False,1.1094,0.5667,False,0.05547
33.84615384615385,0.5020512820512821,1.8,0.8555555555555555,False,1.3931,0.4531,False,0.069655
33.84615384615385,0.5076923076923078,1.8,1.011111111111111,False,0.9644,0.7898,False,0.04822
33.84615384615385,0.5133333333333334,1.4666666666666668,1.1666666666666665,False,1.5866,0.3714,False,0.07933
33.84615384615385,0.5189743589743591,1.1333333333333333,0.7777777777777777,False,1.2124,0.6488,False,0.06061999999999999
33.84615384615385,0.5246153846153847,1.1333333333333333,1.011111111111111,False,1.4314,0.4111,False,0.07157
33.84615384615385,0.5302564102564103,1.8,1.011111111111111,False,1.7546,0.3997,False,0.08773
33.84615384615385,0.535897435897436,1.6888888888888889,1.1666666666666665,False,1.0951,0.7411,False,0.054755
33.84615384615385,0.5415384615384616,1.8,1.0888888888888888,False,2.1769,0.5344,True,0.108845
33.84615384615385,0.5471794871794873,1.0222222222222221,0.7777777777777777,False,0.6283,1.0887,False,0.031415
33.84615384615385,0.5528205128205128,1.5777777777777777,0.8555555555555555,False,1.1892,0.7258,False,0.05946
33.84615384615385,0.5584615384615386,1.6888888888888889,0.9333333333333333,False,1.8154,0.5207,False,0.09076999999999999
33.84615384615385,0.5641025641025641,1.4666666666666668,1.011111111111111,False,0.7589,0.775,False,0.037945
33.84615384615385,0.5697435897435899,1.0222222222222221,1.011111111111111,False,1.5126,0.2854,False,0.07563
33.84615384615385,0.5753846153846154,1.0222222222222221,1.4,False,1.6538,0.4652,False,0.08269
33.84615384615385,0.5810256410256411,1.8,1.3222222222222222,False,1.1916,0.6484,False,0.05958
33.84615384615385,0.5866666666666667,0.8,0.7777777777777777,False,0.7332,0.4736,False,0.03666
33.84615384615385,0.5923076923076923,1.1333333333333333,0.7777777777777777,False,1.0082,0.4755,False,0.050409999999999996
33.84615384615385,0.597948717948718,0.8,1.1666666666666665,False,1.2562,0.4827,False,0.06281
33.84615384615385,0.6035897435897436,1.2444444444444445,1.0888888888888888,False,1.1125,0.4315,False,0.055625
33.84615384615385,0.6092307692307692,1.1333333333333333,1.011111111111111,False,1.0722,0.9045,False,0.053610000000000005
33.84615384615385,0.6148717948717949,1.2444444444444445,1.2444444444444445,False,1.9883,0.3527,False,0.099415
33.84615384615385,0.6205128205128205,1.3555555555555556,1.0888888888888888,False,0.7605,0.5272,False,0.038024999999999996
33.84615384615385,0.6261538461538462,1.1333333333333333,0.8555555555555555,False,1.2334,0.5946,False,0.06167
33.84615384615385,0.6317948717948718,0.8,0.7,False,0.8133,0.6183,False,0.040665
33.84615384615385,0.6374358974358975,1.3555555555555556,0.7777777777777777,False,1.1642,0.6466,False,0.05821
33.84615384615385,0.6430769230769231,1.3555555555555556,1.1666666666666665,False,0.8752,0.3464,False,0.04376
33.84615384615385,0.6487179487179487,0.8,1.011111111111111,False,1.807,0.3579,False,0.09035
33.84615384615385,0.6543589743589744,1.2444444444444445,1.4,False,1.4146,0.3558,False,0.07073
33.84615384615385,0.66,1.2444444444444445,1.2444444444444445,False,0.9427,0.4569,False,0.047134999999999996
34.23076923076923,0.44000000000000006,1.8,1.3222222222222222,False,1.5998,0.3193,False,0.07999
34.23076923076923,0.4456410256410257,0.8,1.3222222222222222,False,1.1149,0.3848,False,0.055745
34.23076923076923,0.45128205128205134,1.5777777777777777,1.2444444444444445,False,1.158,0.4881,False,0.05789999999999999
34.23076923076923,0.456923076923077,0.9111111111111112,0.9333333333333333,False,1.6323,0.5205,False,0.08161500000000001
34.23076923076923,0.46256410256410263,1.0222222222222221,1.4,False,1.3657,0.5186,False,0.068285
34.23076923076923,0.4682051282051283,1.6888888888888889,0.8555555555555555,False,1.5317,0.47,False,0.076585
34.23076923076923,0.4738461538461539,1.5777777777777777,0.8555555555555555,False,1.6414,0.3499,False,0.08207
34.23076923076923,0.47948717948717956,1.4666666666666668,0.7,False,1.1119,0.6134,False,0.055595000000000006
34.23076923076923,0.4851282051282052,0.9111111111111112,0.8555555555555555,False,1.3119,0.4269,False,0.065595
34.23076923076923,0.49076923076923085,1.8,1.2444444444444445,False,1.0771,0.5084,False,0.053855
34.23076923076923,0.4964102564102565,1.5777777777777777,0.9333333333333333,False,1.0506,0.404,False,0.05253
34.23076923076923,0.5020512820512821,1.1333333333333333,1.1666666666666665,False,1.1986,0.4977,False,0.059930000000000004
34.23076923076923,0.5076923076923078,1.1333333333333333,1.011111111111111,False,1.0655,0.7833,False,0.053274999999999996
34.23076923076923,0.5133333333333334,1.1333333333333333,1.4,False,1.4908,0.5339,False,0.07454
34.23076923076923,0.5189743589743591,1.6888888888888889,1.0888888888888888,False,1.2912,0.5092,False,0.06455999999999999
34.23076923076923,0.5246153846153847,1.6888888888888889,0.7777777777777777,False,0.9593,1.0254,False,0.047965
34.23076923076923,0.5302564102564103,1.4666666666666668,0.7,False,1.4899,0.5309,False,0.074495
34.23076923076923,0.535897435897436,1.2444444444444445,1.011111111111111,False,1.371,0.7441,False,0.06855
34.23076923076923,0.5415384615384616,1.1333333333333333,1.4,False,0.8512,1.0645,False,0.04256
34.23076923076923,0.5471794871794873,1.1333333333333333,0.9333333333333333,False,1.4331,0.6189,False,0.071655
34.23076923076923,0.5528205128205128,1.2444444444444445,1.4,False,1.1916,0.687,False,0.05958
34.23076923076923,0.5584615384615386,1.3555555555555556,1.011111111111111,False,1.348,0.5008,False,0.0674
34.23076923076923,0.5641025641025641,0.8,1.2444444444444445,False,1.6998,0.4356,False,0.08499
34.23076923076923,0.5697435897435899,1.4666666666666668,0.7777777777777777,False,1.5714,0.4689,False,0.07857
34.23076923076923,0.5753846153846154,1.1333333333333333,0.9333333333333333,False,1.4013,0.4283,False,0.070065
34.23076923076923,0.5810256410256411,0.9111111111111112,1.3222222222222222,False,1.8247,0.5072,False,0.091235
34.23076923076923,0.5866666666666667,1.1333333333333333,0.9333333333333333,False,1.2277,0.4742,False,0.061385
34.23076923076923,0.5923076923076923,0.8,1.011111111111111,False,1.1346,0.8018,False,0.05673
34.23076923076923,0.597948717948718,1.8,1.2444444444444445,False,1.5201,0.4077,False,0.076005
34.23076923076923,0.6035897435897436,1.5777777777777777,1.3222222222222222,False,1.1161,0.6654,False,0.05580500000000001
34.23076923076923,0.6092307692307692,1.2444444444444445,0.7777777777777777,False,1.1457,0.5282,False,0.057284999999999996
34.23076923076923,0.6148717948717949,1.3555555555555556,0.9333333333333333,False,0.9113,0.5997,False,0.045565
34.23076923076923,0.6205128205128205,1.3555555555555556,0.7777777777777777,False,1.6656,0.4395,False,0.08327999999999999
34.23076923076923,0.6261538461538462,1.0222222222222221,0.9333333333333333,False,1.0801,0.4374,False,0.054005000000000004
34.23076923076923,0.6317948717948718,1.5777777777777777,0.7,False,1.5065,0.5415,False,0.075325
34.23076923076923,0.6374358974358975,1.5777777777777777,1.0888888888888888,False,0.9861,0.5254,False,0.049305
34.23076923076923,0.6430769230769231,1.6888888888888889,0.9333333333333333,False,0.8638,0.659,False,0.04319
34.23076923076923,0.6487179487179487,1.3555555555555556,0.7,False,0.8728,0.6587,False,0.04364
34.23076923076923,0.6543589743589744,1.2444444444444445,1.2444444444444445,False,0.8554,0.6732,False,0.04277
34.23076923076923,0.66,1.8,0.7777777777777777,False,1.0184,0.4514,False,0.05092
34.61538461538461,0.44000000000000006,1.5777777777777777,1.0888888888888888,False,1.5319,0.5518,False,0.076595
34.61538461538461,0.4456410256410257,1.3555555555555556,1.4,False,1.5553,0.4117,False,0.077765
34.61538461538461,0.45128205128205134,1.3555555555555556,1.1666666666666665,False,1.6705,0.3268,False,0.083525
34.61538461538461,0.456923076923077,1.4666666666666668,1.2444444444444445,False,1.7951,0.4965,False,0.089755
34.61538461538461,0.46256410256410263,1.4666666666666668,1.3222222222222222,False,1.219,0.5343,False,0.060950000000000004
34.61538461538461,0.4682051282051283,1.1333333333333333,0.7777777777777777,False,1.5234,0.4413,False,0.07617
34.61538461538461,0.4738461538461539,1.6888888888888889,1.1666666666666665,False,1.5098,0.4068,False,0.07549
34.61538461538461,0.47948717948717956,0.9111111111111112,0.9333333333333333,False,1.0423,0.7362,False,0.052115
34.61538461538461,0.4851282051282052,1.5777777777777777,1.4,False,1.2284,0.6464,False,0.061419999999999995
34.61538461538461,0.49076923076923085,0.8,1.1666666666666665,False,1.3336,0.3606,False,0.06667999999999999
34.61538461538461,0.4964102564102565,0.9111111111111112,0.7,False,1.6645,0.5076,False,0.08322500000000001
34.61538461538461,0.5020512820512821,1.0222222222222221,1.0888888888888888,False,1.1033,0.4436,False,0.055165
34.61538461538461,0.5076923076923078,0.9111111111111112,0.8555555555555555,False,1.2653,0.4863,False,0.063265
34.61538461538461,0.5133333333333334,1.0222222222222221,0.8555555555555555,False,1.2338,0.5634,False,0.06169
34.61538461538461,0.5189743589743591,1.2444444444444445,1.4,False,1.9933,0.4004,False,0.099665
34.61538461538461,0.5246153846153847,1.8,1.1666666666666665,False,1.4411,0.5969,False,0.07205500000000001
34.61538461538461,0.5302564102564103,0.9111111111111112,0.8555555555555555,False,1.1123,0.7334,False,0.055615000000000005
34.61538461538461,0.535897435897436,1.2444444444444445,1.4,False,1.3773,0.6517,False,0.068865
34.61538461538461,0.5415384615384616,1.4666666666666668,1.2444444444444445,False,1.8518,0.4529,False,0.09258999999999999
34.61538461538461,0.5471794871794873,1.1333333333333333,1.0888888888888888,False,1.0541,0.661,False,0.052705
34.61538461538461,0.5528205128205128,0.8,1.4,False,1.4626,0.4548,False,0.07313
34.61538461538461,0.5584615384615386,1.8,1.0888888888888888,False,1.8693,0.4536,False,0.09346499999999999
34.61538461538461,0.5641025641025641,1.3555555555555556,1.0888888888888888,False,1.4802,0.4558,False,0.07400999999999999
34.61538461538461,0.5697435897435899,1.5777777777777777,1.3222222222222222,False,1.3838,0.4714,False,0.06919
34.61538461538461,0.5753846153846154,0.8,1.3222222222222222,False,1.5206,0.5225,False,0.07603
34.61538461538461,0.5810256410256411,1.4666666666666668,0.7777777777777777,False,0.7946,0.8971,False,0.03973
34.61538461538461,0.5866666666666667,1.1333333333333333,1.2444444444444445,False,1.1995,0.4762,False,0.059975
34.61538461538461,0.5923076923076923,1.2444444444444445,1.0888888888888888,False,1.15,0.6189,False,0.057499999999999996
34.61538461538461,0.597948717948718,1.5777777777777777,1.3222222222222222,False,1.4498,0.4171,False,0.07249
34.61538461538461,0.6035897435897436,1.4666666666666668,1.0888888888888888,False,1.4748,0.4753,False,0.07374
34.61538461538461,0.6092307692307692,0.9111111111111112,1.2444444444444445,False,1.5876,0.3835,False,0.07937999999999999
34.61538461538461,0.6148717948717949,1.1333333333333333,1.011111111111111,False,1.7467,0.518,False,0.087335
34.61538461538461,0.6205128205128205,1.8,0.9333333333333333,False,0.8534,0.7806,False,0.04267
34.61538461538461,0.6261538461538462,1.6888888888888889,1.011111111111111,False,0.7202,0.9259,False,0.03601
34.61538461538461,0.6317948717948718,1.8,0.8555555555555555,False,1.9467,0.3612,False,0.097335
34.61538461538461,0.6374358974358975,1.0222222222222221,0.7,False,1.5128,0.5433,False,0.07564
34.61538461538461,0.6430769230769231,1.4666666666666668,0.9333333333333333,False,1.1702,0.6436,False,0.05850999999999999
34.61538461538461,0.6487179487179487,1.1333333333333333,1.1666666666666665,False,1.2794,0.6171,False,0.06397
34.61538461538461,0.6543589743589744,1.1333333333333333,0.7,False,1.0627,0.4705,False,0.053135
34.61538461538461,0.66,1.6888888888888889,1.3222222222222222,False,0.8266,0.6822,False,0.04133
35.0,0.44000000000000006,1.4666666666666668,1.011111111111111,False,1.6225,0.5744,False,0.081125
35.0,0.4456410256410257,0.9111111111111112,0.7777777777777777,False,1.1186,0.4317,False,0.05593
35.0,0.45128205128205134,1.2444444444444445,1.2444444444444445,False,1.5211,0.4249,False,0.076055
35.0,0.456923076923077,1.5777777777777777,1.4,False,1.2549,0.607,False,0.062745
35.0,0.46256410256410263,0.8,0.9333333333333333,False,1.0576,0.5408,False,0.05288
35.0,0.4682051282051283,1.6888888888888889,1.1666666666666665,False,1.0211,0.5271,False,0.051054999999999996
35.0,0.4738461538461539,1.4666666666666668,0.7,False,0.8649,0.5374,False,0.043245
35.0,0.47948717948717956,0.8,1.1666666666666665,False,1.2222,0.5205,False,0.06111
35.0,0.4851282051282052,0.9111111111111112,0.7,False,1.4111,0.4972,False,0.070555
35.0,0.49076923076923085,1.5777777777777777,0.8555555555555555,False,1.1646,0.5093,False,0.058230000000000004
35.0,0.4964102564102565,1.1333333333333333,0.8555555555555555,False,1.224,0.4835,False,0.0612
35.0,0.5020512820512821,1.4666666666666668,0.9333333333333333,False,1.0207,0.3712,False,0.051035
35.0,0.5076923076923078,1.6888888888888889,0.9333333333333333,False,1.2314,0.4956,False,0.06157
35.0,0.5133333333333334,0.9111111111111112,1.0888888888888888,False,0.81,0.5897,False,0.0405
35.0,0.5189743589743591,1.1333333333333333,0.7777777777777777,False,1.1167,0.4923,False,0.055835
35.0,0.5246153846153847,0.9111111111111112,0.9333333333333333,False,1.318,0.6359,False,0.0659
35.0,0.5302564102564103,1.8,0.7,False,1.3263,0.6814,False,0.066315
35.0,0.535897435897436,1.5777777777777777,1.4,False,1.4062,0.6097,False,0.07031
35.0,0.5415384615384616,1.0222222222222221,1.0888888888888888,False,1.207,0.8352,False,0.06035
35.0,0.5471794871794873,1.8,1.2444444444444445,False,1.3166,0.4606,False,0.06583
35.0,0.5528205128205128,1.8,1.2444444444444445,False,0.8095,0.8657,False,0.040475
35.0,0.5584615384615386,1.8,1.011111111111111,False,0.9474,0.6261,False,0.04737
35.0,0.5641025641025641,1.4666666666666668,1.3222222222222222,False,1.3444,0.4991,False,0.06722
35.0,0.5697435897435899,1.1333333333333333,0.9333333333333333,False,1.6806,0.4785,False,0.08403000000000001
35.0,0.5753846153846154,1.3555555555555556,1.2444444444444445,False,1.385,0.6441,False,0.06925
35.0,0.5810256410256411,1.0222222222222221,0.7777777777777777,False,3.1216,0.3532,True,0.15608
35.0,0.5866666666666667,0.9111111111111112,0.9333333333333333,False,0.8733,0.8158,False,0.043664999999999995
35.0,0.5923076923076923,0.8,1.2444444444444445,False,1.3601,0.4948,False,0.06800500000000001
35.0,0.597948717948718,1.1333333333333333,1.2444444444444445,False,1.3141,0.493,False,0.065705
35.0,0.6035897435897436,1.4666666666666668,1.3222222222222222,False,0.8497,0.6547,False,0.042485
35.0,0.6092307692307692,1.2444444444444445,1.0888888888888888,False,1.3336,0.4203,False,0.06667999999999999
35.0,0.6148717948717949,1.3555555555555556,1.2444444444444445,False,1.8101,0.3403,False,0.090505
35.0,0.6205128205128205,0.9111111111111112,0.9333333333333333,False,1.0919,0.8181,False,0.054595000000000005
35.0,0.6261538461538462,1.1333333333333333,0.7,False,1.4655,0.4039,False,0.073275
35.0,0.6317948717948718,1.4666666666666668,0.7777777777777777,False,0.895,0.4664,False,0.04475
35.0,0.6374358974358975,1.0222222222222221,0.7,False,0.7028,0.471,False,0.03514
35.0,0.6430769230769231,1.5777777777777777,1.2444444444444445,False,1.1138,0.7526,False,0.055689999999999996
35.0,0.6487179487179487,0.8,0.7,False,1.028,0.4559,False,0.0514
35.0,0.6543589743589744,1.3555555555555556,1.2444444444444445,False,1.0,0.8271,False,0.05
35.0,0.66,1.8,1.4,False,1.8976,0.4013,False,0.09487999999999999
35.38461538461539,0.44000000000000006,1.0222222222222221,0.7,False,2.285,0.2853,True,0.11425
35.38461538461539,0.4456410256410257,1.1333333333333333,1.011111111111111,False,1.314,0.4524,False,0.06570000000000001
35.38461538461539,0.45128205128205134,1.0222222222222221,1.2444444444444445,False,1.2112,0.6701,False,0.06056
35.38461538461539,0.456923076923077,1.5777777777777777,1.3222222222222222,False,1.4073,0.47,False,0.070365
35.38461538461539,0.46256410256410263,0.8,0.8555555555555555,False,1.6955,0.331,False,0.084775
35.38461538461539,0.4682051282051283,1.4666666666666668,1.2444444444444445,False,1.1193,0.6402,False,0.055965
35.38461538461539,0.4738461538461539,1.5777777777777777,0.7777777777777777,False,1.1368,0.5314,False,0.05684
35.38461538461539,0.47948717948717956,1.4666666666666668,1.1666666666666665,False,1.2108,0.5461,False,0.060540000000000004
35.38461538461539,0.4851282051282052,1.4666666666666668,1.3222222222222222,False,1.2925,0.4915,False,0.064625
35.38461538461539,0.49076923076923085,0.8,1.0888888888888888,False,1.396,0.4762,False,0.0698
35.38461538461539,0.4964102564102565,1.6888888888888889,0.9333333333333333,False,1.1817,0.5652,False,0.059085
35.38461538461539,0.5020512820512821,0.8,0.8555555555555555,False,1.3529,0.439,False,0.067645
35.38461538461539,0.5076923076923078,1.8,1.0888888888888888,False,1.4844,0.3746,False,0.07422
35.38461538461539,0.5133333333333334,1.6888888888888889,1.4,False,2.1105,0.3101,True,0.10552500000000001
35.38461538461539,0.5189743589743591,1.0222222222222221,1.4,False,1.1392,0.7463,False,0.05696
35.38461538461539,0.5246153846153847,0.9111111111111112,1.3222222222222222,False,1.2214,0.8935,False,0.06107
35.38461538461539,0.5302564102564103,0.9111111111111112,1.011111111111111,False,1.3503,0.5502,False,0.067515
35.38461538461539,0.535897435897436,1.0222222222222221,0.7777777777777777,False,1.1937,0.5457,False,0.059685
35.38461538461539,0.5415384615384616,1.1333333333333333,0.7777777777777777,False,0.7278,0.775,False,0.03639
35.38461538461539,0.5471794871794873,1.4666666666666668,0.7,False,0.8106,0.8432,False,0.04053
35.38461538461539,0.5528205128205128,1.6888888888888889,1.4,False,1.4249,0.5478,False,0.071245
35.38461538461539,0.5584615384615386,1.0222222222222221,0.7777777777777777,False,1.2061,0.7117,False,0.060305
35.38461538461539,0.5641025641025641,0.9111111111111112,1.2444444444444445,False,1.5848,0.6551,False,0.07924
35.38461538461539,0.5697435897435899,1.5777777777777777,0.8555555555555555,False,1.1666,0.6486,False,0.05833000000000001
35.38461538461539,0.5753846153846154,1.3555555555555556,1.0888888888888888,False,1.2229,0.6922,False,0.061145000000000005
35.38461538461539,0.5810256410256411,1.3555555555555556,0.7,False,1.0441,0.6937,False,0.052205
35.38461538461539,0.5866666666666667,1.4666666666666668,0.7,False,1.5786,0.5327,False,0.07893
35.38461538461539,0.5923076923076923,1.8,0.7777777777777777,False,1.2845,0.5756,False,0.064225
35.38461538461539,0.597948717948718,0.9111111111111112,1.2444444444444445,False,0.7803,0.7113,False,0.039015
35.38461538461539,0.6035897435897436,1.4666666666666668,1.2444444444444445,False,0.792,0.5764,False,0.0396
35.38461538461539,0.6092307692307692,1.3555555555555556,1.3222222222222222,False,0.7479,0.4527,False,0.037395
35.38461538461539,0.6148717948717949,1.0222222222222221,1.1666666666666665,False,1.196,0.5571,False,0.0598
35.38461538461539,0.6205128205128205,1.4666666666666668,1.011111111111111,False,1.4123,0.4425,False,0.07061500000000001
35.38461538461539,0.6261538461538462,1.3555555555555556,1.3222222222222222,False,0.7395,1.0181,False,0.036975
35.38461538461539,0.6317948717948718,0.9111111111111112,0.8555555555555555,False,1.3579,0.4983,False,0.06789500000000001
35.38461538461539,0.6374358974358975,1.6888888888888889,0.8555555555555555,False,1.4515,0.5281,False,0.072575
35.38461538461539,0.6430769230769231,1.0222222222222221,1.011111111111111,False,1.1316,0.4555,False,0.05658
35.38461538461539,0.6487179487179487,1.2444444444444445,0.7,False,0.8845,0.9417,False,0.044225
35.38461538461539,0.6543589743589744,1.2444444444444445,1.0888888888888888,False,1.5979,0.4799,False,0.07989500000000001
35.38461538461539,0.66,1.4666666666666668,1.1666666666666665,False,1.3526,0.4491,False,0.06763
35.76923076923077,0.44000000000000006,1.6888888888888889,1.011111111111111,False,1.9782,0.3281,False,0.09891
35.76923076923077,0.4456410256410257,0.9111111111111112,1.2444444444444445,False,1.4714,0.3981,False,0.07357
35.76923076923077,0.45128205128205134,1.0222222222222221,0.9333333333333333,False,1.7016,0.4853,False,0.08508
35.76923076923077,0.456923076923077,1.3555555555555556,1.011111111111111,False,1.1922,0.5667,False,0.059609999999999996
35.76923076923077,0.46256410256410263,0.8,0.9333333333333333,False,1.257,0.3396,False,0.06284999999999999
35.76923076923077,0.4682051282051283,1.8,1.4,False,1.241,0.4744,False,0.06205000000000001
35.76923076923077,0.4738461538461539,1.5777777777777777,0.7,False,1.3209,0.587,False,0.06604499999999999
35.76923076923077,0.47948717948717956,0.8,1.1666666666666665,False,1.5669,0.4764,False,0.078345
35.76923076923077,0.4851282051282052,0.9111111111111112,0.8555555555555555,False,1.0968,0.6151,False,0.05484
35.76923076923077,0.49076923076923085,1.4666666666666668,0.7,False,1.1158,0.669,False,0.05578999999999999
35.76923076923077,0.4964102564102565,0.8,1.011111111111111,False,1.2757,0.4223,False,0.06378500000000001
35.76923076923077,0.5020512820512821,1.6888888888888889,1.0888888888888888,False,1.5437,0.5117,False,0.077185
35.76923076923077,0.5076923076923078,1.4666666666666668,1.011111111111111,False,1.3127,0.5696,False,0.065635
35.76923076923077,0.5133333333333334,1.3555555555555556,0.7777777777777777,False,1.1075,0.4512,False,0.055374999999999994
35.76923076923077,0.5189743589743591,1.8,1.2444444444444445,False,0.9631,0.5823,False,0.048154999999999996
35.76923076923077,0.5246153846153847,1.8,0.8555555555555555,False,1.7003,0.5638,False,0.085015
35.76923076923077,0.5302564102564103,1.2444444444444445,1.3222222222222222,False,1.3508,0.6786,False,0.06754
35.76923076923077,0.535897435897436,1.5777777777777777,0.7777777777777777,False,1.3962,0.5086,False,0.06981000000000001
35.76923076923077,0.5415384615384616,0.9111111111111112,1.2444444444444445,False,1.6937,0.5917,False,0.084685
35.76923076923077,0.5471794871794873,1.0222222222222221,1.3222222222222222,False,1.3675,0.694,False,0.06837499999999999
35.76923076923077,0.5528205128205128,1.4666666666666668,1.4,False,1.2807,0.8444,False,0.064035
35.76923076923077,0.5584615384615386,1.6888888888888889,0.7777777777777777,False,1.2611,0.6153,False,0.063055
35.76923076923077,0.5641025641025641,1.8,0.8555555555555555,False,1.2976,0.7308,False,0.06488000000000001
35.76923076923077,0.5697435897435899,1.4666666666666668,1.3222222222222222,False,2.0474,0.3234,True,0.10237
35.76923076923077,0.5753846153846154,1.6888888888888889,0.7,False,1.7155,0.5648,False,0.085775
35.76923076923077,0.5810256410256411,0.9111111111111112,1.1666666666666665,False,1.7741,0.5303,False,0.088705
35.76923076923077,0.5866666666666667,1.1333333333333333,0.9333333333333333,False,0.7818,0.6415,False,0.03909
35.76923076923077,0.5923076923076923,1.6888888888888889,1.2444444444444445,False,1.514,0.4446,False,0.0757
35.76923076923077,0.597948717948718,1.1333333333333333,1.0888888888888888,False,0.9496,0.6511,False,0.04748
35.76923076923077,0.6035897435897436,0.8,1.1666666666666665,False,0.7496,0.8441,False,0.03748
35.76923076923077,0.6092307692307692,1.6888888888888889,1.3222222222222222,False,1.2282,0.499,False,0.06141
35.76923076923077,0.6148717948717949,1.8,1.3222222222222222,False,1.2056,0.357,False,0.06028
35.76923076923077,0.6205128205128205,1.8,0.8555555555555555,False,0.9373,0.7673,False,0.046865000000000004
35.76923076923077,0.6261538461538462,0.8,0.7,False,1.2059,0.7042,False,0.060295
35.76923076923077,0.6317948717948718,0.8,1.3222222222222222,False,0.8221,0.7658,False,0.041105
35.76923076923077,0.6374358974358975,1.1333333333333333,1.2444444444444445,False,1.2952,0.5906,False,0.06476
35.76923076923077,0.6430769230769231,1.4666666666666668,1.0888888888888888,False,0.9423,0.5921,False,0.047115000000000004
35.76923076923077,0.6487179487179487,1.8,1.0888888888888888,False,1.2282,0.7365,False,0.06141
35.76923076923077,0.6543589743589744,1.0222222222222221,1.011111111111111,False,1.3784,0.5189,False,0.06892000000000001
35.76923076923077,0.66,1.5777777777777777,1.0888888888888888,False,0.938,0.6819,False,0.0469
36.15384615384615,0.44000000000000006,1.1333333333333333,0.7,False,1.9011,0.2836,False,0.095055
36.15384615384615,0.4456410256410257,1.3555555555555556,1.3222222222222222,False,1.576,0.5478,False,0.07880000000000001
36.15384615384615,0.45128205128205134,1.1333333333333333,1.4,False,1.2689,0.5371,False,0.063445
36.15384615384615,0.456923076923077,1.5777777777777777,1.1666666666666665,False,1.1241,0.609,False,0.056205000000000005
36.15384615384615,0.46256410256410263,1.2444444444444445,1.0888888888888888,False,1.5991,0.4347,False,0.079955
36.15384615384615,0.4682051282051283,1.4666666666666668,1.4,False,1.6216,0.4306,False,0.08108
36.15384615384615,0.4738461538461539,1.8,1.1666666666666665,False,1.6546,0.6348,False,0.08273
36.15384615384615,0.47948717948717956,1.5777777777777777,1.1666666666666665,False,2.0002,0.397,True,0.10001
36.15384615384615,0.4851282051282052,1.3555555555555556,1.011111111111111,False,1.3655,0.8528,False,0.068275
36.15384615384615,0.49076923076923085,1.3555555555555556,1.3222222222222222,False,1.4817,0.6035,False,0.074085
36.15384615384615,0.4964102564102565,1.8,1.3222222222222222,False,1.6035,0.5338,False,0.080175
36.15384615384615,0.5020512820512821,1.0222222222222221,1.0888888888888888,False,1.1543,0.6696,False,0.057715
36.15384615384615,0.5076923076923078,1.3555555555555556,1.4,False,1.209,0.6403,False,0.060450000000000004
36.15384615384615,0.5133333333333334,1.1333333333333333,1.2444444444444445,False,2.9402,0.3991,True,0.14701
36.15384615384615,0.5189743589743591,0.9111111111111112,0.8555555555555555,False,1.4141,0.6396,False,0.07070499999999999
36.15384615384615,0.5246153846153847,0.8,1.011111111111111,False,1.4388,0.473,False,0.07194
36.15384615384615,0.5302564102564103,1.6888888888888889,1.2444444444444445,False,1.6695,0.6153,False,0.083475
36.15384615384615,0.535897435897436,1.1333333333333333,1.3222222222222222,False,1.5248,0.5682,False,0.07624
36.15384615384615,0.5415384615384616,0.8,1.4,False,1.9829,0.4802,False,0.09914500000000001
36.15384615384615,0.5471794871794873,1.4666666666666668,0.9333333333333333,False,0.8436,0.9515,False,0.04218
36.15384615384615,0.5528205128205128,1.0222222222222221,0.9333333333333333,False,1.0616,0.7581,False,0.05308
36.15384615384615,0.5584615384615386,1.0222222222222221,0.7,False,1.6228,0.5757,False,0.08114
36.15384615384615,0.5641025641025641,1.4666666666666668,1.011111111111111,False,2.3508,0.488,True,0.11754
36.15384615384615,0.5697435897435899,1.3555555555555556,0.9333333333333333,False,1.4867,0.6062,False,0.074335
36.15384615384615,0.5753846153846154,0.9111111111111112,1.0888888888888888,False,1.2229,0.5082,False,0.061145000000000005
36.15384615384615,0.5810256410256411,1.6888888888888889,0.7777777777777777,False,0.9693,0.7616,False,0.048465
36.15384615384615,0.5866666666666667,1.4666666666666668,1.4,False,1.0848,0.6729,False,0.05424
36.15384615384615,0.5923076923076923,1.6888888888888889,0.7,False,1.2661,0.5625,False,0.063305
36.15384615384615,0.597948717948718,1.2444444444444445,0.7,False,1.2464,0.8246,False,0.06232
36.15384615384615,0.6035897435897436,0.8,1.2444444444444445,False,2.2445,0.4497,True,0.11222499999999999
36.15384615384615,0.6092307692307692,1.1333333333333333,0.8555555555555555,False,1.7109,0.5186,False,0.08554500000000001
36.15384615384615,0.6148717948717949,1.1333333333333333,0.9333333333333333,False,0.9896,0.7547,False,0.04948
36.15384615384615,0.6205128205128205,1.5777777777777777,1.1666666666666665,False,0.9258,0.5849,False,0.04629
36.15384615384615,0.6261538461538462,1.5777777777777777,0.9333333333333333,False,0.878,0.5498,False,0.0439
36.15384615384615,0.6317948717948718,1.6888888888888889,0.9333333333333333,False,1.272,0.6562,False,0.0636
36.15384615384615,0.6374358974358975,1.1333333333333333,1.1666666666666665,False,0.8385,0.8498,False,0.041925000000000004
36.15384615384615,0.6430769230769231,1.3555555555555556,0.7777777777777777,False,1.0576,0.5658,False,0.05288
36.15384615384615,0.6487179487179487,1.3555555555555556,0.8555555555555555,False,0.896,0.4543,False,0.0448
36.15384615384615,0.6543589743589744,1.1333333333333333,1.011111111111111,False,0.9185,0.4902,False,0.045925
36.15384615384615,0.66,1.2444444444444445,0.9333333333333333,False,1.151,0.6145,False,0.057550000000000004
36.53846153846154,0.44000000000000006,0.9111111111111112,0.7777777777777777,False,1.4254,0.5335,False,0.07127
36.53846153846154,0.4456410256410257,0.8,0.8555555555555555,False,1.2064,0.6498,False,0.06032
36.53846153846154,0.45128205128205134,1.6888888888888889,1.011111111111111,False,1.2309,0.5406,False,0.061545
36.53846153846154,0.456923076923077,1.1333333333333333,1.2444444444444445,False,1.2679,0.4757,False,0.063395
36.53846153846154,0.46256410256410263,1.6888888888888889,1.1666666666666665,False,1.1897,0.5926,False,0.059484999999999996
36.53846153846154,0.4682051282051283,1.2444444444444445,1.3222222222222222,False,1.8867,0.3292,False,0.094335
36.53846153846154,0.4738461538461539,1.1333333333333333,1.0888888888888888,False,1.8225,0.4487,False,0.091125
36.53846153846154,0.47948717948717956,1.2444444444444445,1.011111111111111,False,1.2589,0.459,False,0.062945
36.53846153846154,0.4851282051282052,1.1333333333333333,1.011111111111111,False,1.1166,0.9218,False,0.055830000000000005
36.53846153846154,0.49076923076923085,1.3555555555555556,1.2444444444444445,False,1.4479,0.4702,False,0.072395
36.53846153846154,0.4964102564102565,1.4666666666666668,1.011111111111111,False,1.0917,0.8727,False,0.054584999999999995
36.53846153846154,0.5020512820512821,1.4666666666666668,1.0888888888888888,False,1.8976,0.4234,False,0.09487999999999999
36.53846153846154,0.5076923076923078,1.4666666666666668,1.4,False,1.7297,0.4578,False,0.086485
36.53846153846154,0.5133333333333334,1.3555555555555556,0.8555555555555555,False,1.3213,0.6218,False,0.066065
36.53846153846154,0.5189743589743591,1.2444444444444445,1.0888888888888888,False,1.4747,0.6735,False,0.073735
36.53846153846154,0.5246153846153847,0.9111111111111112,0.7777777777777777,False,1.4052,0.593,False,0.07026
36.53846153846154,0.5302564102564103,1.6888888888888889,1.011111111111111,False,1.0701,0.7173,False,0.053505000000000004
36.53846153846154,0.535897435897436,1.1333333333333333,1.1666666666666665,False,1.3029,0.6967,False,0.065145
36.53846153846154,0.5415384615384616,1.0222222222222221,1.4,False,1.2446,0.6905,False,0.062229999999999994
36.53846153846154,0.5471794871794873,0.9111111111111112,0.9333333333333333,False,1.4638,0.6683,False,0.07319
36.53846153846154,0.5528205128205128,1.6888888888888889,1.2444444444444445,False,1.4621,0.4328,False,0.073105
36.53846153846154,0.5584615384615386,0.8,0.9333333333333333,False,1.2631,0.4964,False,0.06315499999999999
36.53846153846154,0.5641025641025641,1.6888888888888889,0.7777777777777777,False,1.4178,0.7128,False,0.07089
36.53846153846154,0.5697435897435899,1.4666666666666668,0.7,False,0.5847,1.2047,False,0.029235
36.53846153846154,0.5753846153846154,1.5777777777777777,1.4,False,0.7812,0.5973,False,0.03906
36.53846153846154,0.5810256410256411,1.6888888888888889,0.7777777777777777,False,1.5743,0.5297,False,0.07871500000000001
36.53846153846154,0.5866666666666667,1.0222222222222221,1.1666666666666665,False,0.9058,0.574,False,0.045290000000000004
36.53846153846154,0.5923076923076923,1.6888888888888889,1.2444444444444445,False,1.4722,0.605,False,0.07361
36.53846153846154,0.597948717948718,1.8,1.1666666666666665,False,1.1127,0.6278,False,0.055635000000000004
36.53846153846154,0.6035897435897436,1.3555555555555556,1.2444444444444445,False,1.1094,0.5496,False,0.05547
36.53846153846154,0.6092307692307692,0.8,0.7,False,0.8497,0.6737,False,0.042485
36.53846153846154,0.6148717948717949,1.5777777777777777,1.011111111111111,False,1.0669,0.6282,False,0.053345
36.53846153846154,0.6205128205128205,0.8,0.8555555555555555,False,1.9661,0.3533,False,0.098305
36.53846153846154,0.6261538461538462,1.0222222222222221,0.9333333333333333,False,1.0044,0.6465,False,0.05022
36.53846153846154,0.6317948717948718,1.0222222222222221,0.7,False,1.7731,0.4038,False,0.088655
36.53846153846154,0.6374358974358975,1.1333333333333333,1.0888888888888888,False,0.9262,0.5186,False,0.046310000000000004
36.53846153846154,0.6430769230769231,1.6888888888888889,0.7777777777777777,False,0.8063,0.6188,False,0.040315000000000004
36.53846153846154,0.6487179487179487,0.8,1.3222222222222222,False,1.1484,0.7564,False,0.057420000000000006
36.53846153846154,0.6543589743589744,1.3555555555555556,1.2444444444444445,False,1.0066,0.4582,False,0.05033
36.53846153846154,0.66,0.8,0.8555555555555555,False,1.0615,0.874,False,0.053075000000000004
36.92307692307692,0.44000000000000006,1.2444444444444445,1.3222222222222222,False,2.0049,0.3229,True,0.100245
36.92307692307692,0.4456410256410257,0.8,1.0888888888888888,False,2.0673,0.3843,True,0.103365
36.92307692307692,0.45128205128205134,1.8,1.2444444444444445,False,2.6299,0.3572,True,0.131495
36.92307692307692,0.456923076923077,1.6888888888888889,1.011111111111111,False,1.5652,0.5535,False,0.07826
36.92307692307692,0.46256410256410263,1.8,0.9333333333333333,False,1.4897,0.4994,False,0.074485
36.92307692307692,0.4682051282051283,1.5777777777777777,1.0888888888888888,False,1.7184,0.5702,False,0.08592
36.92307692307692,0.4738461538461539,1.8,0.8555555555555555,False,2.1476,0.3964,True,0.10738
36.92307692307692,0.47948717948717956,1.4666666666666668,1.4,False,1.5802,0.5935,False,0.07901
36.92307692307692,0.4851282051282052,1.4666666666666668,1.2444444444444445,False,1.6109,0.5157,False,0.080545
36.92307692307692,0.49076923076923085,0.8,1.1666666666666665,False,1.6576,0.4624,False,0.08288
36.92307692307692,0.4964102564102565,1.0222222222222221,1.3222222222222222,False,0.967,0.6906,False,0.04835
36.92307692307692,0.5020512820512821,1.6888888888888889,0.9333333333333333,False,1.1629,0.4706,False,0.058145
36.92307692307692,0.5076923076923078,1.0222222222222221,0.9333333333333333,False,1.2648,0.7175,False,0.06323999999999999
36.92307692307692,0.5133333333333334,1.6888888888888889,1.2444444444444445,False,3.0998,0.3253,True,0.15499000000000002
36.92307692307692,0.5189743589743591,0.8,1.011111111111111,False,1.1285,0.725,False,0.056425
36.92307692307692,0.5246153846153847,1.2444444444444445,1.4,False,1.011,0.7584,False,0.05055
36.92307692307692,0.5302564102564103,0.9111111111111112,1.011111111111111,False,1.3448,0.6556,False,0.06724
36.92307692307692,0.535897435897436,1.2444444444444445,0.7777777777777777,False,1.8519,0.5339,False,0.09259500000000001
36.92307692307692,0.5415384615384616,1.5777777777777777,1.4,False,1.2758,0.5897,False,0.06379
36.92307692307692,0.5471794871794873,1.2444444444444445,0.8555555555555555,False,1.987,0.7693,False,0.09935000000000001
36.92307692307692,0.5528205128205128,1.1333333333333333,0.9333333333333333,False,1.8343,0.5832,False,0.091715
36.92307692307692,0.5584615384615386,0.8,0.7777777777777777,False,1.5487,0.6512,False,0.077435
36.92307692307692,0.5641025641025641,1.3555555555555556,1.011111111111111,False,1.4543,0.5661,False,0.072715
36.92307692307692,0.5697435897435899,1.2444444444444445,1.011111111111111,False,2.0347,0.3038,True,0.10173499999999999
36.92307692307692,0.5753846153846154,0.9111111111111112,1.0888888888888888,False,0.9077,0.4622,False,0.045384999999999995
36.92307692307692,0.5810256410256411,1.8,0.7,False,1.7203,0.6445,False,0.086015
36.92307692307692,0.5866666666666667,1.4666666666666668,1.2444444444444445,False,1.7118,0.5543,False,0.08559
36.92307692307692,0.5923076923076923,1.2444444444444445,1.3222222222222222,False,1.277,0.5141,False,0.06384999999999999
36.92307692307692,0.597948717948718,1.4666666666666668,0.8555555555555555,False,0.9858,0.7221,False,0.04929
36.92307692307692,0.6035897435897436,1.3555555555555556,0.7,False,0.9067,0.8441,False,0.045335
36.92307692307692,0.6092307692307692,1.3555555555555556,1.2444444444444445,False,2.0204,0.4546,True,0.10102
36.92307692307692,0.6148717948717949,1.0222222222222221,1.2444444444444445,False,1.6042,0.5712,False,0.08021
36.92307692307692,0.6205128205128205,0.8,0.7777777777777777,False,1.2656,0.5008,False,0.06328
36.92307692307692,0.6261538461538462,0.8,1.0888888888888888,False,0.8628,0.6895,False,0.04314
36.92307692307692,0.6317948717948718,0.8,1.2444444444444445,False,1.6511,0.6391,False,0.082555
36.92307692307692,0.6374358974358975,1.2444444444444445,0.7,False,0.7967,0.9753,False,0.039834999999999995
36.92307692307692,0.6430769230769231,1.4666666666666668,1.2444444444444445,False,1.4271,0.652,False,0.071355
36.92307692307692,0.6487179487179487,1.6888888888888889,1.1666666666666665,False,0.8277,0.7256,False,0.041385
36.92307692307692,0.6543589743589744,1.5777777777777777,0.8555555555555555,False,1.6716,0.617,False,0.08358
36.92307692307692,0.66,1.2444444444444445,1.011111111111111,False,0.8849,0.6119,False,0.044245
37.30769230769231,0.44000000000000006,1.0222222222222221,1.3222222222222222,False,2.0314,0.4921,True,0.10157000000000001
37.30769230769231,0.4456410256410257,1.0222222222222221,1.2444444444444445,False,1.1765,0.4827,False,0.058825
37.30769230769231,0.45128205128205134,1.8,1.1666666666666665,False,1.2144,0.5588,False,0.060719999999999996
37.30769230769231,0.456923076923077,1.2444444444444445,0.7777777777777777,False,1.4738,0.393,False,0.07369
37.30769230769231,0.46256410256410263,1.5777777777777777,1.1666666666666665,False,1.2608,0.7663,False,0.06304
37.30769230769231,0.4682051282051283,1.3555555555555556,1.1666666666666665,False,2.0401,0.4886,True,0.10200499999999998
37.30769230769231,0.4738461538461539,1.8,0.7777777777777777,False,1.884,0.4138,False,0.09419999999999999
37.30769230769231,0.47948717948717956,1.5777777777777777,1.011111111111111,False,1.4128,0.4874,False,0.07064000000000001
37.30769230769231,0.4851282051282052,1.1333333333333333,0.8555555555555555,False,1.1705,0.4908,False,0.05852500000000001
37.30769230769231,0.49076923076923085,1.1333333333333333,1.4,False,1.6081,0.5474,False,0.080405
37.30769230769231,0.4964102564102565,1.0222222222222221,0.9333333333333333,False,1.5267,0.4723,False,0.076335
37.30769230769231,0.5020512820512821,1.4666666666666668,1.011111111111111,False,1.6608,0.6764,False,0.08304
37.30769230769231,0.5076923076923078,1.0222222222222221,1.0888888888888888,False,1.3961,0.4258,False,0.06980499999999999
37.30769230769231,0.5133333333333334,0.8,1.011111111111111,False,1.3715,0.5345,False,0.068575
37.30769230769231,0.5189743589743591,1.3555555555555556,0.7,False,1.1811,0.5763,False,0.059055
37.30769230769231,0.5246153846153847,1.0222222222222221,1.4,False,1.5015,0.7031,False,0.075075
37.30769230769231,0.5302564102564103,1.3555555555555556,1.4,False,1.1456,0.7252,False,0.05728
37.30769230769231,0.535897435897436,1.0222222222222221,0.8555555555555555,False,1.4294,0.7137,False,0.07147
37.30769230769231,0.5415384615384616,1.5777777777777777,0.7,False,0.9889,0.8452,False,0.049445
37.30769230769231,0.5471794871794873,1.5777777777777777,1.1666666666666665,False,1.1964,0.5908,False,0.05982
37.30769230769231,0.5528205128205128,1.8,1.0888888888888888,False,1.779,0.7229,False,0.08895
37.30769230769231,0.5584615384615386,1.8,1.1666666666666665,False,2.4285,0.3684,True,0.121425
37.30769230769231,0.5641025641025641,1.8,1.011111111111111,False,1.3992,0.5655,False,0.06996
37.30769230769231,0.5697435897435899,1.6888888888888889,1.4,False,1.0746,0.63,False,0.05373
37.30769230769231,0.5753846153846154,1.8,1.0888888888888888,False,1.5678,0.4386,False,0.07839
37.30769230769231,0.5810256410256411,1.5777777777777777,1.4,False,0.8718,0.6544,False,0.043590000000000004
37.30769230769231,0.5866666666666667,1.2444444444444445,1.011111111111111,False,1.4746,0.5904,False,0.07372999999999999
37.30769230769231,0.5923076923076923,0.9111111111111112,1.4,False,1.0769,0.6718,False,0.053845
37.30769230769231,0.597948717948718,1.3555555555555556,0.9333333333333333,False,1.2974,0.6447,False,0.06487000000000001
37.30769230769231,0.6035897435897436,1.0222222222222221,1.2444444444444445,False,0.6699,0.6853,False,0.033495000000000004
37.30769230769231,0.6092307692307692,1.2444444444444445,1.2444444444444445,False,0.8633,0.6938,False,0.043164999999999995
37.30769230769231,0.6148717948717949,0.9111111111111112,1.011111111111111,False,1.229,0.7179,False,0.061450000000000005
37.30769230769231,0.6205128205128205,1.0222222222222221,0.7777777777777777,False,1.3573,0.6093,False,0.067865
37.30769230769231,0.6261538461538462,1.1333333333333333,1.2444444444444445,False,0.8603,0.734,False,0.043015
37.30769230769231,0.6317948717948718,1.3555555555555556,0.8555555555555555,False,0.8728,0.7936,False,0.04364
37.30769230769231,0.6374358974358975,1.0222222222222221,0.7,False,1.2401,0.5281,False,0.062005
37.30769230769231,0.6430769230769231,1.8,0.8555555555555555,False,1.0779,1.1273,False,0.053895000000000005
37.30769230769231,0.6487179487179487,1.1333333333333333,0.7777777777777777,False,0.6253,0.7349,False,0.031265
37.30769230769231,0.6543589743589744,1.1333333333333333,1.4,False,1.4776,0.5605,False,0.07388
37.30769230769231,0.66,1.1333333333333333,0.7777777777777777,False,1.4322,0.6128,False,0.07161
37.69230769230769,0.44000000000000006,1.3555555555555556,1.3222222222222222,False,2.1277,0.2737,True,0.106385
37.69230769230769,0.4456410256410257,1.6888888888888889,1.2444444444444445,False,2.1544,0.3922,True,0.10772
37.69230769230769,0.45128205128205134,0.8,0.9333333333333333,False,2.1552,0.3793,True,0.10776
37.69230769230769,0.456923076923077,1.5777777777777777,1.2444444444444445,False,2.2241,0.5038,True,0.111205
37.69230769230769,0.46256410256410263,1.0222222222222221,1.2444444444444445,False,1.845,0.5657,False,0.09225
37.69230769230769,0.4682051282051283,1.6888888888888889,0.9333333333333333,False,1.5301,0.4277,False,0.076505
37.69230769230769,0.4738461538461539,1.6888888888888889,0.8555555555555555,False,1.0434,0.7575,False,0.05217000000000001
37.69230769230769,0.47948717948717956,1.5777777777777777,1.011111111111111,False,1.2884,0.5053,False,0.06442
37.69230769230769,0.4851282051282052,1.1333333333333333,0.8555555555555555,False,2.4737,0.3447,True,0.123685
37.69230769230769,0.49076923076923085,1.8,1.2444444444444445,False,1.7023,0.5462,False,0.085115
37.69230769230769,0.4964102564102565,1.0222222222222221,0.7,False,1.3401,0.6634,False,0.06700500000000001
37.69230769230769,0.5020512820512821,0.8,1.011111111111111,False,1.1649,0.573,False,0.058245000000000005
37.69230769230769,0.5076923076923078,1.5777777777777777,1.011111111111111,False,1.446,0.5237,False,0.0723
37.69230769230769,0.5133333333333334,1.1333333333333333,1.3222222222222222,False,1.7455,0.4384,False,0.087275
37.69230769230769,0.5189743589743591,1.0222222222222221,1.0888888888888888,False,1.2897,1.113,False,0.064485
37.69230769230769,0.5246153846153847,1.2444444444444445,1.2444444444444445,False,0.9052,0.8383,False,0.04526
37.69230769230769,0.5302564102564103,1.1333333333333333,0.8555555555555555,False,0.8989,0.7452,False,0.044945
37.69230769230769,0.535897435897436,1.1333333333333333,0.7,False,1.434,0.6135,False,0.0717
37.69230769230769,0.5415384615384616,0.8,1.4,False,1.8925,0.5504,False,0.094625
37.69230769230769,0.5471794871794873,1.4666666666666668,1.1666666666666665,False,1.0244,0.6731,False,0.05122
37.69230769230769,0.5528205128205128,1.6888888888888889,0.7,False,1.9585,0.5473,False,0.097925
37.69230769230769,0.5584615384615386,1.5777777777777777,1.0888888888888888,False,1.0959,0.7189,False,0.054795
37.69230769230769,0.5641025641025641,1.6888888888888889,0.7,False,1.2739,0.9104,False,0.063695
37.69230769230769,0.5697435897435899,1.6888888888888889,1.4,False,1.0344,0.652,False,0.05172
37.69230769230769,0.5753846153846154,1.4666666666666668,1.4,False,1.3405,0.6687,False,0.067025
37.69230769230769,0.5810256410256411,1.0222222222222221,1.011111111111111,False,0.7853,0.8822,False,0.039265
37.69230769230769,0.5866666666666667,1.6888888888888889,0.7,False,1.0751,0.6863,False,0.053755
37.69230769230769,0.5923076923076923,0.8,1.2444444444444445,False,1.2684,0.8041,False,0.06342
37.69230769230769,0.597948717948718,1.0222222222222221,1.2444444444444445,False,1.7011,0.6217,False,0.085055
37.69230769230769,0.6035897435897436,1.4666666666666668,0.7,False,0.9088,0.8381,False,0.04544
37.69230769230769,0.6092307692307692,1.8,1.3222222222222222,False,0.7903,0.4318,False,0.039515
37.69230769230769,0.6148717948717949,1.5777777777777777,1.3222222222222222,False,1.3534,0.4921,False,0.06767
37.69230769230769,0.6205128205128205,1.1333333333333333,1.2444444444444445,False,1.7093,0.4719,False,0.085465
37.69230769230769,0.6261538461538462,1.3555555555555556,1.0888888888888888,False,1.5495,0.7816,False,0.077475
37.69230769230769,0.6317948717948718,0.9111111111111112,1.0888888888888888,False,1.1126,0.445,False,0.05563
37.69230769230769,0.6374358974358975,1.2444444444444445,0.7777777777777777,False,1.0039,0.7174,False,0.050195000000000004
37.69230769230769,0.6430769230769231,1.5777777777777777,0.7777777777777777,False,0.7844,0.7277,False,0.03922
37.69230769230769,0.6487179487179487,1.2444444444444445,1.011111111111111,False,0.9668,0.5564,False,0.04834
37.69230769230769,0.6543589743589744,1.0222222222222221,0.7,False,1.535,0.5347,False,0.07675
37.69230769230769,0.66,1.3555555555555556,0.8555555555555555,False,1.5053,0.452,False,0.075265
38.07692307692308,0.44000000000000006,1.6888888888888889,1.3222222222222222,False,1.5542,0.6579,False,0.07771
38.07692307692308,0.4456410256410257,1.4666666666666668,1.3222222222222222,False,1.6522,0.4979,False,0.08260999999999999
38.07692307692308,0.45128205128205134,0.8,1.3222222222222222,False,1.7957,0.483,False,0.089785
38.07692307692308,0.456923076923077,1.6888888888888889,0.9333333333333333,False,1.5751,0.5361,False,0.07875499999999999
38.07692307692308,0.46256410256410263,1.3555555555555556,1.0888888888888888,False,1.7367,0.617,False,0.086835
38.07692307692308,0.4682051282051283,0.9111111111111112,0.9333333333333333,False,1.3527,0.6044,False,0.067635
38.07692307692308,0.4738461538461539,1.6888888888888889,1.011111111111111,False,1.4613,0.5754,False,0.073065
38.07692307692308,0.47948717948717956,0.8,0.9333333333333333,False,1.5892,0.5452,False,0.07946
38.07692307692308,0.4851282051282052,0.8,0.9333333333333333,False,1.7229,0.4407,False,0.086145
38.07692307692308,0.49076923076923085,1.5777777777777777,0.9333333333333333,False,1.2484,0.4866,False,0.062419999999999996
38.07692307692308,0.4964102564102565,1.6888888888888889,1.4,False,1.425,0.4625,False,0.07125000000000001
38.07692307692308,0.5020512820512821,1.2444444444444445,0.7777777777777777,False,1.2558,0.6146,False,0.06279
38.07692307692308,0.5076923076923078,0.9111111111111112,1.3222222222222222,False,1.2765,0.549,False,0.06382499999999999
38.07692307692308,0.5133333333333334,1.8,1.4,False,2.0047,0.4029,True,0.100235
38.07692307692308,0.5189743589743591,1.0222222222222221,0.7777777777777777,False,1.3011,0.6778,False,0.065055
38.07692307692308,0.5246153846153847,0.8,1.011111111111111,False,1.3011,0.5385,False,0.065055
38.07692307692308,0.5302564102564103,1.2444444444444445,1.0888888888888888,False,1.2384,0.7628,False,0.061919999999999996
38.07692307692308,0.535897435897436,1.5777777777777777,0.7777777777777777,False,1.4124,0.4922,False,0.07062
38.07692307692308,0.5415384615384616,1.4666666666666668,1.2444444444444445,False,1.282,0.7682,False,0.0641
38.07692307692308,0.5471794871794873,1.4666666666666668,1.1666666666666665,False,1.6305,0.6449,False,0.081525
38.07692307692308,0.5528205128205128,1.2444444444444445,0.9333333333333333,False,1.1008,0.8537,False,0.05504
38.07692307692308,0.5584615384615386,1.6888888888888889,1.2444444444444445,False,0.9367,0.9031,False,0.046835
38.07692307692308,0.5641025641025641,0.8,0.8555555555555555,False,1.5636,0.4907,False,0.07818
38.07692307692308,0.5697435897435899,1.6888888888888889,1.0888888888888888,False,1.6229,0.6227,False,0.081145
38.07692307692308,0.5753846153846154,0.9111111111111112,1.1666666666666665,False,0.6908,0.6026,False,0.03454
38.07692307692308,0.5810256410256411,0.9111111111111112,0.7777777777777777,False,0.7985,1.0103,False,0.039925
38.07692307692308,0.5866666666666667,1.0222222222222221,1.2444444444444445,False,1.213,0.6182,False,0.06065
38.07692307692308,0.5923076923076923,1.1333333333333333,1.1666666666666665,False,1.5025,0.6244,False,0.075125
38.07692307692308,0.597948717948718,0.8,1.0888888888888888,False,0.9117,0.5694,False,0.045585
38.07692307692308,0.6035897435897436,0.8,0.7,False,1.067,0.9859,False,0.053349999999999995
38.07692307692308,0.6092307692307692,1.2444444444444445,1.3222222222222222,False,1.0272,0.5969,False,0.051359999999999996
38.07692307692308,0.6148717948717949,0.9111111111111112,1.0888888888888888,False,1.2717,0.5687,False,0.063585
38.07692307692308,0.6205128205128205,1.3555555555555556,0.7777777777777777,False,1.5092,0.7075,False,0.07546
38.07692307692308,0.6261538461538462,0.9111111111111112,1.4,False,1.6277,0.5677,False,0.081385
38.07692307692308,0.6317948717948718,1.8,1.2444444444444445,False,1.2547,0.5771,False,0.062735
38.07692307692308,0.6374358974358975,1.8,0.9333333333333333,False,0.863,0.7558,False,0.04315
38.07692307692308,0.6430769230769231,1.3555555555555556,1.1666666666666665,False,0.9351,0.789,False,0.046755000000000005
38.07692307692308,0.6487179487179487,1.8,0.9333333333333333,False,1.0395,0.7731,False,0.05197500000000001
38.07692307692308,0.6543589743589744,1.6888888888888889,1.2444444444444445,False,0.8526,0.7253,False,0.04263
38.07692307692308,0.66,1.5777777777777777,1.3222222222222222,False,1.7524,0.6203,False,0.08762
38.46153846153846,0.44000000000000006,1.2444444444444445,1.011111111111111,False,1.8169,0.6328,False,0.090845
38.46153846153846,0.4456410256410257,0.8,0.8555555555555555,False,1.6657,0.625,False,0.083285
38.46153846153846,0.45128205128205134,1.4666666666666668,1.2444444444444445,False,1.5543,0.5698,False,0.077715
38.46153846153846,0.456923076923077,1.0222222222222221,0.7,False,1.3244,0.4131,False,0.06622
38.46153846153846,0.46256410256410263,1.5777777777777777,1.0888888888888888,False,1.5093,0.6996,False,0.075465
38.46153846153846,0.4682051282051283,0.8,1.2444444444444445,False,1.528,0.4886,False,0.0764
38.46153846153846,0.4738461538461539,1.5777777777777777,1.4,False,1.5245,0.5747,False,0.076225
38.46153846153846,0.47948717948717956,1.5777777777777777,1.0888888888888888,False,1.7906,0.6715,False,0.08953
38.46153846153846,0.4851282051282052,1.8,1.011111111111111,False,1.6752,0.6194,False,0.08376
38.46153846153846,0.49076923076923085,1.4666666666666668,1.3222222222222222,False,1.1247,0.6531,False,0.056235
38.46153846153846,0.4964102564102565,0.9111111111111112,1.4,False,1.4362,0.4437,False,0.07181
38.46153846153846,0.5020512820512821,0.8,1.011111111111111,False,2.0238,0.2952,True,0.10119
38.46153846153846,0.5076923076923078,1.2444444444444445,1.3222222222222222,False,1.6614,0.5855,False,0.08307
38.46153846153846,0.5133333333333334,1.5777777777777777,1.3222222222222222,False,1.1154,0.7943,False,0.05577
38.46153846153846,0.5189743589743591,1.3555555555555556,0.9333333333333333,False,1.9259,0.6092,False,0.09629499999999999
38.46153846153846,0.5246153846153847,1.4666666666666668,1.2444444444444445,False,1.7313,0.6656,False,0.086565
38.46153846153846,0.5302564102564103,1.2444444444444445,1.2444444444444445,False,1.3831,0.5959,False,0.069155
38.46153846153846,0.535897435897436,1.3555555555555556,0.7,False,1.2559,0.4669,False,0.062795
38.46153846153846,0.5415384615384616,1.1333333333333333,1.011111111111111,False,1.3203,0.6504,False,0.066015
38.46153846153846,0.5471794871794873,1.5777777777777777,1.2444444444444445,False,0.9065,1.1296,False,0.045325
38.46153846153846,0.5528205128205128,0.9111111111111112,0.7777777777777777,False,1.3469,0.6632,False,0.067345
38.46153846153846,0.5584615384615386,1.6888888888888889,1.011111111111111,False,1.1902,0.963,False,0.05950999999999999
38.46153846153846,0.5641025641025641,0.9111111111111112,0.7,False,2.2236,0.4774,True,0.11117999999999999
38.46153846153846,0.5697435897435899,0.8,0.7,False,1.1753,0.6655,False,0.058765
38.46153846153846,0.5753846153846154,1.0222222222222221,1.3222222222222222,False,1.034,0.9965,False,0.0517
38.46153846153846,0.5810256410256411,0.8,0.7,False,0.9656,0.6592,False,0.04828
38.46153846153846,0.5866666666666667,1.6888888888888889,1.3222222222222222,False,1.2919,0.6278,False,0.064595
38.46153846153846,0.5923076923076923,1.0222222222222221,1.2444444444444445,False,1.1274,0.5381,False,0.056369999999999996
38.46153846153846,0.597948717948718,0.9111111111111112,1.4,False,1.2792,0.6107,False,0.06395999999999999
38.46153846153846,0.6035897435897436,0.9111111111111112,1.1666666666666665,False,0.7099,0.7525,False,0.035495
38.46153846153846,0.6092307692307692,0.9111111111111112,0.7777777777777777,False,1.9383,0.5681,False,0.096915
38.46153846153846,0.6148717948717949,1.1333333333333333,1.1666666666666665,False,1.0154,0.745,False,0.05077
38.46153846153846,0.6205128205128205,1.4666666666666668,1.1666666666666665,False,0.9493,0.8549,False,0.047465
38.46153846153846,0.6261538461538462,1.6888888888888889,1.3222222222222222,False,1.4148,0.5758,False,0.07074
38.46153846153846,0.6317948717948718,0.9111111111111112,1.011111111111111,False,1.2621,0.8,False,0.063105
38.46153846153846,0.6374358974358975,1.8,0.9333333333333333,False,0.7424,0.8816,False,0.03712
38.46153846153846,0.6430769230769231,1.1333333333333333,0.7,False,0.7879,0.7997,False,0.039395
38.46153846153846,0.6487179487179487,1.0222222222222221,0.7,False,1.4636,0.6084,False,0.07318
38.46153846153846,0.6543589743589744,1.8,0.7777777777777777,False,0.8936,0.5884,False,0.04468
38.46153846153846,0.66,0.9111111111111112,1.4,False,1.37,0.7542,False,0.0685
38.84615384615385,0.44000000000000006,1.6888888888888889,1.4,False,1.9453,0.4419,False,0.097265
38.84615384615385,0.4456410256410257,1.1333333333333333,1.2444444444444445,False,2.0198,0.4462,True,0.10099
38.84615384615385,0.45128205128205134,1.5777777777777777,1.1666666666666665,False,1.4427,0.6064,False,0.072135
38.84615384615385,0.456923076923077,1.0222222222222221,1.4,False,2.1788,0.3813,True,0.10894
38.84615384615385,0.46256410256410263,1.0222222222222221,1.011111111111111,False,1.6381,0.6014,False,0.08190499999999999
38.84615384615385,0.4682051282051283,1.4666666666666668,1.2444444444444445,False,1.4822,0.6515,False,0.07411
38.84615384615385,0.4738461538461539,1.4666666666666668,1.0888888888888888,False,1.5632,0.9322,False,0.07816
38.84615384615385,0.47948717948717956,1.1333333333333333,0.9333333333333333,False,1.6223,0.7525,False,0.081115
38.84615384615385,0.4851282051282052,1.5777777777777777,0.8555555555555555,False,1.3649,0.5363,False,0.068245
38.84615384615385,0.49076923076923085,1.2444444444444445,1.2444444444444445,False,1.7496,0.5603,False,0.08748
38.84615384615385,0.4964102564102565,0.9111111111111112,0.9333333333333333,False,2.0877,0.3902,True,0.10438499999999999
38.84615384615385,0.5020512820512821,1.2444444444444445,0.7777777777777777,False,1.3725,0.5871,False,0.068625
38.84615384615385,0.5076923076923078,1.0222222222222221,1.1666666666666665,False,1.3726,0.7617,False,0.06863
38.84615384615385,0.5133333333333334,1.4666666666666668,1.3222222222222222,False,0.7973,0.743,False,0.039865
38.84615384615385,0.5189743589743591,1.6888888888888889,0.7777777777777777,False,1.9024,0.5515,False,0.09512000000000001
38.84615384615385,0.5246153846153847,1.4666666666666668,1.1666666666666665,False,1.0694,0.6916,False,0.05347
38.84615384615385,0.5302564102564103,1.3555555555555556,0.7777777777777777,False,1.0557,0.584,False,0.052785000000000006
38.84615384615385,0.535897435897436,1.4666666666666668,1.0888888888888888,False,1.4887,0.7428,False,0.074435
38.84615384615385,0.5415384615384616,1.0222222222222221,1.1666666666666665,False,0.9499,0.8359,False,0.047494999999999996
38.84615384615385,0.5471794871794873,1.6888888888888889,1.011111111111111,False,0.7083,0.8921,False,0.035415
38.84615384615385,0.5528205128205128,1.0222222222222221,1.1666666666666665,False,1.0892,0.6847,False,0.054459999999999995
38.84615384615385,0.5584615384615386,1.8,0.9333333333333333,False,1.4424,0.6858,False,0.07211999999999999
38.84615384615385,0.5641025641025641,1.2444444444444445,0.9333333333333333,False,1.2032,0.7449,False,0.060160000000000005
38.84615384615385,0.5697435897435899,1.1333333333333333,0.9333333333333333,False,2.7927,0.3998,True,0.139635
38.84615384615385,0.5753846153846154,1.3555555555555556,1.2444444444444445,False,1.2552,0.5967,False,0.06276000000000001
38.84615384615385,0.5810256410256411,1.2444444444444445,1.0888888888888888,False,0.9277,0.7715,False,0.046384999999999996
38.84615384615385,0.5866666666666667,1.4666666666666668,1.3222222222222222,False,0.7555,0.7181,False,0.037774999999999996
38.84615384615385,0.5923076923076923,1.1333333333333333,0.9333333333333333,False,1.032,0.8604,False,0.0516
38.84615384615385,0.597948717948718,1.1333333333333333,0.7777777777777777,False,0.9599,0.7968,False,0.047994999999999996
38.84615384615385,0.6035897435897436,1.6888888888888889,1.0888888888888888,False,1.0143,1.1794,False,0.050714999999999996
38.84615384615385,0.6092307692307692,1.0222222222222221,1.0888888888888888,False,2.0421,0.5858,True,0.102105
38.84615384615385,0.6148717948717949,1.4666666666666668,1.3222222222222222,False,2.4556,0.3514,True,0.12278
38.84615384615385,0.6205128205128205,1.3555555555555556,1.2444444444444445,False,2.2014,0.3406,True,0.11007
38.84615384615385,0.6261538461538462,1.6888888888888889,0.7,False,0.8908,1.0792,False,0.04454
38.84615384615385,0.6317948717948718,1.6888888888888889,0.8555555555555555,False,1.0228,0.6691,False,0.05114
38.84615384615385,0.6374358974358975,1.6888888888888889,1.4,False,1.0291,1.0766,False,0.051454999999999994
38.84615384615385,0.6430769230769231,1.4666666666666668,1.2444444444444445,False,0.7556,0.5428,False,0.03778
38.84615384615385,0.6487179487179487,0.8,0.9333333333333333,False,1.0685,0.7101,False,0.053425
38.84615384615385,0.6543589743589744,1.6888888888888889,1.3222222222222222,False,1.6534,0.7618,False,0.08267
38.84615384615385,0.66,1.6888888888888889,1.3222222222222222,False,1.2316,0.6312,False,0.06158
39.23076923076923,0.44000000000000006,1.6888888888888889,1.1666666666666665,False,2.2355,0.3909,True,0.111775
39.23076923076923,0.4456410256410257,1.4666666666666668,1.2444444444444445,False,2.4467,0.4023,True,0.122335
39.23076923076923,0.45128205128205134,1.0222222222222221,0.7,False,2.545,0.3261,True,0.12725
39.23076923076923,0.456923076923077,1.1333333333333333,1.2444444444444445,False,1.6245,0.5698,False,0.081225
39.23076923076923,0.46256410256410263,1.4666666666666668,1.3222222222222222,False,2.4046,0.343,True,0.12022999999999999
39.23076923076923,0.4682051282051283,1.6888888888888889,1.1666666666666665,False,2.111,0.4954,True,0.10555
39.23076923076923,0.4738461538461539,0.8,1.2444444444444445,False,2.194,0.3294,True,0.10969999999999999
39.23076923076923,0.47948717948717956,1.3555555555555556,1.2444444444444445,False,1.0988,0.7316,False,0.05494
39.23076923076923,0.4851282051282052,1.0222222222222221,1.2444444444444445,False,1.9126,0.4559,False,0.09563
39.23076923076923,0.49076923076923085,1.1333333333333333,1.2444444444444445,False,0.7314,1.0355,False,0.036570000000000005
39.23076923076923,0.4964102564102565,1.3555555555555556,0.8555555555555555,False,1.5997,0.5113,False,0.079985
39.23076923076923,0.5020512820512821,1.3555555555555556,1.011111111111111,False,1.2789,0.6527,False,0.063945
39.23076923076923,0.5076923076923078,1.4666666666666668,1.011111111111111,False,1.2516,0.8026,False,0.06258
39.23076923076923,0.5133333333333334,1.4666666666666668,1.3222222222222222,False,1.7583,0.6677,False,0.087915
39.23076923076923,0.5189743589743591,1.8,1.011111111111111,False,1.3501,0.6159,False,0.06750500000000001
39.23076923076923,0.5246153846153847,1.6888888888888889,1.4,False,1.3716,0.7057,False,0.06858
39.23076923076923,0.5302564102564103,0.9111111111111112,1.3222222222222222,False,1.5149,0.7741,False,0.07574499999999999
39.23076923076923,0.535897435897436,1.1333333333333333,1.011111111111111,False,2.0004,0.637,True,0.10002
39.23076923076923,0.5415384615384616,1.8,1.0888888888888888,False,2.1899,0.5424,True,0.10949500000000001
39.23076923076923,0.5471794871794873,0.8,1.1666666666666665,False,1.5742,0.6579,False,0.07871
39.23076923076923,0.5528205128205128,1.2444444444444445,1.4,False,0.9613,0.6309,False,0.048065000000000004
39.23076923076923,0.5584615384615386,1.6888888888888889,1.3222222222222222,False,2.3112,0.4781,True,0.11556
39.23076923076923,0.5641025641025641,1.2444444444444445,0.9333333333333333,False,1.7109,0.6935,False,0.08554500000000001
39.23076923076923,0.5697435897435899,1.1333333333333333,1.011111111111111,False,0.6667,1.1096,False,0.033335
39.23076923076923,0.5753846153846154,1.3555555555555556,1.3222222222222222,False,1.7355,0.6307,False,0.086775
39.23076923076923,0.5810256410256411,0.8,0.8555555555555555,False,0.748,0.6502,False,0.0374
39.23076923076923,0.5866666666666667,0.9111111111111112,1.4,False,0.8369,0.8478,False,0.041845
39.23076923076923,0.5923076923076923,1.1333333333333333,1.011111111111111,False,1.0592,1.1562,False,0.05295999999999999
39.23076923076923,0.597948717948718,1.8,1.0888888888888888,False,1.1227,0.9888,False,0.056135000000000004
39.23076923076923,0.6035897435897436,1.6888888888888889,1.2444444444444445,False,1.1901,0.9604,False,0.059504999999999995
39.23076923076923,0.6092307692307692,1.1333333333333333,1.1666666666666665,False,1.5025,0.437,False,0.075125
39.23076923076923,0.6148717948717949,1.3555555555555556,1.3222222222222222,False,1.0475,0.4734,False,0.052375000000000005
39.23076923076923,0.6205128205128205,1.4666666666666668,1.3222222222222222,False,0.9896,0.8917,False,0.04948
39.23076923076923,0.6261538461538462,0.8,1.1666666666666665,False,0.9877,0.9263,False,0.049385
39.23076923076923,0.6317948717948718,1.0222222222222221,1.3222222222222222,False,1.0177,1.198,False,0.050885
39.23076923076923,0.6374358974358975,1.5777777777777777,0.7777777777777777,False,0.9784,0.7749,False,0.048920000000000005
39.23076923076923,0.6430769230769231,1.4666666666666668,0.7777777777777777,False,0.8009,0.5188,False,0.040045
39.23076923076923,0.6487179487179487,1.1333333333333333,1.0888888888888888,False,1.2273,0.5855,False,0.061365
39.23076923076923,0.6543589743589744,1.8,0.8555555555555555,False,1.3034,0.5238,False,0.06516999999999999
39.23076923076923,0.66,1.8,0.8555555555555555,False,0.8677,0.7279,False,0.043385
39.61538461538461,0.44000000000000006,1.1333333333333333,0.7,False,3.1358,0.2823,True,0.15679
39.61538461538461,0.4456410256410257,1.0222222222222221,1.3222222222222222,False,1.8765,0.3654,False,0.093825
39.61538461538461,0.45128205128205134,1.6888888888888889,1.0888888888888888,False,2.7117,0.5154,True,0.135585
39.61538461538461,0.456923076923077,1.0222222222222221,0.8555555555555555,False,2.0832,0.5639,True,0.10416
39.61538461538461,0.46256410256410263,0.8,0.8555555555555555,False,1.1361,0.6429,False,0.05680500000000001
39.61538461538461,0.4682051282051283,1.2444444444444445,0.8555555555555555,False,1.7783,0.5677,False,0.088915
39.61538461538461,0.4738461538461539,1.3555555555555556,0.8555555555555555,False,1.3831,0.4334,False,0.069155
39.61538461538461,0.47948717948717956,1.5777777777777777,1.3222222222222222,False,1.5771,0.5162,False,0.078855
39.61538461538461,0.4851282051282052,1.5777777777777777,1.2444444444444445,False,0.8954,0.8229,False,0.04477
39.61538461538461,0.49076923076923085,1.3555555555555556,0.7777777777777777,False,1.2315,0.6382,False,0.061575000000000005
39.61538461538461,0.4964102564102565,1.8,0.8555555555555555,False,1.2846,0.5913,False,0.06423
39.61538461538461,0.5020512820512821,1.8,1.011111111111111,False,1.947,0.7488,False,0.09735
39.61538461538461,0.5076923076923078,1.2444444444444445,1.011111111111111,False,1.2915,0.5719,False,0.06457500000000001
39.61538461538461,0.5133333333333334,0.8,1.4,False,1.9758,0.4156,False,0.09879
39.61538461538461,0.5189743589743591,1.0222222222222221,1.2444444444444445,False,1.147,1.2618,False,0.05735
39.61538461538461,0.5246153846153847,0.8,0.7,False,1.3986,0.9105,False,0.06993
39.61538461538461,0.5302564102564103,1.1333333333333333,1.011111111111111,False,1.3905,0.8002,False,0.069525
39.61538461538461,0.535897435897436,1.4666666666666668,1.2444444444444445,False,0.9498,1.0177,False,0.04749
39.61538461538461,0.5415384615384616,1.1333333333333333,1.011111111111111,False,1.1599,0.8209,False,0.057995
39.61538461538461,0.5471794871794873,0.9111111111111112,1.1666666666666665,False,1.0604,0.874,False,0.05302
39.61538461538461,0.5528205128205128,1.5777777777777777,1.4,False,1.0913,0.8256,False,0.054564999999999995
39.61538461538461,0.5584615384615386,1.0222222222222221,1.0888888888888888,False,1.6847,0.6017,False,0.084235
39.61538461538461,0.5641025641025641,1.1333333333333333,1.1666666666666665,False,0.9227,0.8226,False,0.046134999999999995
39.61538461538461,0.5697435897435899,1.5777777777777777,1.0888888888888888,False,3.1159,0.3724,True,0.155795
39.61538461538461,0.5753846153846154,1.2444444444444445,1.011111111111111,False,2.5057,0.5497,True,0.125285
39.61538461538461,0.5810256410256411,0.8,1.011111111111111,False,1.1919,0.7156,False,0.059594999999999995
39.61538461538461,0.5866666666666667,1.2444444444444445,1.2444444444444445,False,1.5585,0.481,False,0.077925
39.61538461538461,0.5923076923076923,1.3555555555555556,1.3222222222222222,False,1.0815,0.8127,False,0.054075
39.61538461538461,0.597948717948718,1.4666666666666668,1.1666666666666665,False,0.8312,0.9389,False,0.04156
39.61538461538461,0.6035897435897436,1.5777777777777777,1.3222222222222222,False,0.8922,0.4738,False,0.04461
39.61538461538461,0.6092307692307692,0.9111111111111112,1.0888888888888888,False,0.8692,0.917,False,0.04346
39.61538461538461,0.6148717948717949,1.2444444444444445,1.3222222222222222,False,2.0909,0.3991,True,0.104545
39.61538461538461,0.6205128205128205,1.0222222222222221,1.1666666666666665,False,0.8366,0.4497,False,0.04183
39.61538461538461,0.6261538461538462,1.1333333333333333,1.1666666666666665,False,1.0579,0.7813,False,0.052895000000000005
39.61538461538461,0.6317948717948718,0.9111111111111112,1.1666666666666665,False,1.9242,0.4848,False,0.09620999999999999
39.61538461538461,0.6374358974358975,1.6888888888888889,1.1666666666666665,False,1.183,0.8119,False,0.05915
39.61538461538461,0.6430769230769231,0.9111111111111112,1.0888888888888888,False,1.2998,0.566,False,0.06499
39.61538461538461,0.6487179487179487,1.5777777777777777,1.4,False,1.3945,0.7085,False,0.06972500000000001
39.61538461538461,0.6543589743589744,1.6888888888888889,1.2444444444444445,False,1.4707,0.7348,False,0.07353499999999999
39.61538461538461,0.66,1.8,0.8555555555555555,False,0.9789,0.8353,False,0.048945
40.0,0.44000000000000006,1.8,1.2444444444444445,False,1.452,0.5191,False,0.0726
40.0,0.4456410256410257,1.1333333333333333,1.011111111111111,False,1.9794,0.52,False,0.09897
40.0,0.45128205128205134,1.1333333333333333,1.4,False,1.4845,0.4686,False,0.074225
40.0,0.456923076923077,1.2444444444444445,1.1666666666666665,False,2.4592,0.4708,True,0.12296
40.0,0.46256410256410263,0.8,0.8555555555555555,False,1.9409,0.421,False,0.097045
40.0,0.4682051282051283,0.9111111111111112,1.011111111111111,False,1.4824,0.653,False,0.07411999999999999
40.0,0.4738461538461539,1.4666666666666668,1.2444444444444445,False,1.5947,0.6642,False,0.079735
40.0,0.47948717948717956,1.2444444444444445,1.011111111111111,False,1.0047,0.8477,False,0.050234999999999995
40.0,0.4851282051282052,1.2444444444444445,0.7777777777777777,False,1.2831,0.6948,False,0.06415499999999999
40.0,0.49076923076923085,0.9111111111111112,1.0888888888888888,False,0.8529,0.8502,False,0.042645
40.0,0.4964102564102565,1.1333333333333333,1.3222222222222222,False,1.4268,0.5751,False,0.07134
40.0,0.5020512820512821,1.1333333333333333,1.2444444444444445,False,1.2832,0.8035,False,0.06416
40.0,0.5076923076923078,0.9111111111111112,1.2444444444444445,False,2.1244,0.399,True,0.10622000000000001
40.0,0.5133333333333334,1.3555555555555556,1.4,False,2.4954,0.4144,True,0.12477
40.0,0.5189743589743591,1.1333333333333333,1.4,False,1.2342,0.8439,False,0.06171
40.0,0.5246153846153847,1.3555555555555556,0.7777777777777777,False,1.4355,0.699,False,0.071775
40.0,0.5302564102564103,0.8,0.7,False,1.9052,0.677,False,0.09526
40.0,0.535897435897436,0.8,1.4,False,1.9695,0.549,False,0.09847500000000001
40.0,0.5415384615384616,1.0222222222222221,0.7,False,2.2075,0.4639,True,0.110375
40.0,0.5471794871794873,0.8,1.0888888888888888,False,2.5329,0.4272,True,0.126645
40.0,0.5528205128205128,1.6888888888888889,1.011111111111111,False,1.1842,0.8322,False,0.05921
40.0,0.5584615384615386,1.6888888888888889,0.7,False,1.4804,0.6668,False,0.07402
40.0,0.5641025641025641,1.0222222222222221,1.4,False,1.047,0.7647,False,0.052349999999999994
40.0,0.5697435897435899,0.9111111111111112,0.8555555555555555,False,1.4888,0.5554,False,0.07443999999999999
40.0,0.5753846153846154,0.8,1.2444444444444445,False,0.8914,0.8796,False,0.04457
40.0,0.5810256410256411,0.9111111111111112,1.1666666666666665,False,0.8526,0.8858,False,0.04263
40.0,0.5866666666666667,0.9111111111111112,1.1666666666666665,False,0.9326,0.7565,False,0.04663
40.0,0.5923076923076923,0.9111111111111112,1.4,False,1.9626,0.9172,False,0.09813
40.0,0.597948717948718,1.1333333333333333,1.2444444444444445,False,0.709,0.5975,False,0.035449999999999995
40.0,0.6035897435897436,1.0222222222222221,0.9333333333333333,False,1.0659,0.772,False,0.053295
40.0,0.6092307692307692,1.2444444444444445,0.9333333333333333,False,1.3373,0.6813,False,0.066865
40.0,0.6148717948717949,1.8,1.1666666666666665,False,1.8948,0.6331,False,0.09474
40.0,0.6205128205128205,0.8,0.8555555555555555,False,1.3433,0.6631,False,0.067165
40.0,0.6261538461538462,1.4666666666666668,1.1666666666666665,False,0.7837,0.5636,False,0.039185
40.0,0.6317948717948718,1.0222222222222221,1.2444444444444445,False,1.0643,0.693,False,0.053215
40.0,0.6374358974358975,0.9111111111111112,0.7,False,0.6513,0.7016,False,0.032565
40.0,0.6430769230769231,1.5777777777777777,0.9333333333333333,False,1.8677,0.6604,False,0.093385
40.0,0.6487179487179487,1.8,0.8555555555555555,False,0.871,0.4819,False,0.04355
40.0,0.6543589743589744,1.5777777777777777,1.4,False,1.77,0.7792,False,0.0885
40.0,0.66,0.9111111111111112,0.9333333333333333,False,0.8317,0.6358,False,0.041585
40.38461538461539,0.44000000000000006,1.0222222222222221,1.011111111111111,False,1.5045,0.6799,False,0.075225
40.38461538461539,0.4456410256410257,1.0222222222222221,1.011111111111111,False,2.9252,0.4312,True,0.14626
40.38461538461539,0.45128205128205134,0.9111111111111112,1.2444444444444445,False,2.72,0.4472,True,0.136
40.38461538461539,0.456923076923077,0.9111111111111112,0.9333333333333333,False,2.1647,0.4644,True,0.108235
40.38461538461539,0.46256410256410263,1.1333333333333333,1.2444444444444445,False,1.6398,0.5613,False,0.08199
40.38461538461539,0.4682051282051283,0.9111111111111112,1.011111111111111,False,1.8512,0.4305,False,0.09256
40.38461538461539,0.4738461538461539,0.9111111111111112,1.2444444444444445,False,1.2413,0.7726,False,0.062065
40.38461538461539,0.47948717948717956,1.5777777777777777,0.7777777777777777,False,1.4569,0.5372,False,0.07284500000000001
40.38461538461539,0.4851282051282052,1.1333333333333333,0.7,False,1.6505,0.4276,False,0.082525
40.38461538461539,0.49076923076923085,1.6888888888888889,1.0888888888888888,False,1.3281,0.6084,False,0.066405
40.38461538461539,0.4964102564102565,1.4666666666666668,1.2444444444444445,False,1.4082,0.6162,False,0.07041
40.38461538461539,0.5020512820512821,1.5777777777777777,1.3222222222222222,False,1.2239,0.5728,False,0.061195
40.38461538461539,0.5076923076923078,1.5777777777777777,0.7,False,1.4676,0.5176,False,0.07338
40.38461538461539,0.5133333333333334,1.2444444444444445,0.7777777777777777,False,1.6435,0.3943,False,0.082175
40.38461538461539,0.5189743589743591,1.0222222222222221,1.0888888888888888,False,1.4255,0.671,False,0.071275
40.38461538461539,0.5246153846153847,0.8,1.011111111111111,False,3.2677,0.4561,True,0.163385
40.38461538461539,0.5302564102564103,1.5777777777777777,0.7,False,2.2905,0.47,True,0.11452500000000002
40.38461538461539,0.535897435897436,1.4666666666666668,1.1666666666666665,False,0.692,0.9963,False,0.0346
40.38461538461539,0.5415384615384616,0.9111111111111112,1.1666666666666665,False,1.8051,0.6715,False,0.090255
40.38461538461539,0.5471794871794873,1.3555555555555556,1.3222222222222222,False,0.9786,0.6813,False,0.04893
40.38461538461539,0.5528205128205128,1.0222222222222221,0.9333333333333333,False,1.3577,0.6887,False,0.067885
40.38461538461539,0.5584615384615386,1.6888888888888889,0.9333333333333333,False,1.9663,0.5877,False,0.098315
40.38461538461539,0.5641025641025641,1.2444444444444445,1.2444444444444445,False,1.5953,0.5946,False,0.079765
40.38461538461539,0.5697435897435899,1.5777777777777777,1.3222222222222222,False,1.9979,0.546,False,0.099895
40.38461538461539,0.5753846153846154,1.2444444444444445,1.2444444444444445,False,1.4611,0.6459,False,0.07305500000000001
40.38461538461539,0.5810256410256411,1.2444444444444445,1.011111111111111,False,1.1295,0.9225,False,0.056475
40.38461538461539,0.5866666666666667,1.3555555555555556,1.2444444444444445,False,1.9272,0.6651,False,0.09636
40.38461538461539,0.5923076923076923,0.8,1.3222222222222222,False,0.7527,1.0829,False,0.037635
40.38461538461539,0.597948717948718,0.8,1.2444444444444445,False,1.4502,0.6245,False,0.07250999999999999
40.38461538461539,0.6035897435897436,1.4666666666666668,0.9333333333333333,False,1.5431,0.6549,False,0.077155
40.38461538461539,0.6092307692307692,1.2444444444444445,1.2444444444444445,False,1.3194,0.6121,False,0.06597
40.38461538461539,0.6148717948717949,0.9111111111111112,0.7,False,0.849,0.6934,False,0.04245
40.38461538461539,0.6205128205128205,0.9111111111111112,0.7777777777777777,False,1.3144,0.686,False,0.06572
40.38461538461539,0.6261538461538462,1.6888888888888889,1.2444444444444445,False,0.9302,0.5516,False,0.04651
40.38461538461539,0.6317948717948718,1.3555555555555556,0.8555555555555555,False,0.873,0.8249,False,0.04365
40.38461538461539,0.6374358974358975,1.0222222222222221,0.7,False,0.9618,0.7503,False,0.04809
40.38461538461539,0.6430769230769231,1.5777777777777777,0.7777777777777777,False,0.8433,0.6061,False,0.042165
40.38461538461539,0.6487179487179487,1.6888888888888889,0.8555555555555555,False,1.4648,0.6088,False,0.07324
40.38461538461539,0.6543589743589744,1.3555555555555556,1.2444444444444445,False,1.2091,0.7719,False,0.060455
40.38461538461539,0.66,1.5777777777777777,1.2444444444444445,False,1.2353,0.6029,False,0.061765
40.769230769230774,0.44000000000000006,1.0222222222222221,1.011111111111111,False,2.7466,0.4686,True,0.13733
40.769230769230774,0.4456410256410257,1.5777777777777777,1.4,False,1.8813,0.5191,False,0.094065
40.769230769230774,0.45128205128205134,1.0222222222222221,1.1666666666666665,False,1.6987,0.5556,False,0.08493500000000001
40.769230769230774,0.456923076923077,1.1333333333333333,0.8555555555555555,False,2.1002,0.4321,True,0.10501
40.769230769230774,0.46256410256410263,0.9111111111111112,1.2444444444444445,False,1.3108,0.5395,False,0.06554
40.769230769230774,0.4682051282051283,1.6888888888888889,1.011111111111111,False,1.714,0.693,False,0.0857
40.769230769230774,0.4738461538461539,1.4666666666666668,1.3222222222222222,False,2.174,0.421,True,0.10869999999999999
40.769230769230774,0.47948717948717956,1.4666666666666668,1.1666666666666665,False,1.7408,0.4958,False,0.08703999999999999
40.769230769230774,0.4851282051282052,1.8,1.3222222222222222,False,1.294,0.6333,False,0.06470000000000001
40.769230769230774,0.49076923076923085,1.6888888888888889,0.7777777777777777,False,1.4778,0.6471,False,0.07389
40.769230769230774,0.4964102564102565,1.6888888888888889,1.2444444444444445,False,1.2283,0.7378,False,0.061415
40.769230769230774,0.5020512820512821,1.0222222222222221,0.9333333333333333,False,1.053,0.9816,False,0.052649999999999995
40.769230769230774,0.5076923076923078,1.4666666666666668,0.7,False,1.2245,0.7318,False,0.061224999999999995
40.769230769230774,0.5133333333333334,1.4666666666666668,1.3222222222222222,False,2.2781,0.5683,True,0.11390499999999999
40.769230769230774,0.5189743589743591,1.3555555555555556,1.011111111111111,False,2.9825,0.4575,True,0.149125
40.769230769230774,0.5246153846153847,0.8,1.4,False,1.1247,0.7466,False,0.056235
40.769230769230774,0.5302564102564103,1.3555555555555556,1.0888888888888888,False,1.5649,0.8222,False,0.078245
40.769230769230774,0.535897435897436,1.6888888888888889,0.7,False,1.2147,0.902,False,0.060735
40.769230769230774,0.5415384615384616,1.0222222222222221,1.4,False,0.6617,1.0989,False,0.033084999999999996
40.769230769230774,0.5471794871794873,0.9111111111111112,1.3222222222222222,False,1.0423,0.7392,False,0.052115
40.769230769230774,0.5528205128205128,1.1333333333333333,0.9333333333333333,False,1.3001,0.9361,False,0.06500500000000001
40.769230769230774,0.5584615384615386,1.1333333333333333,0.8555555555555555,False,1.0488,0.8494,False,0.05244
40.769230769230774,0.5641025641025641,1.8,1.2444444444444445,False,1.3102,0.8053,False,0.06551
40.769230769230774,0.5697435897435899,1.2444444444444445,1.011111111111111,False,1.3073,0.5476,False,0.06536499999999999
40.769230769230774,0.5753846153846154,0.8,0.7,False,0.8117,0.6314,False,0.040584999999999996
40.769230769230774,0.5810256410256411,1.6888888888888889,1.011111111111111,False,1.632,0.7014,False,0.08159999999999999
40.769230769230774,0.5866666666666667,1.5777777777777777,0.7,False,1.6887,0.6234,False,0.08443500000000001
40.769230769230774,0.5923076923076923,1.0222222222222221,1.2444444444444445,False,0.9592,0.5648,False,0.04796
40.769230769230774,0.597948717948718,1.5777777777777777,0.7777777777777777,False,1.1994,0.9451,False,0.05997
40.769230769230774,0.6035897435897436,1.2444444444444445,1.3222222222222222,False,0.7649,1.1287,False,0.038245
40.769230769230774,0.6092307692307692,1.1333333333333333,0.9333333333333333,False,1.3635,0.5456,False,0.068175
40.769230769230774,0.6148717948717949,1.3555555555555556,1.3222222222222222,False,1.405,0.4812,False,0.07025
40.769230769230774,0.6205128205128205,1.3555555555555556,1.2444444444444445,False,0.7185,0.8952,False,0.035925
40.769230769230774,0.6261538461538462,1.6888888888888889,1.3222222222222222,False,0.838,0.6601,False,0.0419
40.769230769230774,0.6317948717948718,1.6888888888888889,1.2444444444444445,False,0.8183,0.6431,False,0.040915
40.769230769230774,0.6374358974358975,1.6888888888888889,1.3222222222222222,False,1.2047,0.8599,False,0.060235000000000004
40.769230769230774,0.6430769230769231,1.1333333333333333,0.7,False,1.2329,0.8704,False,0.061645000000000005
40.769230769230774,0.6487179487179487,1.5777777777777777,0.8555555555555555,False,0.8259,0.753,False,0.041295
40.769230769230774,0.6543589743589744,1.8,0.8555555555555555,False,0.8197,0.6852,False,0.040985
40.769230769230774,0.66,1.4666666666666668,1.2444444444444445,False,0.7391,0.6346,False,0.036955
41.15384615384615,0.44000000000000006,1.5777777777777777,1.0888888888888888,False,2.1507,0.4143,True,0.107535
41.15384615384615,0.4456410256410257,1.1333333333333333,1.011111111111111,False,3.0288,0.3993,True,0.15144
41.15384615384615,0.45128205128205134,1.8,0.9333333333333333,False,1.3845,0.6656,False,0.06922500000000001
41.15384615384615,0.456923076923077,1.2444444444444445,1.2444444444444445,False,1.6946,0.7529,False,0.08473
41.15384615384615,0.46256410256410263,1.1333333333333333,0.9333333333333333,False,1.4873,0.6769,False,0.074365
41.15384615384615,0.4682051282051283,0.9111111111111112,1.1666666666666665,False,2.0999,0.4941,True,0.10499499999999999
41.15384615384615,0.4738461538461539,1.4666666666666668,1.2444444444444445,False,2.6241,0.4333,True,0.131205
41.15384615384615,0.47948717948717956,1.5777777777777777,0.9333333333333333,False,1.4239,0.5767,False,0.071195
41.15384615384615,0.4851282051282052,1.0222222222222221,1.011111111111111,False,1.0586,0.8709,False,0.05293
41.15384615384615,0.49076923076923085,1.8,1.1666666666666665,False,0.6865,0.9023,False,0.034325
41.15384615384615,0.4964102564102565,1.1333333333333333,1.1666666666666665,False,1.4842,0.702,False,0.07421
41.15384615384615,0.5020512820512821,1.8,0.9333333333333333,False,1.2291,0.9094,False,0.061455
41.15384615384615,0.5076923076923078,1.6888888888888889,0.8555555555555555,False,1.6795,0.5367,False,0.083975
41.15384615384615,0.5133333333333334,1.5777777777777777,1.3222222222222222,False,1.713,0.5757,False,0.08565
41.15384615384615,0.5189743589743591,1.6888888888888889,0.8555555555555555,False,0.9769,0.8997,False,0.048845
41.15384615384615,0.5246153846153847,0.8,0.7,False,1.2344,0.7371,False,0.06172
41.15384615384615,0.5302564102564103,1.0222222222222221,0.8555555555555555,False,2.4183,0.5552,True,0.120915
41.15384615384615,0.535897435897436,1.3555555555555556,1.1666666666666665,False,1.2647,0.6915,False,0.063235
41.15384615384615,0.5415384615384616,0.8,0.9333333333333333,False,1.2059,0.8683,False,0.060295
41.15384615384615,0.5471794871794873,1.5777777777777777,1.2444444444444445,False,1.2718,0.6549,False,0.06359000000000001
41.15384615384615,0.5528205128205128,1.2444444444444445,1.4,False,1.6751,0.6032,False,0.083755
41.15384615384615,0.5584615384615386,1.2444444444444445,1.011111111111111,False,1.19,0.7621,False,0.0595
41.15384615384615,0.5641025641025641,0.8,0.7,False,0.8941,1.0803,False,0.044705
41.15384615384615,0.5697435897435899,1.5777777777777777,1.3222222222222222,False,1.403,0.7521,False,0.07015
41.15384615384615,0.5753846153846154,1.2444444444444445,0.7777777777777777,False,0.7426,1.7413,False,0.03713
41.15384615384615,0.5810256410256411,0.9111111111111112,0.8555555555555555,False,1.9817,0.5737,False,0.099085
41.15384615384615,0.5866666666666667,0.9111111111111112,1.2444444444444445,False,1.2515,0.7584,False,0.062575
41.15384615384615,0.5923076923076923,1.3555555555555556,1.1666666666666665,False,0.4263,1.5421,False,0.021315
41.15384615384615,0.597948717948718,1.2444444444444445,0.8555555555555555,False,0.6956,0.8558,False,0.03478
41.15384615384615,0.6035897435897436,1.8,0.9333333333333333,False,0.7006,1.0588,False,0.03503
41.15384615384615,0.6092307692307692,1.1333333333333333,1.1666666666666665,False,0.9918,0.9067,False,0.04959
41.15384615384615,0.6148717948717949,1.6888888888888889,1.2444444444444445,False,0.6764,1.0546,False,0.03382
41.15384615384615,0.6205128205128205,1.8,0.7777777777777777,False,1.1617,0.7001,False,0.058085
41.15384615384615,0.6261538461538462,1.5777777777777777,1.2444444444444445,False,1.9387,0.4175,False,0.09693500000000001
41.15384615384615,0.6317948717948718,1.4666666666666668,0.9333333333333333,False,1.5821,0.6721,False,0.07910500000000001
41.15384615384615,0.6374358974358975,1.0222222222222221,0.7777777777777777,False,0.9079,1.0159,False,0.045395000000000005
41.15384615384615,0.6430769230769231,1.1333333333333333,0.8555555555555555,False,0.6952,0.7319,False,0.03476
41.15384615384615,0.6487179487179487,0.9111111111111112,1.1666666666666665,False,0.7103,0.8852,False,0.035515000000000005
41.15384615384615,0.6543589743589744,0.8,1.3222222222222222,False,0.9144,0.5659,False,0.04572
41.15384615384615,0.66,0.9111111111111112,1.3222222222222222,False,1.784,0.7359,False,0.0892
41.53846153846154,0.44000000000000006,1.6888888888888889,1.2444444444444445,False,1.7882,0.5001,False,0.08941
41.53846153846154,0.4456410256410257,1.0222222222222221,0.9333333333333333,False,1.2668,0.8469,False,0.06334
41.53846153846154,0.45128205128205134,1.6888888888888889,1.1666666666666665,False,2.6051,0.579,True,0.130255
41.53846153846154,0.456923076923077,1.6888888888888889,1.2444444444444445,False,1.9988,0.6803,False,0.09994
41.53846153846154,0.46256410256410263,1.2444444444444445,0.7777777777777777,False,1.4484,0.4378,False,0.07242
41.53846153846154,0.4682051282051283,1.3555555555555556,1.4,False,1.6569,0.7899,False,0.082845
41.53846153846154,0.4738461538461539,1.1333333333333333,1.011111111111111,False,2.4023,0.3889,True,0.120115
41.53846153846154,0.47948717948717956,1.0222222222222221,1.011111111111111,False,2.1697,0.7313,True,0.10848500000000001
41.53846153846154,0.4851282051282052,1.4666666666666668,1.3222222222222222,False,1.7698,0.5018,False,0.08849
41.53846153846154,0.49076923076923085,1.4666666666666668,1.1666666666666665,False,1.0812,0.6844,False,0.05406
41.53846153846154,0.4964102564102565,0.8,1.2444444444444445,False,1.3566,0.6979,False,0.06783
41.53846153846154,0.5020512820512821,0.8,1.2444444444444445,False,1.0006,1.1357,False,0.05003
41.53846153846154,0.5076923076923078,1.2444444444444445,1.011111111111111,False,1.822,0.5178,False,0.0911
41.53846153846154,0.5133333333333334,1.8,0.7,False,1.1233,0.7681,False,0.056165
41.53846153846154,0.5189743589743591,1.8,0.7,False,0.9474,0.7973,False,0.04737
41.53846153846154,0.5246153846153847,1.0222222222222221,0.9333333333333333,False,0.8947,0.5513,False,0.044735000000000004
41.53846153846154,0.5302564102564103,0.8,1.2444444444444445,False,0.8604,1.1355,False,0.04302
41.53846153846154,0.535897435897436,1.5777777777777777,1.3222222222222222,False,2.096,0.6261,True,0.1048
41.53846153846154,0.5415384615384616,1.0222222222222221,1.4,False,0.9006,0.8457,False,0.04503
41.53846153846154,0.5471794871794873,1.1333333333333333,1.2444444444444445,False,0.6776,1.1372,False,0.03388
41.53846153846154,0.5528205128205128,1.3555555555555556,1.011111111111111,False,0.9458,1.397,False,0.04729
41.53846153846154,0.5584615384615386,1.1333333333333333,1.011111111111111,False,0.601,1.2619,False,0.03005
41.53846153846154,0.5641025641025641,1.2444444444444445,1.1666666666666665,False,0.8808,1.1328,False,0.04404
41.53846153846154,0.5697435897435899,1.4666666666666668,1.2444444444444445,False,0.7864,0.7954,False,0.03932
41.53846153846154,0.5753846153846154,1.0222222222222221,0.9333333333333333,False,1.3404,0.8171,False,0.06702
41.53846153846154,0.5810256410256411,0.8,1.0888888888888888,False,0.9804,0.6694,False,0.04902
41.53846153846154,0.5866666666666667,0.9111111111111112,0.7,False,1.1559,0.7602,False,0.057795
41.53846153846154,0.5923076923076923,0.9111111111111112,1.1666666666666665,False,0.7465,0.8356,False,0.037325000000000004
41.53846153846154,0.597948717948718,1.1333333333333333,1.0888888888888888,False,0.5729,1.5731,False,0.028644999999999997
41.53846153846154,0.6035897435897436,1.0222222222222221,1.2444444444444445,False,1.5723,0.5965,False,0.078615
41.53846153846154,0.6092307692307692,1.8,1.3222222222222222,False,0.8558,0.5421,False,0.04279
41.53846153846154,0.6148717948717949,1.8,1.2444444444444445,False,1.33,0.8265,False,0.0665
41.53846153846154,0.6205128205128205,1.6888888888888889,1.3222222222222222,False,1.0401,1.0306,False,0.052005
41.53846153846154,0.6261538461538462,1.0222222222222221,1.2444444444444445,False,0.8382,0.7157,False,0.041909999999999996
41.53846153846154,0.6317948717948718,1.0222222222222221,1.2444444444444445,False,0.6831,0.757,False,0.034155000000000005
41.53846153846154,0.6374358974358975,1.1333333333333333,1.3222222222222222,False,1.5617,0.7511,False,0.078085
41.53846153846154,0.6430769230769231,1.6888888888888889,1.2444444444444445,False,1.3214,0.7298,False,0.06606999999999999
41.53846153846154,0.6487179487179487,1.4666666666666668,0.8555555555555555,False,0.8444,1.0492,False,0.04222
41.53846153846154,0.6543589743589744,1.6888888888888889,0.8555555555555555,False,0.781,0.525,False,0.03905
41.53846153846154,0.66,1.4666666666666668,1.0888888888888888,False,1.6786,0.533,False,0.08393
41.92307692307692,0.44000000000000006,0.9111111111111112,1.4,False,2.3037,0.5829,True,0.11518500000000001
41.92307692307692,0.4456410256410257,1.4666666666666668,0.7,False,1.0029,0.7959,False,0.050144999999999995
41.92307692307692,0.45128205128205134,1.5777777777777777,1.0888888888888888,False,2.0524,0.5936,True,0.10262
41.92307692307692,0.456923076923077,1.2444444444444445,1.011111111111111,False,2.0799,0.534,True,0.10399499999999999
41.92307692307692,0.46256410256410263,0.8,0.7,False,1.2734,0.7982,False,0.06367
41.92307692307692,0.4682051282051283,1.3555555555555556,1.4,False,2.2053,0.5397,True,0.11026499999999999
41.92307692307692,0.4738461538461539,0.9111111111111112,1.0888888888888888,False,1.2453,0.6385,False,0.062265
41.92307692307692,0.47948717948717956,1.4666666666666668,0.8555555555555555,False,1.0227,0.7002,False,0.051135
41.92307692307692,0.4851282051282052,0.8,0.8555555555555555,False,2.1404,0.4146,True,0.10702
41.92307692307692,0.49076923076923085,1.6888888888888889,1.0888888888888888,False,0.8341,1.1149,False,0.041705
41.92307692307692,0.4964102564102565,1.6888888888888889,1.4,False,1.8872,0.5464,False,0.09436
41.92307692307692,0.5020512820512821,1.6888888888888889,1.2444444444444445,False,1.2132,1.0806,False,0.060660000000000006
41.92307692307692,0.5076923076923078,1.0222222222222221,1.1666666666666665,False,1.7853,0.594,False,0.08926500000000001
41.92307692307692,0.5133333333333334,1.5777777777777777,1.1666666666666665,False,1.2606,0.7603,False,0.06303
41.92307692307692,0.5189743589743591,1.4666666666666668,1.4,False,2.3969,0.5992,True,0.11984500000000001
41.92307692307692,0.5246153846153847,1.8,1.2444444444444445,False,1.7008,0.537,False,0.08504
41.92307692307692,0.5302564102564103,1.1333333333333333,1.1666666666666665,False,1.3981,0.6559,False,0.069905
41.92307692307692,0.535897435897436,1.0222222222222221,1.2444444444444445,False,1.651,0.8814,False,0.08255
41.92307692307692,0.5415384615384616,1.5777777777777777,0.7,False,1.3105,1.0409,False,0.065525
41.92307692307692,0.5471794871794873,1.1333333333333333,1.0888888888888888,False,2.6922,0.5058,True,0.13461
41.92307692307692,0.5528205128205128,1.4666666666666668,0.9333333333333333,False,1.2872,0.9872,False,0.06436
41.92307692307692,0.5584615384615386,1.3555555555555556,1.0888888888888888,False,0.8545,1.0511,False,0.042725
41.92307692307692,0.5641025641025641,1.2444444444444445,0.7,False,2.9113,0.5653,True,0.145565
41.92307692307692,0.5697435897435899,1.8,1.011111111111111,False,1.31,1.0481,False,0.0655
41.92307692307692,0.5753846153846154,0.9111111111111112,1.2444444444444445,False,1.1461,0.9204,False,0.057304999999999995
41.92307692307692,0.5810256410256411,1.1333333333333333,1.2444444444444445,False,1.7008,0.8724,False,0.08504
41.92307692307692,0.5866666666666667,1.0222222222222221,1.3222222222222222,False,1.3676,0.6875,False,0.06838
41.92307692307692,0.5923076923076923,1.4666666666666668,1.3222222222222222,False,0.7616,0.7735,False,0.03808
41.92307692307692,0.597948717948718,1.2444444444444445,1.3222222222222222,False,0.9922,0.8523,False,0.04961
41.92307692307692,0.6035897435897436,0.9111111111111112,1.1666666666666665,False,0.8294,0.9791,False,0.04147
41.92307692307692,0.6092307692307692,1.5777777777777777,0.8555555555555555,False,1.5944,0.6182,False,0.07972
41.92307692307692,0.6148717948717949,1.6888888888888889,1.2444444444444445,False,0.8003,1.1441,False,0.040015
41.92307692307692,0.6205128205128205,1.6888888888888889,0.9333333333333333,False,2.1291,0.6891,True,0.10645500000000001
41.92307692307692,0.6261538461538462,1.3555555555555556,1.3222222222222222,False,1.7845,0.635,False,0.089225
41.92307692307692,0.6317948717948718,0.8,0.9333333333333333,False,1.0203,1.1124,False,0.051015
41.92307692307692,0.6374358974358975,1.3555555555555556,0.7777777777777777,False,0.6905,0.8015,False,0.034525
41.92307692307692,0.6430769230769231,0.9111111111111112,1.0888888888888888,False,1.1421,0.6338,False,0.057104999999999996
41.92307692307692,0.6487179487179487,1.5777777777777777,0.7777777777777777,False,0.9497,0.7986,False,0.047485
41.92307692307692,0.6543589743589744,1.8,0.8555555555555555,False,0.7551,0.5761,False,0.037755
41.92307692307692,0.66,1.6888888888888889,0.7777777777777777,False,1.1692,0.6553,False,0.05846
42.30769230769231,0.44000000000000006,1.1333333333333333,1.011111111111111,False,1.8344,0.4893,False,0.09172
42.30769230769231,0.4456410256410257,1.5777777777777777,0.7,False,2.6793,0.4375,True,0.133965
42.30769230769231,0.45128205128205134,1.8,1.2444444444444445,False,2.8864,0.4846,True,0.14432
42.30769230769231,0.456923076923077,1.3555555555555556,1.011111111111111,False,1.6728,0.5921,False,0.08364
42.30769230769231,0.46256410256410263,1.5777777777777777,1.011111111111111,False,2.0588,0.5185,True,0.10294
42.30769230769231,0.4682051282051283,1.8,1.011111111111111,False,1.9738,0.6935,False,0.09869
42.30769230769231,0.4738461538461539,1.3555555555555556,0.7777777777777777,False,1.2436,0.629,False,0.06218
42.30769230769231,0.47948717948717956,1.6888888888888889,1.4,False,2.4259,0.4721,True,0.121295
42.30769230769231,0.4851282051282052,1.8,1.2444444444444445,False,1.9572,0.4763,False,0.09786
42.30769230769231,0.49076923076923085,1.1333333333333333,0.7,False,0.8187,0.8371,False,0.040935
42.30769230769231,0.4964102564102565,1.4666666666666668,1.2444444444444445,False,2.3367,0.5451,True,0.116835
42.30769230769231,0.5020512820512821,0.9111111111111112,1.3222222222222222,False,1.4777,0.547,False,0.073885
42.30769230769231,0.5076923076923078,1.5777777777777777,1.0888888888888888,False,0.9966,0.8308,False,0.04983
42.30769230769231,0.5133333333333334,0.8,1.3222222222222222,False,1.4911,0.818,False,0.07455500000000001
42.30769230769231,0.5189743589743591,1.3555555555555556,1.011111111111111,False,2.7352,0.3745,True,0.13676
42.30769230769231,0.5246153846153847,1.0222222222222221,0.7,False,1.0314,0.6605,False,0.051570000000000005
42.30769230769231,0.5302564102564103,1.2444444444444445,1.1666666666666665,False,0.8962,0.951,False,0.04481
42.30769230769231,0.535897435897436,1.4666666666666668,1.0888888888888888,False,0.5639,2.2658,False,0.028194999999999998
42.30769230769231,0.5415384615384616,1.0222222222222221,1.1666666666666665,False,2.654,0.5872,True,0.13269999999999998
42.30769230769231,0.5471794871794873,1.0222222222222221,1.011111111111111,False,1.708,0.6354,False,0.0854
42.30769230769231,0.5528205128205128,1.6888888888888889,1.4,False,1.0629,0.8627,False,0.053145
42.30769230769231,0.5584615384615386,1.8,1.4,False,1.65,0.7068,False,0.08249999999999999
42.30769230769231,0.5641025641025641,1.0222222222222221,1.3222222222222222,False,1.0303,0.672,False,0.051515
42.30769230769231,0.5697435897435899,0.9111111111111112,1.2444444444444445,False,2.9333,0.506,True,0.146665
42.30769230769231,0.5753846153846154,1.2444444444444445,1.3222222222222222,False,1.8541,0.5742,False,0.09270500000000001
42.30769230769231,0.5810256410256411,1.4666666666666668,0.7,False,0.7972,1.0664,False,0.03986
42.30769230769231,0.5866666666666667,1.1333333333333333,1.3222222222222222,False,0.6482,0.8633,False,0.03241
42.30769230769231,0.5923076923076923,1.8,1.2444444444444445,False,1.1039,0.7609,False,0.05519500000000001
42.30769230769231,0.597948717948718,1.5777777777777777,1.1666666666666665,False,1.3053,0.6882,False,0.06526499999999999
42.30769230769231,0.6035897435897436,1.6888888888888889,1.0888888888888888,False,1.224,0.7274,False,0.0612
42.30769230769231,0.6092307692307692,1.6888888888888889,1.011111111111111,False,0.9842,0.9504,False,0.04921
42.30769230769231,0.6148717948717949,1.0222222222222221,1.3222222222222222,False,1.0377,1.0002,False,0.051885
42.30769230769231,0.6205128205128205,1.4666666666666668,1.3222222222222222,False,0.8422,0.762,False,0.042109999999999995
42.30769230769231,0.6261538461538462,0.9111111111111112,1.1666666666666665,False,1.9898,0.4686,False,0.09949
42.30769230769231,0.6317948717948718,1.8,1.1666666666666665,False,0.973,0.5017,False,0.04865
42.30769230769231,0.6374358974358975,1.0222222222222221,0.7,False,1.1943,0.6211,False,0.059715
42.30769230769231,0.6430769230769231,1.2444444444444445,1.2444444444444445,False,0.6585,0.7424,False,0.032924999999999996
42.30769230769231,0.6487179487179487,1.3555555555555556,1.2444444444444445,False,0.6672,0.8437,False,0.03336
42.30769230769231,0.6543589743589744,1.2444444444444445,1.2444444444444445,False,2.4516,0.5793,True,0.12258
42.30769230769231,0.66,1.8,1.3222222222222222,False,1.4682,0.6598,False,0.07341
42.69230769230769,0.44000000000000006,1.0222222222222221,0.9333333333333333,False,1.5015,0.7548,False,0.075075
42.69230769230769,0.4456410256410257,0.8,0.8555555555555555,False,0.5256,2.2442,False,0.026279999999999998
42.69230769230769,0.45128205128205134,1.0222222222222221,1.1666666666666665,False,1.676,0.8034,False,0.0838
42.69230769230769,0.456923076923077,0.9111111111111112,1.2444444444444445,False,3.1991,0.346,True,0.159955
42.69230769230769,0.46256410256410263,1.2444444444444445,0.7777777777777777,False,1.0784,0.8284,False,0.05392
42.69230769230769,0.4682051282051283,1.5777777777777777,0.7777777777777777,False,1.5153,0.764,False,0.075765
42.69230769230769,0.4738461538461539,1.0222222222222221,0.7,False,1.5252,0.583,False,0.07626
42.69230769230769,0.47948717948717956,1.1333333333333333,1.1666666666666665,False,1.4939,0.8264,False,0.074695
42.69230769230769,0.4851282051282052,0.8,1.0888888888888888,False,0.7656,1.0754,False,0.038279999999999995
42.69230769230769,0.49076923076923085,1.8,1.2444444444444445,False,1.5816,0.556,False,0.07908
42.69230769230769,0.4964102564102565,1.3555555555555556,1.4,False,1.2649,0.7725,False,0.063245
42.69230769230769,0.5020512820512821,1.0222222222222221,1.0888888888888888,False,1.045,0.7438,False,0.05225
42.69230769230769,0.5076923076923078,1.4666666666666668,1.2444444444444445,False,1.4993,0.5236,False,0.074965
42.69230769230769,0.5133333333333334,1.4666666666666668,1.1666666666666665,False,1.7979,0.7822,False,0.089895
42.69230769230769,0.5189743589743591,1.4666666666666668,1.4,False,1.1626,0.7657,False,0.05813
42.69230769230769,0.5246153846153847,1.0222222222222221,1.011111111111111,False,1.0541,0.7773,False,0.052705
42.69230769230769,0.5302564102564103,1.8,1.2444444444444445,False,0.8387,1.2027,False,0.041935
42.69230769230769,0.535897435897436,1.4666666666666668,1.011111111111111,False,2.1649,0.6067,True,0.108245
42.69230769230769,0.5415384615384616,0.9111111111111112,1.3222222222222222,False,2.6955,0.5596,True,0.134775
42.69230769230769,0.5471794871794873,1.0222222222222221,1.3222222222222222,False,1.4187,0.5006,False,0.070935
42.69230769230769,0.5528205128205128,1.2444444444444445,0.7,False,1.0569,0.963,False,0.052844999999999996
42.69230769230769,0.5584615384615386,1.1333333333333333,1.4,False,1.1371,1.2308,False,0.056855
42.69230769230769,0.5641025641025641,1.2444444444444445,1.0888888888888888,False,2.7529,0.5307,True,0.137645
42.69230769230769,0.5697435897435899,1.3555555555555556,1.3222222222222222,False,1.0132,0.7914,False,0.050660000000000004
42.69230769230769,0.5753846153846154,1.0222222222222221,1.4,False,0.9376,1.0154,False,0.04688
42.69230769230769,0.5810256410256411,1.0222222222222221,0.9333333333333333,False,1.3522,0.619,False,0.06761
42.69230769230769,0.5866666666666667,1.4666666666666668,1.1666666666666665,False,1.0136,1.3594,False,0.05068
42.69230769230769,0.5923076923076923,1.0222222222222221,1.2444444444444445,False,1.6843,0.7739,False,0.084215
42.69230769230769,0.597948717948718,1.4666666666666668,1.0888888888888888,False,1.248,0.8575,False,0.0624
42.69230769230769,0.6035897435897436,0.8,1.0888888888888888,False,1.2678,0.7916,False,0.06339
42.69230769230769,0.6092307692307692,1.3555555555555556,1.2444444444444445,False,1.1169,0.7095,False,0.055845
42.69230769230769,0.6148717948717949,1.6888888888888889,1.3222222222222222,False,0.9245,1.3531,False,0.046225
42.69230769230769,0.6205128205128205,1.0222222222222221,1.2444444444444445,False,1.0172,1.0296,False,0.05086
42.69230769230769,0.6261538461538462,1.2444444444444445,1.1666666666666665,False,1.2512,1.3519,False,0.06256
42.69230769230769,0.6317948717948718,0.8,1.0888888888888888,False,1.766,0.6598,False,0.0883
42.69230769230769,0.6374358974358975,1.2444444444444445,1.1666666666666665,False,0.902,0.8346,False,0.0451
42.69230769230769,0.6430769230769231,1.5777777777777777,0.7777777777777777,False,0.8836,0.708,False,0.044180000000000004
42.69230769230769,0.6487179487179487,1.8,1.0888888888888888,False,1.5999,0.7862,False,0.07999500000000001
42.69230769230769,0.6543589743589744,1.4666666666666668,0.7777777777777777,False,0.7579,0.7688,False,0.037895
42.69230769230769,0.66,1.0222222222222221,1.4,False,0.7457,1.2583,False,0.037285
43.07692307692308,0.44000000000000006,0.8,0.7,False,2.4739,0.4284,True,0.123695
43.07692307692308,0.4456410256410257,1.8,1.0888888888888888,False,2.6442,0.5604,True,0.13221
43.07692307692308,0.45128205128205134,0.8,1.4,False,2.5193,0.469,True,0.125965
43.07692307692308,0.456923076923077,1.2444444444444445,0.9333333333333333,False,2.1546,0.5206,True,0.10772999999999999
43.07692307692308,0.46256410256410263,1.0222222222222221,0.9333333333333333,False,1.6892,0.7004,False,0.08446000000000001
43.07692307692308,0.4682051282051283,1.0222222222222221,1.2444444444444445,False,2.0829,0.4823,True,0.104145
43.07692307692308,0.4738461538461539,1.2444444444444445,1.0888888888888888,False,1.6152,0.5405,False,0.08076
43.07692307692308,0.47948717948717956,1.4666666666666668,0.9333333333333333,False,1.547,0.8658,False,0.07735
43.07692307692308,0.4851282051282052,1.1333333333333333,1.011111111111111,False,1.0913,0.9099,False,0.054564999999999995
43.07692307692308,0.49076923076923085,1.1333333333333333,0.8555555555555555,False,1.3732,0.7633,False,0.06866
43.07692307692308,0.4964102564102565,1.4666666666666668,1.2444444444444445,False,1.3395,0.7192,False,0.06697499999999999
43.07692307692308,0.5020512820512821,1.8,0.8555555555555555,False,1.7701,0.6818,False,0.088505
43.07692307692308,0.5076923076923078,0.9111111111111112,1.1666666666666665,False,1.2077,1.3857,False,0.060385
43.07692307692308,0.5133333333333334,1.4666666666666668,1.1666666666666665,False,0.862,1.0631,False,0.0431
43.07692307692308,0.5189743589743591,1.3555555555555556,1.3222222222222222,False,2.1194,0.7331,True,0.10597000000000001
43.07692307692308,0.5246153846153847,1.1333333333333333,1.0888888888888888,False,1.3515,0.7917,False,0.067575
43.07692307692308,0.5302564102564103,1.5777777777777777,1.2444444444444445,False,1.9778,0.6694,False,0.09889
43.07692307692308,0.535897435897436,0.9111111111111112,1.4,False,1.3412,0.8013,False,0.06706
43.07692307692308,0.5415384615384616,1.4666666666666668,1.1666666666666665,False,1.7205,0.8054,False,0.08602499999999999
43.07692307692308,0.5471794871794873,0.8,1.011111111111111,False,0.7478,0.8354,False,0.03739
43.07692307692308,0.5528205128205128,1.8,0.7777777777777777,False,1.2971,0.7411,False,0.064855
43.07692307692308,0.5584615384615386,1.2444444444444445,1.3222222222222222,False,0.6542,1.3714,False,0.03271
43.07692307692308,0.5641025641025641,1.5777777777777777,1.011111111111111,False,0.9802,0.8941,False,0.04901
43.07692307692308,0.5697435897435899,1.6888888888888889,0.8555555555555555,False,1.1402,1.0818,False,0.057010000000000005
43.07692307692308,0.5753846153846154,1.4666666666666668,1.2444444444444445,False,0.6967,1.0556,False,0.034835
43.07692307692308,0.5810256410256411,1.3555555555555556,1.4,False,0.711,0.7513,False,0.03555
43.07692307692308,0.5866666666666667,1.3555555555555556,1.4,False,0.9161,1.2485,False,0.045805
43.07692307692308,0.5923076923076923,0.8,0.7777777777777777,False,0.8885,0.9146,False,0.044425
43.07692307692308,0.597948717948718,1.0222222222222221,1.0888888888888888,False,1.1034,1.5874,False,0.05517
43.07692307692308,0.6035897435897436,1.4666666666666668,1.0888888888888888,False,0.9479,1.2672,False,0.047395
43.07692307692308,0.6092307692307692,0.9111111111111112,1.2444444444444445,False,0.8671,0.5573,False,0.043355
43.07692307692308,0.6148717948717949,1.3555555555555556,0.9333333333333333,False,1.2275,0.9005,False,0.061375
43.07692307692308,0.6205128205128205,0.9111111111111112,1.3222222222222222,False,0.7507,1.2867,False,0.037535
43.07692307692308,0.6261538461538462,0.9111111111111112,0.7777777777777777,False,1.073,1.2089,False,0.053649999999999996
43.07692307692308,0.6317948717948718,1.4666666666666668,1.1666666666666665,False,0.6215,1.088,False,0.031075000000000002
43.07692307692308,0.6374358974358975,1.5777777777777777,1.3222222222222222,False,0.6962,1.28,False,0.03481
43.07692307692308,0.6430769230769231,1.1333333333333333,0.8555555555555555,False,1.159,0.7867,False,0.05795
43.07692307692308,0.6487179487179487,0.8,1.011111111111111,False,0.6706,1.3201,False,0.03353
43.07692307692308,0.6543589743589744,1.2444444444444445,1.011111111111111,False,0.6702,0.7285,False,0.03351
43.07692307692308,0.66,1.8,1.4,False,1.3261,0.8843,False,0.066305
43.46153846153846,0.44000000000000006,0.9111111111111112,1.011111111111111,False,2.103,0.5129,True,0.10515000000000001
43.46153846153846,0.4456410256410257,1.5777777777777777,1.0888888888888888,False,2.7697,0.4938,True,0.138485
43.46153846153846,0.45128205128205134,1.3555555555555556,1.3222222222222222,False,1.639,0.6613,False,0.08195
43.46153846153846,0.456923076923077,1.8,1.3222222222222222,False,1.0004,1.1449,False,0.050019999999999995
43.46153846153846,0.46256410256410263,0.9111111111111112,1.4,False,1.613,0.7244,False,0.08065
43.46153846153846,0.4682051282051283,1.2444444444444445,1.1666666666666665,False,1.7164,0.8201,False,0.08582
43.46153846153846,0.4738461538461539,0.8,1.3222222222222222,False,2.0972,0.5968,True,0.10486
43.46153846153846,0.47948717948717956,1.6888888888888889,0.7,False,1.5255,0.6397,False,0.07627500000000001
43.46153846153846,0.4851282051282052,1.2444444444444445,1.1666666666666665,False,1.9595,0.6108,False,0.097975
43.46153846153846,0.49076923076923085,1.2444444444444445,1.1666666666666665,False,1.5241,0.75,False,0.076205
43.46153846153846,0.4964102564102565,1.2444444444444445,0.7777777777777777,False,0.959,0.8159,False,0.04795
43.46153846153846,0.5020512820512821,0.8,0.9333333333333333,False,1.0378,0.9379,False,0.051890000000000006
43.46153846153846,0.5076923076923078,1.8,0.8555555555555555,False,0.5895,1.3697,False,0.029475
43.46153846153846,0.5133333333333334,0.9111111111111112,1.1666666666666665,False,1.4127,1.0009,False,0.070635
43.46153846153846,0.5189743589743591,1.1333333333333333,1.4,False,1.4825,0.8984,False,0.074125
43.46153846153846,0.5246153846153847,1.5777777777777777,1.011111111111111,False,1.3779,0.7496,False,0.068895
43.46153846153846,0.5302564102564103,0.8,1.0888888888888888,False,1.22,1.0957,False,0.061
43.46153846153846,0.535897435897436,1.6888888888888889,1.1666666666666665,False,1.9061,0.6798,False,0.095305
43.46153846153846,0.5415384615384616,1.5777777777777777,1.3222222222222222,False,1.0193,1.4189,False,0.050965
43.46153846153846,0.5471794871794873,1.1333333333333333,0.8555555555555555,False,0.7561,1.2576,False,0.037805
43.46153846153846,0.5528205128205128,1.6888888888888889,0.7777777777777777,False,1.2022,0.7853,False,0.06011
43.46153846153846,0.5584615384615386,0.8,1.2444444444444445,False,1.03,0.8363,False,0.051500000000000004
43.46153846153846,0.5641025641025641,1.1333333333333333,1.011111111111111,False,1.3886,0.8727,False,0.06943
43.46153846153846,0.5697435897435899,1.5777777777777777,1.1666666666666665,False,3.423,0.4828,True,0.17115
43.46153846153846,0.5753846153846154,1.0222222222222221,1.4,False,2.1034,0.4486,True,0.10517000000000001
43.46153846153846,0.5810256410256411,0.8,1.0888888888888888,False,1.1579,0.7725,False,0.057894999999999995
43.46153846153846,0.5866666666666667,1.0222222222222221,0.9333333333333333,False,1.5886,0.5828,False,0.07943
43.46153846153846,0.5923076923076923,1.6888888888888889,0.7,False,1.0449,0.8915,False,0.052245
43.46153846153846,0.597948717948718,1.5777777777777777,1.011111111111111,False,0.7038,1.0609,False,0.03519
43.46153846153846,0.6035897435897436,0.9111111111111112,1.1666666666666665,False,1.073,1.0434,False,0.053649999999999996
43.46153846153846,0.6092307692307692,1.5777777777777777,1.3222222222222222,False,0.8763,0.9448,False,0.043815
43.46153846153846,0.6148717948717949,1.3555555555555556,1.2444444444444445,False,0.8885,0.5887,False,0.044425
43.46153846153846,0.6205128205128205,1.6888888888888889,0.9333333333333333,False,0.6788,0.7679,False,0.03394
43.46153846153846,0.6261538461538462,1.3555555555555556,0.7777777777777777,False,1.0379,0.9103,False,0.051895000000000004
43.46153846153846,0.6317948717948718,1.0222222222222221,0.7777777777777777,False,0.565,1.3054,False,0.028249999999999997
43.46153846153846,0.6374358974358975,1.4666666666666668,0.7777777777777777,False,1.7314,0.6492,False,0.08657000000000001
43.46153846153846,0.6430769230769231,1.8,0.7777777777777777,False,0.6114,1.0132,False,0.030570000000000003
43.46153846153846,0.6487179487179487,1.8,0.9333333333333333,False,0.9699,1.1694,False,0.048494999999999996
43.46153846153846,0.6543589743589744,1.8,1.1666666666666665,False,1.3969,0.6964,False,0.069845
43.46153846153846,0.66,1.5777777777777777,0.7777777777777777,False,0.635,0.8832,False,0.03175
43.84615384615385,0.44000000000000006,0.8,1.4,False,2.3618,0.5855,True,0.11809
43.84615384615385,0.4456410256410257,1.4666666666666668,1.011111111111111,False,0.6394,1.1641,False,0.03197
43.84615384615385,0.45128205128205134,0.8,1.2444444444444445,False,1.9622,0.4701,False,0.09811
43.84615384615385,0.456923076923077,1.0222222222222221,0.7777777777777777,False,1.3935,0.8012,False,0.069675
43.84615384615385,0.46256410256410263,1.5777777777777777,1.0888888888888888,False,1.2284,1.1462,False,0.061419999999999995
43.84615384615385,0.4682051282051283,1.4666666666666668,1.011111111111111,False,1.9849,0.4765,False,0.099245
43.84615384615385,0.4738461538461539,1.6888888888888889,1.4,False,1.2979,0.8331,False,0.06489500000000001
43.84615384615385,0.47948717948717956,1.4666666666666668,1.4,False,1.6273,0.6767,False,0.08136499999999999
43.84615384615385,0.4851282051282052,1.5777777777777777,1.2444444444444445,False,1.4587,0.6855,False,0.072935
43.84615384615385,0.49076923076923085,1.1333333333333333,0.8555555555555555,False,1.2034,0.8587,False,0.06017
43.84615384615385,0.4964102564102565,0.9111111111111112,0.9333333333333333,False,1.8659,0.5644,False,0.09329499999999999
43.84615384615385,0.5020512820512821,1.5777777777777777,0.8555555555555555,False,1.6709,0.6143,False,0.08354500000000001
43.84615384615385,0.5076923076923078,1.4666666666666668,0.7777777777777777,False,0.8503,1.0867,False,0.042515
43.84615384615385,0.5133333333333334,1.4666666666666668,0.7777777777777777,False,2.2414,0.6033,True,0.11207
43.84615384615385,0.5189743589743591,1.1333333333333333,1.1666666666666665,False,1.8673,0.6712,False,0.093365
43.84615384615385,0.5246153846153847,1.8,1.0888888888888888,False,1.3189,1.3189,False,0.065945
43.84615384615385,0.5302564102564103,1.4666666666666668,1.1666666666666665,False,0.68,1.161,False,0.034
43.84615384615385,0.535897435897436,0.9111111111111112,1.4,False,1.1361,0.7914,False,0.05680500000000001
43.84615384615385,0.5415384615384616,1.8,1.1666666666666665,False,2.3572,0.5419,True,0.11786
43.84615384615385,0.5471794871794873,1.3555555555555556,0.9333333333333333,False,0.9346,1.1908,False,0.04673
43.84615384615385,0.5528205128205128,0.8,1.2444444444444445,False,1.8429,0.6127,False,0.092145
43.84615384615385,0.5584615384615386,1.5777777777777777,1.0888888888888888,False,0.7348,1.0171,False,0.03674
43.84615384615385,0.5641025641025641,1.6888888888888889,1.4,False,0.8709,0.7175,False,0.043545
43.84615384615385,0.5697435897435899,0.8,1.011111111111111,False,0.7617,1.209,False,0.038085
43.84615384615385,0.5753846153846154,1.4666666666666668,1.4,False,0.9016,1.1844,False,0.045079999999999995
43.84615384615385,0.5810256410256411,1.5777777777777777,1.3222222222222222,False,0.798,0.9243,False,0.039900000000000005
43.84615384615385,0.5866666666666667,0.8,0.7777777777777777,False,1.6328,0.9189,False,0.08164
43.84615384615385,0.5923076923076923,1.8,1.3222222222222222,False,0.8695,0.6302,False,0.043475
43.84615384615385,0.597948717948718,1.5777777777777777,1.3222222222222222,False,0.5369,1.4589,False,0.026845
43.84615384615385,0.6035897435897436,0.8,1.0888888888888888,False,0.9037,0.9679,False,0.045184999999999996
43.84615384615385,0.6092307692307692,1.3555555555555556,1.3222222222222222,False,0.7203,0.591,False,0.036015000000000005
43.84615384615385,0.6148717948717949,0.8,1.1666666666666665,False,0.7975,0.9789,False,0.039875
43.84615384615385,0.6205128205128205,1.0222222222222221,1.1666666666666665,False,1.63,0.8838,False,0.08149999999999999
43.84615384615385,0.6261538461538462,0.9111111111111112,1.2444444444444445,False,0.7303,0.7122,False,0.036515
43.84615384615385,0.6317948717948718,1.6888888888888889,0.9333333333333333,False,0.9419,0.9118,False,0.047095
43.84615384615385,0.6374358974358975,1.6888888888888889,1.2444444444444445,False,0.7975,0.6397,False,0.039875
43.84615384615385,0.6430769230769231,1.6888888888888889,0.7777777777777777,False,0.6762,0.7609,False,0.03381
43.84615384615385,0.6487179487179487,0.8,1.0888888888888888,False,0.7835,0.7197,False,0.039175
43.84615384615385,0.6543589743589744,1.8,1.2444444444444445,False,0.8864,0.8467,False,0.04432
43.84615384615385,0.66,1.0222222222222221,1.4,False,1.8027,0.552,False,0.09013499999999999
44.23076923076923,0.44000000000000006,1.5777777777777777,1.0888888888888888,False,2.717,0.5404,True,0.13585
44.23076923076923,0.4456410256410257,1.6888888888888889,1.011111111111111,False,2.7896,0.6093,True,0.13948
44.23076923076923,0.45128205128205134,0.9111111111111112,0.9333333333333333,False,2.3678,0.656,True,0.11839
44.23076923076923,0.456923076923077,0.9111111111111112,1.2444444444444445,False,2.9857,0.4298,True,0.149285
44.23076923076923,0.46256410256410263,1.5777777777777777,1.2444444444444445,False,1.8791,0.6487,False,0.093955
44.23076923076923,0.4682051282051283,1.4666666666666668,0.9333333333333333,False,0.8909,0.9567,False,0.044545
44.23076923076923,0.4738461538461539,1.5777777777777777,0.7,False,2.8861,0.5898,True,0.144305
44.23076923076923,0.47948717948717956,1.1333333333333333,1.3222222222222222,False,1.3317,0.7065,False,0.066585
44.23076923076923,0.4851282051282052,1.0222222222222221,0.7,False,1.4175,0.8654,False,0.070875
44.23076923076923,0.49076923076923085,1.1333333333333333,1.2444444444444445,False,1.1399,0.7773,False,0.056995
44.23076923076923,0.4964102564102565,1.6888888888888889,1.2444444444444445,False,0.8632,1.1536,False,0.04316
44.23076923076923,0.5020512820512821,0.8,1.3222222222222222,False,1.3838,0.8317,False,0.06919
44.23076923076923,0.5076923076923078,0.9111111111111112,1.0888888888888888,False,1.1349,0.9677,False,0.056745000000000004
44.23076923076923,0.5133333333333334,1.2444444444444445,1.1666666666666665,False,1.2724,0.9624,False,0.06362
44.23076923076923,0.5189743589743591,1.4666666666666668,1.1666666666666665,False,1.5284,0.9507,False,0.07642
44.23076923076923,0.5246153846153847,1.4666666666666668,0.7,False,1.0745,0.9763,False,0.053725
44.23076923076923,0.5302564102564103,1.0222222222222221,1.2444444444444445,False,1.4812,0.8554,False,0.07406
44.23076923076923,0.535897435897436,1.3555555555555556,1.3222222222222222,False,0.7489,0.8951,False,0.037445
44.23076923076923,0.5415384615384616,1.4666666666666668,0.9333333333333333,False,0.7336,1.0552,False,0.036680000000000004
44.23076923076923,0.5471794871794873,1.6888888888888889,1.011111111111111,False,1.0956,1.0676,False,0.054779999999999995
44.23076923076923,0.5528205128205128,1.2444444444444445,0.8555555555555555,False,0.644,1.1464,False,0.0322
44.23076923076923,0.5584615384615386,1.8,1.3222222222222222,False,1.134,0.8551,False,0.05669999999999999
44.23076923076923,0.5641025641025641,0.9111111111111112,1.3222222222222222,False,0.7611,0.8045,False,0.038055
44.23076923076923,0.5697435897435899,1.3555555555555556,1.3222222222222222,False,1.7796,0.6694,False,0.08898
44.23076923076923,0.5753846153846154,1.5777777777777777,1.4,False,0.8554,0.8989,False,0.04277
44.23076923076923,0.5810256410256411,1.5777777777777777,1.3222222222222222,False,0.5998,1.1106,False,0.02999
44.23076923076923,0.5866666666666667,1.2444444444444445,1.2444444444444445,False,0.7403,0.8266,False,0.037015
44.23076923076923,0.5923076923076923,1.1333333333333333,1.1666666666666665,False,0.8039,1.1448,False,0.040194999999999995
44.23076923076923,0.597948717948718,1.6888888888888889,0.8555555555555555,False,0.6576,0.994,False,0.03288
44.23076923076923,0.6035897435897436,1.4666666666666668,0.7,False,0.8392,0.7434,False,0.04196
44.23076923076923,0.6092307692307692,1.3555555555555556,1.011111111111111,False,0.9217,0.9744,False,0.046085
44.23076923076923,0.6148717948717949,0.8,1.4,False,1.3579,0.9458,False,0.06789500000000001
44.23076923076923,0.6205128205128205,0.9111111111111112,1.0888888888888888,False,0.9603,0.6176,False,0.048015
44.23076923076923,0.6261538461538462,0.8,1.0888888888888888,False,0.6459,0.6815,False,0.032295000000000004
44.23076923076923,0.6317948717948718,0.8,0.9333333333333333,False,0.7279,0.7575,False,0.036395
44.23076923076923,0.6374358974358975,1.3555555555555556,0.7777777777777777,False,2.2561,0.5437,True,0.112805
44.23076923076923,0.6430769230769231,1.0222222222222221,1.0888888888888888,False,0.6769,0.6565,False,0.033845
44.23076923076923,0.6487179487179487,0.8,1.011111111111111,False,1.2582,0.8577,False,0.06291
44.23076923076923,0.6543589743589744,1.3555555555555556,1.0888888888888888,False,0.8703,1.1402,False,0.043515
44.23076923076923,0.66,1.0222222222222221,0.8555555555555555,False,1.0969,0.9575,False,0.054845
44.61538461538461,0.44000000000000006,1.1333333333333333,1.2444444444444445,False,2.8044,0.553,True,0.14021999999999998
44.61538461538461,0.4456410256410257,1.4666666666666668,1.011111111111111,False,1.3838,0.6075,False,0.06919
44.61538461538461,0.45128205128205134,1.4666666666666668,1.011111111111111,False,1.9009,0.5663,False,0.095045
44.61538461538461,0.456923076923077,1.8,0.7777777777777777,False,1.369,0.5716,False,0.06845
44.61538461538461,0.46256410256410263,1.4666666666666668,1.011111111111111,False,2.3722,0.6126,True,0.11861
44.61538461538461,0.4682051282051283,0.8,0.9333333333333333,False,2.9834,0.4428,True,0.14917
44.61538461538461,0.4738461538461539,1.5777777777777777,1.2444444444444445,False,2.4602,0.5288,True,0.12301
44.61538461538461,0.47948717948717956,1.3555555555555556,0.9333333333333333,False,1.6069,0.6858,False,0.080345
44.61538461538461,0.4851282051282052,1.5777777777777777,0.9333333333333333,False,2.676,0.5912,True,0.1338
44.61538461538461,0.49076923076923085,1.1333333333333333,1.2444444444444445,False,0.7509,1.2196,False,0.037545
44.61538461538461,0.4964102564102565,1.6888888888888889,1.2444444444444445,False,1.2756,0.909,False,0.06378
44.61538461538461,0.5020512820512821,1.0222222222222221,0.7,False,1.5278,0.6586,False,0.07639
44.61538461538461,0.5076923076923078,1.3555555555555556,0.8555555555555555,False,1.0116,1.1459,False,0.05058
44.61538461538461,0.5133333333333334,1.2444444444444445,1.1666666666666665,False,1.7233,0.7274,False,0.086165
44.61538461538461,0.5189743589743591,0.8,1.0888888888888888,False,1.5812,0.5402,False,0.07905999999999999
44.61538461538461,0.5246153846153847,1.5777777777777777,1.4,False,1.2046,0.9771,False,0.06022999999999999
44.61538461538461,0.5302564102564103,0.8,0.7,False,1.2153,0.6492,False,0.060765
44.61538461538461,0.535897435897436,1.4666666666666668,1.1666666666666665,False,1.1098,0.8382,False,0.05549
44.61538461538461,0.5415384615384616,1.4666666666666668,1.0888888888888888,False,2.7512,0.6797,True,0.13756
44.61538461538461,0.5471794871794873,1.6888888888888889,1.0888888888888888,False,2.0886,0.6728,True,0.10443
44.61538461538461,0.5528205128205128,1.1333333333333333,1.3222222222222222,False,1.0144,0.809,False,0.05072
44.61538461538461,0.5584615384615386,1.2444444444444445,1.3222222222222222,False,1.1356,0.9941,False,0.05678
44.61538461538461,0.5641025641025641,1.2444444444444445,1.011111111111111,False,1.4821,0.6614,False,0.074105
44.61538461538461,0.5697435897435899,1.6888888888888889,0.7,False,0.974,1.0761,False,0.0487
44.61538461538461,0.5753846153846154,0.9111111111111112,1.3222222222222222,False,1.2351,0.8627,False,0.061755000000000004
44.61538461538461,0.5810256410256411,1.3555555555555556,1.1666666666666665,False,1.3108,0.8721,False,0.06554
44.61538461538461,0.5866666666666667,1.8,1.1666666666666665,False,0.857,1.1135,False,0.04285
44.61538461538461,0.5923076923076923,1.6888888888888889,1.4,False,1.4609,0.8647,False,0.073045
44.61538461538461,0.597948717948718,1.8,1.3222222222222222,False,0.8115,0.6692,False,0.040575
44.61538461538461,0.6035897435897436,0.9111111111111112,1.0888888888888888,False,1.059,0.9345,False,0.05295
44.61538461538461,0.6092307692307692,1.2444444444444445,1.3222222222222222,False,0.6432,1.0248,False,0.03216
44.61538461538461,0.6148717948717949,0.9111111111111112,1.2444444444444445,False,0.7765,1.0639,False,0.038825
44.61538461538461,0.6205128205128205,1.2444444444444445,0.9333333333333333,False,1.0491,0.7941,False,0.052454999999999995
44.61538461538461,0.6261538461538462,1.2444444444444445,0.9333333333333333,False,1.3209,0.7681,False,0.06604499999999999
44.61538461538461,0.6317948717948718,0.9111111111111112,1.1666666666666665,False,0.8076,0.5497,False,0.04038
44.61538461538461,0.6374358974358975,1.0222222222222221,0.8555555555555555,False,0.8042,0.5763,False,0.04021
44.61538461538461,0.6430769230769231,1.0222222222222221,1.1666666666666665,False,0.6579,0.6476,False,0.032895
44.61538461538461,0.6487179487179487,1.0222222222222221,0.8555555555555555,False,0.7408,1.0123,False,0.037040000000000003
44.61538461538461,0.6543589743589744,1.2444444444444445,1.1666666666666665,False,1.0027,0.9009,False,0.050135
44.61538461538461,0.66,1.1333333333333333,1.4,False,0.8961,1.0164,False,0.044805
45.0,0.44000000000000006,1.8,0.7777777777777777,False,0.4878,1.3394,False,0.024390000000000002
45.0,0.4456410256410257,1.2444444444444445,0.8555555555555555,False,1.1612,1.1773,False,0.05806
45.0,0.45128205128205134,1.6888888888888889,0.7777777777777777,False,0.6397,1.1124,False,0.031985
45.0,0.456923076923077,1.3555555555555556,0.9333333333333333,False,2.3938,0.5545,True,0.11969
45.0,0.46256410256410263,1.0222222222222221,0.8555555555555555,False,1.4261,0.9025,False,0.071305
45.0,0.4682051282051283,1.1333333333333333,0.9333333333333333,False,2.0343,0.6331,True,0.101715
45.0,0.4738461538461539,1.6888888888888889,0.8555555555555555,False,2.127,0.3857,True,0.10634999999999999
45.0,0.47948717948717956,0.9111111111111112,1.4,False,1.6563,0.7776,False,0.082815
45.0,0.4851282051282052,1.4666666666666668,0.8555555555555555,False,1.2282,0.7237,False,0.06141
45.0,0.49076923076923085,1.8,0.9333333333333333,False,1.5878,0.6482,False,0.07939
45.0,0.4964102564102565,1.0222222222222221,1.4,False,0.6083,1.2483,False,0.030414999999999998
45.0,0.5020512820512821,0.9111111111111112,1.3222222222222222,False,0.9346,0.9602,False,0.04673
45.0,0.5076923076923078,1.1333333333333333,0.7777777777777777,False,1.3103,0.8869,False,0.065515
45.0,0.5133333333333334,0.8,1.0888888888888888,False,1.2116,1.0098,False,0.06058
45.0,0.5189743589743591,1.1333333333333333,1.0888888888888888,False,1.5359,0.553,False,0.076795
45.0,0.5246153846153847,1.3555555555555556,1.4,False,0.7665,1.6938,False,0.038325
45.0,0.5302564102564103,1.5777777777777777,1.1666666666666665,False,1.6568,0.6384,False,0.08284
45.0,0.535897435897436,1.5777777777777777,1.4,False,1.1402,0.748,False,0.057010000000000005
45.0,0.5415384615384616,1.8,1.1666666666666665,False,1.0702,0.8102,False,0.05351
45.0,0.5471794871794873,1.3555555555555556,1.011111111111111,False,0.9205,1.085,False,0.046024999999999996
45.0,0.5528205128205128,0.8,1.0888888888888888,False,1.2024,0.9415,False,0.06011999999999999
45.0,0.5584615384615386,1.4666666666666668,1.2444444444444445,False,1.1931,0.8606,False,0.059655
45.0,0.5641025641025641,1.3555555555555556,0.7,False,1.7983,0.7068,False,0.089915
45.0,0.5697435897435899,1.1333333333333333,1.3222222222222222,False,0.7565,0.9823,False,0.037825
45.0,0.5753846153846154,1.0222222222222221,1.3222222222222222,False,0.8981,0.8254,False,0.044905
45.0,0.5810256410256411,1.4666666666666668,1.1666666666666665,False,1.307,0.9138,False,0.06534999999999999
45.0,0.5866666666666667,1.3555555555555556,1.3222222222222222,False,0.87,1.4227,False,0.0435
45.0,0.5923076923076923,1.6888888888888889,1.4,False,0.3996,2.1017,False,0.01998
45.0,0.597948717948718,1.4666666666666668,1.011111111111111,False,1.0793,1.1503,False,0.053965
45.0,0.6035897435897436,1.0222222222222221,1.3222222222222222,False,0.8769,0.7691,False,0.043845
45.0,0.6092307692307692,0.8,0.7777777777777777,False,1.6979,0.6101,False,0.084895
45.0,0.6148717948717949,1.8,1.3222222222222222,False,1.0033,1.2956,False,0.050165
45.0,0.6205128205128205,1.5777777777777777,0.7,False,1.4228,1.0101,False,0.07114000000000001
45.0,0.6261538461538462,1.3555555555555556,1.1666666666666665,False,1.1703,0.9314,False,0.058515
45.0,0.6317948717948718,1.4666666666666668,1.2444444444444445,False,0.835,0.5458,False,0.041749999999999995
45.0,0.6374358974358975,1.0222222222222221,0.8555555555555555,False,0.7356,1.8902,False,0.03678
45.0,0.6430769230769231,1.8,0.7777777777777777,False,0.8036,0.7808,False,0.04018
45.0,0.6487179487179487,1.1333333333333333,1.1666666666666665,False,0.7007,0.6298,False,0.035035
45.0,0.6543589743589744,1.0222222222222221,1.1666666666666665,False,0.7065,0.8608,False,0.035325
45.0,0.66,1.4666666666666668,1.1666666666666665,False,0.8882,0.9298,False,0.04441
